Unnamed: 0,Date,Article_title,Stock_symbol,Url,Publisher,Author,Article,Lsa_summary,Luhn_summary,Textrank_summary,Lexrank_summary,sentiment_label,sentiment_score
566579,2020-06-10 11:25:13+00:00,"Facebook, Snap Analyst Projects Q2 Revenue Upside For Social Media Stocks",GOOGL,https://www.benzinga.com/analyst-ratings/analyst-color/20/06/16223516/facebook-snap-analyst-projects-q2-revenue-upside-for-social-media-stocks,Shanthi Rexaline,,,,,,,positive,0.6898430585861206
566580,2020-06-09 20:28:00+00:00,"Twitter, Square Will Mark Juneteenth As Holiday To Honor African-American Culture",GOOGL,https://www.benzinga.com/news/20/06/16218441/twitter-square-will-mark-juneteenth-as-holiday-to-honor-african-american-culture,Shivdeep Dhaliwal,,,,,,,neutral,0.8918521404266357
566581,2020-06-08 23:51:41+00:00,"Google Maps To Offer Relevant Local COVID-19 Information For Public Transport, Driving And Testing Centers",GOOGL,https://www.benzinga.com/news/20/06/16208274/google-maps-to-offer-relevant-local-covid-19-information-for-public-transport-driving-and-testing-ce,Shivdeep Dhaliwal,,,,,,,neutral,0.8284735083580017
566582,2020-06-08 07:25:53+00:00,"Starting This Week, Testing Center Alerts Will Be Available On Google Maps In U.S.; New Google Maps Features Alert You Of Important COVID-19 Information And Help User Avoid Crowds On Public Transit",GOOGL,https://www.benzinga.com/news/20/06/16202989/starting-this-week-testing-center-alerts-will-be-available-on-google-maps-in-u-s-new-google-maps-fea,Benzinga Newsdesk,,,,,,,neutral,0.8524361848831177
566583,2020-06-07 10:29:27+00:00,'A New Business Cycle': Stock Market Update For The Week Ahead,GOOGL,https://www.benzinga.com/news/20/06/16198139/a-new-business-cycle-stock-market-update-for-the-week-ahead,Renato Capelj,,,,,,,neutral,0.904970407485962
566584,2020-06-05 09:28:27+00:00,CNBC Publishes Article Titled: States are Leaning Toward a Push to Break Up Google's Ad Tech Business,GOOGL,https://www.benzinga.com/news/20/06/16192444/cnbc-publishes-article-titled-states-are-leaning-toward-a-push-to-break-up-googles-ad-tech-business,Luke J Jacobi,,,,,,,positive,0.5573364496231079
566585,2020-06-05 08:53:32+00:00,Congress Is Stepping Up Its Efforts To Kill Payday Loans,GOOGL,https://www.benzinga.com/fintech/20/06/15947207/congress-is-stepping-up-its-efforts-to-kill-payday-loans,Spencer Israel,,,,,,,negative,0.5739551186561584
566586,2020-06-05 01:06:43+00:00,Twitter Takes Down Trump Campaign's Video Tribute To George Floyd For Violating Copyright,GOOGL,https://www.benzinga.com/news/20/06/16186967/twitter-takes-down-trump-campaigns-video-tribute-to-george-floyd-for-violating-copyright,Neer Varshney,,,,,,,negative,0.8593189716339111
566587,2020-06-04 09:08:37+00:00,UPDATE: Chinese Government-Linked Hackers Recently Attempted To Break Into Presidential Candidate Joe Biden,GOOGL,https://www.benzinga.com/news/20/06/16182477/update-chinese-government-linked-hackers-recently-attempted-to-break-into-presidential-candidate-joe,Benzinga Newsdesk,,,,,,,negative,0.8533250093460083
566588,2020-06-04 09:07:04+00:00,Iranian Government-Linked Hackers Recently Attempted To break Into U.S. President Trump's Campaign Staff Email Accounts,GOOGL,https://www.benzinga.com/news/20/06/16182469/iranian-government-linked-hackers-recently-attempted-to-break-into-u-s-president-trumps-campaign-sta,Benzinga Newsdesk,,,,,,,negative,0.7883484959602356
566589,2020-06-02 00:00:00+00:00,MoneyGram Shares Jump 50% As Western Union Reportedly Looks For Acquisition,GOOGL,https://www.benzinga.com/m-a/20/06/16156730/moneygram-shares-jump-50-as-western-union-reportedly-looks-for-acquisition,Neer Varshney,,,,,,,positive,0.8697507977485657
566590,2020-06-01 00:00:00+00:00,The First Week of June Is All About the May's Jobs Report,GOOGL,https://www.benzinga.com/news/earnings/20/06/16150870/the-first-week-of-june-is-all-about-the-mays-jobs-report,IAM Newswire,,,,,,,neutral,0.7398216724395752
566591,2020-06-01 00:00:00+00:00,The 'Real' S&P 500 And Why The Current Rally Makes Sense,GOOGL,https://www.benzinga.com/opinion/20/06/16147738/the-real-s-p-500-why-the-current-rally-makes-sense,Eric Mancini,,,,,,,neutral,0.9074739813804626
566592,2020-06-01 00:00:00+00:00,"UK Supply Chain Startup Beacon Raises $15M From Amazon CEO, Others",GOOGL,https://www.benzinga.com/news/20/06/16146470/uk-supply-chain-startup-beacon-raises-15m-from-amazon-ceo-others,Neer Varshney,,,,,,,positive,0.6766189336776733
566593,2020-05-29 00:00:00+00:00,'DOJ has interviewed multiple Google competitors as it weighs bringing an antitrust case against $GOOGL. The focus of the case is unclear but requests for information have touched on Google's search function and ad tech...' -Tweet From FOX's Gasparino,GOOGL,https://www.benzinga.com/news/20/05/16140154/doj-has-interviewed-multiple-google-competitors-as-it-weighs-bringing-an-antitrust-case-against-goog,Benzinga Newsdesk,,,,,,,neutral,0.8978772163391113
566594,2020-05-29 00:00:00+00:00,"Fitbit Shares Fall To Session Low As Hearing MLEX Reporting Google's Offer Is Under Probe By Texas Attorney General, Other States",GOOGL,https://www.benzinga.com/m-a/20/05/16138851/fitbit-shares-fall-to-session-low-as-hearing-mlex-reporting-googles-offer-is-under-probe-by-texas-at,Benzinga Newsdesk,,,,,,,negative,0.9599677324295044
566595,2020-05-29 00:00:00+00:00,'Google Rescinds Offers to Thousands of Contract Workers' -NY Times,GOOGL,https://www.benzinga.com/news/20/05/16136963/google-rescinds-offers-to-thousands-of-contract-workers-ny-times,Benzinga Newsdesk,,,,,,,negative,0.7173819541931152
566596,2020-05-29 00:00:00+00:00,'Google Rescinds Offers to Thousands of Contract Workers' -NY Times,GOOGL,https://www.benzinga.com/news/20/05/16136962/google-rescinds-offers-to-thousands-of-contract-workers-ny-times,Benzinga Newsdesk,,,,,,,negative,0.7173819541931152
566597,2020-05-29 00:00:00+00:00,Trump Signs Executive Order To End Social Media Legal Immunity For Third-Party Content,GOOGL,https://www.benzinga.com/government/20/05/16134674/trump-signs-executive-order-to-end-social-media-legal-immunity-for-third-party-content,Neer Varshney,,,,,,,negative,0.6630569100379944
566598,2020-05-28 00:00:00+00:00,"Trump Says Will Host Press Event In ~20 Mins, Would Indicate Around 3:40 p.m. EDT",GOOGL,https://www.benzinga.com/news/20/05/16131372/trump-says-will-host-press-event-in-20-mins-would-indicate-around-3-40-p-m-edt,Benzinga Newsdesk,,,,,,,neutral,0.9466539025306702
566599,2020-05-28 00:00:00+00:00,"'Executive order on social media should be issued by 5pm today, says @PressSec.' -Tweet From Voice Of America's Steve Herman",GOOGL,https://www.benzinga.com/news/20/05/16130869/executive-order-on-social-media-should-be-issued-by-5pm-today-says-presssec-tweet-from-voice-of-amer,Benzinga Newsdesk,,,,,,,neutral,0.9141288995742798
566600,2020-05-28 00:00:00+00:00,'Google explores 5% stake in Vodafone Idea' -LightReading Report,GOOGL,https://www.benzinga.com/news/20/05/16130413/google-explores-5-stake-in-vodafone-idea-lightreading-report,Benzinga Newsdesk,,,,,,,neutral,0.9181329607963562
566601,2020-05-28 00:00:00+00:00,Trump's Executive Order To Expose Social Media To Lawsuits Over Content Policies,GOOGL,https://www.benzinga.com/analyst-ratings/analyst-color/20/05/16128213/trumps-executive-order-to-expose-social-media-to-lawsuits-over-content-policies,Elizabeth Balboa,,,,,,,negative,0.8396843671798706
566602,2020-05-28 00:00:00+00:00,'This will be a Big Day for Social Media and FAIRNESS!' -Trump Tweet,GOOGL,https://www.benzinga.com/news/20/05/16126705/this-will-be-a-big-day-for-social-media-and-fairness-trump-tweet,Benzinga Newsdesk,,,,,,,neutral,0.8635027408599854
566603,2020-05-28 00:00:00+00:00,"Tech Companies Aren't 'State Actors,' Judge Dismisses Conservative Bias Lawsuit Against Facebook, Twitter, Google, Apple",GOOGL,https://www.benzinga.com/news/20/05/16124533/tech-companies-arent-state-actors-judge-dismisses-conservative-bias-lawsuit-against-facebook-twitter,Neer Varshney,,,,,,,negative,0.8603073358535767
566604,2020-05-28 00:00:00+00:00,'Google Explores Vodafone Idea Stake as Part of India Push' -FT Article,GOOGL,https://www.benzinga.com/m-a/20/05/16125268/google-explores-vodafone-idea-stake-as-part-of-india-push,Charles Gross,,,,,,,neutral,0.8630542755126953
566605,2020-05-28 00:00:00+00:00,Arizona Alleges Consumer Fraud In Lawsuit Against Google,GOOGL,https://www.benzinga.com/news/20/05/16124236/arizona-alleges-consumer-fraud-in-lawsuit-against-google,Shivdeep Dhaliwal,,,,,,,negative,0.8351501226425171
566606,2020-05-27 00:00:00+00:00,"Amazon Is Serious About Self-Driving Technology, Eyeing Multi-Billion Dollar Acquisition",GOOGL,https://www.benzinga.com/news/20/05/16118269/amazon-is-serious-about-self-driving-technology-eyeing-multi-billion-dollar-acquisition,FreightWaves,,,,,,,neutral,0.7823665738105774
566607,2020-05-27 00:00:00+00:00,Google Faces Antitrust Case in India Over Payments App,GOOGL,https://www.benzinga.com/news/20/05/16113882/google-faces-antitrust-case-in-india-over-payments-app,Charles Gross,,,,,,,negative,0.9531193375587464
566608,2020-05-27 00:00:00+00:00,YouTube Makes Its Dedicated Children App Available On Apple TV,GOOGL,https://www.benzinga.com/news/20/05/16113144/youtube-makes-its-dedicated-children-app-available-on-apple-tv,Neer Varshney,,,,,,,neutral,0.9335636496543884
566609,2020-05-27 00:00:00+00:00,Amazon Looks To Double-Down On Self-Driving Tech With Zoox Acquisition: WSJ,GOOGL,https://www.benzinga.com/news/20/05/16112895/amazon-looks-to-double-down-on-self-driving-tech-with-zoox-acquisition-wsj,Neer Varshney,,,,,,,positive,0.5429089665412903
566610,2020-05-26 00:00:00+00:00,"Google CEO Says Beginning July 6, Assuming External Conditions Allow, We'll Start To Open More Buildings In More Cities; Says In Sep. Timeframe, Assuming Conditions Allow, Will Further Scale Rotation Program, Building Over Time To 30% Building Capacity",GOOGL,https://www.benzinga.com/news/20/05/16111157/google-ceo-says-beginning-july-6-assuming-external-conditions-allow-well-start-to-open-more-building,Benzinga Newsdesk,,,,,,,positive,0.8207999467849731
566611,2020-05-26 00:00:00+00:00,Senseonics Launches New Remote Monitoring App for Android Users in US,GOOGL,https://www.benzinga.com/news/20/05/16110759/senseonics-launches-new-remote-monitoring-app-for-android-users-in-us,Benzinga Newsdesk,,,,,,,positive,0.5098498463630676
566612,2020-05-22 00:00:00+00:00,'Google will stop building custom AI for Big Oil and Gas' -Electrek Report,GOOGL,https://www.benzinga.com/news/20/05/16095236/google-will-stop-building-custom-ai-for-big-oil-and-gas-electrek-report,Benzinga Newsdesk,,,,,,,negative,0.5087728500366211
566613,2020-05-22 00:00:00+00:00,'Naspers and Axel Springer in Bid for eBay Classifieds Unit' -Bloomberg,GOOGL,https://www.benzinga.com/m-a/20/05/16094965/naspers-and-axel-springer-in-bid-for-ebay-classifieds-unit-bloomberg,Benzinga Newsdesk,,,,,,,neutral,0.7759056091308594
566614,2020-05-22 00:00:00+00:00,Medtronic Guardian™ Connect Continuous Glucose Monitoring (CGM) System for Diabetes Now Compatible with Android Devices,GOOGL,https://www.benzinga.com/news/20/05/16093747/medtronic-guardian-connect-continuous-glucose-monitoring-cgm-system-for-diabetes-now-compatible-with,Benzinga Newsdesk,,,,,,,neutral,0.7069212794303894
566615,2020-05-21 00:00:00+00:00,Mastercard Employees Can Work From Home Until Pandemic Is Under Control,GOOGL,https://www.benzinga.com/fintech/20/05/16082249/mastercard-employees-can-work-from-home-until-pandemic-is-under-control,Shivdeep Dhaliwal,,,,,,,neutral,0.845903217792511
566616,2020-05-20 00:00:00+00:00,Apple's Face ID Will Allow Mask Wearing Users To Unlock Their Phones Quickly,GOOGL,https://www.benzinga.com/news/20/05/16081929/apples-face-id-will-allow-mask-wearing-users-to-unlock-their-phones-quickly,Shivdeep Dhaliwal,,,,,,,neutral,0.8530676960945129
566617,2020-05-20 00:00:00+00:00,Google Lands Cloud Deal With Defense Department,GOOGL,https://www.benzinga.com/news/20/05/16075574/google-lands-cloud-deal-with-defense-department,Benzinga Newsdesk,,,,,,,neutral,0.9030145406723022
566618,2020-05-20 00:00:00+00:00,Dell Technologies Cloud And Google Cloud Launch Hybrid Storage Solution,GOOGL,https://www.benzinga.com/tech/20/05/16074087/dell-technologies-cloud-and-google-cloud-launch-hybrid-storage-solution,Benzinga Newsdesk,,,,,,,neutral,0.8982824683189392
566619,2020-05-20 00:00:00+00:00,Global Music Revenue Set To Double By 2030 Despite Pandemic Impact: Goldman Sachs Report,GOOGL,https://www.benzinga.com/news/20/05/16072446/global-music-revenue-set-to-double-by-2030-despite-pandemic-impact-goldman-sachs-report,Neer Varshney,,,,,,,positive,0.7621464729309082
566620,2020-05-20 00:00:00+00:00,Google Drops Future AI Oil Extraction Projects,GOOGL,https://www.benzinga.com/news/20/05/16072680/google-drops-future-ai-oil-extraction-projects,Benzinga Newsdesk,,,,,,,negative,0.6544305086135864
566621,2020-05-19 00:00:00+00:00,Spotify Scoops Up Joe Rogan And His Hugely Popular Podcast,GOOGL,https://www.benzinga.com/news/20/05/16068712/spotify-scoops-up-joe-rogan-and-his-hugely-popular-podcast,Jayson Derrick,,,,,,,neutral,0.9051637649536132
566622,2020-05-19 00:00:00+00:00,"Walmart Earnings Look Strong Across the Board, But Home Depot Down After Missing on EPS",GOOGL,https://www.benzinga.com/markets/20/05/16065422/walmart-earnings-look-strong-across-the-board-but-home-depot-down-after-missing-on-eps,JJ Kinahan,,,,,,,negative,0.9656923413276672
566623,2020-05-18 00:00:00+00:00,"Here's How Much Investing $1,000 In The 2015 Fitbit IPO Would Be Worth Today",GOOGL,https://www.benzinga.com/general/education/20/05/16057394/heres-how-much-investing-1-000-in-the-2015-fitbit-ipo-would-be-worth-today,Wayne Duggan,,,,,,,neutral,0.9420575499534608
566624,2020-05-16 00:00:00+00:00,"Ubisoft Sues Apple, Google Over Alibaba's Rainbow Six ""Ripoff""",GOOGL,https://www.benzinga.com/news/20/05/16052003/ubisoft-sues-apple-google-over-alibabas-rainbow-six-ripoff,Charles Gross,,,,,,,negative,0.9345306754112244
566625,2020-05-16 00:00:00+00:00,"Q1 13F Roundup: How Buffett, Einhorn, Ackman And Others Adjusted Their Portfolios",GOOGL,https://www.benzinga.com/news/20/05/16051311/q1-13f-roundup-how-buffett-einhorn-ackman-and-others-adjusted-their-portfolios,Wayne Duggan,,,,,,,neutral,0.8799787759780884
566626,2020-05-15 00:00:00+00:00,"'Justice Department, State Attorneys General Likely to Bring Antitrust Lawsuits Against Google' -WSJ, Citing People Familiar With Matter",GOOGL,https://www.benzinga.com/news/20/05/16048432/justice-department-state-attorneys-general-likely-to-bring-antitrust-lawsuits-against-google-wsj-cit,Benzinga Newsdesk,,,,,,,neutral,0.8392701745033264
566627,2020-05-15 00:00:00+00:00,13F From Appaloosa Shows Cut Stake In Alphabet From 440K To 361K Shares,GOOGL,https://www.benzinga.com/general/hedge-funds/20/05/16048044/13f-from-appaloosa-shows-cut-stake-in-alphabet-from-440k-to-361k-shares,Benzinga Newsdesk,,,,,,,neutral,0.525323748588562
566628,2020-05-15 00:00:00+00:00,"Soros 13F Shows Cut Alphabet Stake From 65,750 To 32,875",GOOGL,https://www.benzinga.com/sec/20/05/16047912/soros-13f-shows-cut-alphabet-stake-from-65-750-to-32-875,Benzinga Newsdesk,,,,,,,negative,0.7561995387077332
566629,2020-05-15 00:00:00+00:00,"Hedge Fund Duquesne 13F Shows Increased Stakes In Facebook, Alibaba, Netflix, Amazon, Google, Alnylman",GOOGL,https://www.benzinga.com/news/20/05/16046861/hedge-fund-duquesne-13f-shows-increased-stakes-in-facebook-alibaba-netflix-amazon-google-alnylman,Benzinga Newsdesk,,,,,,,positive,0.9394158720970154
566630,2020-05-15 00:00:00+00:00,"Tiger Global Raises Stake in Alibaba to 4.5M Shares, Lower Stake in Alphabet to 30.5K Share",GOOGL,https://www.benzinga.com/general/hedge-funds/20/05/16045988/tiger-global-raises-stake-in-alibaba-to-4-5m-shares-lower-stake-in-alphabet-to-30-5k-share,Luke J Jacobi,,,,,,,neutral,0.6259459257125854
566631,2020-05-14 00:00:00+00:00,2 Google Pixel Lead Members Including 'Camera Mastermind' Quit Ahead Of 4A Model Launch,GOOGL,https://www.benzinga.com/news/20/05/16028716/two-google-pixel-lead-members-including-camera-mastermind-quit-ahead-of-4a-model-launch,Neer Varshney,,,,,,,negative,0.9326090812683104
566632,2020-05-13 00:00:00+00:00,"Another Fundraise, As Self-Driving Startup Waymo's Investment Hits $3B In 2020",GOOGL,https://www.benzinga.com/news/20/05/16026539/another-fundraise-as-self-driving-startup-waymos-investment-hits-3-billion-in-2020,FreightWaves,,,,,,,positive,0.6374877095222473
566633,2020-05-13 00:00:00+00:00,Apple Plans To Bring Employees Back To Office Even As Tech Peers Hold Off,GOOGL,https://www.benzinga.com/news/20/05/16023383/apple-plans-to-bring-employees-back-to-office-even-as-tech-peers-hold-off,Shanthi Rexaline,,,,,,,neutral,0.6296910643577576
566634,2020-05-13 00:00:00+00:00,"VMWare Announces Creation Of Next-Gen SOC Alliance With Splunk, IBM Security, Google Cloud's Chronicle, Exabeam And Sumo Logic",GOOGL,https://www.benzinga.com/tech/20/05/16020222/vmware-announces-creation-of-next-gen-soc-alliance-with-splunk-ibm-security-google-clouds-chronicle,Benzinga Newsdesk,,,,,,,neutral,0.740294337272644
566635,2020-05-13 00:00:00+00:00,Twitter Will Allow Employees To Work From Home For As Long As They Want,GOOGL,https://www.benzinga.com/news/20/05/16018357/twitter-will-allow-employees-to-work-from-home-for-as-long-as-they-want,Shivdeep Dhaliwal,,,,,,,neutral,0.92280912399292
566636,2020-05-12 00:00:00+00:00,"Google, On April 28, Said 'We're Adding Roughly 3 Million New Users Every Day For Google Meet'",GOOGL,https://www.benzinga.com/news/20/05/16013531/google-on-april-28-said-were-adding-roughly-3-million-new-users-every-day-for-google-meet,Benzinga Newsdesk,,,,,,,neutral,0.566774308681488
566637,2020-05-12 00:00:00+00:00,"Zoom Shares Ticking Lower; Google Says Have Re-Engineered Google Meet, Originally Built For Secure Business Meetings, To Make It Free And Available To All",GOOGL,https://www.benzinga.com/news/20/05/16013478/zoom-shares-ticking-lower-google-says-have-re-engineered-google-meet-originally-built-for-secure-bus,Benzinga Newsdesk,,,,,,,negative,0.9349815845489502
566638,2020-05-12 00:00:00+00:00,"Citigroup Maintains Buy on Alphabet, Raises Price Target to $1600",GOOGL,https://www.benzinga.com/news/20/05/16012893/citigroup-maintains-buy-on-alphabet-raises-price-target-to-1600,Vick Meyer,,,,,,,positive,0.7261114120483398
566639,2020-05-12 00:00:00+00:00,Not Just Fun And Games: How Esports Could Offer Potential Investment Opportunities,GOOGL,https://www.benzinga.com/general/education/20/05/16008509/not-just-fun-and-games-how-esports-could-offer-potential-investment-opportunities,TD Ameritrade,,,,,,,neutral,0.8703921437263489
566640,2020-05-12 00:00:00+00:00,Amazon Releases AI-Based Enterprise Search Solution Kendra,GOOGL,https://www.benzinga.com/news/20/05/16007555/amazon-releases-ai-based-enterprise-search-solution-kendra,Shivdeep Dhaliwal,,,,,,,neutral,0.8935326933860779
566641,2020-05-12 00:00:00+00:00,"Twitter To Remove Coronavirus Misinformation, Including That Tweeted By Trump",GOOGL,https://www.benzinga.com/news/20/05/16007502/twitter-to-remove-coronavirus-misinformation-including-that-tweeted-by-trump,Neer Varshney,,,,,,,neutral,0.6948256492614746
566642,2020-05-11 00:00:00+00:00,"Benzinga Pro's Top 5 Stocks To Watch For Mon., May 11, 2020: SNE, CNK, MRNA, WORK, KMX",GOOGL,https://www.benzinga.com/pre-market-outlook/20/05/15998612/benzinga-pros-top-5-stocks-to-watch-for-mon-may-11-2020-sne-cnk-mrna-work-kmx,Benzinga Newsdesk,,,,,,,neutral,0.9366854429244996
566643,2020-05-11 00:00:00+00:00,Former Google CEO Eric Schmidt Cut Last Ties With The Company: Report,GOOGL,https://www.benzinga.com/news/20/05/15996955/former-google-ceo-eric-schmidt-cut-last-ties-with-the-company-report,Neer Varshney,,,,,,,negative,0.484620988368988
566644,2020-05-10 00:00:00+00:00,Bored Of Reheated Pasta? Benzinga's Top Foods To Order Or Cook Has You Covered,GOOGL,https://www.benzinga.com/general/restaurants/20/05/15996259/bored-of-reheated-pasta-benzingas-top-foods-to-order-or-cook-has-you-covered,Jayson Derrick,,,,,,,neutral,0.9231449365615844
566645,2020-05-08 00:00:00+00:00,'Alphabet CEO in internal memo: Offices reopening at 10% to 15% capacity starting in June' -CNBC,GOOGL,https://www.benzinga.com/news/20/05/15992420/alphabet-ceo-in-internal-memo-offices-reopening-at-10-to-15-capacity-starting-in-june-cnbc,Benzinga Newsdesk,,,,,,,neutral,0.84385085105896
566646,2020-05-08 00:00:00+00:00,Zoom Video Shares Fall To Session Low On Volume Spike As Hearing 'Google Duo will soon let you make group calls in Chrome',GOOGL,https://www.benzinga.com/news/20/05/15991982/zoom-video-shares-fall-to-session-low-on-volume-spike-as-hearing-google-duo-will-soon-let-you-make-g,Benzinga Newsdesk,,,,,,,negative,0.9535021781921388
566647,2020-05-08 00:00:00+00:00,Hearing Majority Of Alphabet Staff To Work From Home Til 2021,GOOGL,https://www.benzinga.com/news/20/05/15990744/hearing-majority-of-alphabet-staff-to-work-from-home-til-2021,Benzinga Newsdesk,,,,,,,neutral,0.9255393147468568
566648,2020-05-08 00:00:00+00:00,"Along With Dramatic Jobs Data, Investors Scrutinize Recent Earnings From Uber, Square",GOOGL,https://www.benzinga.com/news/earnings/20/05/15989774/along-with-dramatic-jobs-data-investors-scrutinize-recent-earnings-from-uber-square,JJ Kinahan,,,,,,,neutral,0.571936845779419
566649,2020-05-08 00:00:00+00:00,Google Employees To Work From Home Through 2020 With Few Exceptions,GOOGL,https://www.benzinga.com/news/20/05/15986438/google-employees-to-work-from-home-through-2020-with-few-exceptions,Neer Varshney,,,,,,,neutral,0.9303663372993468
566650,2020-05-07 00:00:00+00:00,"UPDATE: Lime Says Alphabet, Bain Capital Will Also Be In Investment Round With Uber",GOOGL,https://www.benzinga.com/news/20/05/15977507/update-lime-says-alphabet-bain-capital-will-also-be-in-investment-round-with-uber,Benzinga Newsdesk,,,,,,,neutral,0.9232210516929626
566651,2020-05-07 00:00:00+00:00,ViacomCBS And Google Announce Expanded Distribution Agreement,GOOGL,https://www.benzinga.com/media/20/05/15976481/viacomcbs-and-google-announce-expanded-distribution-agreement,Benzinga Newsdesk,,,,,,,positive,0.8845373392105103
566652,2020-05-07 00:00:00+00:00,"ViacomCBS, Google Report Expanded Distribution Deal: 'Introduces 14 Additional ViacomCBS Cable Networks to YouTube TV, Including BET, Comedy Central, MTV and Nickelodeon'",GOOGL,https://www.benzinga.com/news/20/05/15976236/viacomcbs-google-report-expanded-distribution-deal-introduces-14-additional-viacomcbs-cable-networks,Benzinga Newsdesk,,,,,,,positive,0.8164265155792236
566653,2020-05-06 00:00:00+00:00,A Recap Of Social Media Earnings,GOOGL,https://www.benzinga.com/news/earnings/20/05/15945240/a-recap-of-social-media-earnings,IAM Newswire,,,,,,,neutral,0.9413267374038696
566654,2020-05-06 00:00:00+00:00,11 Reasons Billionaire Investor Leon Cooperman Is Worried About Long-Term Impacts Of COVID-19,GOOGL,https://www.benzinga.com/markets/futures/20/05/15958756/11-reasons-billionaire-investor-leon-cooperman-is-worried-about-long-term-impacts-of-covid-19,Wayne Duggan,,,,,,,neutral,0.6891214847564697
566655,2020-05-05 00:00:00+00:00,Business Insider Reports Google-Fitbit Deal Under 'Intense Scrutiny',GOOGL,https://www.benzinga.com/m-a/20/05/15959517/business-insider-reports-google-fitbit-deal-under-intense-scrutiny,Benzinga Newsdesk,,,,,,,negative,0.9149577617645264
566656,2020-05-05 00:00:00+00:00,"Charles Schwab Launches Fractional Shares, The Ability To Gift Stock",GOOGL,https://www.benzinga.com/fintech/20/05/15958437/charles-schwab-launches-fractional-shares-the-ability-to-gift-stock,Renato Capelj,,,,,,,neutral,0.9254346489906312
566657,2020-05-05 00:00:00+00:00,'A new edition of the P30 could let Huawei offer Google apps again' -SCMP,GOOGL,https://www.benzinga.com/news/20/05/15957311/a-new-edition-of-the-p30-could-let-huawei-offer-google-apps-again-scmp,Benzinga Newsdesk,,,,,,,neutral,0.5933090448379517
566658,2020-05-05 00:00:00+00:00,"Google Cloud, Splunk Report Strategic Partnership to Help Organizations Drive Insights From Data; Splunk Cloud Will Soon Be Available On Google Cloud",GOOGL,https://www.benzinga.com/news/20/05/15954846/google-cloud-splunk-report-strategic-partnership-to-help-organizations-drive-insights-from-data-splu,Benzinga Newsdesk,,,,,,,neutral,0.6011339426040649
566659,2020-05-05 00:00:00+00:00,3 ETFs For Disney Earnings,GOOGL,https://www.benzinga.com/news/earnings/20/05/15951639/3-etfs-for-disney-earnings,ETF Professor,,,,,,,neutral,0.921536922454834
566660,2020-05-04 00:00:00+00:00,Apple And Google Say No To Location Tracking In Coronavirus Contact Tracing Apps,GOOGL,https://www.benzinga.com/news/20/05/15951485/apple-and-google-say-no-to-location-tracking-in-coronavirus-contact-tracing-apps,Shivdeep Dhaliwal,,,,,,,neutral,0.927427351474762
566661,2020-05-04 00:00:00+00:00,YouTube Signs Gamer PewDiePie To Exclusive Streaming Deal,GOOGL,https://www.benzinga.com/news/20/05/15948439/youtube-signs-gamer-pewdiepie-to-exclusive-streaming-deal,Steve Krause,,,,,,,neutral,0.5625377893447876
566662,2020-05-04 00:00:00+00:00,YouTube Signs Gamer PewDiePie to Live Streaming Deal,GOOGL,https://www.benzinga.com/news/20/05/15947941/youtube-signs-gamer-pewdiepie-to-live-streaming-deal,Benzinga Newsdesk,,,,,,,neutral,0.7401248812675476
566663,2020-05-04 00:00:00+00:00,'Google Engineers Flirted With a Zoom Acquisition—Before a Push to Beat It' -UK's The Information,GOOGL,https://www.benzinga.com/m-a/20/05/15944941/google-engineers-flirted-with-a-zoom-acquisition-before-a-push-to-beat-it-uks-the-information,Benzinga Newsdesk,,,,,,,positive,0.7270703911781311
566664,2020-05-02 00:00:00+00:00,Here's What Warren Buffett Thinks About Tesla And Elon Musk,GOOGL,https://www.benzinga.com/top-stories/20/05/15936592/heres-what-warren-buffett-thinks-about-tesla-and-elon-musk,Wayne Duggan,,,,,,,neutral,0.9330728054046632
566665,2020-05-02 00:00:00+00:00,"Warren Buffett Says There's No Bubble In FANG Stocks, But He's Still Not Buying",GOOGL,https://www.benzinga.com/top-stories/20/05/15937144/warren-buffett-says-theres-no-bubble-in-fang-stocks-but-hes-still-not-buying,Wayne Duggan,,,,,,,neutral,0.8440590500831604
566666,2020-05-01 00:00:00+00:00,"Amazon, Exxon Mobil Earnings Weigh On Market To Start New Month As Caution Steers The Wheel",GOOGL,https://www.benzinga.com/news/earnings/20/05/15939300/amazon-exxon-mobil-earnings-weigh-on-market-to-start-new-month-as-caution-steers-the-wheel,JJ Kinahan,,,,,,,negative,0.7809860110282898
566667,2020-05-01 00:00:00+00:00,"Zoom Corrects Blog Saying It Had 300M Daily Active Users, Admits It Was Wrong",GOOGL,https://www.benzinga.com/news/20/05/15930314/zoom-corrects-blog-saying-it-had-300-m-daily-active-users-admits-it-was-wrong,Shivdeep Dhaliwal,,,,,,,neutral,0.5105304718017578
566668,2020-04-30 00:00:00+00:00,Apple CEO Tim Cook: Apple To Work With Google To Improve COVID-19 Contact Tracing,GOOGL,https://www.benzinga.com/news/earnings/20/04/15928232/apple-ceo-tim-cook-apple-to-work-with-google-to-improve-covid-19-contact-tracing,Benzinga Newsdesk,,,,,,,positive,0.8331118226051331
566669,2020-04-30 00:00:00+00:00,Thursday's Market Minute: Stocks Rally As GDP Plummets,GOOGL,https://www.benzinga.com/news/earnings/20/04/15920938/thursdays-market-minute-stocks-rally-as-gdp-plummets,TD Ameritrade Network,,,,,,,negative,0.9254441261291504
566670,2020-04-30 00:00:00+00:00,108 Biggest Movers From Yesterday,GOOGL,https://www.benzinga.com/news/20/04/15917189/108-biggest-movers-from-yesterday,Lisa Levin,,,,,,,neutral,0.7961276769638062
566671,2020-04-29 00:00:00+00:00,Analysts Applaud Alphabet Earnings: 'An Incredible Advertising Business',GOOGL,https://www.benzinga.com/analyst-ratings/analyst-color/20/04/15908941/analysts-applaud-alphabet-earnings-an-incredible-advertising-business,Wayne Duggan,,,,,,,positive,0.9416395425796508
566672,2020-04-29 00:00:00+00:00,82 Stocks Moving In Wednesday's Mid-Day Session,GOOGL,https://www.benzinga.com/news/20/04/15910508/82-stocks-moving-in-wednesdays-mid-day-session,Lisa Levin,,,,,,,neutral,0.6133743524551392
566673,2020-04-29 00:00:00+00:00,"SunTrust Robinson Humphrey Maintains Buy on Alphabet, Raises Price Target to $1550",GOOGL,https://www.benzinga.com/news/20/04/15910250/suntrust-robinson-humphrey-maintains-buy-on-alphabet-raises-price-target-to-1550,Vick Meyer,,,,,,,positive,0.5046316981315613
566674,2020-04-29 00:00:00+00:00,"B of A Securities Maintains Buy on Alphabet, Raises Price Target to $1420",GOOGL,https://www.benzinga.com/news/20/04/15910183/b-of-a-securities-maintains-buy-on-alphabet-raises-price-target-to-1420,Benzinga_Newsdesk,,,,,,,neutral,0.7335670590400696
566675,2020-04-29 00:00:00+00:00,"UPDATE: Mizuho On Alphabet Notes 'Despite the slowdown, we are encouraged by strong underlying usage of YouTube and its continued path to gain share against TV advertising, affirming our LT thesis'",GOOGL,https://www.benzinga.com/analyst-ratings/analyst-color/20/04/15909739/update-mizuho-on-alphabet-notes-despite-the-slowdown-we-are-encouraged-by-strong-un,Benzinga_Newsdesk,,,,,,,positive,0.9558585286140442
566676,2020-04-29 00:00:00+00:00,"UPDATE: Mizuho Maintains Buy On Alphabet, Raises Target To $1560 Notes 'Although advertising business came under pressure in March and April, trends were modestly better than expectations'",GOOGL,https://www.benzinga.com/analyst-ratings/analyst-color/20/04/15909738/update-mizuho-maintains-buy-on-alphabet-raises-target-to-1560-notes-although-advert,Benzinga_Newsdesk,,,,,,,positive,0.9341610074043274
566677,2020-04-29 00:00:00+00:00,"Mizuho Maintains Buy on Alphabet, Raises Price Target to $1560",GOOGL,https://www.benzinga.com/news/20/04/15909616/mizuho-maintains-buy-on-alphabet-raises-price-target-to-1560,Benzinga_Newsdesk,,,,,,,positive,0.6671510338783264
566678,2020-04-29 00:00:00+00:00,UPDATE: Morgan Stanley On Alphabet Notes 'But EBIT still falls (higher deleverage) which shows how outperformance from here likely to require a confirmed turn in ad trends',GOOGL,https://www.benzinga.com/analyst-ratings/analyst-color/20/04/15909205/update-morgan-stanley-on-alphabet-notes-but-ebit-still-falls-higher-deleverage-whic,Benzinga_Newsdesk,,,,,,,negative,0.7792031168937683
566679,2020-04-29 00:00:00+00:00,"UPDATE: Morgan Stanley Maintains Overweight On Alphabet, Raises Target To $1,400 Notes 'Ad declines are likely to be somewhat less severe than expected and GOOGL is focused on efficiency/innovation to emerge stronger post downturn'",GOOGL,https://www.benzinga.com/analyst-ratings/analyst-color/20/04/15909203/update-morgan-stanley-maintains-overweight-on-alphabet-raises-target-to-1-400-notes,Benzinga_Newsdesk,,,,,,,positive,0.910602331161499
566680,2020-04-29 00:00:00+00:00,UPDATE: Nomura On Alphabet Notes 'and management noted the first two months of the quarter were strong followed by a significant slowdown in advertising revenue in March (consistent with SNAP's commentary last week',GOOGL,https://www.benzinga.com/analyst-ratings/analyst-color/20/04/15909123/update-nomura-on-alphabet-notes-and-management-noted-the-first-two-months-of-the-qu,Benzinga_Newsdesk,,,,,,,negative,0.9711802005767822
566681,2020-04-29 00:00:00+00:00,"UPDATE: Nomura Maintains Buy On Alphabet, Raises Tgt To $1,700 Notes Co. 'reported relatively solid results led by an acceleration at YouTube and continued Cloud momentum. Total advertising revenue growth slowed to +10% YoY, but was better than expected'",GOOGL,https://www.benzinga.com/analyst-ratings/analyst-color/20/04/15909120/update-nomura-maintains-buy-on-alphabet-raises-tgt-to-1-700-notes-co-reported-relat,Benzinga_Newsdesk,,,,,,,positive,0.8851174116134644
566682,2020-04-29 00:00:00+00:00,Morning Market Stats in 5 Minutes,GOOGL,https://www.benzinga.com/intraday-update/20/04/15907590/morning-market-stats-in-5-minutes,Benzinga Insights,,,,,,,neutral,0.9097254276275636
566683,2020-04-29 00:00:00+00:00,"UPDATE: JP Morgan Maintains Overweight On Alphabet, Raises Target To $1,505 Notes '2QTD Sigh of Relief, w/Slight Early Search Uptick;More Importantly, GOOGL Should Come Out Stronger'",GOOGL,https://www.benzinga.com/analyst-ratings/analyst-color/20/04/15908975/update-jp-morgan-maintains-overweight-on-alphabet-raises-target-to-1-505-notes-2qtd,Benzinga_Newsdesk,,,,,,,positive,0.935861349105835
566684,2020-04-29 00:00:00+00:00,"Barclays Maintains Overweight on Alphabet, Raises Price Target to $1400",GOOGL,https://www.benzinga.com/news/20/04/15908745/barclays-maintains-overweight-on-alphabet-raises-price-target-to-1400,vishwanath@benzinga.com,,,,,,,positive,0.8926959037780762
566685,2020-04-29 00:00:00+00:00,"BMO Capital Maintains Outperform on Alphabet, Raises Price Target to $1550",GOOGL,https://www.benzinga.com/news/20/04/15908636/bmo-capital-maintains-outperform-on-alphabet-raises-price-target-to-1550,Vick Meyer,,,,,,,positive,0.921488344669342
566686,2020-04-29 00:00:00+00:00,"Alphabet, Boeing Shares Get A Lift Following Earnings, While GE Falls Short",GOOGL,https://www.benzinga.com/news/earnings/20/04/15907915/alphabet-boeing-shares-get-a-lift-following-earnings-while-ge-falls-short,JJ Kinahan,,,,,,,positive,0.8446087837219238
566687,2020-04-29 00:00:00+00:00,"Stifel Maintains Buy on Alphabet, Raises Price Target to $1400",GOOGL,https://www.benzinga.com/news/20/04/15907257/stifel-maintains-buy-on-alphabet-raises-price-target-to-1400,Benzinga_Newsdesk,,,,,,,positive,0.750924289226532
566688,2020-04-29 00:00:00+00:00,"RBC Capital Maintains Outperform on Alphabet, Raises Price Target to $1500",GOOGL,https://www.benzinga.com/news/20/04/15907249/rbc-capital-maintains-outperform-on-alphabet-raises-price-target-to-1500,Vick Meyer,,,,,,,positive,0.9271093606948853
566689,2020-04-29 00:00:00+00:00,10 Biggest Price Target Changes For Wednesday,GOOGL,https://www.benzinga.com/analyst-ratings/price-target/20/04/15906132/10-biggest-price-target-changes-for-wednesday,Lisa Levin,,,,,,,neutral,0.8142687678337097
566690,2020-04-29 00:00:00+00:00,"MKM Partners Reiterates Buy on Alphabet, Raises Price Target to $1500",GOOGL,https://www.benzinga.com/news/20/04/15906131/mkm-partners-reiterates-buy-on-alphabet-raises-price-target-to-1500,Benzinga_Newsdesk,,,,,,,positive,0.6895792484283447
566691,2020-04-29 00:00:00+00:00,Alphabet Shares Rise During Earnings Call As Q1 Advertising Revenue Better Than Expected,GOOGL,https://www.benzinga.com/news/earnings/20/04/15903645/alphabet-shares-rise-during-earnings-conference-as-first-quarter-advertising-revenue-better-than-ex,Shivdeep Dhaliwal,,,,,,,positive,0.9449387788772584
566692,2020-04-29 00:00:00+00:00,Loup Ventures' Munster On Alphabet's Q1: 'Hats Off To Them' For Ad Performance,GOOGL,https://www.benzinga.com/news/earnings/20/04/15905408/loup-ventures-munster-on-alphabets-q1-hats-off-to-them-for-ad-performance,Jayson Derrick,,,,,,,neutral,0.7594987750053406
566693,2020-04-29 00:00:00+00:00,"Morgan Stanley Maintains Overweight on Alphabet, Raises Price Target to $1400",GOOGL,https://www.benzinga.com/news/20/04/15905571/morgan-stanley-maintains-overweight-on-alphabet-raises-price-target-to-1400,Benzinga_Newsdesk,,,,,,,positive,0.8906148672103882
566694,2020-04-29 00:00:00+00:00,11 Communication Services Stocks Moving In Wednesday's Pre-Market Session,GOOGL,https://www.benzinga.com/pre-market-outlook/20/04/15905468/11-communication-services-stocks-moving-in-wednesdays-pre-market-session,Benzinga Insights,,,,,,,neutral,0.5191420912742615
566695,2020-04-29 00:00:00+00:00,Alphabet shares are trading higher after the company reported better-than-expected Q1 sales results. Several firms also maintained their bullish ratings on the company's stock following its Q1 earnings results.,GOOGL,https://www.benzinga.com/wiim/20/04/15905400/alphabet-shares-are-trading-higher-after-the-company-reported-better-than-expected-q1-sales-results,Benzinga Newsdesk,,,,,,,positive,0.9140429496765136
566696,2020-04-29 00:00:00+00:00,35 Stocks Moving in Wednesday's Pre-Market Session,GOOGL,https://www.benzinga.com/news/20/04/15905379/35-stocks-moving-in-wednesdays-pre-market-session,Lisa Levin,,,,,,,neutral,0.7561498880386353
566697,2020-04-29 00:00:00+00:00,"Credit Suisse Maintains Outperform on Alphabet, Raises Price Target to $1600",GOOGL,https://www.benzinga.com/news/20/04/15905099/credit-suisse-maintains-outperform-on-alphabet-raises-price-target-to-1600,Benzinga_Newsdesk,,,,,,,positive,0.9232285618782043
566698,2020-04-29 00:00:00+00:00,"Nomura Instinet Maintains Buy on Alphabet, Raises Price Target to $1700",GOOGL,https://www.benzinga.com/news/20/04/15905063/nomura-instinet-maintains-buy-on-alphabet-raises-price-target-to-1700,Benzinga_Newsdesk,,,,,,,positive,0.7893129587173462
566699,2020-04-29 00:00:00+00:00,"JP Morgan Maintains Overweight on Alphabet, Raises Price Target to $1505",GOOGL,https://www.benzinga.com/news/20/04/15905005/jp-morgan-maintains-overweight-on-alphabet-raises-price-target-to-1505,Benzinga_Newsdesk,,,,,,,positive,0.8424622416496277
566700,2020-04-29 00:00:00+00:00,"A Peek Into The Markets: US Stock Futures Rise Ahead Of Earnings, Fed Decision",GOOGL,https://www.benzinga.com/news/earnings/20/04/15904358/a-peek-into-the-markets-us-stock-futures-rise-ahead-of-earnings-fed-decision,Lisa Levin,,,,,,,positive,0.5506325960159302
566701,2020-04-29 00:00:00+00:00,Apple Adds Coronavirus Testing Sites To Maps In US,GOOGL,https://www.benzinga.com/news/20/04/15903652/apple-adds-coronavirus-testing-sites-to-maps-in-us,Neer Varshney,,,,,,,neutral,0.920064091682434
566702,2020-04-29 00:00:00+00:00,YouTube Extends Fact Checking To The US To Combat Fake Coronavirus Information,GOOGL,https://www.benzinga.com/news/20/04/15903588/youtube-extends-fact-checking-to-the-us-to-combat-coronavirus-fake-information,Neer Varshney,,,,,,,neutral,0.5801565051078796
566703,2020-04-29 00:00:00+00:00,"10 Stocks To Watch For April 29, 2020",GOOGL,https://www.benzinga.com/news/earnings/20/04/15903948/10-stocks-to-watch-for-april-29-2020,Lisa Levin,,,,,,,neutral,0.9197497367858888
566704,2020-04-29 00:00:00+00:00,Zoom Uses Oracle's Cloud Computing Services To Handle Demand Surge During Pandemic,GOOGL,https://www.benzinga.com/news/20/04/15903496/zoom-uses-oracles-cloud-computing-services-to-handle-demand-surge-during-pandemic,Neer Varshney,,,,,,,neutral,0.5191006660461426
566705,2020-04-28 00:00:00+00:00,23 Stocks Moving In Tuesday's After-Hours Session,GOOGL,https://www.benzinga.com/news/earnings/20/04/15902096/23-stocks-moving-in-tuesdays-after-hours-session,Tyree Gorges,,,,,,,neutral,0.4639845192432403
566706,2020-04-28 00:00:00+00:00,Alphabet CEO Says 30% More Downloads From Feb To March On Play Store; Says Delayed Some Ad Launches As Impact Of Coronavirus Became Clear,GOOGL,https://www.benzinga.com/tech/20/04/15901711/alphabet-ceo-says-30-more-downloads-from-feb-to-march-on-play-store-says-delayed-some-ad-launches-as,Benzinga Newsdesk,,,,,,,negative,0.8665614724159241
566707,2020-04-28 00:00:00+00:00,Alphabet CFO Says No Change With Buyback Program,GOOGL,https://www.benzinga.com/news/20/04/15901463/alphabet-cfo-says-no-change-with-buyback-program,Benzinga Newsdesk,,,,,,,neutral,0.9090404510498048
566708,2020-04-28 00:00:00+00:00,Alphabet Reports Q1 Sales Beat,GOOGL,https://www.benzinga.com/news/earnings/20/04/15901250/alphabet-reports-q1-sales-beat,Tanzeel Akhtar,,,,,,,neutral,0.9216127991676332
566709,2020-04-28 00:00:00+00:00,Alphabet shares are trading higher after the company reported better-than-expected Q1 sales results.,GOOGL,https://www.benzinga.com/wiim/20/04/15900683/alphabet-shares-are-trading-higher-after-the-company-reported-better-than-expected-q1-sales-results,Benzinga Newsdesk,,,,,,,positive,0.9563204646110536
566710,2020-04-28 00:00:00+00:00,"Alphabet Q1 EPS $9.870 May Not Compare To $10.330 Estimate, Sales $41.160B Beat $40.380B Estimate",GOOGL,https://www.benzinga.com/news/earnings/20/04/15900507/alphabet-q1-eps-9-870-may-not-compare-to-10-330-estimate-sales-41-160b-beat-40-380b-estimate,Benzinga Newsdesk,,,,,,,positive,0.4927445352077484
566711,2020-04-28 00:00:00+00:00,"Stadia Announces PUBG Available To Play Today For Free, Will Be Cross Platform With Other Consoles",GOOGL,https://www.benzinga.com/news/20/04/15898573/stadia-announces-pubg-available-to-play-today-for-free-will-be-cross-platform-with-other-consoles,Benzinga Newsdesk,,,,,,,neutral,0.8907980918884277
566712,2020-04-28 00:00:00+00:00,Electronic Arts Reports Partnership With Google To Bring Google's Stadio Platform To EA Games,GOOGL,https://www.benzinga.com/news/20/04/15897828/electronic-arts-reports-partnership-with-google-to-bring-googles-stadio-platform-to-ea-games,Benzinga Newsdesk,,,,,,,positive,0.8399969935417175
566713,2020-04-28 00:00:00+00:00,Event Reminder: Google Stadia To Hold Stadia Connect Event At 12 p.m. EDT (Live Stream Link),GOOGL,https://www.benzinga.com/news/20/04/15897214/event-reminder-google-stadia-to-hold-stadia-connect-event-at-12-p-m-edt-live-stream-link,Benzinga Newsdesk,,,,,,,neutral,0.9429976344108582
566714,2020-04-28 00:00:00+00:00,"'In an internal memo, CEO Sundar Pichai says Google will 'stagger' a return to offices and tells employees they should expect to work from home until at least June 1' -Tweet From Business Insider Tech Reporter",GOOGL,https://www.benzinga.com/news/20/04/15897090/in-an-internal-memo-ceo-sundar-pichai-says-google-will-stagger-a-return-to-offices-and-tells-employe,Benzinga Newsdesk,,,,,,,negative,0.6306997537612915
566715,2020-04-28 00:00:00+00:00,Morning Market Stats in 5 Minutes,GOOGL,https://www.benzinga.com/intraday-update/20/04/15895851/morning-market-stats-in-5-minutes,Benzinga Insights,,,,,,,neutral,0.9097254276275636
566716,2020-04-28 00:00:00+00:00,"Earnings Feast: Bring a Plate With Healthcare and Caterpillar in Morning, GOOGL And AMD Later",GOOGL,https://www.benzinga.com/news/earnings/20/04/15896240/earnings-feast-bring-a-plate-with-healthcare-and-caterpillar-in-morning-googl-and-amd-later,JJ Kinahan,,,,,,,neutral,0.9211394786834716
566717,2020-04-28 00:00:00+00:00,4 Geared ETFs for Alphabet Earnings,GOOGL,https://www.benzinga.com/news/earnings/20/04/15891481/4-geared-etfs-for-alphabet-earnings,ETF Professor,,,,,,,neutral,0.9134041666984558
566718,2020-04-28 00:00:00+00:00,Tuesday's Market Minute: This Week's Big Market Test,GOOGL,https://www.benzinga.com/news/earnings/20/04/15895462/tuesdays-market-minute-this-weeks-big-market-test,TD Ameritrade Network,,,,,,,neutral,0.873957633972168
566719,2020-04-28 00:00:00+00:00,"A Peek Into The Markets: US Stock Futures Up Ahead Of Earnings, Economic Reports",GOOGL,https://www.benzinga.com/news/earnings/20/04/15892627/a-peek-into-the-markets-us-stock-futures-up-ahead-of-earnings-economic-reports,Lisa Levin,,,,,,,neutral,0.7104126811027527
566720,2020-04-28 00:00:00+00:00,"Earnings Scheduled For April 28, 2020",GOOGL,https://www.benzinga.com/news/earnings/20/04/15892498/earnings-scheduled-for-april-28-2020,Lisa Levin,,,,,,,neutral,0.9130647778511048
566721,2020-04-28 00:00:00+00:00,"10 Stocks To Watch For April 28, 2020",GOOGL,https://www.benzinga.com/news/earnings/20/04/15892398/10-stocks-to-watch-for-april-28-2020,Lisa Levin,,,,,,,neutral,0.9219294786453248
566722,2020-04-27 00:00:00+00:00,"Google Says Google Pixel Buds Available Today, Priced At $179",GOOGL,https://www.benzinga.com/news/20/04/15886518/google-says-google-pixel-buds-available-today-priced-at-179,Benzinga Newsdesk,,,,,,,neutral,0.8727607727050781
566723,2020-04-27 00:00:00+00:00,"SpotlightNews Informs Communities, Extends Helping Hand To Small Publishers",GOOGL,https://www.benzinga.com/startups/20/04/15877486/spotlightnews-informs-communities-extends-helping-hand-to-small-publishers,Renato Capelj,,,,,,,neutral,0.6635531783103943
566724,2020-04-27 00:00:00+00:00,'Google in talks to acquire D2iQ' -Axios,GOOGL,https://www.benzinga.com/news/20/04/15884986/google-in-talks-to-acquire-d2iq-axios,Benzinga Newsdesk,,,,,,,neutral,0.89420485496521
566725,2020-04-27 00:00:00+00:00,"Apple And Amazon Earnings, Fed Meeting Among Highlights In Busy Week Ahead",GOOGL,https://www.benzinga.com/news/earnings/20/04/15884587/apple-and-amazon-earnings-fed-meeting-among-highlights-in-busy-week-ahead,JJ Kinahan,,,,,,,neutral,0.8462184071540833
566726,2020-04-24 00:00:00+00:00,"Virtual Productivity: Google Cloud, YouTube in Focus As Alphabet Releases Q1 Earnings",GOOGL,https://www.benzinga.com/news/earnings/20/04/15875464/virtual-productivity-google-cloud-youtube-in-focus-as-alphabet-releases-q1-earnings,JJ Kinahan,,,,,,,neutral,0.9330392479896544
566727,2020-04-24 00:00:00+00:00,Google Announces Further Hiring And Marketing Budget Cuts,GOOGL,https://www.benzinga.com/news/20/04/15874825/google-announces-further-hiring-and-marketing-budget-cuts,Khyathi Dalal,,,,,,,negative,0.9085243344306946
566728,2020-04-24 00:00:00+00:00,Crude Oil Bounce Gives Energy Stock A Lift As Market Volatility Ebbs,GOOGL,https://www.benzinga.com/news/earnings/20/04/15874686/crude-oil-bounce-gives-energy-stock-a-lift-as-market-volatility-ebbs,JJ Kinahan,,,,,,,positive,0.8547825813293457
566729,2020-04-23 00:00:00+00:00,"Google To Cut Marketing Budgets By As Much As Half, Directors Warned Of Hiring Freezes",GOOGL,https://www.benzinga.com/tech/20/04/15871117/google-to-cut-marketing-budgets-by-as-much-as-half-directors-warned-of-hiring-freezes,Benzinga Newsdesk,,,,,,,negative,0.9687234163284302
566730,2020-04-23 00:00:00+00:00,Eli Lilly Kicks Off Earnings Day With A Beat And Investors Prepare For Intel After Close,GOOGL,https://www.benzinga.com/news/earnings/20/04/15865752/eli-lilly-kicks-off-earnings-day-with-a-beat-and-investors-prepare-for-intel-after-close,JJ Kinahan,,,,,,,neutral,0.6716103553771973
566731,2020-04-23 00:00:00+00:00,'Increasing transparency through advertiser identity verification' -Google's Ads Blog,GOOGL,https://www.benzinga.com/news/20/04/15865444/increasing-transparency-through-advertiser-identity-verification-googles-ads-blog,Benzinga Newsdesk,,,,,,,neutral,0.8260377049446106
566732,2020-04-22 00:00:00+00:00,Zoom Unveils Version 5 With Updated Security Measures Following Backlash,GOOGL,https://www.benzinga.com/news/20/04/15862101/zoom-unveils-version-5-with-updated-security-measures-following-backlash,Neer Varshney,,,,,,,neutral,0.8773741722106934
566733,2020-04-22 00:00:00+00:00,Another Autonomous Trucking Startup Announces Layoffs,GOOGL,https://www.benzinga.com/news/20/04/15861714/another-autonomous-trucking-startup-announces-layoffs,FreightWaves,,,,,,,negative,0.9620197415351868
566734,2020-04-22 00:00:00+00:00,"Wedbush Maintains Outperform on Alphabet, Lowers Price Target to $1375",GOOGL,https://www.benzinga.com/news/20/04/15857519/wedbush-maintains-outperform-on-alphabet-lowers-price-target-to-1375,Vick Meyer,,,,,,,negative,0.7243186831474304
566735,2020-04-22 00:00:00+00:00,"Little Things Count: After Selloff To Start Week, A Bit of Light Arrives With Positive Earnings",GOOGL,https://www.benzinga.com/news/earnings/20/04/15856544/little-things-count-after-selloff-to-start-week-a-bit-of-light-arrives-with-positive-earnings,JJ Kinahan,,,,,,,positive,0.8870587944984436
566736,2020-04-22 00:00:00+00:00,Facebook Bowed Down To Vietnamese Censorship After Local Servers Brought Down: Reuters,GOOGL,https://www.benzinga.com/news/20/04/15853642/facebook-bowed-down-to-vietnamese-censorship-after-local-servers-brought-down-reuters,Shivdeep Dhaliwal,,,,,,,negative,0.7967191934585571
566737,2020-04-22 00:00:00+00:00,"Shares of several social media and internet communication companies are trading higher, potentially in sympathy with Snap, which reported strong Q1 financial results and user engagement numbers.",GOOGL,https://www.benzinga.com/wiim/20/04/15854414/shares-of-several-social-media-and-internet-communication-companies-are-trading-higher-potentially-i,Benzinga Newsdesk,,,,,,,positive,0.9536216259002686
566738,2020-04-22 00:00:00+00:00,A Peek Into The Markets: US Stock Futures Gain Ahead Of Earnings,GOOGL,https://www.benzinga.com/news/earnings/20/04/15854033/a-peek-into-the-markets-us-stock-futures-gain-ahead-of-earnings,Lisa Levin,,,,,,,positive,0.8444429039955139
566739,2020-04-22 00:00:00+00:00,YouTube Sued By Cryptocurrency Firm For Allegedly Allowing Giveaway Scams,GOOGL,https://www.benzinga.com/markets/cryptocurrency/20/04/15853455/youtube-sued-by-cryptocurrency-firm-for-allegedly-allowing-giveaway-scams,Neer Varshney,,,,,,,negative,0.903515875339508
566740,2020-04-21 00:00:00+00:00,Shares of several technology companies are trading lower amid overall market weakness following a collapse in oil prices. Oil has been negatively impacted by excess supply and low demand amid the coronavirus pandemic.,GOOGL,https://www.benzinga.com/20/04/15848750/shares-of-several-technology-companies-are-trading-lower-amid-overall-market-weakness-following-a-co,Benzinga Newsdesk,,,,,,,negative,0.973160982131958
566741,2020-04-21 00:00:00+00:00,3 ETFs For Netflix Earnings,GOOGL,https://www.benzinga.com/news/earnings/20/04/15844789/3-etfs-for-netflix-earnings,ETF Professor,,,,,,,neutral,0.9238945841789246
566742,2020-04-20 00:00:00+00:00,"Making Most Of Lockdowns, Facebook Gaming Launches Earlier Than Planned",GOOGL,https://www.benzinga.com/news/20/04/15844689/making-most-of-lockdowns-facebook-gaming-launches-earlier-than-planned,Shivdeep Dhaliwal,,,,,,,neutral,0.925221621990204
566743,2020-04-20 00:00:00+00:00,Google To Roll Out 100K Wi-Fi Hotsports In CA In First Week Of May,GOOGL,https://www.benzinga.com/tech/20/04/15842670/google-to-roll-out-100k-wi-fi-hotsports-in-ca-in-first-week-of-may,Benzinga Newsdesk,,,,,,,neutral,0.7775447368621826
566744,2020-04-20 00:00:00+00:00,"With Live Sports On Hold, Esports Continue Stepping Up To The Plate",GOOGL,https://www.benzinga.com/analyst-ratings/analyst-color/20/04/15831574/with-live-sports-on-hold-esports-continue-stepping-up-to-the-plate,Wayne Duggan,,,,,,,neutral,0.7364256381988525
566745,2020-04-17 00:00:00+00:00,"Mizuho Maintains Buy on Alphabet, Lowers Price Target to $1500",GOOGL,https://www.benzinga.com/news/20/04/15831343/mizuho-maintains-buy-on-alphabet-lowers-price-target-to-1500,Benzinga_Newsdesk,,,,,,,neutral,0.4550162553787231
566746,2020-04-16 00:00:00+00:00,S&P 500 Futures Up 3.2% After Hours; Many Other Stocks Moving Higher With Futures; Investors Reacting Favorably To White Phase Guidelines On Reopening Economy,GOOGL,https://www.benzinga.com/news/20/04/15824869/s-p-500-futures-up-3-2-after-hours-many-other-stocks-moving-higher-with-futures-investors-reacting-f,Benzinga Newsdesk,,,,,,,positive,0.9399299621582032
566747,2020-04-16 00:00:00+00:00,Why The Pandemic Could Prove Amazon Is The 'Greatest Thing That Ever Happened To The American Consumer',GOOGL,https://www.benzinga.com/tech/20/04/15822291/why-the-pandemic-could-prove-amazon-is-the-greatest-thing-that-ever-happened-to-the-american-consume,Jayson Derrick,,,,,,,neutral,0.5307892560958862
566748,2020-04-16 00:00:00+00:00,"'$GOOGL, $FB on Watch as Barry Diller Sees 80% Drop in Ad Spend' -Tweet",GOOGL,https://www.benzinga.com/news/20/04/15818521/googl-fb-on-watch-as-barry-diller-sees-80-drop-in-ad-spend-tweet,Benzinga Newsdesk,,,,,,,negative,0.8961511254310608
566749,2020-04-16 00:00:00+00:00,Robinhood Said To Be Raising $250M In New Funding,GOOGL,https://www.benzinga.com/fintech/20/04/15814483/robinhood-said-to-be-raising-250m-in-new-funding,Shivdeep Dhaliwal,,,,,,,neutral,0.6327767968177795
566750,2020-04-15 00:00:00+00:00,"Google Parent Company To 'Significantly' Limit New Hiring In 2020, CEO Pichai Says",GOOGL,https://www.benzinga.com/news/20/04/15814359/google-parent-company-to-significantly-limit-new-hiring-in-2020-ceo-pichai-says,Neer Varshney,,,,,,,negative,0.6868694424629211
566751,2020-04-15 00:00:00+00:00,Software Rises Above Semiconductors And Hardware As Tech Heads Into Earnings Season,GOOGL,https://www.benzinga.com/news/earnings/20/04/15814143/software-rises-above-semiconductors-and-hardware-as-tech-heads-into-earnings-season,JJ Kinahan,,,,,,,positive,0.8433442115783691
566752,2020-04-15 00:00:00+00:00,Google CEO Tells Staff They Will Slow Hiring In 2020,GOOGL,https://www.benzinga.com/news/20/04/15813337/google-ceo-tells-staff-they-will-slow-hiring-in-2020,Benzinga Newsdesk,,,,,,,negative,0.9288225769996644
566753,2020-04-15 00:00:00+00:00,"US Senator Blumenthal Says Apple, Google Have A 'Lot Of Work To Do' To Convince People Coronavirus Contact Tracing Will Not Violate Privacy",GOOGL,https://www.benzinga.com/tech/20/04/15811842/us-senator-blumenthal-says-apple-google-have-a-lot-of-work-to-do-to-convince-people-coronavirus-cont,Benzinga Newsdesk,,,,,,,neutral,0.5046404600143433
566754,2020-04-15 00:00:00+00:00,Every Member Of Trump's 'Great American Economic Revival' Industry Groups,GOOGL,https://www.benzinga.com/news/20/04/15808727/every-member-of-trumps-great-american-economic-revival-industry-groups,Tanzeel Akhtar,,,,,,,neutral,0.9257633090019226
566755,2020-04-15 00:00:00+00:00,Startup Zoox Acknowledges Some Employees Were In Possession Of Tesla Confidential Information,GOOGL,https://www.benzinga.com/news/20/04/15806263/startup-zoox-acknowledges-some-employees-were-in-possession-of-tesla-confidential-information,Khyathi Dalal,,,,,,,negative,0.544942319393158
566756,2020-04-14 00:00:00+00:00,"Zoom Shares Fall Amid Headline Standard Chartered CEO Tells Staff Not To Use Zoom Or Google Hangouts For Video Communications, Cites Cybersecurity Risk",GOOGL,https://www.benzinga.com/news/20/04/15800783/zoom-shares-fall-amid-headline-standard-chartered-ceo-tells-staff-not-to-use-zoom-or-google-hangouts,Benzinga Newsdesk,,,,,,,negative,0.963285744190216
566757,2020-04-14 00:00:00+00:00,"Alphabet shares are trading higher as the tech sector gains on positive coronavirus outlook. Optimism surrounding the virus has led to hopes of an upcoming return to economic activity, which would benefit the sector.",GOOGL,https://www.benzinga.com/wiim/20/04/15799803/alphabet-shares-are-trading-higher-as-the-tech-sector-gains-on-positive-coronavirus-outlook-optimism,Benzinga Newsdesk,,,,,,,positive,0.950441300868988
566758,2020-04-14 00:00:00+00:00,Apple And Google Give Details On Their Joint Coronavirus Contact Tracing Tool,GOOGL,https://www.benzinga.com/news/20/04/15794562/apple-and-google-give-details-on-their-joint-coronavirus-contact-tracing-tool,Neer Varshney,,,,,,,neutral,0.933251976966858
566759,2020-04-13 00:00:00+00:00,Leon Cooperman Doesn't See Big Upside Potential For The Market Right Now,GOOGL,https://www.benzinga.com/markets/futures/20/04/15791456/leon-cooperman-doesnt-see-big-upside-potential-for-the-market,Craig Jones,,,,,,,neutral,0.6707140803337097
566760,2020-04-13 00:00:00+00:00,"YouTube Exec Talks Entertainment, Combatting Coronavirus Fake News",GOOGL,https://www.benzinga.com/tech/20/04/15791012/youtube-exec-talks-entertainment-combatting-coronavirus-fake-news,Jayson Derrick,,,,,,,neutral,0.9038950800895692
566761,2020-04-13 00:00:00+00:00,Apple Reportedly Planning Major iPhone Design Overhaul For Fall Launches,GOOGL,https://www.benzinga.com/news/20/04/15789683/apple-reportedly-planning-major-iphone-design-overhaul-for-fall-launches,Shanthi Rexaline,,,,,,,neutral,0.7705327868461609
566762,2020-04-13 00:00:00+00:00,Apple And Google Team Up To Build Bluetooth Solution To Tackle COVID-19 Pandemic,GOOGL,https://www.benzinga.com/news/20/04/15786105/apple-and-google-team-up-to-build-bluetooth-solution-to-tackle-covid-19-pandemic,Shivdeep Dhaliwal,,,,,,,positive,0.9011209607124328
566763,2020-04-12 00:00:00+00:00,"Apple's Stock Will Outperform Other FAANG Stocks In 2020, Long-Term Future 'Among The Brightest', Munster Says",GOOGL,https://www.benzinga.com/news/earnings/20/04/15785586/apples-stock-will-outperform-other-faang-stocks-in-2020-long-term-future-among-the-brightest-munste,Neer Varshney,,,,,,,positive,0.949540913105011
566764,2020-04-09 00:00:00+00:00,Communications Services Sector Earnings: When Staying In Becomes The Trend,GOOGL,https://www.benzinga.com/news/earnings/20/04/15778930/communications-services-sector-earnings-when-staying-in-becomes-the-trend,JJ Kinahan,,,,,,,neutral,0.854194164276123
566765,2020-04-09 00:00:00+00:00,Will FANG Lead The Market Rebound?,GOOGL,https://www.benzinga.com/etfs/specialty-etfs/20/04/15701188/will-fang-lead-the-market-rebound,Spencer Israel,,,,,,,neutral,0.8393083810806274
566766,2020-04-09 00:00:00+00:00,French Regulator Says Google Must Pay French News and Publishing Firms for Using Their Content,GOOGL,https://www.benzinga.com/news/20/04/15773081/french-regulator-says-google-must-pay-french-news-and-publishing-firms-for-using-their-content,Charles Gross,,,,,,,negative,0.7449149489402771
566767,2020-04-08 00:00:00+00:00,Google Gets Federal Approval To Operate Under Sea Cable Between US and Taiwan To Boost Network Capacity,GOOGL,https://www.benzinga.com/news/20/04/15771637/google-gets-federal-approval-to-operate-under-sea-cable-between-us-and-taiwan-to-boost-network-capac,Shivdeep Dhaliwal,,,,,,,positive,0.9279234409332277
566768,2020-04-08 00:00:00+00:00,"Netflix, YouTube, Disney+: Which Video Streaming Platform Do Teens Watch The Most?",GOOGL,https://www.benzinga.com/analyst-ratings/analyst-color/20/04/15767788/netflix-youtube-disney-which-video-streaming-platform-do-teens-watch-the-most,Shanthi Rexaline,,,,,,,neutral,0.9270057082176208
566769,2020-04-08 00:00:00+00:00,"UPDATE: Google Will Still Allow Use Of Zoom's Mobile App, Browser App",GOOGL,https://www.benzinga.com/news/20/04/15769554/update-google-will-still-allow-use-of-zooms-mobile-app-browser-app,Benzinga Newsdesk,,,,,,,neutral,0.86600261926651
566770,2020-04-08 00:00:00+00:00,UPDATE: Google Spokesperson Says Co. Has Banned Zoom Video Conferencing Desktop Client On Work Laptops,GOOGL,https://www.benzinga.com/news/20/04/15769550/update-google-spokesperson-says-co-has-banned-zoom-video-conferencing-desktop-client-on-work-laptops,Benzinga Newsdesk,,,,,,,negative,0.8605172634124756
566771,2020-04-08 00:00:00+00:00,"UPDATE: 'Google Bans Zoom Software From Employee Computers, Fearing Security Vulnerabilities' -BuzzFeed",GOOGL,https://www.benzinga.com/news/20/04/15769407/update-google-bans-zoom-software-from-employee-computers-fearing-security-vulnerabilities-buzzfeed,Benzinga Newsdesk,,,,,,,negative,0.8569559454917908
566772,2020-04-08 00:00:00+00:00,"Google Has Banned Zoom Video Communications Software From Employee Computers, Fearing Security Vulnerabilities",GOOGL,https://www.benzinga.com/news/20/04/15769379/google-has-banned-zoom-video-communications-software-from-employee-computers-fearing-security-vulner,Benzinga Newsdesk,,,,,,,negative,0.922825574874878
566773,2020-04-08 00:00:00+00:00,The Show Must Go On – Event Industry Rising To The Challenge Of COVID-19,GOOGL,https://www.benzinga.com/news/20/04/15767177/the-show-must-go-on-event-industry-rising-to-the-challenge-of-covid-19,IAM Newswire,,,,,,,neutral,0.6536440253257751
566774,2020-04-08 00:00:00+00:00,Alphabet Shares Unaffected Amid Report US Dept. Of Justice Recommends Approval of Google's Request To Use Part Of US-Asia Undersea Telecom Cable,GOOGL,https://www.benzinga.com/news/20/04/15768806/alphabet-shares-unaffected-amid-report-us-dept-of-justice-recommends-approval-of-googles-request-to,Benzinga Newsdesk,,,,,,,negative,0.8389820456504822
566775,2020-04-08 00:00:00+00:00,Google G Suite Shows Uptick In Business Users As Meet Use Explodes,GOOGL,https://www.benzinga.com/news/20/04/15764134/google-g-suite-shows-uptick-in-business-users-as-meet-use-explodes,Shivdeep Dhaliwal,,,,,,,positive,0.9440895915031432
566776,2020-04-07 00:00:00+00:00,Facebook Surveys Users To Help Researchers Identify Coronavirus Clusters,GOOGL,https://www.benzinga.com/news/20/04/15753196/facebook-surveys-users-to-help-researchers-identify-coronavirus-clusters,Neer Varshney,,,,,,,neutral,0.883621096611023
566777,2020-04-06 00:00:00+00:00,Shares of several semiconductor and large technology stocks are trading higher with the broader market on optimism that coronavirus cases in several US hotspots appear to be reaching their peak.,GOOGL,https://www.benzinga.com/wiim/20/04/15747364/shares-of-several-semiconductor-and-large-technology-stocks-are-trading-higher-with-the-broader-mark,Luke J Jacobi,,,,,,,positive,0.9447356462478638
566778,2020-04-06 00:00:00+00:00,9 Communication Services Stocks Moving In Monday's Pre-Market Session,GOOGL,https://www.benzinga.com/pre-market-outlook/20/04/15746532/9-communication-services-stocks-moving-in-mondays-pre-market-session,Benzinga Insights,,,,,,,positive,0.4417594969272613
566779,2020-04-05 00:00:00+00:00,Ty Cobb: The Greatest Pro Athlete Investor Of All Time?,GOOGL,https://www.benzinga.com/general/education/20/04/15730154/ty-cobb-the-greatest-pro-athlete-investor-of-all-time,Wayne Duggan,,,,,,,neutral,0.9025753736495972
566780,2020-04-03 00:00:00+00:00,"Alphabet shares are trading lower, weakness appears market related as equities move lower for the session.",GOOGL,https://www.benzinga.com/wiim/20/04/15742089/alphabet-shares-are-trading-lower-weakness-appears-market-related-as-equities-move-lower-for-the-ses,Benzinga Newsdesk,,,,,,,negative,0.9605209827423096
566781,2020-04-02 00:00:00+00:00,Google To Donate $6.5M to Help Fight Coronavirus Misinformation,GOOGL,https://www.benzinga.com/news/20/04/15730359/google-to-donate-6-5m-to-help-fight-coronavirus-misinformation,Benzinga Newsdesk,,,,,,,neutral,0.5325128436088562
566782,2020-04-02 00:00:00+00:00,Coronavirus Outbreak Updated: Keep Up With The Latest Headlines,GOOGL,https://www.benzinga.com/general/biotech/20/03/15531371/coronavirus-outbreak-updated-keep-up-with-the-latest-headlines,Benzinga Staff,,,,,,,neutral,0.9116781949996948
566783,2020-04-02 00:00:00+00:00,'Google to lift advertising ban on coronavirus topics' -Axios,GOOGL,https://www.benzinga.com/news/20/04/15728343/google-to-lift-advertising-ban-on-coronavirus-topics-axios,Benzinga Newsdesk,,,,,,,neutral,0.7894538044929504
566784,2020-04-02 00:00:00+00:00,Credit Suisse Compiles List Of Corporations With Most And Least Cash,GOOGL,https://www.benzinga.com/analyst-ratings/analyst-color/20/04/15725759/credit-suisse-compiles-list-of-corporations-with-most-and-least-cash,Benzinga Newsdesk,,,,,,,neutral,0.94819575548172
566785,2020-04-02 00:00:00+00:00,Self-Driving Car Engineer Demands $180M Compensation From Uber For Google Trade-Secret Theft Case,GOOGL,https://www.benzinga.com/news/20/04/15723516/self-driving-car-engineer-demands-180m-compensation-from-uber-for-google-trade-secret-theft-case,Neer Varshney,,,,,,,negative,0.8795673251152039
566786,2020-04-01 00:00:00+00:00,Some Staples Stocks Bouncing Back After Sliding In Recent Rally As Caution Tightens Grip,GOOGL,https://www.benzinga.com/news/20/04/15717446/some-staples-stocks-bouncing-back-after-sliding-in-recent-rally-as-caution-tightens-grip,JJ Kinahan,,,,,,,negative,0.8619509339332581
566787,2020-04-01 00:00:00+00:00,Here's How The 'MAGA' Tech Giant Stocks Performed In Q1,GOOGL,https://www.benzinga.com/news/20/04/15712857/heres-how-the-maga-tech-giant-stocks-performed-in-q1,Neer Varshney,,,,,,,neutral,0.8866345286369324
566788,2020-03-31 00:00:00+00:00,What Google And Is Doing To Fight The Coronavirus,GOOGL,https://www.benzinga.com/general/20/03/15705978/what-google-and-is-doing-to-fight-the-coronavirus,IAM Newswire,,,,,,,neutral,0.9126598238945008
566789,2020-03-31 00:00:00+00:00,The Prize No One Wanted: Dow On Pace For Steepest Q1 Loss Ever As Quarter Finally Ends,GOOGL,https://www.benzinga.com/news/earnings/20/03/15706610/the-prize-no-one-wanted-dow-on-pace-for-steepest-q1-loss-ever-as-quarter-finally-ends,JJ Kinahan,,,,,,,negative,0.908860683441162
566790,2020-03-30 00:00:00+00:00,"Morgan Stanley Maintains Overweight on Alphabet, Lowers Price Target to $1310",GOOGL,https://www.benzinga.com/news/20/03/15695456/morgan-stanley-maintains-overweight-on-alphabet-lowers-price-target-to-1310,Vick Meyer,,,,,,,negative,0.5262407660484314
566791,2020-03-30 00:00:00+00:00,"Benzinga's Top Upgrades, Downgrades For March 30, 2020",GOOGL,https://www.benzinga.com/analyst-ratings/upgrades/20/03/15694702/benzingas-top-upgrades-downgrades-for-march-30-2020,Lisa Levin,,,,,,,negative,0.5715909600257874
566792,2020-03-30 00:00:00+00:00,BMO Capital Upgrades Alphabet to Outperform,GOOGL,https://www.benzinga.com/news/20/03/15692533/bmo-capital-upgrades-alphabet-to-outperform,Vick Meyer,,,,,,,positive,0.9483551383018494
566793,2020-03-27 00:00:00+00:00,"Regional Banks, Other Cyclicals Saw Buying Interest Yesterday Amid Stimulus Hopes",GOOGL,https://www.benzinga.com/news/20/03/15683201/regional-banks-other-cyclicals-saw-buying-interest-yesterday-amid-stimulus-hopes,JJ Kinahan,,,,,,,positive,0.9381893277168274
566794,2020-03-27 00:00:00+00:00,10 Stocks To Buy With Low Debt And High Liquidity,GOOGL,https://www.benzinga.com/general/education/20/03/15675029/10-stocks-to-buy-with-low-debt-and-high-liquidity,Wayne Duggan,,,,,,,neutral,0.7970837950706482
566795,2020-03-27 00:00:00+00:00,"1,000 Google Employees Volunteer To Help Expand Sister Company's Coronavirus Testing Program",GOOGL,https://www.benzinga.com/news/20/03/15679476/1-000-google-employees-volunteer-to-help-expand-sister-companys-coronavirus-testing-program,Neer Varshney,,,,,,,positive,0.6051269173622131
566796,2020-03-27 00:00:00+00:00,Huawei Releases Latest Flagship Phone Amid Global Coronavirus Lockdown,GOOGL,https://www.benzinga.com/news/20/03/15679025/huawei-releases-latest-flagship-phone-amid-global-coronavirus-lockdown,Shivdeep Dhaliwal,,,,,,,positive,0.4039179980754852
566797,2020-03-26 00:00:00+00:00,"SunTrust Robinson Humphrey Maintains Buy on Alphabet, Lowers Price Target to $1350",GOOGL,https://www.benzinga.com/news/20/03/15672478/suntrust-robinson-humphrey-maintains-buy-on-alphabet-lowers-price-target-to-1350,Vick Meyer,,,,,,,neutral,0.7598326802253723
566798,2020-03-25 00:00:00+00:00,COVID-19 Crisis Could Make Big Tech Even Stronger,GOOGL,https://www.benzinga.com/fintech/20/03/15663938/covid-19-crisis-could-make-big-tech-even-stronger,IAM Newswire,,,,,,,negative,0.8452423214912415
566799,2020-03-25 00:00:00+00:00,"Alphabet shares are trading lower, not currently seeing company news. NOTE: Equities have begun moving lower following Tuesday strength. The stock has since reversed and are trading higher.",GOOGL,https://www.benzinga.com/wiim/20/03/15662611/alphabet-shares-are-trading-lower-not-currently-seeing-company-news-note-equities-have-begun-moving,Benzinga Newsdesk,,,,,,,negative,0.9233048558235168
566800,2020-03-25 00:00:00+00:00,Google Gives 60-Day Extension To All Contractors Due To Pandemic,GOOGL,https://www.benzinga.com/news/20/03/15658228/google-gives-60-day-extension-to-all-contractors-due-to-pandemic,Neer Varshney,,,,,,,negative,0.7196077704429626
566801,2020-03-25 00:00:00+00:00,"Microsoft, Facebook, Twitter Partner With WHO To Launch Coronavirus Hackathon",GOOGL,https://www.benzinga.com/government/20/03/15657357/microsoft-facebook-twitter-partner-with-who-to-launch-coronavirus-hackathon,Neer Varshney,,,,,,,neutral,0.943276822566986
566802,2020-03-24 00:00:00+00:00,Youtube To Reduce Video Quality Worldwide To Ease Strain On Internet Networks Due To Coronavirus,GOOGL,https://www.benzinga.com/news/20/03/15654396/youtube-to-reduce-video-quality-worldwide-to-ease-strain-on-internet-networks-due-to-coronavirus,Benzinga Newsdesk,,,,,,,negative,0.7297850847244263
566803,2020-03-24 00:00:00+00:00,"Rise In Semiconductor, Cloud Computing Stocks Could Set Tone For Broader Economy",GOOGL,https://www.benzinga.com/markets/commodities/20/03/15651293/rise-in-semiconductor-cloud-computing-stocks-could-set-tone-for-broader-economy,JJ Kinahan,,,,,,,positive,0.8331035375595093
566804,2020-03-24 00:00:00+00:00,Shares of several communication services companies are trading higher as equities gain amid hopes of a US stimulus agreement.,GOOGL,https://www.benzinga.com/wiim/20/03/15650719/shares-of-several-communication-services-companies-are-trading-higher-as-equities-gain-amid-hopes-of,Benzinga Newsdesk,,,,,,,positive,0.9382209181785583
566805,2020-03-24 00:00:00+00:00,2020 Summer Olympics Likely To Be Postponed Until 2021 Due To Global Pandemic,GOOGL,https://www.benzinga.com/news/20/03/15645638/2020-summer-olympics-likely-to-be-postponed-until-2021-due-to-global-pandemic,Shivdeep Dhaliwal,,,,,,,negative,0.8589228391647339
566806,2020-03-24 00:00:00+00:00,Google Surveys Users For Coronavirus Symptoms To Help Researchers Forecast Spread,GOOGL,https://www.benzinga.com/news/20/03/15641223/google-surveys-users-for-coronavirus-symptoms-to-help-researchers-forecast-spread,Neer Varshney,,,,,,,neutral,0.8956390023231506
566807,2020-03-23 00:00:00+00:00,"Benzinga CEO Talks Hedging Bets, Dividend Plays On PreMarket Prep",GOOGL,https://www.benzinga.com/trading-ideas/long-ideas/20/03/15637158/benzinga-ceo-talks-hedging-bets-dividend-plays-on-premarket-prep,Wayne Duggan,,,,,,,neutral,0.8994612097740173
566808,2020-03-23 00:00:00+00:00,"Shares of some technology companies are trading lower amid market volatility. Sunday's fiscal stimulus bill failed a procedural senate vote while the Fed on Monday announced stimulus measures. NOTE: Sector is mixed, with some names up for the session.",GOOGL,https://www.benzinga.com/wiim/20/03/15636234/shares-of-some-technology-companies-are-trading-lower-amid-market-volatility-sundays-fiscal-stimulus,Benzinga Newsdesk,,,,,,,negative,0.9403302669525146
566809,2020-03-23 00:00:00+00:00,Stocks That Hit 52-Week Lows On Monday,GOOGL,https://www.benzinga.com/news/20/03/15635758/stocks-that-hit-52-week-lows-on-monday,Lisa Levin,,,,,,,negative,0.9388939142227172
566810,2020-03-23 00:00:00+00:00,"How Tim Cook, Mark Zuckerberg And Other Tech CEOs Are Helping Fight The Global Pandemic",GOOGL,https://www.benzinga.com/news/20/03/15625906/bezos-zuckerberg-cook-others-how-tech-ceos-help-fight-global-pandemic,Shivdeep Dhaliwal,,,,,,,neutral,0.8918375372886658
566811,2020-03-20 00:00:00+00:00,"Shares of several technology companies are trading higher. Market strength has been attributed to strong containment measures taken by California, rebound in oil, central bank actions and expectations of increased technology usage amid the virus outbreak.",GOOGL,https://www.benzinga.com/wiim/20/03/15615669/shares-of-several-technology-companies-are-trading-higher-market-strength-has-been-attributed-to-str,Benzinga Newsdesk,,,,,,,positive,0.9555262327194214
566812,2020-03-20 00:00:00+00:00,Ex-Uber Executive Pleads Guilty To Stealing Google's Trade Secrets,GOOGL,https://www.benzinga.com/news/20/03/15613875/ex-uber-executive-pleads-guilty-to-stealing-googles-trade-secrets,Shivdeep Dhaliwal,,,,,,,negative,0.6658525466918945
566813,2020-03-19 00:00:00+00:00,Will Big Tech Come To The Rescue Against COVID-19?,GOOGL,https://www.benzinga.com/opinion/20/03/15605643/will-big-tech-come-to-the-rescue-against-covid-19,IAM Newswire,,,,,,,neutral,0.8206994533538818
566814,2020-03-18 00:00:00+00:00,Waymo Shuts Safety Driver-Monitored Autonomous Taxis Citing Coronavirus Fears,GOOGL,https://www.benzinga.com/news/20/03/15580227/waymo-shuts-safety-driver-monitored-autonomous-taxis-citing-coronavirus-fears,FreightWaves,,,,,,,negative,0.9508756399154664
566815,2020-03-18 00:00:00+00:00,"Travel, Airline Stocks In Focus Amid Fresh Weakness; Amazon To Hire 100,000 Workers",GOOGL,https://www.benzinga.com/news/earnings/20/03/15579816/travel-airline-stocks-in-focus-amid-fresh-weakness-amazon-to-hire-100-000-workers,JJ Kinahan,,,,,,,positive,0.837442934513092
566816,2020-03-18 00:00:00+00:00,Shares of several media and communications companies are trading lower as equities dip amid the ongoing coronavirus outbreak.,GOOGL,https://www.benzinga.com/wiim/20/03/15579220/shares-of-several-media-and-communications-companies-are-trading-lower-as-equities-dip-amid-the-ongo,Benzinga Newsdesk,,,,,,,negative,0.9716059565544128
566817,2020-03-18 00:00:00+00:00,Greta Thunberg Among Europe's 30 Under 30 Forbes List,GOOGL,https://www.benzinga.com/news/20/03/15577245/greta-thunberg-among-europes-30-under-30-forbes-list,Shivdeep Dhaliwal,,,,,,,neutral,0.865103006362915
566818,2020-03-18 00:00:00+00:00,Toyota Partners With China's Momenta To Commercialize HD Maps For Self-Driving Vehicles,GOOGL,https://www.benzinga.com/news/20/03/15575732/toyota-partners-with-chinas-momenta-to-commercialize-hd-maps-for-self-driving-vehicles,Neer Varshney,,,,,,,positive,0.7304239869117737
566819,2020-03-17 00:00:00+00:00,Two Pros Discuss The $1K Stocks Worth Buying,GOOGL,https://www.benzinga.com/media/20/03/15354785/two-pros-discuss-the-1k-stocks-worth-buying,Jayson Derrick,,,,,,,neutral,0.8905504941940308
566820,2020-03-17 00:00:00+00:00,Mark Tepper Says 'DAWN' Is The New 'FANG',GOOGL,https://www.benzinga.com/analyst-ratings/analyst-color/20/03/15571432/mark-tepper-says-dawn-is-the-new-fang,Jayson Derrick,,,,,,,neutral,0.8659486174583435
566821,2020-03-17 00:00:00+00:00,"Dept. Of Justice, FTC Could Seek Extensions To Complete Probes For Merger Reviews, Allergan, Raytheon, Google Deals Mentioned",GOOGL,https://www.benzinga.com/m-a/20/03/15571279/dept-of-justice-ftc-could-seek-extensions-to-complete-probes-for-merger-reviews-allergan-raytheon-go,Benzinga Newsdesk,,,,,,,neutral,0.6583244204521179
566822,2020-03-17 00:00:00+00:00,All The Major Events Canceled By Coronavirus (Updated),GOOGL,https://www.benzinga.com/news/20/03/15433160/all-the-major-events-canceled-by-coronavirus-updated,Tyree Gorges,,,,,,,neutral,0.8011921048164368
566823,2020-03-17 00:00:00+00:00,Apple Hit With $1.2B Fine By French Antitrust Authorities,GOOGL,https://www.benzinga.com/news/20/03/15565814/apple-hit-with-1-2b-fine-by-french-antitrust-authorities,Shivdeep Dhaliwal,,,,,,,negative,0.9584286212921144
566824,2020-03-17 00:00:00+00:00,So-Called 'MAGA' Stocks Lose $1T Market Value In A Single Day,GOOGL,https://www.benzinga.com/news/20/03/15565831/tech-giants-stocks-lose-1t-market-value-in-a-single-day,Neer Varshney,,,,,,,negative,0.9674495458602904
566825,2020-03-17 00:00:00+00:00,NBCUniversal Releases Movies On-Demand Same Time As Theaters Due To Coronavirus,GOOGL,https://www.benzinga.com/news/20/03/15565736/nbcuniversal-releases-movies-on-demand-same-time-as-theaters-due-to-coronavirus,Neer Varshney,,,,,,,neutral,0.8562250733375549
566826,2020-03-16 00:00:00+00:00,"White House Says Microsoft, Google, Others Make Machine-Readable Database Of Coronavirus Research; Says Database Of 29,000 Scholarly Articles Aimed At Fostering Machine Learning Research",GOOGL,https://www.benzinga.com/news/20/03/15562050/white-house-says-microsoft-google-others-make-machine-readable-database-of-coronavirus-research-says,Benzinga Newsdesk,,,,,,,neutral,0.8771457672119141
566827,2020-03-16 00:00:00+00:00,Shares of several communications companies are trading lower as equities sell off amid continued global coronavirus concerns. The virus has caused global economic disruption and negatively impacted stocks across sectors.,GOOGL,https://www.benzinga.com/wiim/20/03/15557586/shares-of-several-communications-companies-are-trading-lower-as-equities-sell-off-amid-continued-glo,Benzinga Newsdesk,,,,,,,negative,0.972931444644928
566828,2020-03-16 00:00:00+00:00,Google Accused by Rival of Fundamental GDPR Breaches,GOOGL,https://www.benzinga.com/news/20/03/15555485/google-accused-by-rival-of-fundamental-gdpr-breaches,Charles Gross,,,,,,,negative,0.9526183009147644
566829,2020-03-16 00:00:00+00:00,"US Dollar, Futures Tumble As Fed Cut Fails To Boost Investor Sentiments",GOOGL,https://www.benzinga.com/government/20/03/15555278/us-dollar-futures-tumble-as-fed-cut-fails-to-boost-investor-sentiments,Neer Varshney,,,,,,,negative,0.9457268714904784
566830,2020-03-16 00:00:00+00:00,Google's Sister Verily Is Developing A Site To Help US Test Coronavirus Cases,GOOGL,https://www.benzinga.com/government/20/03/15555062/googles-sister-verily-is-developing-a-site-to-help-us-test-coronavirus-cases,Neer Varshney,,,,,,,neutral,0.6872627139091492
566831,2020-03-13 00:00:00+00:00,"Trump Declares National Emergency Over Coronavirus Pandemic, Promises More Tests Next Week",GOOGL,https://www.benzinga.com/government/20/03/15551866/trump-declares-national-emergency-over-coronavirus-pandemic-promises-more-tests-next-week,Dave Royse,,,,,,,neutral,0.7216015458106995
566832,2020-03-13 00:00:00+00:00,"Birx Says New Coronavirus Testing Will Start Online Via Google Website, Will Guide To Drive Thru If Online Questionnaire Returns A Positive Answer, Then To Labs",GOOGL,https://www.benzinga.com/news/20/03/15551028/birx-says-new-coronavirus-testing-will-start-online-via-google-website-will-guide-to-drive-thru-if-o,Benzinga Newsdesk,,,,,,,neutral,0.8930295705795288
566833,2020-03-13 00:00:00+00:00,Trump Thanks Google For Developing New Coronavirus-Related Website,GOOGL,https://www.benzinga.com/news/20/03/15550969/trump-thanks-google-for-developing-new-coronavirus-related-website,Benzinga Newsdesk,,,,,,,positive,0.567344605922699
566834,2020-03-13 00:00:00+00:00,"Adobe Beats Q1 Targets, But Expects A Coronavirus-Caused Hit In Q2",GOOGL,https://www.benzinga.com/news/earnings/20/03/15546712/adobe-beats-q1-targets-but-expects-a-coronavirus-caused-hit-in-q2,IAM Newswire,,,,,,,positive,0.7222442626953125
566835,2020-03-13 00:00:00+00:00,"Regulators Aiming To Break Of Big Tech Are Receiving ""Help"" From COVID-19",GOOGL,https://www.benzinga.com/news/earnings/20/03/15546714/regulators-aiming-to-break-of-big-tech-are-receiving-help-from-covid-19,IAM Newswire,,,,,,,positive,0.7184951901435852
566836,2020-03-13 00:00:00+00:00,Shares of several communication and media companies are trading higher as the market rebounds following Thursday's selloff. NOTE: Since the coronavirus outbreak the healthcare sector has been extremely volatile.,GOOGL,https://www.benzinga.com/wiim/20/03/15547084/shares-of-several-communication-and-media-companies-are-trading-higher-as-the-market-rebounds-follow,Benzinga Newsdesk,,,,,,,negative,0.9398677349090576
566837,2020-03-13 00:00:00+00:00,"Coronavirus, Oil Crash Are 'One-Two Punch' To Stock Market, Says Warren Buffett",GOOGL,https://www.benzinga.com/news/20/03/15544625/coronavirus-oil-crash-are-one-two-punch-to-stock-market-says-warren-buffett,Neer Varshney,,,,,,,neutral,0.6203383803367615
566838,2020-03-12 00:00:00+00:00,Shares of several communications companies are trading lower as equities sell off amid continued global coronavirus concerns. The virus has caused global economic disruption and negatively impacted stocks across sectors.,GOOGL,https://www.benzinga.com/wiim/20/03/15536091/shares-of-several-communications-companies-are-trading-lower-as-equities-sell-off-amid-continued-glo,Benzinga Newsdesk,,,,,,,negative,0.972931444644928
566839,2020-03-12 00:00:00+00:00,YouTube To Allow Ads On Coronavirus Videos After Suspending Them Earlier,GOOGL,https://www.benzinga.com/news/20/03/15533078/youtube-to-allow-ads-on-coronavirus-videos-after-suspending-them-earlier,Shivdeep Dhaliwal,,,,,,,neutral,0.7854554653167725
566840,2020-03-11 00:00:00+00:00,CME To Shut Down Chicago Trading Floor Over Coronavirus Concerns,GOOGL,https://www.benzinga.com/news/20/03/15532924/cme-to-shut-down-chicago-trading-floor-over-coronavirus-concerns,Neer Varshney,,,,,,,negative,0.9399570226669312
566841,2020-03-11 00:00:00+00:00,YouTube Blog Shows Co. To Enable Ads For Content Discussing Coronavirus On A Limited Number Of Channels,GOOGL,https://www.benzinga.com/news/20/03/15530106/youtube-blog-shows-co-to-enable-ads-for-content-discussing-coronavirus-on-a-limited-number-of-channe,Benzinga Newsdesk,,,,,,,neutral,0.9365934729576112
566842,2020-03-11 00:00:00+00:00,"Despite Volatility, FANG Continues to Prove Its Popularity",GOOGL,https://www.benzinga.com/news/20/03/15501998/despite-volatility-fang-continues-to-prove-its-popularity,Spencer Israel,,,,,,,positive,0.924704134464264
566843,2020-03-11 00:00:00+00:00,"As Market Gyrates, Investors Seek Direction From Large Stocks Including Apple, Microsoft",GOOGL,https://www.benzinga.com/news/earnings/20/03/15527371/as-market-gyrates-investors-seek-direction-from-large-stocks-including-apple-microsoft,JJ Kinahan,,,,,,,positive,0.6619255542755127
566844,2020-03-11 00:00:00+00:00,"Shares of several companies in the technology, software and semiconductor space are trading lower as equities sell off amid coronavirus fears. The virus spread has disrupted economic activity across sectors and caused global macro uncertainty.",GOOGL,https://www.benzinga.com/wiim/20/03/15525142/shares-of-several-companies-in-the-technology-software-and-semiconductor-space-are-trading-lower-as,luke@benzinga.com,,,,,,,negative,0.9729159474372864
566845,2020-03-11 00:00:00+00:00,Alphabet Creates Coronavirus Fund To Give Paid Sick Leaves To Affected Workers Globally,GOOGL,https://www.benzinga.com/news/20/03/15524131/alphabet-creates-coronavirus-fund-to-give-paid-sick-leaves-to-affected-workers-globally,Neer Varshney,,,,,,,neutral,0.7331827878952026
566846,2020-03-11 00:00:00+00:00,Amazon Announces $5M Fund To Help Small Seattle Businesses Tackle Coronavirus Impact,GOOGL,https://www.benzinga.com/news/20/03/15524219/amazon-announces-5m-fund-to-help-small-seattle-businesses-tackle-coronavirus-impact,Neer Varshney,,,,,,,positive,0.8114063739776611
566847,2020-03-11 00:00:00+00:00,"US Commerce Department Extends Huawei Temporary License, Asks Public For Comments On Future Extensions",GOOGL,https://www.benzinga.com/government/20/03/15523969/u-s-commerce-department-extends-huawei-temporary-license-asks-public-for-comments-on-future-extensio,Shivdeep Dhaliwal,,,,,,,neutral,0.8581165075302124
566848,2020-03-11 00:00:00+00:00,Google Asks All North American Employees To Work From Home As Coronavirus Spreads,GOOGL,https://www.benzinga.com/news/20/03/15523973/google-asks-all-north-american-employees-to-work-from-home-as-coronavirus-spreads,Neer Varshney,,,,,,,neutral,0.5639542937278748
566849,2020-03-10 00:00:00+00:00,Google Recommends All North America Employees Work From Home,GOOGL,https://www.benzinga.com/news/20/03/15522833/google-recommends-all-north-america-employees-work-from-home,Benzinga Newsdesk,,,,,,,neutral,0.9356855154037476
566850,2020-03-10 00:00:00+00:00,Shares of several technology companies are trading higher as markets look to rebound from Monday's selloff. The technology sector has been highly impacted by the coronavirus due to its China exposure and sensitivity to economic conditions.,GOOGL,https://www.benzinga.com/wiim/20/03/15515009/shares-of-several-technology-companies-are-trading-higher-as-markets-look-to-rebound-from-mondays-se,luke@benzinga.com,,,,,,,negative,0.9097289443016052
566851,2020-03-09 00:00:00+00:00,"FANG Stocks Lose Nearly $150B In A Day As Coronavirus Fears Rise Even More, Oil Crashes",GOOGL,https://www.benzinga.com/news/20/03/15513682/fang-stocks-lose-nearly-150b-in-a-day-as-coronavirus-fears-rise-even-more-oil-crashes,Neer Varshney,,,,,,,negative,0.9365912079811096
566852,2020-03-09 00:00:00+00:00,Tech Companies Lend A Hand To Help Organizations During Coronavirus Outbreak,GOOGL,https://www.benzinga.com/news/20/03/15509549/tech-companies-lend-a-hand-to-help-organizations-during-coronavirus-outbreak,Osher Deri,,,,,,,neutral,0.7481589317321777
566853,2020-03-09 00:00:00+00:00,38 Communication Services Stocks Moving In Monday's Pre-Market Session,GOOGL,https://www.benzinga.com/pre-market-outlook/20/03/15506239/38-communication-services-stocks-moving-in-mondays-pre-market-session,Lisa Levin,,,,,,,neutral,0.4838644564151764
566854,2020-03-09 00:00:00+00:00,Twitter Marks Trump Campaign Video As 'Manipulated Media' In One Of The First Enforcements Of Updated Policy,GOOGL,https://www.benzinga.com/news/20/03/15504626/twitter-marks-trump-campaign-video-as-manipulated-media-in-one-of-the-first-enforcements-of-updated,Neer Varshney,,,,,,,negative,0.6681175827980042
566855,2020-03-09 00:00:00+00:00,"Bill Gates Foundation To Fund Coronavirus Testing Kits In Seattle, Aims At Checking Spread Of Disease In The Region",GOOGL,https://www.benzinga.com/news/20/03/15504603/bill-gates-foundation-to-fund-coronavirus-testing-kits-in-seattle-aims-at-checking-spread-of-disease,Shivdeep Dhaliwal,,,,,,,neutral,0.6665826439857483
566856,2020-03-06 00:00:00+00:00,"FMCSA Vs ELDs, Airlines Lose $113 Billion, And Why ""This Is The Delay"" For Baby Yoda",GOOGL,https://www.benzinga.com/government/20/03/15501501/fmcsa-vs-elds-airlines-lose-113-billion-and-why-this-is-the-delay-for-baby-yoda,FreightWaves,,,,,,,negative,0.705769956111908
566857,2020-03-06 00:00:00+00:00,Former Uber Exec Files For Bankruptcy After Losing $179M Dispute With Google,GOOGL,https://www.benzinga.com/news/20/03/15494762/former-uber-exec-files-for-bankruptcy-after-losing-179m-dispute-with-google,FreightWaves,,,,,,,negative,0.9023687243461608
566858,2020-03-06 00:00:00+00:00,Shares of several technology companies are trading lower. Movement appears market related as markets continue to dip amid the global coronavirus outbreak.,GOOGL,https://www.benzinga.com/wiim/20/03/15497065/shares-of-several-technology-companies-are-trading-lower-movement-appears-market-related-as-markets,luke@benzinga.com,,,,,,,negative,0.9695342183113098
566859,2020-03-06 00:00:00+00:00,Lipper Award Winners Pick Healthcare and Technology Stocks Amidst Coronavirus Downturn,GOOGL,https://www.benzinga.com/news/20/03/15495706/lipper-award-winners-pick-healthcare-and-technology-stocks-amidst-coronavirus-downturn,Shivdeep Dhaliwal,,,,,,,neutral,0.8617772459983826
566860,2020-03-06 00:00:00+00:00,15 Communication Services Stocks Moving In Friday's Pre-Market Session,GOOGL,https://www.benzinga.com/pre-market-outlook/20/03/15496678/15-communication-services-stocks-moving-in-fridays-pre-market-session,Lisa Levin,,,,,,,neutral,0.5425657033920288
566861,2020-03-06 00:00:00+00:00,Tech Giants Ask Seattle Employees To Work Remotely As Coronavirus Cases Rise,GOOGL,https://www.benzinga.com/news/20/03/15495493/tech-giants-ask-seattle-employees-to-work-remotely-as-coronavirus-cases-rise,Neer Varshney,,,,,,,neutral,0.8309597969055176
566862,2020-03-06 00:00:00+00:00,Lyft San Francisco-Based Employees Told To Stay Home Over Coronavirus Fears,GOOGL,https://www.benzinga.com/news/20/03/15495366/lyft-san-francisco-based-employees-told-to-stay-home-over-coronavirus-fears,Shivdeep Dhaliwal,,,,,,,negative,0.9334551095962524
566863,2020-03-05 00:00:00+00:00,"Google's Exposure To Travel Will Impact Revenue, BofA Says",GOOGL,https://www.benzinga.com/analyst-ratings/analyst-color/20/03/15490359/googles-exposure-to-travel-will-impact-revenue-bofa-says,Jayson Derrick,,,,,,,negative,0.7065302133560181
566864,2020-03-05 00:00:00+00:00,Alphabet shares are trading lower in sympathy with the overall market amid coronavirus fears.,GOOGL,https://www.benzinga.com/wiim/20/03/15490392/alphabet-shares-are-trading-lower-in-sympathy-with-the-overall-market-amid-coronavirus-fears,Benzinga Newsdesk,,,,,,,negative,0.9726967811584472
566865,2020-03-05 00:00:00+00:00,Google Internal Memo Shows Mgmt. Has Sold Its Seattle-Area Employees To Stay Home,GOOGL,https://www.benzinga.com/news/20/03/15489320/google-internal-memo-shows-mgmt-has-sold-its-seattle-area-employees-to-stay-home,Benzinga Newsdesk,,,,,,,negative,0.7598773837089539
566866,2020-03-05 00:00:00+00:00,"Coronavirus Has Now Spread To Healthy Corporations, Set To Affect The Global Economy",GOOGL,https://www.benzinga.com/news/earnings/20/03/15488007/coronavirus-has-now-spread-to-healthy-corporations-set-to-affect-the-global-economy,IAM Newswire,,,,,,,neutral,0.7602517008781433
566867,2020-03-05 00:00:00+00:00,Google Cloud Reports Partnership With AT&T To Enable Network Edge 5G Computing Solutions For Enterprises,GOOGL,https://www.benzinga.com/news/20/03/15488468/google-cloud-reports-partnership-with-at-t-to-enable-network-edge-5g-computing-solutions-for-enterpr,Benzinga Newsdesk,,,,,,,positive,0.8589115738868713
566868,2020-03-05 00:00:00+00:00,Judge Quashes Tulsi Gabbard's Case Against Google Alleging Free Speech Violation,GOOGL,https://www.benzinga.com/news/20/03/15485545/judge-quashes-tulsi-gabbards-case-against-google-alleging-free-speech-violation,Neer Varshney,,,,,,,negative,0.7999229431152344
566869,2020-03-04 00:00:00+00:00,"Google Announces Second Stadia Games Studio, 'Division 2' Launch",GOOGL,https://www.benzinga.com/news/20/03/15483463/google-announces-second-stadia-games-studio-division-2-launch,Steve Krause,,,,,,,neutral,0.8782971501350403
566870,2020-03-04 00:00:00+00:00,"Google Cloud Says Will Launch Four Additional Cloud Regions In Delhi, Doha, Melbourne And Toronto",GOOGL,https://www.benzinga.com/tech/20/03/15482034/google-cloud-says-will-launch-four-additional-cloud-regions-in-delhi-doha-melbourne-and-toronto,luke@benzinga.com,,,,,,,neutral,0.8354375958442688
566871,2020-03-03 00:00:00+00:00,Google Halts International Travel For Employees,GOOGL,https://www.benzinga.com/general/20/03/15471402/google-halts-international-travel-for-employees,luke@benzinga.com,,,,,,,negative,0.8665967583656311
566872,2020-03-03 00:00:00+00:00,Google Cancels Annual Conference Due To Coronavirus,GOOGL,https://www.benzinga.com/general/20/03/15471301/google-cancels-annual-conference-due-to-coronavirus,luke@benzinga.com,,,,,,,negative,0.9376574754714966
566873,2020-03-03 00:00:00+00:00,5 Reasons Why Tesla Is Way Ahead Of Traditional Automakers,GOOGL,https://www.benzinga.com/news/earnings/20/03/15466917/5-reasons-why-tesla-is-way-ahead-of-traditional-automakers,IAM Newswire,,,,,,,neutral,0.8812733888626099
566874,2020-03-03 00:00:00+00:00,Self-Driving Vehicle Company Waymo Announces First Outside Investment: $2.25 Billion,GOOGL,https://www.benzinga.com/news/20/03/15462819/self-driving-vehicle-company-waymo-announces-first-outside-investment-2-25-billion,FreightWaves,,,,,,,neutral,0.7846760749816895
566875,2020-03-02 00:00:00+00:00,Alphabet Self-Driving Subsidiary Waymo Raises $2.25B In First External Funding,GOOGL,https://www.benzinga.com/news/20/03/15463152/alphabets-self-driving-subsidiary-waymo-raises-2-25b-in-first-external-funding,Neer Varshney,,,,,,,positive,0.8622607588768005
566876,2020-03-02 00:00:00+00:00,"The Coronavirus Outbreak's Impact On Global Stocks, Commodities, ETFs",GOOGL,https://www.benzinga.com/news/20/03/15456940/the-coronavirus-outbreaks-impact-on-global-stocks-commodities-etfs,Tanzeel Akhtar,,,,,,,neutral,0.6876178979873657
566877,2020-03-02 00:00:00+00:00,Tech Industry Being Smashed By Coronavirus,GOOGL,https://www.benzinga.com/news/earnings/20/03/15454618/tech-industry-being-smashed-by-coronavirus,IAM Newswire,,,,,,,negative,0.7639117240905762
566878,2020-02-28 00:00:00+00:00,"Key Stocks Like Apple, Disney Close To Or Already In Bear Territory As Selloff Continues",GOOGL,https://www.benzinga.com/news/earnings/20/02/15448162/key-stocks-like-apple-disney-close-to-or-already-in-bear-territory-as-selloff-continues,JJ Kinahan,,,,,,,negative,0.9310455918312072
566879,2020-02-28 00:00:00+00:00,"Gene Munster On Apple's Future, Tesla's Valuation And The 2020 Election",GOOGL,https://www.benzinga.com/analyst-ratings/analyst-color/20/02/15439758/gene-munster-on-apples-future-teslas-valuation-and-the-2020-election,Randy Elias,,,,,,,neutral,0.9391284584999084
566880,2020-02-28 00:00:00+00:00,Shares of several communication companies are trading lower as the global coronavirus spread continues to cause equities across sectors to sell off amid worsened economic outlook.,GOOGL,https://www.benzinga.com/wiim/20/02/15441060/shares-of-several-communication-companies-are-trading-lower-as-the-global-coronavirus-spread-continu,Benzinga Newsdesk,,,,,,,negative,0.973089635372162
566881,2020-02-27 00:00:00+00:00,Today's Pickup: Four In Five Americans View Foreign Trade As An Opportunity,GOOGL,https://www.benzinga.com/news/20/02/15431538/todays-pickup-four-in-five-americans-view-foreign-trade-as-an-opportunity,FreightWaves,,,,,,,neutral,0.8774828314781189
566882,2020-02-27 00:00:00+00:00,Shares of several communication companies are trading lower as growing coronavirus fears hamper economic outlook.,GOOGL,https://www.benzinga.com/wiim/20/02/15428748/shares-of-several-communication-companies-are-trading-lower-as-growing-coronavirus-fears-hamper-econ,Benzinga Newsdesk,,,,,,,negative,0.9714683890342712
566883,2020-02-27 00:00:00+00:00,"Microsoft Keen On Investing In Indonesia, Says The President, Promises Simpler Regulations",GOOGL,https://www.benzinga.com/news/20/02/15425229/microsoft-keen-on-investing-in-indonesia-says-the-president-promises-simpler-regulations,Neer Varshney,,,,,,,positive,0.5022549033164978
566884,2020-02-27 00:00:00+00:00,15 Communication Services Stocks Moving In Thursday's Pre-Market Session,GOOGL,https://www.benzinga.com/pre-market-outlook/20/02/15426798/15-communication-services-stocks-moving-in-thursdays-pre-market-session,Lisa Levin,,,,,,,neutral,0.5399389266967773
566885,2020-02-26 00:00:00+00:00,"Google, Facebook And Others Not Bound By First Amendment, Judge Rules",GOOGL,https://www.benzinga.com/news/20/02/15424510/google-facebook-and-others-not-bound-by-first-amendment-judge-rules,Shivdeep Dhaliwal,,,,,,,neutral,0.905973494052887
566886,2020-02-26 00:00:00+00:00,Why The Coronavirus Might Be Presenting A Buying Opportunity,GOOGL,https://www.benzinga.com/news/20/02/15420562/why-the-coronavirus-might-be-presenting-a-buying-opportunity,Titan,,,,,,,neutral,0.8975658416748047
566887,2020-02-25 00:00:00+00:00,BlackRock Leads $250M Funding In AI Computing Startup,GOOGL,https://www.benzinga.com/news/20/02/15413719/blackrock-leads-250m-funding-in-ai-computing-startup,Neer Varshney,,,,,,,neutral,0.802574872970581
566888,2020-02-25 00:00:00+00:00,"Streaming Platform Like Spotify, YouTube Contributed To 80% Of All Music Sales In 2019",GOOGL,https://www.benzinga.com/news/20/02/15413704/streaming-platform-like-spotify-youtube-contributed-to-80-of-all-music-sales-in-2019,Neer Varshney,,,,,,,neutral,0.8560100793838501
566889,2020-02-25 00:00:00+00:00,"UPDATE: Morgan Stanley On Alphabet Notes 'Our new SoTP shows how GOOGL is worth $1,650 with no value for Cloud, Waymo, Verily, Stadia and investments...and $1,850 if the market just starts to put value on Cloud and Waymo'",GOOGL,https://www.benzinga.com/analyst-ratings/analyst-color/20/02/15406989/update-morgan-stanley-on-alphabet-notes-our-new-sotp-shows-how-googl-is-worth-1-650,Benzinga_Newsdesk,,,,,,,neutral,0.8667908906936646
566890,2020-02-25 00:00:00+00:00,"UPDATE: Morgan Stanley Maintains Overweight On Alphabet, Raises Target To $1.65K Notes 'New disclosure has arrived, which we see enabling investors to better value the growth/durability of GOOGL's assets'",GOOGL,https://www.benzinga.com/analyst-ratings/analyst-color/20/02/15406987/update-morgan-stanley-maintains-overweight-on-alphabet-raises-target-to-1-65k-notes,Benzinga_Newsdesk,,,,,,,positive,0.9485831260681152
566891,2020-02-25 00:00:00+00:00,3 Reasons Why Top Hedge Funds Have Changed Their Minds On Uber,GOOGL,https://www.benzinga.com/fintech/20/02/15396576/3-reasons-why-top-hedge-funds-have-changed-their-minds-on-uber,Titan,,,,,,,neutral,0.8673950433731079
566892,2020-02-25 00:00:00+00:00,"Sada Extends Relationship With Google Cloud, Announces Multi-Year, $500m Agreement To Drive Cloud Adoption",GOOGL,https://www.benzinga.com/news/20/02/15404985/sada-extends-relationship-with-google-cloud-announces-multi-year-500m-agreement-to-drive-cloud-adopt,Benzinga Newsdesk,,,,,,,positive,0.8230836987495422
566893,2020-02-25 00:00:00+00:00,"Morgan Stanley Maintains Overweight on Alphabet, Raises Price Target to $1650",GOOGL,https://www.benzinga.com/news/20/02/15404945/morgan-stanley-maintains-overweight-on-alphabet-raises-price-target-to-1650,Vick Meyer,,,,,,,positive,0.8757739067077637
566894,2020-02-24 00:00:00+00:00,Why Partnerships Are The Lifeblood Of The Cannabis Industry,GOOGL,https://www.benzinga.com/markets/cannabis/20/02/15396074/why-partnerships-are-the-lifeblood-of-the-cannabis-industry,Wayne Duggan,,,,,,,neutral,0.935334861278534
566895,2020-02-24 00:00:00+00:00,Fitbit's Weak Results Amid Pending Acquisition Keeps Longbow On The Sidelines,GOOGL,https://www.benzinga.com/analyst-ratings/analyst-color/20/02/15393888/fitbits-weak-results-amid-pending-acquisition-keeps-longbow-on-the-sidelines,Priya Nigam,,,,,,,negative,0.9706599116325378
566896,2020-02-24 00:00:00+00:00,Shares of several technology companies are trading lower amid continued spread of coronavirus including notable upticks in Iran and Italy. NOTE: The virus has raised fear of a global economic slowdown.,GOOGL,https://www.benzinga.com/wiim/20/02/15392928/shares-of-several-technology-companies-are-trading-lower-amid-continued-spread-of-coronavirus-includ,Benzinga Newsdesk,,,,,,,negative,0.9720393419265748
566897,2020-02-24 00:00:00+00:00,20 Communication Services Stocks Moving In Monday's Pre-Market Session,GOOGL,https://www.benzinga.com/pre-market-outlook/20/02/15392036/20-communication-services-stocks-moving-in-mondays-pre-market-session,Lisa Levin,,,,,,,neutral,0.4170474708080292
566898,2020-02-24 00:00:00+00:00,KFC Canada Begins Use of Google's Food Ordering Service,GOOGL,https://www.benzinga.com/news/20/02/15391962/kfc-canada-begins-use-of-googles-food-ordering-service,Benzinga Newsdesk,,,,,,,neutral,0.8220014572143555
566899,2020-02-24 00:00:00+00:00,Google Warns New Huawei Phone Owners Against Sideloading Gmail And YouTube,GOOGL,https://www.benzinga.com/news/20/02/15390788/google-warns-new-huawei-phone-owners-against-sideloading-gmail-and-youtube,Shivdeep Dhaliwal,,,,,,,neutral,0.5617247223854065
566900,2020-02-21 00:00:00+00:00,"Bezos Is Creating A $10 Billion ""We Can Save Earth"" Fund. Will Amazon Follow?",GOOGL,https://www.benzinga.com/news/earnings/20/02/15384195/bezos-is-creating-a-10-billion-we-can-save-earth-fund-will-amazon-follow,IAM Newswire,,,,,,,neutral,0.8976529240608215
566901,2020-02-21 00:00:00+00:00,4 Coronavirus Myths Causing Unnecessary Alarm,GOOGL,https://www.benzinga.com/news/20/02/15383924/4-coronavirus-myths-causing-unnecessary-alarm,Elizabeth Balboa,,,,,,,negative,0.5349300503730774
566902,2020-02-21 00:00:00+00:00,Ark Invest Says Autonomous Ride-Hailing Now Looks Even More Profitable Than Previously Estimated,GOOGL,https://www.benzinga.com/analyst-ratings/analyst-color/20/02/15384201/ark-invest-says-autonomous-ride-hailing-now-looks-even-more-profitable-than-previou,Wayne Duggan,,,,,,,positive,0.8546409606933594
566903,2020-02-21 00:00:00+00:00,"Cheetah Mobile Reports It Has Been Informed By Google That Co.'s Google Play Store, Google AdMob, Google AdManager Accounts Have Been Disabled On Feb. 20, 2020, Associated Contracts Will Be Terminated",GOOGL,https://www.benzinga.com/news/20/02/15382681/cheetah-mobile-reports-it-has-been-informed-by-google-that-co-s-google-play-store-google-admob-googl,Benzinga Newsdesk,,,,,,,negative,0.9228225946426392
566904,2020-02-21 00:00:00+00:00,"New Mexico Accuses Google Of Violating Children's Data Privacy, Files Lawsuit",GOOGL,https://www.benzinga.com/news/20/02/15382490/new-mexico-accuses-google-of-violating-childrens-data-privacy-files-lawsuit,Shivdeep Dhaliwal,,,,,,,negative,0.8139597177505493
566905,2020-02-21 00:00:00+00:00,Facebook To Pay Users $5 For Their Voice Recordings,GOOGL,https://www.benzinga.com/news/20/02/15381956/facebook-to-pay-users-5-for-their-voice-recordings,Neer Varshney,,,,,,,neutral,0.940523087978363
566906,2020-02-21 00:00:00+00:00,Fitbit Shares Plummet On Q4 Earnings Miss,GOOGL,https://www.benzinga.com/news/earnings/20/02/15381727/fitbit-shares-plummet-on-q4-earnings-miss,Neer Varshney,,,,,,,negative,0.9626414775848388
566907,2020-02-20 00:00:00+00:00,Global Cloud Infrastructure Market Reached Sky High $107B In 2019,GOOGL,https://www.benzinga.com/news/20/02/15361900/global-cloud-infrastructure-market-reached-sky-high-107b-in-2019,Shivdeep Dhaliwal,,,,,,,positive,0.7939284443855286
566908,2020-02-20 00:00:00+00:00,"Hearing WarnerMedia, YouTube TV Have Agreed On Distribution Deal",GOOGL,https://www.benzinga.com/news/20/02/15376924/hearing-warnermedia-youtube-tv-have-agreed-on-distribution-deal,Benzinga Newsdesk,,,,,,,positive,0.7686532139778137
566909,2020-02-20 00:00:00+00:00,"Google Shares Unaffected Wed., Thurs. Following News 'Google Cloud acquires Cornerstone Technology to help you migrate your mainframe'",GOOGL,https://www.benzinga.com/m-a/20/02/15376533/google-shares-unaffected-wed-thurs-following-news-google-cloud-acquires-cornerstone-technology-to-he,Benzinga Newsdesk,,,,,,,neutral,0.6455666422843933
566910,2020-02-20 00:00:00+00:00,"Cheetah Mobile Shares Fall To Session Low On Spike In Volume; Traders Attribute Downside To BuzzFeed Article 'Google Has Banned Almost 600 Apps For Pushing ""Disruptive"" Ads'",GOOGL,https://www.benzinga.com/news/20/02/15376327/cheetah-mobile-shares-fall-to-session-low-on-spike-in-volume-traders-attribute-downside-to-buzzfeed,Benzinga Newsdesk,,,,,,,negative,0.9694705009460448
566911,2020-02-20 00:00:00+00:00,No More Immunity? Justice Department Wants Tech Companies To Have Legal Responsibility For Content Posted On Their Platforms,GOOGL,https://www.benzinga.com/government/20/02/15372148/no-more-immunity-justice-department-wants-tech-companies-to-have-legal-responsibility-for-content-po,Neer Varshney,,,,,,,neutral,0.9033681750297546
566912,2020-02-20 00:00:00+00:00,Sling TV Starts Losing Subscribers As Streaming Wars Intensify,GOOGL,https://www.benzinga.com/news/20/02/15372145/sling-tv-starts-losing-subscribers-as-streaming-wars-intensify,Shivdeep Dhaliwal,,,,,,,negative,0.9703800082206726
566913,2020-02-19 00:00:00+00:00,Google Says Removed More Than 75M Policy-violating Reviews and 4M Fake Business Profiles in 2019,GOOGL,https://www.benzinga.com/news/20/02/15366329/google-says-removed-more-than-75m-policy-violating-reviews-and-4m-fake-business-profiles-in-2019,Charles Gross,,,,,,,negative,0.9564887285232544
566914,2020-02-19 00:00:00+00:00,Stocks That Hit 52-Week Highs On Wednesday,GOOGL,https://www.benzinga.com/news/20/02/15365364/stocks-that-hit-52-week-highs-on-wednesday,Lisa Levin,,,,,,,neutral,0.6686745285987854
566915,2020-02-19 00:00:00+00:00,"Yandex Revenues Topped Estimates In Q4, But Earnings Are Lacking",GOOGL,https://www.benzinga.com/news/earnings/20/02/15364632/yandex-revenues-topped-estimates-in-q4-but-earnings-are-lacking,IAM Newswire,,,,,,,negative,0.8916189670562744
566916,2020-02-19 00:00:00+00:00,Expedia Group Seems Unable To Reach The Promised Land,GOOGL,https://www.benzinga.com/news/earnings/20/02/15364634/expedia-group-seems-unable-to-reach-the-promised-land,IAM Newswire,,,,,,,negative,0.9417712688446044
566917,2020-02-19 00:00:00+00:00,Calendar Apps Can Do Wonders And Not Only For Your Schedule,GOOGL,https://www.benzinga.com/news/20/02/15364635/calendar-apps-can-do-wonders-and-not-only-for-your-schedule,IAM Newswire,,,,,,,neutral,0.8390437364578247
566918,2020-02-19 00:00:00+00:00,"Elon Musk Thinks All Artificial Intelligence Needs To Be Better Regulated, Including At Tesla",GOOGL,https://www.benzinga.com/news/20/02/15361840/elon-musk-thinks-all-artificial-intelligence-needs-to-be-better-regulated-including-at-tesla,Neer Varshney,,,,,,,neutral,0.8473303914070129
566919,2020-02-19 00:00:00+00:00,"A Peek Into The Markets: US Stock Futures Up Ahead Of Economic Data, Fed Minutes",GOOGL,https://www.benzinga.com/news/earnings/20/02/15362276/a-peek-into-the-markets-us-stock-futures-up-ahead-of-economic-data-fed-minutes,Lisa Levin,,,,,,,neutral,0.7737115025520325
566920,2020-02-19 00:00:00+00:00,Google Parent Alphabet To Quit Power Generating Kite Company,GOOGL,https://www.benzinga.com/news/earnings/20/02/15361501/google-parent-alphabet-to-quit-power-generating-kite-company,Shivdeep Dhaliwal,,,,,,,negative,0.5418503284454346
566921,2020-02-18 00:00:00+00:00,"Q4 13F Roundup: How Buffett, Einhorn, Ackman And Others Adjusted Their Portfolios",GOOGL,https://www.benzinga.com/general/hedge-funds/20/02/15356890/q4-13f-roundup-how-buffett-einhorn-ackman-and-others-adjusted-their-portfolios,Wayne Duggan,,,,,,,neutral,0.8798474073410034
566922,2020-02-18 00:00:00+00:00,Stocks That Hit 52-Week Highs On Tuesday,GOOGL,https://www.benzinga.com/news/20/02/15355854/stocks-that-hit-52-week-highs-on-tuesday,Lisa Levin,,,,,,,neutral,0.7068986296653748
566923,2020-02-18 00:00:00+00:00,"Global Stocks Drop As Apple, Others Share Grim Outlook Due To Coronavirus Outbreak",GOOGL,https://www.benzinga.com/news/20/02/15354083/global-stocks-drop-as-apple-others-share-grim-outlook-due-to-coronavirus-outbreak,Neer Varshney,,,,,,,negative,0.9565957188606262
566924,2020-02-18 00:00:00+00:00,"EU Rejects Facebook Proposal On Content Moderation, Suggests To Adapt To Local Regulations",GOOGL,https://www.benzinga.com/news/20/02/15350924/eu-rejects-facebook-proposal-on-content-moderation-suggests-to-adapt-to-local-regulations,Shivdeep Dhaliwal,,,,,,,neutral,0.6667150855064392
566925,2020-02-14 00:00:00+00:00,"Tiger Global Management Takes Share Stake Of 106,360 Shares Of Class A Capital Stock In Alphabet",GOOGL,https://www.benzinga.com/general/hedge-funds/20/02/15340853/tiger-global-management-takes-share-stake-of-106-360-shares-of-class-a-capital-stock-in-alpha,Benzinga Newsdesk,,,,,,,neutral,0.947956681251526
566926,2020-02-14 00:00:00+00:00,YouTube Says in a Blog it Paid $3B to the Music Industry in 2019 via Ads and Subscriptions,GOOGL,https://www.benzinga.com/news/20/02/15340275/youtube-says-in-a-blog-it-paid-3b-to-the-music-industry-in-2019-via-ads-and-subscriptions,Benzinga Newsdesk,,,,,,,neutral,0.8398021459579468
566927,2020-02-14 00:00:00+00:00,Google In Talks To Pay Publishers For Content In Premium News Product,GOOGL,https://www.benzinga.com/news/20/02/15335997/google-in-talks-to-pay-publishers-for-content-in-premium-news-product,Benzinga Newsdesk,,,,,,,neutral,0.8757148385047913
566928,2020-02-13 00:00:00+00:00,"Streaming Is Now 20% Of TV Viewing, Netflix Clings To Top Spot",GOOGL,https://www.benzinga.com/top-stories/20/02/15326492/streaming-is-now-20-of-tv-viewing-netflix-clings-to-top-spot,Dave Royse,,,,,,,neutral,0.8069189190864563
566929,2020-02-13 00:00:00+00:00,UK's CMA Clears Deal Between Google and Looker,GOOGL,https://www.benzinga.com/m-a/20/02/15320776/uks-cma-clears-deal-between-google-and-looker,Charles Gross,,,,,,,positive,0.5562353134155273
566930,2020-02-12 00:00:00+00:00,Google Joins Blockchain Startup Hedera Hashgraph's Governing Council,GOOGL,https://www.benzinga.com/markets/cryptocurrency/20/02/15307071/google-joins-blockchain-startup-hedera-hashgraphs-governing-council,Shivdeep Dhaliwal,,,,,,,neutral,0.911825954914093
566931,2020-02-12 00:00:00+00:00,FTC Asks Tech Giants To Hand Over Details Of Every Single Acquisition They Made Last Decade,GOOGL,https://www.benzinga.com/government/20/02/15307030/ftc-asks-tech-giants-to-hand-over-details-of-every-single-acquisition-they-made-last-decade,Neer Varshney,,,,,,,neutral,0.9459930062294006
566932,2020-02-12 00:00:00+00:00,"Trump Gives New Definition To 'Make America Great Again,' And It Involves Tech Giants",GOOGL,https://www.benzinga.com/news/20/02/15307008/trump-gives-new-definition-to-make-america-great-again-and-it-involves-tech-giants,Neer Varshney,,,,,,,neutral,0.8988615274429321
566933,2020-02-11 00:00:00+00:00,"WhatsApp Payments To Launch In India, BofA Says Monetization Will Take Time",GOOGL,https://www.benzinga.com/analyst-ratings/analyst-color/20/02/15299959/whatsapp-payments-to-launch-in-india-bofa-says-monetization-will-take-time,Shanthi Rexaline,,,,,,,neutral,0.916436731815338
566934,2020-02-11 00:00:00+00:00,Federal Trade Commission Chairman Says Number Of Deals Made By Big Tech Companies It Wants To Study Is In The Hundreds,GOOGL,https://www.benzinga.com/tech/20/02/15302584/federal-trade-commission-chairman-says-number-of-deals-made-by-big-tech-companies-it-wants-to-study,Benzinga Newsdesk,,,,,,,neutral,0.5835014581680298
566935,2020-02-11 00:00:00+00:00,Piper Sandler Remains Bullish On Slack On Broader Enterprise Adoption,GOOGL,https://www.benzinga.com/analyst-ratings/analyst-color/20/02/15300763/piper-sandler-remains-bullish-on-slack-on-broader-enterprise-adoption,Priya Nigam,,,,,,,negative,0.8594870567321777
566936,2020-02-11 00:00:00+00:00,"Hearing FTC To Examine Past Acquisitions By Large Technology Companies, Wants Information On Past Deals That Weren't Scrutinized; Unconfirmed",GOOGL,https://www.benzinga.com/government/20/02/15301531/hearing-ftc-to-examine-past-acquisitions-by-large-technology-companies-wants-information-on-past-dea,Benzinga Newsdesk,,,,,,,neutral,0.928825318813324
566937,2020-02-11 00:00:00+00:00,Stocks That Hit 52-Week Highs On Tuesday,GOOGL,https://www.benzinga.com/news/20/02/15300466/stocks-that-hit-52-week-highs-on-tuesday,Lisa Levin,,,,,,,neutral,0.7068986296653748
566938,2020-02-11 00:00:00+00:00,Youtube In Talks To Follow Amazon And Apple Into Video Subscriptions Market,GOOGL,https://www.benzinga.com/news/20/02/15296806/youtube-in-talks-to-follow-amazon-and-apple-into-video-subscriptions-market,Charles Gross,,,,,,,neutral,0.8388566970825195
566939,2020-02-11 00:00:00+00:00,"Deutsche Bank Seeking Bids From Microsoft, Google, Amazon to Overhaul Its Technology",GOOGL,https://www.benzinga.com/news/20/02/15296794/deutsche-bank-seeking-bids-from-microsoft-google-amazon-to-overhaul-its-technology,Charles Gross,,,,,,,positive,0.9124363660812378
566940,2020-02-11 00:00:00+00:00,Google 'People Operations' Head Steps Down As Company Faces Mounting Employee Protests,GOOGL,https://www.benzinga.com/news/20/02/15296083/google-people-operations-head-steps-down-as-company-faces-mounting-employee-protests,Neer Varshney,,,,,,,negative,0.949621856212616
566941,2020-02-10 00:00:00+00:00,Stocks That Hit 52-Week Highs On Monday,GOOGL,https://www.benzinga.com/news/20/02/15290126/stocks-that-hit-52-week-highs-on-monday,Lisa Levin,,,,,,,neutral,0.6719299554824829
566942,2020-02-10 00:00:00+00:00,"'Google Could Acquire Tesla For $1,500 Per Share On Its Way To $2 Trillion Stock' -Forbes Contributor Article From Trefis, Great Speculations",GOOGL,https://www.benzinga.com/news/20/02/15287042/google-could-acquire-tesla-for-1-500-per-share-on-its-way-to-2-trillion-stock-forbes-contributor-art,Benzinga Newsdesk,,,,,,,neutral,0.9097456336021424
566943,2020-02-10 00:00:00+00:00,'Big Google Search Ranking Algorithm Update - Currently Unconfirmed' -Search Engine Roundtable,GOOGL,https://www.benzinga.com/news/20/02/15287038/big-google-search-ranking-algorithm-update-currently-unconfirmed-search-engine-roundtable,Benzinga Newsdesk,,,,,,,neutral,0.8424604535102844
566944,2020-02-10 00:00:00+00:00,Google Accused of Competition Abuse in Holiday Rentals,GOOGL,https://www.benzinga.com/news/20/02/15286652/google-accused-of-competition-abuse-in-holiday-rentals,Charles Gross,,,,,,,negative,0.9329373836517334
566945,2020-02-07 00:00:00+00:00,Hearing the US Has Blocked a Planned Data Cable Connecting LA and Hong Kong,GOOGL,https://www.benzinga.com/news/20/02/15282030/hearing-the-us-has-blocked-a-planned-data-cable-connecting-la-and-hong-kong,Benzinga Newsdesk,,,,,,,negative,0.9466917514801024
566946,2020-02-07 00:00:00+00:00,"Citigroup Maintains Buy on Alphabet, Raises Price Target to $1700",GOOGL,https://www.benzinga.com/news/20/02/15280041/citigroup-maintains-buy-on-alphabet-raises-price-target-to-1700,Vick Meyer,,,,,,,positive,0.718195378780365
566947,2020-02-07 00:00:00+00:00,"Job Market Heats Up In January, As Warmer Weather Might Have Helped Add Positions",GOOGL,https://www.benzinga.com/news/earnings/20/02/15279174/job-market-heats-up-in-january-as-warmer-weather-might-have-helped-add-positions,JJ Kinahan,,,,,,,positive,0.7399052977561951
566948,2020-02-07 00:00:00+00:00,"Google's Former Head of Pixel Smartphone Division, Mario Queiroz, has Left the Company",GOOGL,https://www.benzinga.com/news/20/02/15277170/googles-former-head-of-pixel-smartphone-division-mario-queiroz-has-left-the-company,Charles Gross,,,,,,,negative,0.6110506057739258
566949,2020-02-06 00:00:00+00:00,BitTorrent CEO Justin Sun's $4.5-Million Dinner With Warren Buffett,GOOGL,https://www.benzinga.com/markets/cryptocurrency/20/02/15270316/bittorrent-ceo-justin-suns-4-5-million-lunch-with-warren-buffett,Tanzeel Akhtar,,,,,,,neutral,0.9129968881607056
566950,2020-02-06 00:00:00+00:00,Everything You Need To Know About The Overwatch League 2020,GOOGL,https://www.benzinga.com/news/20/02/15271611/everything-you-need-to-know-about-the-overwatch-league-2020,Dave Royse,,,,,,,neutral,0.9434447884559632
566951,2020-02-06 00:00:00+00:00,"Alphabet, Sonos Shares Appear Unaffected Following Recent Reuters Article 'U.S. trade panel opens patent probe into Google speakers after Sonos complaint'",GOOGL,https://www.benzinga.com/news/20/02/15272638/alphabet-sonos-shares-appear-unaffected-following-recent-reuters-article-u-s-trade-panel-opens-paten,Benzinga Newsdesk,,,,,,,negative,0.878757655620575
566952,2020-02-06 00:00:00+00:00,Alphabet shares are trading higher after CFRA maintained a Strong Buy on the company and raised the price target from $1737 to $1761.,GOOGL,https://www.benzinga.com/wiim/20/02/15270880/alphabet-shares-are-trading-higher-after-cfra-maintained-a-strong-buy-on-the-company-and-raised-the,Benzinga Newsdesk,,,,,,,positive,0.947493612766266
566953,2020-02-06 00:00:00+00:00,Facebook At Key Inflection Point,GOOGL,https://www.benzinga.com/news/earnings/20/02/15269001/facebook-at-key-inflection-point,Elliott Wave,,,,,,,neutral,0.9082632660865784
566954,2020-02-06 00:00:00+00:00,Why Company Culture Is Critical for a Small Business' Bottom Line,GOOGL,https://www.benzinga.com/general/entrepreneurship/20/02/15262611/why-company-culture-is-critical-for-a-small-business-bottom-line,Credibly,,,,,,,neutral,0.9113522171974182
566955,2020-02-06 00:00:00+00:00,"Facebook Sends Cease And Desist Letter To AI Startup, Joins Twitter, Venmo, YouTube",GOOGL,https://www.benzinga.com/news/20/02/15266220/facebook-sends-cease-and-desist-letter-to-ai-startup-joins-twitter-venmo-youtube,Shivdeep Dhaliwal,,,,,,,neutral,0.9358389973640442
566956,2020-02-06 00:00:00+00:00,"China's Xiaomi, Huawei Technologies, Oppo and Vivo are Jointly Creating a Rival to Google App Store",GOOGL,https://www.benzinga.com/news/20/02/15266409/chinas-xiaomi-huawei-technologies-oppo-and-vivo-are-jointly-create-a-rival-to-google-app-store,Charles Gross,,,,,,,neutral,0.7949314713478088
566957,2020-02-05 00:00:00+00:00,"Shorts In A Twist: Tesla Shares Seem To Be Going Through A Classic ""Squeeze""",GOOGL,https://www.benzinga.com/news/earnings/20/02/15260432/shorts-in-a-twist-tesla-shares-seem-to-be-going-through-a-classic-squeeze,TD Ameritrade,,,,,,,neutral,0.8650478720664978
566958,2020-02-05 00:00:00+00:00,"Earnings Bonanza: Results Keep Pouring In, With Investors Looking Over Merck, Disney",GOOGL,https://www.benzinga.com/news/earnings/20/02/15258839/earnings-bonanza-results-keep-pouring-in-with-investors-looking-over-merck-disney,JJ Kinahan,,,,,,,positive,0.90224951505661
566959,2020-02-05 00:00:00+00:00,10 Biggest Price Target Changes For Wednesday,GOOGL,https://www.benzinga.com/analyst-ratings/price-target/20/02/15257715/10-biggest-price-target-changes-for-wednesday,Lisa Levin,,,,,,,neutral,0.8142687678337097
566960,2020-02-05 00:00:00+00:00,"Argus Research Maintains Buy on Alphabet, Raises Price Target to $1620",GOOGL,https://www.benzinga.com/news/20/02/15257056/argus-research-maintains-buy-on-alphabet-raises-price-target-to-1620,Benzinga_Newsdesk,,,,,,,neutral,0.5216414332389832
566961,2020-02-04 00:00:00+00:00,Nvidia GeForce Now Game Streaming Is Now Available,GOOGL,https://www.benzinga.com/news/20/02/15253696/nvidia-geforce-now-game-streaming-is-now-available,Dave Royse,,,,,,,neutral,0.9469720721244812
566962,2020-02-04 00:00:00+00:00,Group Of State Attorney Generals Say Meeting With US Justice Department Officials To Discuss Alphabet's Google Anti-Trust Probe Has Concluded,GOOGL,https://www.benzinga.com/government/20/02/15251460/group-of-state-attorney-generals-say-meeting-with-us-justice-department-officials-to-discuss-alphabe,Benzinga Newsdesk,,,,,,,neutral,0.5610949397087097
566963,2020-02-04 00:00:00+00:00,"Twitter Analyst Sees Risk To Q1 Guidance, But Expects 'Buying Opportunity Ahead'",GOOGL,https://www.benzinga.com/analyst-ratings/analyst-color/20/02/15246749/twitter-analyst-sees-risk-to-q1-guidance-but-expects-buying-opportunity-ahead,Shanthi Rexaline,,,,,,,positive,0.9184382557868958
566964,2020-02-04 00:00:00+00:00,Mid-Afternoon Market Update: NASDAQ Rises Over 2%; Myomo Shares Spike Higher,GOOGL,https://www.benzinga.com/news/earnings/20/02/15250766/mid-afternoon-market-update-nasdaq-rises-over-2-myomo-shares-spike-higher,Lisa Levin,,,,,,,positive,0.9355710744857788
566965,2020-02-04 00:00:00+00:00,"OK Google, How Is The Street Reacting To Alphabet's Q4 Earnings?",GOOGL,https://www.benzinga.com/analyst-ratings/analyst-color/20/02/15248222/ok-google-how-is-the-street-reacting-to-alphabets-q4-earnings,Jayson Derrick,,,,,,,neutral,0.8838353753089905
566966,2020-02-04 00:00:00+00:00,Mid-Day Market Update: Allot Surges After Q4 Results; Rockwell Medical Shares Plunge,GOOGL,https://www.benzinga.com/news/earnings/20/02/15248718/mid-day-market-update-allot-surges-after-q4-results-rockwell-medical-shares-plunge,Lisa Levin,,,,,,,negative,0.4862857460975647
566967,2020-02-04 00:00:00+00:00,"PreMarket Prep Recap, Feb. 4, 2020: TSLA Continues Its Unbelievable Move",GOOGL,https://www.benzinga.com/news/earnings/20/02/15247571/premarket-prep-recap-feb-4-2020-tsla-continues-its-unbelievable-move,Spencer Israel,,,,,,,positive,0.7736397385597229
566968,2020-02-04 00:00:00+00:00,"UPDATE: Needham Maintains Buy On Alphabet, Raises Target To $1,800 Notes 'There were several key ""firsts"" now that Sundar Pichai is CEO:'",GOOGL,https://www.benzinga.com/analyst-ratings/analyst-color/20/02/15247516/update-needham-maintains-buy-on-alphabet-raises-target-to-1-800-notes-there-were-se,Benzinga_Newsdesk,,,,,,,positive,0.8821694850921631
566969,2020-02-04 00:00:00+00:00,Mid-Morning Market Update: Markets Open Higher; Alphabet Reports Mixed Q4 Results,GOOGL,https://www.benzinga.com/news/earnings/20/02/15247335/mid-morning-market-update-markets-open-higher-alphabet-reports-mixed-q4-results,Lisa Levin,,,,,,,positive,0.701288104057312
566970,2020-02-04 00:00:00+00:00,China Reportedly Considering Further Stimulus To Help Economy Weather Coronavirus,GOOGL,https://www.benzinga.com/news/earnings/20/02/15246986/china-reportedly-considering-further-stimulus-to-help-economy-weather-coronavirus,JJ Kinahan,,,,,,,positive,0.8209719657897949
566971,2020-02-04 00:00:00+00:00,Tuesday's Market Minute: REVIEWING THE FAANG 4Q,GOOGL,https://www.benzinga.com/news/earnings/20/02/15246894/tuesdays-market-minute-reviewing-the-faang-4q,TD Ameritrade Network,,,,,,,neutral,0.927259087562561
566972,2020-02-04 00:00:00+00:00,"Credit Suisse Maintains Outperform On Alphabet, $1700 Price Target As Firm Notes 3 Factors:",GOOGL,https://www.benzinga.com/analyst-ratings/analyst-color/20/02/15246893/credit-suisse-maintains-outperform-on-alphabet-1700-price-target-as-firm-notes-3-fa,Benzinga Newsdesk,,,,,,,negative,0.4760780334472656
566973,2020-02-04 00:00:00+00:00,"Benzinga Pro's Top 5 Stocks To Watch For Tues., Feb. 4, 2020: GOOGL, DIS, EBAY, F, IBIO",GOOGL,https://www.benzinga.com/pre-market-outlook/20/02/15245962/benzinga-pros-top-5-stocks-to-watch-for-tues-feb-4-2020-googl-dis-ebay-f-ibio,Benzinga Newsdesk,,,,,,,neutral,0.9293818473815918
566974,2020-02-04 00:00:00+00:00,"KeyBanc On Alphabet Notes 'Further, new disclosures and commentary helped highlight the magnitude of investments in opportunities beyond Search, which we believe can create substantial value for GOOGL over time'",GOOGL,https://www.benzinga.com/analyst-ratings/analyst-color/20/02/15245745/keybanc-on-alphabet-notes-further-new-disclosures-and-commentary-helped-highlight-t,Benzinga_Newsdesk,,,,,,,positive,0.9022653102874756
566975,2020-02-04 00:00:00+00:00,"KeyBanc Reiterates Overweight, $1,769 Target On Alphabet As Firm Notes 'We recommend owning GOOGL. 4Q results showed excellent core Search ad revenue growth that appears sustainable for the foreseeable future'",GOOGL,https://www.benzinga.com/analyst-ratings/analyst-color/20/02/15245744/keybanc-reiterates-overweight-1-769-target-on-alphabet-as-firm-notes-we-recommend-o,Benzinga_Newsdesk,,,,,,,positive,0.9200398921966552
566976,2020-02-04 00:00:00+00:00,"UPDATE: Raymond James Maintains Outperform On Alphabet, Raises Target To $1,580 'given solid advertising growth (Search, YouTube), increasing Google Cloud momentum, and an attractive valuation (~22x 2020E core EPS ex cash)'",GOOGL,https://www.benzinga.com/analyst-ratings/analyst-color/20/02/15245599/update-raymond-james-maintains-outperform-on-alphabet-raises-target-to-1-580-given-,Benzinga_Newsdesk,,,,,,,positive,0.952587366104126
566977,2020-02-04 00:00:00+00:00,"UPDATE:Piper Sandler On Alphabet Notes Co's 'Cloud Segment & YouTube Ads Growing Faster Than Core, But Too Small to Offset Broader Deceleration'; 'cloud segment is 6% and YouTube ads is 9% of '19 revenue'; 'Online Ad Spend is Ongoing Secular Tailwind'",GOOGL,https://www.benzinga.com/analyst-ratings/analyst-color/20/02/15245531/update-piper-sandler-on-alphabet-notes-cos-cloud-segment-youtube-ads-growing-faster,Benzinga_Newsdesk,,,,,,,positive,0.8844019174575806
566978,2020-02-04 00:00:00+00:00,"UPDATE: Piper Sandler Maintains Overweight On Alphabet, Raises Target To $1,600 Notes 'The core advertising business is decelerating, while cloud is accelerating and YouTube growth is outpacing the core'",GOOGL,https://www.benzinga.com/analyst-ratings/analyst-color/20/02/15245529/update-piper-sandler-maintains-overweight-on-alphabet-raises-target-to-1-600-notes-,Benzinga_Newsdesk,,,,,,,positive,0.4896168708801269
566979,2020-02-04 00:00:00+00:00,10 Biggest Price Target Changes For Tuesday,GOOGL,https://www.benzinga.com/analyst-ratings/price-target/20/02/15245503/10-biggest-price-target-changes-for-tuesday,Lisa Levin,,,,,,,neutral,0.8152948617935181
566980,2020-02-04 00:00:00+00:00,12 Communication Services Stocks Moving In Tuesday's Pre-Market Session,GOOGL,https://www.benzinga.com/pre-market-outlook/20/02/15244979/12-communication-services-stocks-moving-in-tuesdays-pre-market-session,Lisa Levin,,,,,,,neutral,0.5904443264007568
566981,2020-02-04 00:00:00+00:00,"Raymond James Maintains Outperform on Alphabet, Raises Price Target to $1580",GOOGL,https://www.benzinga.com/news/20/02/15244922/raymond-james-maintains-outperform-on-alphabet-raises-price-target-to-1580,Vick Meyer,,,,,,,positive,0.8919634222984314
566982,2020-02-04 00:00:00+00:00,4 Internet Content & Information Stocks Moving In Tuesday's Pre-Market Session,GOOGL,https://www.benzinga.com/pre-market-outlook/20/02/15244870/4-internet-content-information-stocks-moving-in-tuesdays-pre-market-session,Benzinga Newsdesk,,,,,,,neutral,0.7094453573226929
566983,2020-02-04 00:00:00+00:00,"Piper Sandler Maintains Overweight on Alphabet, Raises Price Target to $1600",GOOGL,https://www.benzinga.com/news/20/02/15244795/piper-sandler-maintains-overweight-on-alphabet-raises-price-target-to-1600,Benzinga_Newsdesk,,,,,,,positive,0.9073042273521424
566984,2020-02-04 00:00:00+00:00,Alphabet shares are trading lower after the company reported worse-than-expected Q4 sales results.,GOOGL,https://www.benzinga.com/wiim/20/02/15244747/alphabet-shares-are-trading-lower-after-the-company-reported-worse-than-expected-q4-sales-results,Benzinga Newsdesk,,,,,,,negative,0.9728543758392334
566985,2020-02-04 00:00:00+00:00,"Needham Maintains Buy on Alphabet, Raises Price Target to $1800",GOOGL,https://www.benzinga.com/news/20/02/15244326/needham-maintains-buy-on-alphabet-raises-price-target-to-1800,Vick Meyer,,,,,,,positive,0.533611536026001
566986,2020-02-04 00:00:00+00:00,A Peek Into The Markets: US Stock Futures Jump; Alphabet Posts Downbeat Q4 Sales,GOOGL,https://www.benzinga.com/news/earnings/20/02/15244251/a-peek-into-the-markets-us-stock-futures-jump-alphabet-posts-downbeat-q4-sales,Lisa Levin,,,,,,,negative,0.7053101658821106
566987,2020-02-04 00:00:00+00:00,"Nomura Maintains Buy on Alphabet, Raises Price Target to $1680",GOOGL,https://www.benzinga.com/news/20/02/15244189/nomura-maintains-buy-on-alphabet-raises-price-target-to-1680,Vick Meyer,,,,,,,positive,0.6238896250724792
566988,2020-02-04 00:00:00+00:00,"Pivotal Research Maintains Buy on Alphabet, Raises Price Target to $1700",GOOGL,https://www.benzinga.com/news/20/02/15244174/pivotal-research-maintains-buy-on-alphabet-raises-price-target-to-1700,Vick Meyer,,,,,,,positive,0.612414538860321
566989,2020-02-04 00:00:00+00:00,Facebook Co-Founder's Asana Files To Go Public Via Direct Listing,GOOGL,https://www.benzinga.com/news/20/02/15243466/facebook-co-founders-asana-files-to-go-public-via-direct-listing,Neer Varshney,,,,,,,neutral,0.9557712078094482
566990,2020-02-04 00:00:00+00:00,"12 Stocks To Watch For February 4, 2020",GOOGL,https://www.benzinga.com/news/earnings/20/02/15243689/12-stocks-to-watch-for-february-4-2020,Lisa Levin,,,,,,,neutral,0.8998644948005676
566991,2020-02-04 00:00:00+00:00,Google Discloses YouTube Revenue For The First Time Ever,GOOGL,https://www.benzinga.com/news/earnings/20/02/15243216/google-discloses-youtube-revenue-for-the-first-time-ever,shivdeep@benzinga.com,,,,,,,neutral,0.940006136894226
566992,2020-02-03 00:00:00+00:00,Amazon Testing Online Platform To Let Merchants Shop For Loans: Report,GOOGL,https://www.benzinga.com/news/20/02/15243161/amazon-testing-online-platform-to-let-merchants-shop-for-loans-report,Neer Varshney,,,,,,,neutral,0.8974187970161438
566993,2020-02-03 00:00:00+00:00,"Alphabet CEO Says Youtube Has 20 Million Paid Music And Premium Subscribers, Says YouTube Has 2M Paid YouTube TV Subscribers",GOOGL,https://www.benzinga.com/tech/20/02/15241949/alphabet-ceo-says-youtube-has-20-million-paid-music-and-premium-subscribers-says-youtube-has-2m-paid,Benzinga Newsdesk,,,,,,,neutral,0.9182047843933104
566994,2020-02-03 00:00:00+00:00,Alphabet Reports Mixed Q4 Earnings,GOOGL,https://www.benzinga.com/news/earnings/20/02/15241002/alphabet-reports-mixed-q4-earnings,Tanzeel Akhtar,,,,,,,negative,0.7592478394508362
566995,2020-02-03 00:00:00+00:00,"Alphabet CFO Says No Impact Currently From Coronovirus, Could Impact Hardware Products If Protracted",GOOGL,https://www.benzinga.com/general/20/02/15241255/alphabet-cfo-says-no-impact-currently-from-coronovirus-could-impact-hardware-products-if-protracted,Benzinga Newsdesk,,,,,,,negative,0.8024045825004578
566996,2020-02-03 00:00:00+00:00,7 Stocks Moving In Monday's After Hours,GOOGL,https://www.benzinga.com/trading-ideas/movers/20/02/15241211/6-stocks-moving-in-mondays-after-hours,Tyree Gorges,,,,,,,neutral,0.4755667746067047
566997,2020-02-03 00:00:00+00:00,Alphabet shares are trading lower after the company reported worse-than-expected Q4 sales results.,GOOGL,https://www.benzinga.com/wiim/20/02/15240791/alphabet-shares-are-trading-lower-after-the-company-reported-worse-than-expected-q4-sales-results,Benzinga Newsdesk,,,,,,,negative,0.9728543758392334
566998,2020-02-03 00:00:00+00:00,Alphabet Reports Google Cloud Revenue 2.61B Up From 1.7B YoY,GOOGL,https://www.benzinga.com/news/earnings/20/02/15240739/alphabet-reports-google-cloud-revenue-2-61b-up-from-1-7b-yoy,Benzinga Newsdesk,,,,,,,positive,0.9529408812522888
566999,2020-02-03 00:00:00+00:00,Alphabet Q4 Total Traffic Acquisition Cost $8.501B vs $7.436B in Same Qtr. Last Year,GOOGL,https://www.benzinga.com/news/earnings/20/02/15240729/alphabet-q4-total-traffic-acquisition-cost-8-501b-vs-7-436b-in-same-qtr-last-year,Benzinga Newsdesk,,,,,,,neutral,0.8224045038223267
567000,2020-02-03 00:00:00+00:00,"Alphabet Reports Q4 Operating Margin 20%, Down From 21% YoY",GOOGL,https://www.benzinga.com/news/earnings/20/02/15240725/alphabet-reports-q4-operating-margin-20-down-from-21-yoy,Benzinga Newsdesk,,,,,,,negative,0.976322054862976
567001,2020-02-03 00:00:00+00:00,"Alphabet Q4 EPS $15.35 Beats $12.53 Estimate, Sales $46.075B Miss $46.94B Estimate",GOOGL,https://www.benzinga.com/news/earnings/20/02/15240580/alphabet-q4-eps-15-35-beats-12-53-estimate-sales-46-075b-miss-46-94b-estimate,Benzinga Newsdesk,,,,,,,neutral,0.7091675400733948
567002,2020-02-03 00:00:00+00:00,Here's How Much Investing $100 In Google Stock Back In 2010 Would Be Worth Today,GOOGL,https://www.benzinga.com/general/education/20/02/15238980/heres-how-much-investing-100-in-google-stock-back-in-2010-would-be-worth-today,Wayne Duggan,,,,,,,neutral,0.937106192111969
567003,2020-02-03 00:00:00+00:00,"3 Sector ETFs To Play Ahead Of Alphabet, Disney Earnings",GOOGL,https://www.benzinga.com/news/earnings/20/02/15233848/3-sector-etfs-to-play-ahead-of-alphabet-disney-earnings,ETF Professor,,,,,,,neutral,0.9201342463493348
567004,2020-02-03 00:00:00+00:00,"Alphabet Inc. shares are trading higher, potentially in anticipation of the company's Q4 earnings release after the close today.",GOOGL,https://www.benzinga.com/wiim/20/02/15237555/alphabet-inc-shares-are-trading-higher-potentially-in-anticipation-of-the-companys-q4-earnings-relea,Benzinga Newsdesk,,,,,,,positive,0.9494737386703492
567005,2020-02-03 00:00:00+00:00,"Surprise, Surprise: Stocks Wearing Their Rally Hats Despite China Market Tanking",GOOGL,https://www.benzinga.com/news/earnings/20/02/15236843/surprise-surprise-stocks-wearing-their-rally-hats-despite-china-market-tanking,JJ Kinahan,,,,,,,neutral,0.5439872145652771
567006,2020-02-03 00:00:00+00:00,Google Addresses Stadia Users Complaints About Lack Of Info For Upcoming Games,GOOGL,https://www.benzinga.com/news/20/02/15235663/google-addresses-stadia-users-complaints-about-lack-of-info-for-upcoming-games,Dave Royse,,,,,,,negative,0.958844006061554
567007,2020-02-03 00:00:00+00:00,A Peek Into The Markets: US Stock Futures Gain Ahead Of Manufacturing Data,GOOGL,https://www.benzinga.com/news/earnings/20/02/15234799/a-peek-into-the-markets-us-stock-futures-gain-ahead-of-manufacturing-data,Lisa Levin,,,,,,,positive,0.7622502446174622
567008,2020-02-03 00:00:00+00:00,"8 Stocks To Watch For February 3, 2020",GOOGL,https://www.benzinga.com/news/earnings/20/02/15234236/8-stocks-to-watch-for-february-3-2020,Lisa Levin,,,,,,,neutral,0.884367823600769
567009,2020-02-03 00:00:00+00:00,"Earnings Scheduled For February 3, 2020",GOOGL,https://www.benzinga.com/news/earnings/20/02/15234213/earnings-scheduled-for-february-3-2020,Lisa Levin,,,,,,,neutral,0.9081283807754515
567010,2020-02-02 00:00:00+00:00,Stephen King Quits Facebook Over Political Ads And Security Concerns Controversy,GOOGL,https://www.benzinga.com/news/20/02/15233909/stephen-king-quits-facebook-over-political-ads-and-security-concerns-controversy,shivdeep@benzinga.com,,,,,,,negative,0.8602511286735535
567011,2020-01-31 00:00:00+00:00,13 Super Bowl 54 Commercials You Won't Want To Miss,GOOGL,https://www.benzinga.com/news/20/01/15230331/13-super-bowl-54-commercials-you-wont-want-to-miss,Dave Royse,,,,,,,neutral,0.9149978756904602
567012,2020-01-31 00:00:00+00:00,MAGA: A Look At The Trillion Dollar Market Cap Club,GOOGL,https://www.benzinga.com/general/education/20/01/15228349/maga-a-look-at-the-trillion-dollar-market-cap-club,Wayne Duggan,,,,,,,neutral,0.9042388200759888
567013,2020-01-31 00:00:00+00:00,"Position Scrimmage: Coronavirus, End-Of-Month Profit Taking Influencing Markets",GOOGL,https://www.benzinga.com/news/earnings/20/01/15227238/position-scrimmage-coronavirus-end-of-month-profit-taking-influencing-markets,JJ Kinahan,,,,,,,negative,0.8191767930984497
567014,2020-01-31 00:00:00+00:00,"Benzinga Pro's Top 5 Stocks To Watch For Fri., Jan. 31, 2020: AMZN, IBM, GOOGL, WWE, UBER",GOOGL,https://www.benzinga.com/pre-market-outlook/20/01/15226453/benzinga-pros-top-5-stocks-to-watch-for-fri-jan-31-2020-amzn-ibm-googl-wwe-uber,Benzinga Newsdesk,,,,,,,neutral,0.9330984354019164
567015,2020-01-31 00:00:00+00:00,7 Communication Services Stocks Moving In Friday's Pre-Market Session,GOOGL,https://www.benzinga.com/pre-market-outlook/20/01/15226129/7-communication-services-stocks-moving-in-fridays-pre-market-session,Lisa Levin,,,,,,,positive,0.4405525922775268
567016,2020-01-30 00:00:00+00:00,Alphabet Earnings Ahead: Analysts Eyeing These 3 Growth Drivers At Google,GOOGL,https://www.benzinga.com/news/earnings/20/01/15219039/alphabet-earnings-ahead-analysts-eyeing-these-3-growth-drivers-at-google,JJ Kinahan,,,,,,,neutral,0.8691287040710449
567017,2020-01-30 00:00:00+00:00,Microsoft Analysts See 20% Upside Following Across-The-Board Q2 Beat,GOOGL,https://www.benzinga.com/analyst-ratings/analyst-color/20/01/15218488/microsoft-analysts-see-20-upside-following-across-the-board-q2-beat,Shanthi Rexaline,,,,,,,positive,0.8825505971908569
567018,2020-01-30 00:00:00+00:00,3 Things That Move Alphabet's Stock,GOOGL,https://www.benzinga.com/general/education/20/01/15212157/3-things-that-move-alphabet-stock,Tyree Gorges,,,,,,,neutral,0.9275610446929932
567019,2020-01-29 00:00:00+00:00,Google Confirms That Is Temporarily Shutting Down All China Offices Due To Coronavirus Outbreak,GOOGL,https://www.benzinga.com/news/20/01/15212263/google-confirms-that-is-temporarily-shutting-down-all-china-offices-due-to-coronavirus-outbreak,Benzinga Newsdesk,,,,,,,negative,0.9533719420433044
567020,2020-01-29 00:00:00+00:00,'Google is temporarily shutting down all China offices due to coronavirus outbreak' -The Verge,GOOGL,https://www.benzinga.com/news/20/01/15211767/google-is-temporarily-shutting-down-all-china-offices-due-to-coronavirus-outbreak-the-verge,Benzinga Newsdesk,,,,,,,negative,0.949735164642334
567021,2020-01-29 00:00:00+00:00,"February Market Outlook: Coronavirus, D.C. Proceedings, Earnings Season Could Mean Volatility",GOOGL,https://www.benzinga.com/news/earnings/20/01/15211766/february-market-outlook-coronavirus-d-c-proceedings-earnings-season-could-mean-volatility,JJ Kinahan,,,,,,,negative,0.9622793793678284
567022,2020-01-28 00:00:00+00:00,'Google Developing New 'Unified' Communications App for Businesses' -The Informatin,GOOGL,https://www.benzinga.com/tech/20/01/15203437/google-developing-new-unified-communications-app-for-businesses-the-informatin,Benzinga Newsdesk,,,,,,,neutral,0.7748663425445557
567023,2020-01-28 00:00:00+00:00,8 Stocks To Buy For This 2020 Presidential Election Year,GOOGL,https://www.benzinga.com/analyst-ratings/analyst-color/20/01/15199679/8-stocks-to-buy-for-this-2020-presidential-election-year,Wayne Duggan,,,,,,,neutral,0.8958478569984436
567024,2020-01-28 00:00:00+00:00,"Accenture, Google Cloud To Collaborate To Help Life Sciences Cos. Advance Discovery, Development, Delivery Of Therapies, No Terms Disclosed",GOOGL,https://www.benzinga.com/news/20/01/15198068/accenture-google-cloud-to-collaborate-to-help-life-sciences-cos-advance-discovery-development-delive,Benzinga Newsdesk,,,,,,,neutral,0.857543408870697
567025,2020-01-28 00:00:00+00:00,"7 Video Game, Esports Themes Investors Should Watch In 2020",GOOGL,https://www.benzinga.com/analyst-ratings/analyst-color/20/01/15191083/7-video-game-esports-themes-investors-should-watch-in-2020,Dave Royse,,,,,,,neutral,0.9218076467514038
567026,2020-01-27 00:00:00+00:00,"Activision Blizzard, Google Partnership Will Put Call Of Duty, Overwatch League Streaming On YouTube",GOOGL,https://www.benzinga.com/news/20/01/15191199/activision-blizzard-google-partnership-will-put-call-of-duty-overwatch-league-streaming-on-youtube,Dave Royse,,,,,,,neutral,0.9445632696151732
567027,2020-01-27 00:00:00+00:00,"'Google App Maker will be shut down on January 19, 2021' -Blogpost From Google's G Suite Updates Blog",GOOGL,https://www.benzinga.com/news/20/01/15190611/google-app-maker-will-be-shut-down-on-january-19-2021-blogpost-from-googles-g-suite-updates-blog,Benzinga Newsdesk,,,,,,,negative,0.6762227416038513
567028,2020-01-27 00:00:00+00:00,8 Cloud Stocks To Own In 2020,GOOGL,https://www.benzinga.com/analyst-ratings/analyst-color/20/01/15181375/8-cloud-stocks-to-own-in-2020,Wayne Duggan,,,,,,,neutral,0.9258840680122375
567029,2020-01-27 00:00:00+00:00,10 Biggest Price Target Changes For Monday,GOOGL,https://www.benzinga.com/analyst-ratings/price-target/20/01/15188365/10-biggest-price-target-changes-for-monday,Lisa Levin,,,,,,,neutral,0.7998325824737549
567030,2020-01-27 00:00:00+00:00,"Shares of several communication companies are trading lower as the Wuhan coronavirus continues to spread throughout the country, prompting travel bans in multiple Chinese cities. Reports say the death toll rose to 80 as of the end of Sunday with more than 2,700 people now infected.",GOOGL,https://www.benzinga.com/wiim/20/01/15188338/shares-of-several-communication-companies-are-trading-lower-as-the-wuhan-coronavirus-continues-to-sp,Benzinga Newsdesk,,,,,,,negative,0.9700585007667542
567031,2020-01-27 00:00:00+00:00,"Mizuho Securities Maintains Buy on Alphabet, Raises Price Target to $1650",GOOGL,https://www.benzinga.com/news/20/01/15187346/mizuho-securities-maintains-buy-on-alphabet-raises-price-target-to-1650,Benzinga_Newsdesk,,,,,,,positive,0.6588380336761475
567032,2020-01-27 00:00:00+00:00,"Amazon Employees Publicly Condemn Company's Communications, Climate Policies",GOOGL,https://www.benzinga.com/news/20/01/15186684/amazon-employees-publicly-condemn-companys-communications-climate-policies,Neer Varshney,,,,,,,negative,0.9078059196472168
567033,2020-01-26 00:00:00+00:00,Justice Department And State AGs To Share Information In Google Antitrust Probe,GOOGL,https://www.benzinga.com/news/20/01/15186363/justice-department-and-state-ags-to-share-information-in-google-antitrust-probe,Neer Varshney,,,,,,,neutral,0.9247839450836182
567034,2020-01-26 00:00:00+00:00,3 Classic Tech ETFs to be Tested by Earnings Reports This Week,GOOGL,https://www.benzinga.com/news/earnings/20/01/15186084/3-classic-tech-etfs-to-be-tested-by-earnings-reports-this-week,ETF Professor,,,,,,,neutral,0.6934283375740051
567035,2020-01-26 00:00:00+00:00,"State Attorneys General to Meet With Justice Officials to Coordinate on Investigation into Google's Dominance in Advertising, Online Search",GOOGL,https://www.benzinga.com/news/20/01/15186012/state-attorneys-general-to-meet-with-justice-officials-to-coordinate-on-investigation-into-googles-d,Charles Gross,,,,,,,neutral,0.9194508790969848
567036,2020-01-24 00:00:00+00:00,"Activision Blizzard Announces Google Cloud Will Serve As Preferred Provider For Co., Youtube Will Serve As Its Exclusive Streaming Partner Worldwide, Excluding China",GOOGL,https://www.benzinga.com/general/20/01/15183740/activision-blizzard-announces-google-cloud-will-serve-as-preferred-provider-for-co-youtube-will-serv,Benzinga Newsdesk,,,,,,,neutral,0.8727939128875732
567037,2020-01-24 00:00:00+00:00,10 Biggest Price Target Changes For Friday,GOOGL,https://www.benzinga.com/analyst-ratings/price-target/20/01/15179919/10-biggest-price-target-changes-for-friday,Lisa Levin,,,,,,,neutral,0.7916321754455566
567038,2020-01-24 00:00:00+00:00,Is The Drone Industry Finally Ready To Take Off?,GOOGL,https://www.benzinga.com/analyst-ratings/analyst-color/20/01/15175171/is-the-drone-industry-finally-ready-to-take-off,Dave Royse,,,,,,,neutral,0.855778694152832
567039,2020-01-24 00:00:00+00:00,"KeyBanc Maintains Overweight on Alphabet, Raises Price Target to $1.769K",GOOGL,https://www.benzinga.com/news/20/01/15178907/keybanc-maintains-overweight-on-alphabet-raises-price-target-to-1-769k,Vick Meyer,,,,,,,positive,0.9204856157302856
567040,2020-01-23 00:00:00+00:00,"Today's Pickup: Waymo To Run Self-Driving Trucks In Texas, New Mexico",GOOGL,https://www.benzinga.com/news/20/01/15173711/todays-pickup-waymo-to-run-self-driving-trucks-in-texas-new-mexico,FreightWaves,,,,,,,neutral,0.8856927156448364
567041,2020-01-23 00:00:00+00:00,French Finance Minister Le Maire Says Has Reached Agreement With U.S on the Basis for Discussions on Digital Tax,GOOGL,https://www.benzinga.com/news/20/01/15169834/french-finance-minister-le-maire-says-has-reached-agreement-with-u-s-on-the-basis-for-discussions-on,Charles Gross,,,,,,,positive,0.912671446800232
567042,2020-01-23 00:00:00+00:00,UK Business Minister Leadsom Says We Are Going Ahead With the Digital Tax but We Need a Global Solution,GOOGL,https://www.benzinga.com/news/20/01/15169830/uk-business-minister-leadsom-says-we-are-going-ahead-with-the-digital-tax-but-we-need-a-global-solut,Charles Gross,,,,,,,neutral,0.5812633037567139
567043,2020-01-23 00:00:00+00:00,University Of Minnesota Student Imprisoned In China For Tweets Critical Of Chinese Government,GOOGL,https://www.benzinga.com/government/20/01/15169189/university-of-minnesota-student-imprisoned-in-china-for-tweets-critical-of-chinese-government,Amit Nag,,,,,,,negative,0.8728491067886353
567044,2020-01-22 00:00:00+00:00,Researchers In Google's Cloud Team Identified 5 Different Types Of Potential Attack Allowing Third Parties To Obtain Sensitive Private Information,GOOGL,https://www.benzinga.com/news/20/01/15165601/researchers-in-googles-cloud-team-identified-5-different-types-of-potential-attack-allowing-third-pa,Benzinga Newsdesk,,,,,,,neutral,0.8199037313461304
567045,2020-01-22 00:00:00+00:00,"Apple's Privacy Software Allowed Users To Be Tracked, Says Google",GOOGL,https://www.benzinga.com/news/20/01/15165571/apples-privacy-software-allowed-users-to-be-tracked-says-google,Benzinga Newsdesk,,,,,,,neutral,0.9353227615356444
567046,2020-01-22 00:00:00+00:00,Stocks That Hit 52-Week Highs On Wednesday,GOOGL,https://www.benzinga.com/news/20/01/15163983/stocks-that-hit-52-week-highs-on-wednesday,Lisa Levin,,,,,,,neutral,0.6686745285987854
567047,2020-01-22 00:00:00+00:00,GM-Backed Cruise's Self-Driving Robo-Taxi Revealed,GOOGL,https://www.benzinga.com/news/20/01/15160801/gm-backed-cruises-self-driving-robo-taxi-revealed,Amit Nag,,,,,,,neutral,0.8772854804992676
567048,2020-01-21 00:00:00+00:00,Stocks That Hit 52-Week Highs On Tuesday,GOOGL,https://www.benzinga.com/news/20/01/15155396/stocks-that-hit-52-week-highs-on-tuesday,Lisa Levin,,,,,,,neutral,0.7068986296653748
567049,2020-01-21 00:00:00+00:00,"Macron, Trump Agree To Hold Off Tit-For-Tat Tariffs",GOOGL,https://www.benzinga.com/government/20/01/15152356/macron-trump-agree-to-hold-off-tit-for-tat-tariffs,Amit Nag,,,,,,,neutral,0.8320869207382202
567050,2020-01-21 00:00:00+00:00,"Morgan Stanley Maintains Overweight on Alphabet, Raises Price Target to $1,560",GOOGL,https://www.benzinga.com/news/20/01/15153620/morgan-stanley-maintains-overweight-on-alphabet-raises-price-target-to-1-560,Vick Meyer,,,,,,,positive,0.822373628616333
567051,2020-01-21 00:00:00+00:00,Huawei Partners With TomTom To Develop Google Maps Alternative,GOOGL,https://www.benzinga.com/news/20/01/15151663/huawei-partners-with-tomtom-to-develop-google-maps-alternative,Amit Nag,,,,,,,positive,0.7112812399864197
567052,2020-01-20 00:00:00+00:00,"Macron, Trump Declare Truce on Digital Tax Dispute",GOOGL,https://www.benzinga.com/news/20/01/15151195/macron-trump-declare-truce-on-digital-tax-dispute,Charles Gross,,,,,,,neutral,0.7645904421806335
567053,2020-01-19 00:00:00+00:00,4 ETFs For Alphabet's Ascent Into The Four Comma Club,GOOGL,https://www.benzinga.com/trading-ideas/long-ideas/20/01/15147834/4-etfs-for-alphabets-ascent-into-the-four-comma-club,ETF Professor,,,,,,,neutral,0.4971055388450622
567054,2020-01-17 00:00:00+00:00,9 Takeaways From The JPMorgan Healthcare Conference,GOOGL,https://www.benzinga.com/analyst-ratings/analyst-color/20/01/15144617/9-takeaways-from-the-jpmorgan-healthcare-conference,Shanthi Rexaline,,,,,,,neutral,0.901329219341278
567055,2020-01-17 00:00:00+00:00,Stocks That Hit 52-Week Highs On Friday,GOOGL,https://www.benzinga.com/news/20/01/15144632/stocks-that-hit-52-week-highs-on-friday,Lisa Levin,,,,,,,neutral,0.7065428495407104
567056,2020-01-17 00:00:00+00:00,"UPDATE: UBS Maintains Buy on Alphabet, Raises Price Target to $1.675K As Firm Continues 'to see Cloud as an area where GOOG management will continue heavy levels of investment to maintain/build upon recent end market success'",GOOGL,https://www.benzinga.com/analyst-ratings/analyst-color/20/01/15143434/update-ubs-maintains-buy-on-alphabet-raises-price-target-to-1-675k-as-firm-continue,Benzinga Newsdesk,,,,,,,positive,0.933521568775177
567057,2020-01-17 00:00:00+00:00,Twitch's Viewership Declined In Q4 After Popular Streamers Left The Platform: Report,GOOGL,https://www.benzinga.com/news/earnings/20/01/15140882/twitchs-viewership-declined-in-q4-after-popular-streamers-left-the-platform-report,Amit Nag,,,,,,,negative,0.9591794013977052
567058,2020-01-17 00:00:00+00:00,"Microsoft Commits To Go 'Carbon Negative' By 2030, Creates $1B Fund For Climate Innovation",GOOGL,https://www.benzinga.com/news/20/01/15140620/microsoft-commits-to-go-carbon-negative-by-2030-creates-1b-fund-for-climate-innovation,Neer Varshney,,,,,,,neutral,0.6723293662071228
567059,2020-01-16 00:00:00+00:00,"Google Parent Company Alphabet Joins The $1 Trillion Club With Apple, Microsoft, Aramco",GOOGL,https://www.benzinga.com/news/earnings/20/01/15140424/google-parent-company-alphabet-joins-the-trillion-dollar-club-with-apple-microsoft-aramco,Neer Varshney,,,,,,,neutral,0.8904614448547363
567060,2020-01-16 00:00:00+00:00,Alphabet Inc. Market Cap Hits $1 Trillion,GOOGL,https://www.benzinga.com/news/20/01/15138276/alphabet-inc-market-cap-hits-1-trillion,Benzinga Newsdesk,,,,,,,neutral,0.4629955887794494
567061,2020-01-16 00:00:00+00:00,"Analyst: Amazon, Wayfair Big Winners From Impressive Online Holiday Sales Growth",GOOGL,https://www.benzinga.com/analyst-ratings/analyst-color/20/01/15135902/analyst-amazon-wayfair-big-winners-from-impressive-online-holiday-sales-growth,Wayne Duggan,,,,,,,positive,0.9486281871795654
567062,2020-01-16 00:00:00+00:00,Stocks That Hit 52-Week Highs On Thursday,GOOGL,https://www.benzinga.com/news/20/01/15135505/stocks-that-hit-52-week-highs-on-thursday,Lisa Levin,,,,,,,neutral,0.6795796155929565
567063,2020-01-16 00:00:00+00:00,"AirAsia Partners With Google To Reskill Staff, Launches Tech Academy",GOOGL,https://www.benzinga.com/news/20/01/15132210/airasia-partners-with-google-to-reskill-staff-launches-tech-academy,Neer Varshney,,,,,,,neutral,0.4924510419368744
567064,2020-01-15 00:00:00+00:00,Criteo Comments on Google Chrome Privacy Enhancements,GOOGL,https://www.benzinga.com/news/20/01/15125052/criteo-comments-on-google-chrome-privacy-enhancements,Charles Gross,,,,,,,neutral,0.8979875445365906
567065,2020-01-15 00:00:00+00:00,"Grindr, Tinder, OkCupid, Makeup, Kids And Prayer Apps Spreading User Data: Report",GOOGL,https://www.benzinga.com/news/20/01/15124500/grindr-tinder-okcupid-makeup-kids-and-prayer-apps-spreading-user-data-report,Neer Varshney,,,,,,,neutral,0.9459102153778076
567066,2020-01-14 00:00:00+00:00,Bears Fawning For FANG With A Newly Upsized ETN,GOOGL,https://www.benzinga.com/trading-ideas/long-ideas/20/01/15116330/bears-fawning-for-fang-with-a-newly-upsized-etn,ETF Professor,,,,,,,positive,0.6531556844711304
567067,2020-01-14 00:00:00+00:00,"Google Purchases Appsheet, No Terms Disclosed",GOOGL,https://www.benzinga.com/m-a/20/01/15122314/google-purchases-appsheet-no-terms-disclosed,Benzinga Newsdesk,,,,,,,neutral,0.9509217739105223
567068,2020-01-14 00:00:00+00:00,"10 Most Trusted Brands In America: US Postal Service, Amazon Top The List",GOOGL,https://www.benzinga.com/news/20/01/15120502/10-most-trusted-brands-in-america-us-postal-service-amazon-top-the-list,Elizabeth Balboa,,,,,,,neutral,0.7761482000350952
567069,2020-01-14 00:00:00+00:00,"Are You Ready For Some Esports? League Of Legends Will Add 'Monday Night League' Games On Website, YouTube, Twitch",GOOGL,https://www.benzinga.com/general/sports/20/01/15120615/are-you-ready-for-some-esports-league-of-legends-will-add-monday-night-league-games-on-website-you,Dave Royse,,,,,,,neutral,0.944030225276947
567070,2020-01-14 00:00:00+00:00,Cramer Weighs In On Whether Alphabet Is Worth $1 Trillion,GOOGL,https://www.benzinga.com/tech/20/01/15119886/cramer-weighs-in-on-whether-alphabet-is-worth-1-trillion,Jayson Derrick,,,,,,,neutral,0.8494037985801697
567071,2020-01-14 00:00:00+00:00,'Google is buying an Irish retail search startup called Pointy' -Business Insider,GOOGL,https://www.benzinga.com/m-a/20/01/15120168/google-is-buying-an-irish-retail-search-startup-called-pointy-business-insider,Benzinga Newsdesk,,,,,,,neutral,0.8578193783760071
567072,2020-01-14 00:00:00+00:00,"Microsoft CEO Criticizes India's Exclusionary Citizenship Law, Compares To US Experience",GOOGL,https://www.benzinga.com/government/20/01/15116865/microsoft-ceo-criticizes-indias-exclusionary-citizenship-law-compares-to-us-experience,Neer Varshney,,,,,,,negative,0.9364220499992372
567073,2020-01-13 00:00:00+00:00,"Evercore ISI Group Maintains Outperform on Alphabet, Raises Price Target to $1.6K",GOOGL,https://www.benzinga.com/news/20/01/15112751/evercore-isi-group-maintains-outperform-on-alphabet-raises-price-target-to-1-6k,Benzinga_Newsdesk,,,,,,,positive,0.9078214764595032
567074,2020-01-10 00:00:00+00:00,Stocks That Hit 52-Week Highs On Friday,GOOGL,https://www.benzinga.com/news/20/01/15106362/stocks-that-hit-52-week-highs-on-friday,Lisa Levin,,,,,,,neutral,0.7065428495407104
567075,2020-01-10 00:00:00+00:00,"Benzinga's Top Upgrades, Downgrades For January 10, 2020",GOOGL,https://www.benzinga.com/analyst-ratings/upgrades/20/01/15106352/benzingas-top-upgrades-downgrades-for-january-10-2020,Lisa Levin,,,,,,,negative,0.6374117136001587
567076,2020-01-10 00:00:00+00:00,"Bernstein Initiates Coverage On Alphabet with Outperform Rating, Announces $1.6K Price Target",GOOGL,https://www.benzinga.com/news/20/01/15103969/bernstein-initiates-coverage-on-alphabet-with-outperform-rating-announces-1-6k-price-target,Benzinga_Newsdesk,,,,,,,neutral,0.498825341463089
567077,2020-01-10 00:00:00+00:00,Facebook Refuses To Limit Political Ads But Gives Users More Control Over Them,GOOGL,https://www.benzinga.com/news/20/01/15103166/facebook-refuses-to-limit-political-ads-but-gives-users-more-control-over-them,Amit Nag,,,,,,,neutral,0.9316735863685608
567078,2020-01-10 00:00:00+00:00,"Spotify, YouTube, Other Streaming Platforms Exceed Trillion In 2019",GOOGL,https://www.benzinga.com/news/20/01/15103032/spotify-youtube-other-streaming-platforms-exceed-trillion-in-2019,Neer Varshney,,,,,,,neutral,0.8746477961540222
567079,2020-01-09 00:00:00+00:00,"Bernstein Initiates Coverage On Facebook And Google With Outperform Ratings; Firm Also Initiates Coverage On Amazon At Market Perform, Citing Exposure To Retail And Regulatory Concerns",GOOGL,https://www.benzinga.com/analyst-ratings/analyst-color/20/01/15102620/bernstein-initiates-coverage-on-facebook-and-google-with-outperform-ratings-firm-al,Benzinga Newsdesk,,,,,,,neutral,0.5323745012283325
567080,2020-01-09 00:00:00+00:00,Stocks That Hit 52-Week Highs On Thursday,GOOGL,https://www.benzinga.com/news/20/01/15101221/stocks-that-hit-52-week-highs-on-thursday,Lisa Levin,,,,,,,neutral,0.6795796155929565
567081,2020-01-09 00:00:00+00:00,"Billionaire Gives Away $9M As 'Social Experiment,' Breaks Twitter Records",GOOGL,https://www.benzinga.com/news/20/01/15096279/billionaire-gives-away-9m-as-social-experiment-breaks-twitter-records,Neer Varshney,,,,,,,negative,0.748734176158905
567082,2020-01-09 00:00:00+00:00,Google's Travel Site Updated To Provide More Info,GOOGL,https://www.benzinga.com/news/20/01/15096098/googles-travel-site-updated-to-provide-more-info,Amit Nag,,,,,,,neutral,0.9285524487495422
567083,2020-01-07 00:00:00+00:00,'Sonos sues Google for allegedly swiping speaker tech' -Washington Post,GOOGL,https://www.benzinga.com/news/20/01/15087093/sonos-sues-google-for-allegedly-swiping-speaker-tech-washington-post,Benzinga Newsdesk,,,,,,,negative,0.7611076831817627
567084,2020-01-06 00:00:00+00:00,Alphabet shares are trading higher after Pivotal Researched upgraded the stock from Hold to Buy and raised the price target from $1.445k to $1.65k per share.,GOOGL,https://www.benzinga.com/wiim/20/01/15076474/alphabet-shares-are-trading-higher-after-pivotal-researched-upgraded-the-stock-from-hold-to-buy-and,Benzinga Newsdesk,,,,,,,positive,0.9503302574157716
567085,2020-01-05 00:00:00+00:00,"Barron's Picks And Pans: Amazon, Dine Brands, Walgreens And More",GOOGL,https://www.benzinga.com/media/20/01/15072946/barrons-picks-and-pans-amazon-dine-brands-walgreens-and-more,Nelson Hem,,,,,,,neutral,0.9406306147575378
567086,2020-01-03 00:00:00+00:00,"Benzinga's Top Upgrades, Downgrades For January 3, 2020",GOOGL,https://www.benzinga.com/analyst-ratings/upgrades/20/01/15067917/benzingas-top-upgrades-downgrades-for-january-3-2020,Lisa Levin,,,,,,,negative,0.5793435573577881
567087,2020-01-03 00:00:00+00:00,'@Xiaomi said Friday it had fixed a bug and communicated with @Google n response to the US firm disabling #Xiaomi link to Assistant and Google Home after a user reported seeing footage from other cameras.' -China's Global Times,GOOGL,https://www.benzinga.com/news/20/01/15066570/xiaomi-said-friday-it-had-fixed-a-bug-and-communicated-with-google-n-response-to-the-us-firm-disabli,Benzinga Newsdesk,,,,,,,negative,0.8702871203422546
567088,2020-01-03 00:00:00+00:00,Amazon To Employee Climate Activists: Toe The Line Or Get Fired,GOOGL,https://www.benzinga.com/news/20/01/15065527/amazon-to-employee-climate-activists-toe-the-line-or-get-fired,Neer Varshney,,,,,,,neutral,0.6987441778182983
567089,2020-01-02 00:00:00+00:00,12 Stocks That Have Been The World's Most Valuable Company,GOOGL,https://www.benzinga.com/general/education/20/01/15061903/12-stocks-that-have-been-the-worlds-most-valuable-company,Wayne Duggan,,,,,,,neutral,0.8427697420120239
567090,2020-01-02 00:00:00+00:00,"Nomura Internet Stock Preview For The Year: Buy Google, Activision Blizzard",GOOGL,https://www.benzinga.com/analyst-ratings/analyst-color/20/01/15061332/nomura-internet-stock-preview-for-the-year-buy-google-activision-blizzard,Elizabeth Balboa,,,,,,,neutral,0.9333008527755736
567091,2020-01-02 00:00:00+00:00,Google Says Its AI Sometimes Outperforms Human Doctors In Detecting Cancer,GOOGL,https://www.benzinga.com/general/health-care/20/01/15061002/google-says-its-ai-sometimes-outperforms-human-doctors-in-detecting-cancer,Jayson Derrick,,,,,,,positive,0.8187369108200073
567092,2020-01-01 00:00:00+00:00,"New Horizons: Virgin Galactic Debuts, China's Moon Landing, Female Space Walk And More",GOOGL,https://www.benzinga.com/news/20/01/15052810/new-horizons-virgin-galactic-debuts-chinas-moon-landing-female-space-walk-and-more,Dave Royse,,,,,,,neutral,0.9199012517929076
567093,2019-12-31 00:00:00+00:00,10 Things You Stopped Using This Decade,GOOGL,https://www.benzinga.com/general/education/19/12/15034558/10-things-you-stopped-using-this-decade,Elizabeth Balboa,,,,,,,neutral,0.8953240513801575
567094,2019-12-31 00:00:00+00:00,"Google Will Scrap Dutch, Irish IP Licensing System, Will Return IP To US",GOOGL,https://www.benzinga.com/news/19/12/15056025/google-will-scrap-dutch-irish-ip-licensing-system-will-return-ip-to-us,Benzinga Newsdesk,,,,,,,neutral,0.9273711442947388
567095,2019-12-31 00:00:00+00:00,"Uber May Need to Curtail or Shut Down its Food Ordering Business in 2020 Due to Competition from Google, Others Says Analyst",GOOGL,https://www.benzinga.com/news/19/12/15055124/uber-may-need-to-curtail-or-shut-down-its-food-ordering-business-in-2020-due-to-competition-from-goo,Charles Gross,,,,,,,negative,0.9527463912963868
567096,2019-12-30 00:00:00+00:00,YouTube To Limit Data It Collects On Kids Videos,GOOGL,https://www.benzinga.com/news/19/12/15051755/youtube-to-limit-data-it-collects-on-kids-videos,Jayson Derrick,,,,,,,negative,0.5653032064437866
567097,2019-12-30 00:00:00+00:00,34 CEOs Who Resigned Or Were Fired In 2019,GOOGL,https://www.benzinga.com/news/19/12/15041886/34-ceos-who-resigned-or-were-fired-in-2019,Elizabeth Balboa,,,,,,,negative,0.8723039627075195
567098,2019-12-30 00:00:00+00:00,Amazon Pays 13 Times More In Taxes With Hopes To Expand Business In Japan,GOOGL,https://www.benzinga.com/news/19/12/15049968/amazon-pays-13-times-more-in-taxes-with-hopes-to-increase-business-in-japan,Neer Varshney,,,,,,,positive,0.8248072266578674
567099,2019-12-27 00:00:00+00:00,Stocks That Hit 52-Week Highs On Friday,GOOGL,https://www.benzinga.com/news/19/12/15047352/stocks-that-hit-52-week-highs-on-friday,Lisa Levin,,,,,,,neutral,0.7065428495407104
567100,2019-12-27 00:00:00+00:00,"YouTube Calls Crypto Video Removal An 'Error,' But Many Still Not Reinstated",GOOGL,https://www.benzinga.com/markets/cryptocurrency/19/12/15044909/youtube-calls-crypto-videos-removal-an-error-but-many-still-not-reinstated,Neer Varshney,,,,,,,negative,0.9139232635498048
567101,2019-12-26 00:00:00+00:00,Federal Aviation Administration Suggests Remote Tracking For Drones,GOOGL,https://www.benzinga.com/government/19/12/15044839/federal-aviation-administration-suggests-remote-tracking-for-drones,Amit Nag,,,,,,,neutral,0.9135326147079468
567102,2019-12-26 00:00:00+00:00,"Gene Munster Talks Tesla's Opportunity, Apple's Valuation, Netflix's Headwinds",GOOGL,https://www.benzinga.com/analyst-ratings/analyst-color/19/12/15042829/gene-munster-talks-teslas-opportunity-apples-valuation-netflixs-headwinds,Wayne Duggan,,,,,,,neutral,0.9095526933670044
567103,2019-12-26 00:00:00+00:00,White House Says FAA Proposal Is 'Critical Step To Safely Integrate Commercial Drones Into The National Airspace',GOOGL,https://www.benzinga.com/news/19/12/15042681/white-house-says-faa-proposal-is-critical-step-to-safely-integrate-commercial-drones-into-the-nation,Benzinga Newsdesk,,,,,,,positive,0.8476976156234741
567104,2019-12-26 00:00:00+00:00,FAA Says It Expects All Drones Would Be In Compliance Within Three Years Of Finalizing Rule,GOOGL,https://www.benzinga.com/news/19/12/15042673/faa-says-it-expects-all-drones-would-be-in-compliance-within-three-years-of-finalizing-rule,Benzinga Newsdesk,,,,,,,positive,0.832162618637085
567105,2019-12-26 00:00:00+00:00,U.S. Federal Aviation Administration Proposes Requiring Nearly All U.S. Drones To Be Equipped With Remote Tracking Technology,GOOGL,https://www.benzinga.com/news/19/12/15042668/u-s-federal-aviation-administration-proposes-requiring-nearly-all-u-s-drones-to-be-equipped-with-rem,Benzinga Newsdesk,,,,,,,neutral,0.8142410516738892
567106,2019-12-26 00:00:00+00:00,YouTube Allegedly Taking Down Cryptocurrency-Related Videos From Its Platform,GOOGL,https://www.benzinga.com/markets/cryptocurrency/19/12/15040490/youtube-allegedly-taking-down-cryptocurrency-related-videos-from-its-platform,Neer Varshney,,,,,,,negative,0.9254642724990844
567107,2019-12-25 00:00:00+00:00,Google Announces Pricing for First Stadia Games,GOOGL,https://www.benzinga.com/news/19/12/15040322/google-announces-pricing-for-first-stadia-games,Charles Gross,,,,,,,neutral,0.9368520379066468
567108,2019-12-23 00:00:00+00:00,"AFP Tweets: Apple told AFP that ToTok was removed from its App Store pending a review, while Google said it was taken down from the Play Store ""for a policy issue""",GOOGL,https://www.benzinga.com/news/19/12/15037926/afp-tweets-apple-told-afp-that-totok-was-removed-from-its-app-store-pending-a-review-while-google-sa,Charles Gross,,,,,,,negative,0.9358120560646056
567109,2019-12-23 00:00:00+00:00,Google Buys Typhoon Studios To Bolster Stadia,GOOGL,https://www.benzinga.com/m-a/19/12/15035473/google-buys-typhoon-studios-to-bolster-stadia,Dave Royse,,,,,,,positive,0.781132698059082
567110,2019-12-21 00:00:00+00:00,Can Google Ever Catch Amazon And Microsoft In The Cloud?,GOOGL,https://www.benzinga.com/analyst-ratings/analyst-color/19/12/15027313/can-google-ever-catch-amazon-and-microsoft-in-the-cloud,Dave Royse,,,,,,,neutral,0.92593652009964
567111,2019-12-20 00:00:00+00:00,Google Fined 150M Euros by France,GOOGL,https://www.benzinga.com/news/19/12/15023533/google-fined-150m-euros-by-france,Charles Gross,,,,,,,negative,0.9409738779067992
567112,2019-12-19 00:00:00+00:00,Google Announces Independent Game Developer Typhoon Studios Has Joined Stadia,GOOGL,https://www.benzinga.com/tech/19/12/15019655/google-announces-independent-game-developer-typhoon-studios-has-joined-stadia,Benzinga Newsdesk,,,,,,,neutral,0.9344199299812316
567113,2019-12-19 00:00:00+00:00,Google Shares Unaffected Following Earlier Bloomberg Article 'Facebook Pursues Music Video Rights in Challenge to YouTube',GOOGL,https://www.benzinga.com/news/19/12/15018640/google-shares-unaffected-following-earlier-bloomberg-article-facebook-pursues-music-video-rights-in,Benzinga Newsdesk,,,,,,,negative,0.6087724566459656
567114,2019-12-19 00:00:00+00:00,'Something Wrong With The Silicon Valley Propaganda': Peter Thiel Talks About Tech And Trump,GOOGL,https://www.benzinga.com/news/19/12/15015582/something-wrong-with-the-silicon-valley-propaganda-peter-thiel-talks-about-tech-and-trump,Neer Varshney,,,,,,,negative,0.626258909702301
567115,2019-12-18 00:00:00+00:00,"Why Alexa, Siri Are Teaming Up",GOOGL,https://www.benzinga.com/news/19/12/15012669/why-alexa-siri-are-teaming-up,Jayson Derrick,,,,,,,neutral,0.90067058801651
567116,2019-12-18 00:00:00+00:00,Google Resolves Long-Running Tax Dispute With Australia,GOOGL,https://www.benzinga.com/government/19/12/15008542/google-resolves-long-running-tax-dispute-with-australia,Amit Nag,,,,,,,negative,0.6760302782058716
567117,2019-12-18 00:00:00+00:00,'Google and Amazon to create common tech platform for smart home devices' -AFP,GOOGL,https://www.benzinga.com/tech/19/12/15010018/google-and-amazon-to-create-common-tech-platform-for-smart-home-devices-afp,Benzinga Newsdesk,,,,,,,neutral,0.6747651696205139
567118,2019-12-18 00:00:00+00:00,"Blockchain Startup Raises $15M From Stanford And LinkedIn, Yahoo Co-Founders",GOOGL,https://www.benzinga.com/markets/cryptocurrency/19/12/15008560/blockchain-startup-raises-15m-from-stanford-and-linkedin-yahoo-co-founders,Neer Varshney,,,,,,,positive,0.9027549028396606
567119,2019-12-18 00:00:00+00:00,UK's CMA Says There Is 'A Strong Argument For Development Of New Regulatory Regime' For Digital Markets; It Is Also Concerned About Lack Of Transparency In Way That Business Work On Platforms Such As Facebook And Google,GOOGL,https://www.benzinga.com/government/19/12/15008976/uks-cma-says-there-is-a-strong-argument-for-development-of-new-regulatory-regime-for-digital-markets,Benzinga Newsdesk,,,,,,,neutral,0.6265256404876709
567120,2019-12-17 00:00:00+00:00,Stocks That Hit 52-Week Highs On Tuesday,GOOGL,https://www.benzinga.com/news/19/12/15004092/stocks-that-hit-52-week-highs-on-tuesday,Lisa Levin,,,,,,,neutral,0.7068986296653748
567121,2019-12-16 00:00:00+00:00,Google Cloud And Palo Alto Networks Expand Strategic Partnership,GOOGL,https://www.benzinga.com/tech/19/12/14997147/google-cloud-and-palo-alto-networks-expand-strategic-partnership,Benzinga Newsdesk,,,,,,,positive,0.9013645052909852
567122,2019-12-16 00:00:00+00:00,PewDiePie Says He Will Take A Break From YouTube In 2020,GOOGL,https://www.benzinga.com/news/19/12/14993225/most-followed-blogger-pewdiepie-says-he-will-take-a-break-from-youtube-in-2020,Neer Varshney,,,,,,,neutral,0.8952532410621643
567123,2019-12-13 00:00:00+00:00,"FTC's Look Into Facebook A 'Negative Development,' Says RBC's Mahaney",GOOGL,https://www.benzinga.com/analyst-ratings/analyst-color/19/12/14987614/ftcs-look-into-facebook-a-negative-development-says-rbcs-mahaney,Jayson Derrick,,,,,,,negative,0.9618300795555116
567124,2019-12-13 00:00:00+00:00,"Angela Merkel The Most Powerful Woman On Forbes 2019 List, Thunberg The Youngest",GOOGL,https://www.benzinga.com/news/19/12/14985833/angela-merkel-the-most-powerful-woman-on-forbes-2019-list-thunberg-the-youngest,Neer Varshney,,,,,,,neutral,0.8876452445983887
567125,2019-12-13 00:00:00+00:00,YouTube's Music App Outpaces Spotify and Local Rivals in India,GOOGL,https://www.benzinga.com/news/19/12/14986165/youtubes-music-app-outpaces-spotify-and-local-rivals-in-india,Charles Gross,,,,,,,positive,0.9201802611351012
567126,2019-12-12 00:00:00+00:00,"Facebook, Google Are No Longer The Best Places To Work: Glassdoor",GOOGL,https://www.benzinga.com/news/19/12/14977111/facebook-google-are-no-longer-the-best-places-to-work-glassdoor,Amit Nag,,,,,,,neutral,0.859598696231842
567127,2019-12-11 00:00:00+00:00,'An update to our harassment policy' -YouTube Blog,GOOGL,https://www.benzinga.com/news/19/12/14971899/an-update-to-our-harassment-policy-youtube-blog,Benzinga Newsdesk,,,,,,,neutral,0.9178289771080016
567128,2019-12-11 00:00:00+00:00,There's A New Trading Tool That Allows Traders To Trade Cannabis With Leverage,GOOGL,https://www.benzinga.com/markets/cannabis/19/12/14971438/theres-a-new-trading-tool-that-allows-traders-to-trade-cannabis-with-leverage,Spencer Israel,,,,,,,neutral,0.84832763671875
567129,2019-12-10 00:00:00+00:00,"Citi CFO, Currently Speaking At Goldman US Financial Services Conference, Says, Referring To Partnership With Google, Google Will Not Have Underyling Banking Data",GOOGL,https://www.benzinga.com/news/19/12/14966389/citi-cfo-currently-speaking-at-goldman-us-financial-services-conference-says-referring-to-partnershi,Benzinga Newsdesk,,,,,,,positive,0.604088306427002
567130,2019-12-10 00:00:00+00:00,Walmart Testing Driverless Grocery Delivery,GOOGL,https://www.benzinga.com/news/19/12/14965397/walmart-testing-driverless-grocery-delivery,FreightWaves,,,,,,,neutral,0.9139721989631652
567131,2019-12-10 00:00:00+00:00,"Fitbit Shares Dip To Session Low, Down 1.9% Over Last Min. As Hearing Alphabet Deal For Fitbit Is Facing A Dept. Of Justice Probe",GOOGL,https://www.benzinga.com/m-a/19/12/14965055/fitbit-shares-dip-to-session-low-down-1-9-over-last-min-as-hearing-alphabet-deal-for-fitbit-is-facin,Benzinga Newsdesk,,,,,,,negative,0.972407341003418
567132,2019-12-09 00:00:00+00:00,"Huawei Ban Is Hurting Other Smartphone Makers, Including Apple",GOOGL,https://www.benzinga.com/news/19/12/14959689/huawei-ban-is-hurting-other-smartphone-makers-including-apple,Neer Varshney,,,,,,,negative,0.9641669392585754
567133,2019-12-09 00:00:00+00:00,eBay Leaving Investors Bruised – Is It In Trouble?,GOOGL,https://www.benzinga.com/news/19/12/14954944/ebay-leaving-investors-bruised-is-it-in-trouble,IAM Newswire,,,,,,,negative,0.8153389096260071
567134,2019-12-09 00:00:00+00:00,Jorjin Chairman Says Smart Glasses May Replace Smartphones,GOOGL,https://www.benzinga.com/news/19/12/14952460/jorjin-chairman-says-smart-glasses-may-replace-smartphones,Charles Gross,,,,,,,neutral,0.6838746070861816
567135,2019-12-08 00:00:00+00:00,Big Tech Firms Pose Global Financial Stability Risks: FSB Report,GOOGL,https://www.benzinga.com/fintech/19/12/14951730/big-tech-firms-pose-global-financial-stability-risks-fsb-report,Neer Varshney,,,,,,,neutral,0.8714947700500488
567136,2019-12-08 00:00:00+00:00,6 Ways To Control Your Child's Screen Time Around The Holidays,GOOGL,https://www.benzinga.com/general/psychology/19/12/14888630/6-ways-to-control-your-childs-screen-time-around-the-holidays,Dave Royse,,,,,,,neutral,0.930356740951538
567137,2019-12-08 00:00:00+00:00,"Barron's Picks And Pans: Alphabet, Capital One, Macy's, Skechers And More",GOOGL,https://www.benzinga.com/media/19/12/14950860/barrons-picks-and-pans-alphabet-capital-one-macys-skechers-and-more,Nelson Hem,,,,,,,neutral,0.942287266254425
567138,2019-12-06 00:00:00+00:00,"EA, Cloudera And More 'Fast Money Halftime Report' Picks From Dec. 6",GOOGL,https://www.benzinga.com/media/19/12/14949333/ea-cloudera-and-more-fast-money-halftime-report-picks-from-dec-6,Craig Jones,,,,,,,neutral,0.9474878311157228
567139,2019-12-06 00:00:00+00:00,Stocks That Hit 52-Week Highs On Friday,GOOGL,https://www.benzinga.com/news/19/12/14946306/stocks-that-hit-52-week-highs-on-friday,Lisa Levin,,,,,,,neutral,0.7065428495407104
567140,2019-12-06 00:00:00+00:00,Next Decade Could Belong To Cryptocurrency As Fiat System Crumbles: Deutsche Bank Research,GOOGL,https://www.benzinga.com/markets/cryptocurrency/19/12/14944195/next-decade-could-belong-to-cryptocurrency-as-fiat-system-crumbles-deutsche-bank-research,Neer Varshney,,,,,,,neutral,0.8366783857345581
567141,2019-12-06 00:00:00+00:00,Smart AR Glasses Shipments to Rise Significantly in 2023,GOOGL,https://www.benzinga.com/news/19/12/14943988/smart-ar-glasses-shipments-to-rise-significantly-in-2023,Charles Gross,,,,,,,positive,0.9460957646369934
567142,2019-12-05 00:00:00+00:00,"Bank Of America Downgrades F5 Networks, Negative Secular Trends Too Large To Ignore",GOOGL,https://www.benzinga.com/analyst-ratings/analyst-color/19/12/14937688/bank-of-america-downgrades-f5-networks-negative-secular-trends-too-large-to-ignore,Priya Nigam,,,,,,,negative,0.93818998336792
567143,2019-12-05 00:00:00+00:00,"Benzinga's Top Upgrades, Downgrades For December 5, 2019",GOOGL,https://www.benzinga.com/analyst-ratings/upgrades/19/12/14938345/benzingas-top-upgrades-downgrades-for-december-5-2019,Lisa Levin,,,,,,,negative,0.515025794506073
567144,2019-12-05 00:00:00+00:00,10 Biggest Price Target Changes For Thursday,GOOGL,https://www.benzinga.com/analyst-ratings/price-target/19/12/14937281/10-biggest-price-target-changes-for-thursday,Lisa Levin,,,,,,,neutral,0.7969076037406921
567145,2019-12-05 00:00:00+00:00,"Stifel Nicolaus Upgrades Alphabet to Buy, Raises Price Target to $1,525",GOOGL,https://www.benzinga.com/news/19/12/14936444/stifel-nicolaus-upgrades-alphabet-to-buy-raises-price-target-to-1-525,Vick Meyer,,,,,,,neutral,0.5763193964958191
567146,2019-12-04 00:00:00+00:00,"American Airlines Says Google Had A Brief Technical Issue That Impacted Multiple Carriers, Including American; Issue Now Resolved",GOOGL,https://www.benzinga.com/tech/19/12/14932390/american-airlines-says-google-had-a-brief-technical-issue-that-impacted-multiple-carriers-including,Benzinga Newsdesk,,,,,,,negative,0.9580208659172058
567147,2019-12-04 00:00:00+00:00,"Bank Of America On Alphabet Notes 'but we think initiatives with new advertising formats, Cloud traction, and YouTube content (what is YouTube in 5 years?), and any regulatory changes are much bigger factors in 2020'",GOOGL,https://www.benzinga.com/analyst-ratings/analyst-color/19/12/14932093/bank-of-america-on-google-notes-but-we-think-initiatives-with-new-advertising-forma,Benzinga_Newsdesk,,,,,,,neutral,0.6837601661682129
567148,2019-12-04 00:00:00+00:00,"Bank Of America On Alphabet Notes 'Also, there may be an opportunity for change in Alphabet's super-voting control stock structure over time. This could result in a slightly higher multiple'",GOOGL,https://www.benzinga.com/analyst-ratings/analyst-color/19/12/14932092/bank-of-america-on-alphabet-notes-also-there-may-be-an-opportunity-for-change-in-al,Benzinga_Newsdesk,,,,,,,neutral,0.7158282399177551
567149,2019-12-04 00:00:00+00:00,"Bank Of America Maintains Buy, $1.45K Target On Alphabet Notes 'With the founders taking a step back, we think Google is more likely to evolve its corporate philosophy to be more ""Street friendly"" over time'",GOOGL,https://www.benzinga.com/analyst-ratings/analyst-color/19/12/14932088/bank-of-america-maintains-buy-1-45k-target-on-alphabet-notes-with-the-founders-taki,Benzinga_Newsdesk,,,,,,,positive,0.6648719906806946
567150,2019-12-04 00:00:00+00:00,"'Congrats on the move, Larry Page! Quick reminder: We do still expect you to testify before Congress. And changing your title while staying on the board and retaining effective control of it will not exempt you from accountability' -Elizabeth Warren",GOOGL,https://www.benzinga.com/news/19/12/14931892/congrats-on-the-move-larry-page-quick-reminder-we-do-still-expect-you-to-testify-before-congress-and,Benzinga Newsdesk,,,,,,,neutral,0.8652703166007996
567151,2019-12-04 00:00:00+00:00,Did Alphabet's CEO Shuffle Come As A Surprise?,GOOGL,https://www.benzinga.com/analyst-ratings/analyst-color/19/12/14930353/did-alphabets-ceo-shuffle-come-as-a-surprise,Jayson Derrick,,,,,,,neutral,0.8745061755180359
567152,2019-12-04 00:00:00+00:00,"Boris Johnson Affirms Plan To Tax Facebook, Google Despite Trump Retaliation",GOOGL,https://www.benzinga.com/government/19/12/14929024/boris-johnson-affirms-plan-to-tax-facebook-google-despite-trump-retaliation,Elizabeth Balboa,,,,,,,neutral,0.7470694184303284
567153,2019-12-04 00:00:00+00:00,Sequoia Capital To Invest $3.4B In US And China,GOOGL,https://www.benzinga.com/news/19/12/14927020/sequoia-capital-to-invest-3-4-billion-in-us-and-china,Amit Nag,,,,,,,neutral,0.8531599044799805
567154,2019-12-03 00:00:00+00:00,Alphabet CEO Larry Page To Step Down; Google CEO Sundar Pichai Will Assume Dual Roles,GOOGL,https://www.benzinga.com/news/19/12/14925466/alphabet-ceo-larry-page-to-step-down-google-ceo-sundar-pichai-will-assume-dual-roles,Dave Royse,,,,,,,neutral,0.7590979933738708
567155,2019-12-03 00:00:00+00:00,"Mastercard, Wynn And More 'Fast Money Halftime Report' Picks From Dec. 3",GOOGL,https://www.benzinga.com/media/19/12/14925370/mastercard-wynn-and-more-fast-money-halftime-report-picks-from-dec-3,Craig Jones,,,,,,,neutral,0.9445651173591614
567156,2019-12-03 00:00:00+00:00,Larry Page To Step Down From Alphabet. Pichai To Be Ceo,GOOGL,https://www.benzinga.com/news/19/12/14925190/larry-page-to-step-down-from-alphabet-pichai-to-be-ceo,Benzinga Newsdesk,,,,,,,neutral,0.8784440159797668
567157,2019-12-03 00:00:00+00:00,Genius Media Group Inc. Sues Google Over Alleged Lifted Content; Genius Claims Lyrics Transcriptions on Google Search Contain Secret Watermark,GOOGL,https://www.benzinga.com/news/19/12/14922298/genius-media-group-inc-sues-google-over-alleged-lifted-content-genius-claims-lyrics-transcriptions-o,Benzinga Newsdesk,,,,,,,negative,0.9266842603683472
567158,2019-12-03 00:00:00+00:00,French President Macron Says French Digital Tax Doesn't Target United States Specifically; Says Digital Companies Whatever Their Nationality Compete Unfairly With Real Businesses,GOOGL,https://www.benzinga.com/news/19/12/14920976/french-president-macron-says-french-digital-tax-doesnt-target-united-states-specifically-says-digita,Benzinga Newsdesk,,,,,,,negative,0.4894967675209045
567159,2019-12-03 00:00:00+00:00,"Benzinga's Top Upgrades, Downgrades For December 3, 2019",GOOGL,https://www.benzinga.com/analyst-ratings/upgrades/19/12/14920869/benzingas-top-upgrades-downgrades-for-december-3-2019,Lisa Levin,,,,,,,negative,0.4947672188282013
567160,2019-12-03 00:00:00+00:00,10 Biggest Price Target Changes For Tuesday,GOOGL,https://www.benzinga.com/analyst-ratings/price-target/19/12/14919941/10-biggest-price-target-changes-for-tuesday,Lisa Levin,,,,,,,neutral,0.8152948617935181
567161,2019-12-03 00:00:00+00:00,"Piper Jaffray Initiates Coverage On Alphabet with Overweight Rating, Announces $1.5K Price Target",GOOGL,https://www.benzinga.com/news/19/12/14918484/piper-jaffray-initiates-coverage-on-alphabet-with-overweight-rating-announces-1-5k-price-target,Vick Meyer,,,,,,,neutral,0.7581118941307068
567162,2019-12-03 00:00:00+00:00,"Citigroup Assumes Alphabet at Buy, Raises $1,500 Price Target",GOOGL,https://www.benzinga.com/news/19/12/14918409/citigroup-assumes-alphabet-at-buy-raises-1-500-price-target,Vick Meyer,,,,,,,neutral,0.883554995059967
567163,2019-12-03 00:00:00+00:00,French Finance Minister Le Maire Say Digital Tax Proposal Remains Valid,GOOGL,https://www.benzinga.com/news/19/12/14918128/french-finance-minister-le-maire-say-digital-tax-proposal-remains-valid,Charles Gross,,,,,,,neutral,0.6636886596679688
567164,2019-12-03 00:00:00+00:00,"Macron's Comments On NATO 'Very, Very Nasty,' Trump Says",GOOGL,https://www.benzinga.com/government/19/12/14917994/macrons-comments-on-nato-very-very-nasty-trump-says,Neer Varshney,,,,,,,negative,0.9046232104301452
567165,2019-12-02 00:00:00+00:00,US Wants To Put 100% Tariffs On $2.4B French Imports,GOOGL,https://www.benzinga.com/government/19/12/14917487/us-wants-to-put-100-tariffs-on-2-4b-french-imports,Neer Varshney,,,,,,,neutral,0.6348024010658264
567166,2019-12-02 00:00:00+00:00,Infographic: What Would It Take To Break Up The FAAMG Stocks?,GOOGL,https://www.benzinga.com/government/19/12/14914962/infographic-what-would-it-take-to-break-up-the-faamg-stocks,Spencer Israel,,,,,,,neutral,0.9300006031990052
567167,2019-12-02 00:00:00+00:00,Alphabet's YouTube and Google Took Down More Than 300 Trump Ads,GOOGL,https://www.benzinga.com/news/19/12/14909812/alphabets-youtube-and-google-took-down-more-than-300-trump-ads,Neer Varshney,,,,,,,negative,0.8891817331314087
567168,2019-12-01 00:00:00+00:00,This Industry ETF Is Usually A December Winner,GOOGL,https://www.benzinga.com/trading-ideas/long-ideas/19/12/14908253/this-industry-etf-is-usually-a-december-winner,ETF Professor,,,,,,,neutral,0.9371852278709412
567169,2019-11-30 00:00:00+00:00,EU Antitrust Regulators Say They're Investigating Google's Data Collection,GOOGL,https://www.benzinga.com/news/19/11/14908319/eu-antitrust-regulators-say-theyre-investigating-googles-data-collection,Charles Gross,,,,,,,negative,0.7233978509902954
567170,2019-11-29 00:00:00+00:00,Bitcoin Vs FANG: A Pseudo-Analysis Of Traditional Equity Assets Compared To Emerging Crypto Assets,GOOGL,https://www.benzinga.com/markets/cryptocurrency/19/11/14905267/bitcoin-vs-faang-a-pseudo-analysis-of-traditional-equity-assets-compared-to-emerging-crypt,Ofir Eyal Bar,,,,,,,neutral,0.6007558703422546
567171,2019-11-26 00:00:00+00:00,Trump Campaign Says Google Policy Disproportionately Hurts GOP,GOOGL,https://www.benzinga.com/news/19/11/14888308/trump-campaign-says-google-policy-disproportionately-hurts-gop,Benzinga Newsdesk,,,,,,,negative,0.962413728237152
567172,2019-11-26 00:00:00+00:00,15 Highest-Rated Analyst Stock Picks In The S&P 500,GOOGL,https://www.benzinga.com/general/education/19/11/14885374/15-highest-rated-analyst-stock-picks-in-the-s-p-500,Wayne Duggan,,,,,,,positive,0.6456352472305298
567173,2019-11-26 00:00:00+00:00,"Fitbit Shares Up 3% Premarket; Proxy Filing From Late Mon. Showed Details Of Co.'s Bidding Process Over Aug., Sept., Oct.",GOOGL,https://www.benzinga.com/m-a/19/11/14884172/fitbit-shares-up-3-premarket-proxy-filing-from-late-mon-showed-details-of-co-s-bidding-process-over,Benzinga Newsdesk,,,,,,,positive,0.7850261330604553
567174,2019-11-26 00:00:00+00:00,Google Fires Four Employee Activists For 'Data Security Breach',GOOGL,https://www.benzinga.com/news/19/11/14882711/google-fires-four-employee-activists-for-data-security-breach,Neer Varshney,,,,,,,negative,0.9522340893745422
567175,2019-11-25 00:00:00+00:00,Black Friday For Gamers: The Biggest Video Game Deals This Holiday Season,GOOGL,https://www.benzinga.com/news/19/11/14860596/black-friday-for-gamers-the-biggest-video-game-deals-this-holiday-season,Dave Royse,,,,,,,negative,0.7142839431762695
567176,2019-11-25 00:00:00+00:00,"What You Should Know About Viagogo, The Company That Just Bought StubHub",GOOGL,https://www.benzinga.com/m-a/19/11/14877141/what-you-should-know-about-viagogo-the-company-that-just-bought-stubhub,Dave Royse,,,,,,,neutral,0.9362391233444214
567177,2019-11-21 00:00:00+00:00,Alphabet's Loon Subsidiary Has Agreed With Internet Para Todos Peru To Use High-Altitude Balloons To Expand Internet Access To Parts Of Peruvian Amazonia,GOOGL,https://www.benzinga.com/news/19/11/14860351/alphabets-loon-subsidiary-has-agreed-with-internet-para-todos-peru-to-use-high-altitude-balloons-to,Benzinga Newsdesk,,,,,,,positive,0.8713509440422058
567178,2019-11-21 00:00:00+00:00,Hearing YouTube Creators Now Required to Indicate Whether Content Is Made for Kids,GOOGL,https://www.benzinga.com/tech/19/11/14860270/hearing-youtube-creators-now-required-to-indicate-whether-content-is-made-for-kids,Benzinga Newsdesk,,,,,,,neutral,0.7934633493423462
567179,2019-11-21 00:00:00+00:00,Google Restricts Political Advertising On Its Platform,GOOGL,https://www.benzinga.com/news/19/11/14854971/google-restricts-political-advertising-on-its-platform,Neer Varshney,,,,,,,neutral,0.5807976126670837
567180,2019-11-20 00:00:00+00:00,Vietnam's Vingroup in Deal with Google to Develop Smart TVs,GOOGL,https://www.benzinga.com/news/19/11/14846141/vietnams-vingroup-in-deal-with-google-to-develop-smart-tvs,Charles Gross,,,,,,,positive,0.7189746499061584
567181,2019-11-19 00:00:00+00:00,Google Stadia Launch Update: Stadia Codes Being Sent Out 'Throughout The Day',GOOGL,https://www.benzinga.com/news/19/11/14834646/google-stadia-launche-update-stadia-codes-being-sent-out-throughout-the-day,Dave Royse,,,,,,,neutral,0.9283893704414368
567182,2019-11-18 00:00:00+00:00,"Boeing, Intel And More 'Fast Money Halftime Report' Picks From Nov. 18",GOOGL,https://www.benzinga.com/media/19/11/14833340/boeing-intel-and-more-fast-money-halftime-report-picks-from-nov-18,Craig Jones,,,,,,,neutral,0.94674950838089
567183,2019-11-18 00:00:00+00:00,Stocks That Hit 52-Week Highs On Monday,GOOGL,https://www.benzinga.com/news/19/11/14830881/stocks-that-hit-52-week-highs-on-monday,Lisa Levin,,,,,,,neutral,0.6719299554824829
567184,2019-11-18 00:00:00+00:00,How Google's Fitbit Acquisition Is Already Posing Some Problems,GOOGL,https://www.benzinga.com/news/19/11/14829597/how-googles-fitbit-acquisition-is-already-posing-some-problems,Jayson Derrick,,,,,,,negative,0.5863812565803528
567185,2019-11-17 00:00:00+00:00,"Barron's Picks And Pans: Medtronic, Tesla, Walmart And More",GOOGL,https://www.benzinga.com/media/19/11/14826131/barrons-picks-and-pans-medtronic-tesla-walmart-and-more,Nelson Hem,,,,,,,neutral,0.9431246519088744
567186,2019-11-15 00:00:00+00:00,US Supreme Court Will Hear Google's Bid To End Oracle's Software Copyright Suit Related To Android OS,GOOGL,https://www.benzinga.com/news/19/11/14822999/us-supreme-court-will-hear-googles-bid-to-end-oracles-software-copyright-suit-related-to-android-os,Benzinga Newsdesk,,,,,,,neutral,0.4397354423999786
567187,2019-11-15 00:00:00+00:00,"Nvidia Impresses Analysts With Datacenter Resurgence, Expanding Margins",GOOGL,https://www.benzinga.com/analyst-ratings/analyst-color/19/11/14820516/nvidia-impresses-analysts-with-datacenter-resurgence-expanding-margins,Shanthi Rexaline,,,,,,,positive,0.948661744594574
567188,2019-11-15 00:00:00+00:00,Stocks That Hit 52-Week Highs On Friday,GOOGL,https://www.benzinga.com/news/19/11/14821101/stocks-that-hit-52-week-highs-on-friday,Lisa Levin,,,,,,,neutral,0.7065428495407104
567189,2019-11-14 00:00:00+00:00,'States' massive Google antitrust probe will expand into search and Android businesses' -CNBC,GOOGL,https://www.benzinga.com/news/19/11/14813941/states-massive-google-antitrust-probe-will-expand-into-search-and-android-businesses-cnbc,Benzinga Newsdesk,,,,,,,neutral,0.8724015951156616
567190,2019-11-14 00:00:00+00:00,Governments And Banks Are Trying To Reduce Their Reliance On Big Tech,GOOGL,https://www.benzinga.com/fintech/19/11/14812165/governments-and-banks-are-trying-to-reduce-their-reliance-on-big-tech,Spencer Israel,,,,,,,neutral,0.7561095356941223
567191,2019-11-14 00:00:00+00:00,Apple Exec: Key To Success Is Not Using 'Cheap' Chromebooks,GOOGL,https://www.benzinga.com/general/education/19/11/14809843/apple-exec-key-to-success-is-not-using-cheap-chromebooks,Jayson Derrick,,,,,,,neutral,0.7567874193191528
567192,2019-11-14 00:00:00+00:00,What Wall Street Thinks Of Google Cache,GOOGL,https://www.benzinga.com/analyst-ratings/analyst-color/19/11/14809940/what-wall-street-thinks-of-google-cache,Wayne Duggan,,,,,,,neutral,0.9273499250411988
567193,2019-11-13 00:00:00+00:00,"Palo Alto Networks Shares Spike, Hearing CTFN Says Google Looking To Acquire Co.",GOOGL,https://www.benzinga.com/m-a/19/11/14801269/palo-alto-networks-shares-spike-hearing-ctfn-says-google-looking-to-acquire-co,Benzinga Newsdesk,,,,,,,negative,0.5631722807884216
567194,2019-11-13 00:00:00+00:00,"Google Spokesperson Says Co. Is Exploring How It Can Partner With Banks, Credit Unions In US To Offer Smart Checking Accounts Through Google Pay",GOOGL,https://www.benzinga.com/tech/19/11/14799929/google-spokesperson-says-co-is-exploring-how-it-can-partner-with-banks-credit-unions-in-us-to-offer,Benzinga Newsdesk,,,,,,,positive,0.5986853837966919
567195,2019-11-13 00:00:00+00:00,Tech Giants Continue To Find New Competition In The Online Calendar Space,GOOGL,https://www.benzinga.com/news/19/11/14797968/tech-giants-continue-to-find-new-competition-in-the-online-calendar-space,IAM Newswire,,,,,,,neutral,0.4994766116142273
567196,2019-11-13 00:00:00+00:00,Google Wants To Be Your Bank Account,GOOGL,https://www.benzinga.com/news/19/11/14796825/google-wants-to-be-your-bank-account,Jayson Derrick,,,,,,,neutral,0.9462387561798096
567197,2019-11-13 00:00:00+00:00,Democratic US Senator Warner Says Google's Fitbit Deal Needs Lots Of Scrutiny,GOOGL,https://www.benzinga.com/m-a/19/11/14796128/democratic-us-senator-warner-says-googles-fitbit-deal-needs-lots-of-scrutiny,Benzinga Newsdesk,,,,,,,neutral,0.805336058139801
567198,2019-11-13 00:00:00+00:00,"Google To Offer Checking Accounts Through Google Pay; Accounts Would Be Offered By Citigroup, Stanford Federal Credit Union",GOOGL,https://www.benzinga.com/fintech/19/11/14795027/google-to-offer-checking-accounts-through-google-pay-accounts-would-be-offered-by-citigroup-stanford,Benzinga Newsdesk,,,,,,,neutral,0.9520965814590454
567199,2019-11-13 00:00:00+00:00,Twitch Launches Software For Live Streaming,GOOGL,https://www.benzinga.com/tech/19/11/14794463/twitch-launches-software-for-live-streaming,Neer Varshney,,,,,,,neutral,0.8911129832267761
567200,2019-11-13 00:00:00+00:00,Department of Health and Human Services to Investigate Google's 'Project Nightingale',GOOGL,https://www.benzinga.com/news/19/11/14794433/department-of-health-and-human-services-to-investigate-googles-project-nightingale,Charles Gross,,,,,,,neutral,0.7817639708518982
567201,2019-11-12 00:00:00+00:00,Experts Discuss Google's Secretive Project Nightingale,GOOGL,https://www.benzinga.com/news/19/11/14788563/experts-discuss-googles-secretive-project-nightingale,Jayson Derrick,,,,,,,neutral,0.8570078611373901
567202,2019-11-12 00:00:00+00:00,"Disney+ Goes Live, Creates Promise For The Distributor But Risk For The Producer",GOOGL,https://www.benzinga.com/analyst-ratings/analyst-color/19/11/14784337/disney-goes-live-creates-promise-for-the-distributor-but-risk-for-the-producer,Elizabeth Balboa,,,,,,,positive,0.8976256847381592
567203,2019-11-11 00:00:00+00:00,Ascension Issues Press Release Confirming Working With Google On Healthcare,GOOGL,https://www.benzinga.com/news/19/11/14779633/ascension-issues-press-release-confirming-working-with-google-on-healthcare,Benzinga Newsdesk,,,,,,,neutral,0.884325385093689
567204,2019-11-11 00:00:00+00:00,UPDATE: Patients And Doctors Not Yet Informed About Data Being Shared With Google,GOOGL,https://www.benzinga.com/news/19/11/14779259/patients-and-doctors-not-yet-informed-about-data-being-shared-with-google,Benzinga Newsdesk,,,,,,,neutral,0.5869787335395813
567205,2019-11-11 00:00:00+00:00,UPDATE: Search Giant Is Amassing Health Records From Ascension Facilities In 21 States,GOOGL,https://www.benzinga.com/news/19/11/14779252/update-search-giant-is-amassing-health-records-from-ascension-facilities-in-21-states,Benzinga Newsdesk,,,,,,,neutral,0.9147146940231324
567206,2019-11-11 00:00:00+00:00,"Google's Secret ""Project Nightingale"" Aims To Gather And Crunch Personal Health Data On Millions Of Americans",GOOGL,https://www.benzinga.com/news/19/11/14779250/googles-secret-project-nightingale-aims-to-gather-and-crunch-personal-health-data-on-millions-of-ame,Benzinga Newsdesk,,,,,,,neutral,0.9359506964683532
567207,2019-11-11 00:00:00+00:00,InterDigital And Google Close Licensing Deal Through A New Platform,GOOGL,https://www.benzinga.com/news/19/11/14779210/interdigital-reveals-new-licensing-deal-with-google-secured-through-mystery-platform,Benzinga Newsdesk,,,,,,,positive,0.6467078924179077
567208,2019-11-11 00:00:00+00:00,The Verge Article Highlights New YouTube Policy Stating That Co. Has No Obligation To Host Content Or Keep Videos Up,GOOGL,https://www.benzinga.com/tech/19/11/14777968/the-verge-article-highlights-new-youtube-policy-stating-that-co-has-no-obligation-to-host-content-or,Benzinga Newsdesk,,,,,,,neutral,0.920917510986328
567209,2019-11-08 00:00:00+00:00,"Facebook, Google Considering Changes In Political Ad Policies",GOOGL,https://www.benzinga.com/general/politics/19/11/14770539/facebook-google-considering-changes-in-political-ad-policies,Dave Royse,,,,,,,neutral,0.892551600933075
567210,2019-11-07 00:00:00+00:00,"Alibaba, FedEx And More 'Fast Money Halftime Report' Picks For November 7",GOOGL,https://www.benzinga.com/media/19/11/14761193/alibaba-fedex-and-more-fast-money-halftime-report-picks-for-november-7,Craig Jones,,,,,,,neutral,0.9481608867645264
567211,2019-11-07 00:00:00+00:00,Google Shares Unaffected As Hearing Co. In Talks With Telecom Italia Related To A Datacenter Deal,GOOGL,https://www.benzinga.com/news/19/11/14758397/google-shares-unaffected-as-hearing-co-in-talks-with-telecom-italia-related-to-a-datacenter-deal,Benzinga Newsdesk,,,,,,,neutral,0.8481242060661316
567212,2019-11-07 00:00:00+00:00,Stocks That Hit 52-Week Highs On Thursday,GOOGL,https://www.benzinga.com/news/19/11/14757267/stocks-that-hit-52-week-highs-on-thursday,Lisa Levin,,,,,,,neutral,0.6795796155929565
567213,2019-11-06 00:00:00+00:00,Alphabet Is Investigating Sexual Misconduct Allegations Against Execs,GOOGL,https://www.benzinga.com/news/19/11/14752062/alphabet-is-investigating-sexual-misconduct-allegations-against-execs,Neer Varshney,,,,,,,negative,0.7743192315101624
567214,2019-11-06 00:00:00+00:00,Google Considering Changes to Political Ad Policy,GOOGL,https://www.benzinga.com/news/19/11/14751061/google-considering-changes-to-political-ad-policy,Benzinga Newsdesk,,,,,,,neutral,0.9294947385787964
567215,2019-11-06 00:00:00+00:00,"Google Says As Part Of App Defense Alliance, Co Is Integrating Google Play Protect Detection Systems With Eset, Lookout, Zimperium's Scanning Engines",GOOGL,https://www.benzinga.com/tech/19/11/14746729/google-says-as-part-of-app-defense-alliance-co-is-integrating-google-play-protect-detection-systems,luke@benzinga.com,,,,,,,neutral,0.698275089263916
567216,2019-11-05 00:00:00+00:00,Photoshop Goes Mobile: Top Announcements From The Adobe MAX Show,GOOGL,https://www.benzinga.com/news/19/11/14733820/photoshop-goes-mobile-top-announcements-from-the-adobe-max-show,Dave Royse,,,,,,,neutral,0.9248979687690736
567217,2019-11-05 00:00:00+00:00,"Analyst: Snap, Twitter Off To Strong Starts In Q4",GOOGL,https://www.benzinga.com/analyst-ratings/analyst-color/19/11/14733587/analyst-snap-twitter-off-to-strong-starts-in-q4,Wayne Duggan,,,,,,,positive,0.940205454826355
567218,2019-11-05 00:00:00+00:00,This Day In Market History: Writer Strike Cripples Hollywood,GOOGL,https://www.benzinga.com/general/education/19/11/12629835/this-day-in-market-history-writer-strike-cripples-hollywood,Elizabeth Balboa,,,,,,,negative,0.8913232088088989
567219,2019-11-03 00:00:00+00:00,"Bulls And Bears Of The Week: Apple, Facebook, Starbucks, Wayfair And More",GOOGL,https://www.benzinga.com/trading-ideas/19/11/14717091/bulls-and-bears-of-the-week-apple-facebook-starbucks-wayfair-and-more,Nelson Hem,,,,,,,neutral,0.9406020641326904
567220,2019-11-01 00:00:00+00:00,WeTrader Competition: Round Four Wrap-up,GOOGL,https://www.benzinga.com/fintech/19/11/14716207/wetrader-competition-round-four-wrap-up,Chris Dier-Scalise,,,,,,,neutral,0.9075163006782532
567221,2019-11-01 00:00:00+00:00,Google Invades Apple's Wearables Territory With Fitbit Acquisition,GOOGL,https://www.benzinga.com/general/biotech/19/11/14714384/google-invades-apples-wearables-territory-with-fitbit-acquisition,Dave Royse,,,,,,,neutral,0.5447877645492554
567222,2019-11-01 00:00:00+00:00,Google Will Buy Fitbit For $2.1B,GOOGL,https://www.benzinga.com/m-a/19/11/14711188/google-will-buy-fitbit-for-2-1b,Tanzeel Akhtar,,,,,,,neutral,0.942598044872284
567223,2019-11-01 00:00:00+00:00,Fitbit To Be Acquired By Google At $7.35/Share In Cash,GOOGL,https://www.benzinga.com/m-a/19/11/14710928/fibit-to-be-acquired-by-google-at-7-35share-in-cash,Benzinga Newsdesk,,,,,,,neutral,0.9442994594573976
567224,2019-10-31 00:00:00+00:00,"Court Filing Shows Google, Alphabet Have Sued Texas State Attorney General To Ensure Protection For Confidential Business Info",GOOGL,https://www.benzinga.com/news/19/10/14705378/court-filing-shows-google-alphabet-have-sued-texas-state-attorney-general-to-ensure-protection-for-c,Benzinga Newsdesk,,,,,,,negative,0.7598609328269958
567225,2019-10-31 00:00:00+00:00,Facebook Perseveres Against Pressures With Yet Another Strong And Better Than-Expected Quarter,GOOGL,https://www.benzinga.com/news/earnings/19/10/14703141/facebook-perseveres-against-pressures-with-yet-another-strong-and-better-than-expected-quarter,IAM Newswire,,,,,,,positive,0.9459885358810424
567226,2019-10-30 00:00:00+00:00,"SiriusXM Reports Will Now Be Available On Google Nest Smart Speakers, Displays Via Google Assistant, No Terms Disclosed",GOOGL,https://www.benzinga.com/news/19/10/14690468/siriusxm-reports-will-now-be-available-on-google-nest-smart-speakers-displays-via-google-assistant-n,Benzinga Newsdesk,,,,,,,neutral,0.9439107179641724
567227,2019-10-29 00:00:00+00:00,Sony To Shutter PlayStation Vue Amid 'Competitive Pay TV Industry',GOOGL,https://www.benzinga.com/news/19/10/14686135/sony-to-shutter-playstation-vue-amid-competitive-pay-tv-industry,Steve Krause,,,,,,,negative,0.9528052806854248
567228,2019-10-29 00:00:00+00:00,'Fast Money' Picks For October 29,GOOGL,https://www.benzinga.com/trading-ideas/long-ideas/19/10/14683205/fast-money-picks-for-october-29,Craig Jones,,,,,,,neutral,0.9190813302993774
567229,2019-10-29 00:00:00+00:00,Cramer: $10B Pentagon Contract Validates Microsoft's Cloud Business,GOOGL,https://www.benzinga.com/government/19/10/14682107/cramer-10b-pentagon-contract-validates-microsofts-cloud-business,Jayson Derrick,,,,,,,positive,0.8041081428527832
567230,2019-10-29 00:00:00+00:00,The Head Of Fidelity Institutional Outlines The 4 Macro Trends Taking Over Financial Services Right Now,GOOGL,https://www.benzinga.com/personal-finance/financial-advisors/19/10/14665221/the-head-of-fidelity-institutional-outlines-the-4-macro-trends-taking-over-fi,Spencer Israel,,,,,,,neutral,0.9251641631126404
567231,2019-10-29 00:00:00+00:00,Hey Google! Sell-Side Sentiment Solid After Alphabet's Q3 Earnings Disappoint,GOOGL,https://www.benzinga.com/analyst-ratings/analyst-color/19/10/14682430/hey-google-sell-side-sentiment-solid-after-alphabets-q3-earnings-disappoint,Wayne Duggan,,,,,,,positive,0.8516265153884888
567232,2019-10-29 00:00:00+00:00,3 Reasons Fitbit Could Be An Attractive M&A Target,GOOGL,https://www.benzinga.com/analyst-ratings/analyst-color/19/10/14681432/3-reasons-fitbit-could-be-an-attractive-m-a-target,Jayson Derrick,,,,,,,positive,0.760749876499176
567233,2019-10-29 00:00:00+00:00,"BMO Capital Maintains Market Perform on Alphabet, Raises Price Target to $1,250",GOOGL,https://www.benzinga.com/news/19/10/14682090/bmo-capital-maintains-market-perform-on-alphabet-raises-price-target-to-1-250,Vick Meyer,,,,,,,positive,0.6400715112686157
567234,2019-10-29 00:00:00+00:00,"Barclays Maintains Overweight on Alphabet, Raises Price Target to $1,400",GOOGL,https://www.benzinga.com/news/19/10/14681947/barclays-maintains-overweight-on-alphabet-raises-price-target-to-1-400,Vick Meyer,,,,,,,positive,0.8155705332756042
567235,2019-10-29 00:00:00+00:00,"Canaccord Genuity Maintains Buy on Alphabet, Raises Price Target to $1,450",GOOGL,https://www.benzinga.com/news/19/10/14681882/canaccord-genuity-maintains-buy-on-alphabet-raises-price-target-to-1-450,Vick Meyer,,,,,,,neutral,0.4970138669013977
567236,2019-10-29 00:00:00+00:00,"KeyBanc Maintains Overweight on Alphabet, Raises Price Target to $1.546K",GOOGL,https://www.benzinga.com/news/19/10/14678506/keybanc-maintains-overweight-on-alphabet-raises-price-target-to-1-546k,Vick Meyer,,,,,,,positive,0.9192838668823242
567237,2019-10-29 00:00:00+00:00,Australia's ACCC Says Google Allegedly Misled Consumers on Collection and Use of Location Data,GOOGL,https://www.benzinga.com/news/19/10/14678131/australias-accc-says-google-allegedly-misled-consumers-on-collection-and-use-of-location-data,Charles Gross,,,,,,,negative,0.9249218106269836
567238,2019-10-28 00:00:00+00:00,Alphabet shares are trading lower after the company reported Q3 EPS of $10.12 versus the $12.38 estimate.,GOOGL,https://www.benzinga.com/markets/wiim/19/10/14676237/alphabet-shares-are-trading-lower-after-the-company-reported-q3-eps-of-10-12-versus-the-12-38-estima,Benzinga Newsdesk,,,,,,,negative,0.9740003347396852
567239,2019-10-28 00:00:00+00:00,Alphabet Shares Fall On Q3 Earnings,GOOGL,https://www.benzinga.com/news/earnings/19/10/14675964/alphabet-shares-fall-on-q3-earnings,Brett Hershman,,,,,,,negative,0.9477030634880066
567240,2019-10-28 00:00:00+00:00,"Alphabet Q3 EPS $10.12 May Not Compare To $12.38 Estimate, Sales $40.499B Beat $40.32B Estimate",GOOGL,https://www.benzinga.com/news/earnings/19/10/14675884/alphabet-q3-eps-10-12-may-not-compare-to-12-38-estimate-sales-40-499b-beat-40-32b-estimate,Benzinga Newsdesk,,,,,,,negative,0.6137020587921143
567241,2019-10-28 00:00:00+00:00,"Alphabet shares are trading higher ahead of the company's Q3 earnings report, which is expected to be released after the close today.",GOOGL,https://www.benzinga.com/markets/wiim/19/10/14675109/alphabet-shares-are-trading-higher-ahead-of-the-companys-q3-earnings-report-which-is-expected-to-be,Benzinga Newsdesk,,,,,,,positive,0.946745991706848
567242,2019-10-28 00:00:00+00:00,"UPDATE: Alphabet Held Secret 'Logistics Summit' With Representatives From FedEx, Other Shipping Cos.",GOOGL,https://www.benzinga.com/news/19/10/14675055/update-alphabet-held-secret-logistics-summit-with-representatives-from-fedex-other-shipping-cos,Benzinga Newsdesk,,,,,,,neutral,0.9130289554595948
567243,2019-10-28 00:00:00+00:00,FedEx Shares Volatile As Hearing Google Held Secret Meetings With Representatives From FedEx,GOOGL,https://www.benzinga.com/news/19/10/14675040/fedex-shares-volatile-as-hearing-google-held-secret-meetings-with-representatives-from-fedex,Benzinga Newsdesk,,,,,,,negative,0.9596788883209229
567244,2019-10-28 00:00:00+00:00,Report: Google Looking To Acquire Fitbit,GOOGL,https://www.benzinga.com/m-a/19/10/14674053/report-google-looking-to-acquire-fitbit,Tanzeel Akhtar,,,,,,,neutral,0.9010279178619384
567245,2019-10-28 00:00:00+00:00,More Earnings And A Fed Decision In Week Four Of The WeTrader Competition,GOOGL,https://www.benzinga.com/news/earnings/19/10/14673747/more-earnings-and-a-fed-decision-in-week-four-of-the-wetrader-competition,Chris Dier-Scalise,,,,,,,neutral,0.7096021175384521
567246,2019-10-28 00:00:00+00:00,"Fitbit Shares Resume Trade, Continue Higher, Now Up 29%",GOOGL,https://www.benzinga.com/news/19/10/14673854/fitbit-shares-resume-trade-continue-higher-now-up-29,Benzinga Newsdesk,,,,,,,positive,0.9548261761665344
567247,2019-10-28 00:00:00+00:00,Apple Shares Tick Very Slightly Lower (~0.1-0.2%) Following Report Alphabet Made Offer To Buy Fitbit,GOOGL,https://www.benzinga.com/m-a/19/10/14673831/apple-shares-tick-very-slightly-lower-0-1-0-2-following-report-alphabet-made-offer-to-buy-fitbit,Benzinga Newsdesk,,,,,,,negative,0.9630944728851318
567248,2019-10-28 00:00:00+00:00,"Fitbit Shares Halted On Circuit Breaker, Up 18.6%, As Hearing Alphabat Made Offer To Buy Co.",GOOGL,https://www.benzinga.com/m-a/19/10/14673784/fitbit-shares-halted-on-circuit-breaker-up-18-6-as-hearing-alphabat-made-offer-to-buy-co,Benzinga Newsdesk,,,,,,,positive,0.6649895906448364
567249,2019-10-28 00:00:00+00:00,Q3 Earnings Outlook For Alphabet,GOOGL,https://www.benzinga.com/news/earnings-previews/19/10/14669669/earnings-outlook-for-alphabet,Benzinga Newsdesk,,,,,,,neutral,0.8127159476280212
567250,2019-10-28 00:00:00+00:00,Bloomberg Reports Apple is Hiring a Team to Bolster its Smart Home Devices,GOOGL,https://www.benzinga.com/news/19/10/14670787/bloomberg-reports-apple-is-hiring-a-team-to-bolster-its-smart-home-devices,Benzinga Newsdesk,,,,,,,positive,0.8509764671325684
567251,2019-10-25 00:00:00+00:00,WeTrader Competition: Round Three Wrap-up,GOOGL,https://www.benzinga.com/fintech/19/10/14666954/wetrader-competition-round-three-wrap-up,Chris Dier-Scalise,,,,,,,neutral,0.915984272956848
567252,2019-10-25 00:00:00+00:00,Faster Internet = Bigger Paycheck?,GOOGL,https://www.benzinga.com/general/education/19/10/14647147/faster-internet-bigger-paycheck,Henry Khederian,,,,,,,neutral,0.8722599148750305
567253,2019-10-25 00:00:00+00:00,Amazon Misses Wall Street Profit Estimates Sending The Stock Tumbling,GOOGL,https://www.benzinga.com/news/earnings/19/10/14664302/amazon-misses-wall-street-profit-estimates-sending-the-stock-tumbling,IAM Newswire,,,,,,,negative,0.914810597896576
567254,2019-10-25 00:00:00+00:00,"BMO Capital Maintains Market Perform on Alphabet, Raises Price Target to $1,245",GOOGL,https://www.benzinga.com/news/19/10/14662817/bmo-capital-maintains-market-perform-on-alphabet-raises-price-target-to-1-245,Vick Meyer,,,,,,,positive,0.6149362921714783
567255,2019-10-23 00:00:00+00:00,Google Announces Changes to Search Engine 'Choice Screen' On Android Phones In EU,GOOGL,https://www.benzinga.com/news/19/10/14647324/google-announces-changes-to-search-engine-choice-screen-on-android-phones-in-eu,Benzinga Newsdesk,,,,,,,neutral,0.9039815664291382
567256,2019-10-23 00:00:00+00:00,Google Bows To EU Pressure Over Android Remedy,GOOGL,https://www.benzinga.com/news/19/10/14647307/google-bows-to-eu-pressure-over-android-remedy,Benzinga Newsdesk,,,,,,,negative,0.8370871543884277
567257,2019-10-23 00:00:00+00:00,More US State Attorneys General Join Facebook Antitrust Probe,GOOGL,https://www.benzinga.com/fintech/19/10/14641804/more-us-state-attorneys-general-join-facebook-antitrust-probe,Craig Adeyanju,,,,,,,neutral,0.9003812670707703
567258,2019-10-22 00:00:00+00:00,U.S. State AG's Probing Antitrust Concerns at Google Plan to Meet Next Month in Colorado to Discuss Investigation,GOOGL,https://www.benzinga.com/news/19/10/14641238/u-s-state-ags-probing-antitrust-concerns-at-google-plan-to-meet-next-month-in-colorado-to-discuss-in,Charles Gross,,,,,,,neutral,0.8801450729370117
567259,2019-10-22 00:00:00+00:00,"KeyBanc Notes 'Conversations with advertisers remained quite positive around Facebook and Google, with signs of continued growth in demand across the platforms aided by rapidly expanding use of publisher automation tools'",GOOGL,https://www.benzinga.com/analyst-ratings/analyst-color/19/10/14637502/keybanc-notes-conversations-with-advertisers-remained-quite-positive-around-faceboo,Benzinga_Newsdesk,,,,,,,positive,0.956029176712036
567260,2019-10-22 00:00:00+00:00,"Options Trader Danielle Shay On Increasing Awareness, Opportunity In the Markets",GOOGL,https://www.benzinga.com/markets/options/19/10/14623090/options-trader-danielle-shay-on-increasing-awareness-opportunity-in-the-markets,Renato Capelj,,,,,,,positive,0.7438955307006836
567261,2019-10-21 00:00:00+00:00,Google Names Javier Soltero VP For G Suite Productivity Apps,GOOGL,https://www.benzinga.com/news/19/10/14629955/google-names-javier-soltero-vp-for-g-suite-productivity-apps,Benzinga Newsdesk,,,,,,,neutral,0.9277080297470092
567262,2019-10-21 00:00:00+00:00,"Veem Leverages Blockchain, Bitcoin In Global Payments Space",GOOGL,https://www.benzinga.com/markets/cryptocurrency/19/10/14628015/veem-leverages-blockchain-bitcoin-in-global-payments-space,Renato Capelj,,,,,,,neutral,0.926148235797882
567263,2019-10-21 00:00:00+00:00,Cramer: Is FAAMG The New FAANG?,GOOGL,https://www.benzinga.com/tech/19/10/14627424/cramer-is-faamg-is-the-new-faang,Jayson Derrick,,,,,,,neutral,0.939407229423523
567264,2019-10-18 00:00:00+00:00,Positioning CBD Businesses For Success,GOOGL,https://www.benzinga.com/markets/cannabis/19/10/14621182/positioning-cbd-businesses-for-success,Benzinga Cannabis,,,,,,,neutral,0.806668758392334
567265,2019-10-17 00:00:00+00:00,Public: The Investment App Connecting Millennials With 'One Of The Biggest Drivers Of Prosperity',GOOGL,https://www.benzinga.com/fintech/19/10/14597846/public-the-investment-app-connecting-millennials-with-one-of-the-biggest-drivers-of-prosperity,Bill Haddad,,,,,,,neutral,0.719824492931366
567266,2019-10-17 00:00:00+00:00,"Google Snubs WeWork, Signs Toronto Lease With Co-Working Rival",GOOGL,https://www.benzinga.com/news/19/10/14615196/google-snubs-wework-signs-toronto-lease-with-co-working-rival,Benzinga Newsdesk,,,,,,,neutral,0.8308287858963013
567267,2019-10-17 00:00:00+00:00,"Google Says Adding Ability For People To Report Crashes, Speed Traps & Traffic Slowdowns On Google Maps From Their iPhone; Feature Is Expanding To iOS",GOOGL,https://www.benzinga.com/news/19/10/14614223/google-says-adding-ability-for-people-to-report-crashes-speed-traps-traffic-slowdowns-on-google-maps,Benzinga Newsdesk,,,,,,,positive,0.5849047303199768
567268,2019-10-16 00:00:00+00:00,Trump Says Not Happy With EU Digital Tax On American Companies,GOOGL,https://www.benzinga.com/news/19/10/14605835/trump-says-not-happy-with-eu-digital-tax-on-american-companies,Benzinga Newsdesk,,,,,,,negative,0.734386146068573
567269,2019-10-16 00:00:00+00:00,'Panasonic poaches Google robotic expert for smart-home tech' -Recent Nikkei Article,GOOGL,https://www.benzinga.com/news/19/10/14605777/panasonic-poaches-google-robotic-expert-for-smart-home-tech-recent-nikkei-article,Benzinga Newsdesk,,,,,,,neutral,0.8536750674247742
567270,2019-10-15 00:00:00+00:00,From Google Pixel 4 Event: Smartphone Starts At $799,GOOGL,https://www.benzinga.com/news/19/10/14595589/from-google-pixel-4-event-smartphone-starts-at-799,Benzinga Newsdesk,,,,,,,neutral,0.8886056542396545
567271,2019-10-15 00:00:00+00:00,From Google Pixel 4 Event: Has Launched New Nest Wifi Router 2 Pack For $269,GOOGL,https://www.benzinga.com/news/19/10/14595450/from-google-pixel-4-event-has-launched-new-nest-wifi-router-2-pack-for-269,Benzinga Newsdesk,,,,,,,positive,0.7621870636940002
567272,2019-10-15 00:00:00+00:00,From Google Pixel 4 Event: Has Launched Nest Mini Smart Speaker With A Mall Mount For $49,GOOGL,https://www.benzinga.com/news/19/10/14595442/from-google-pixel-4-event-has-launched-nest-mini-smart-speaker-with-a-mall-mount-for-49,Benzinga Newsdesk,,,,,,,neutral,0.5781031847000122
567273,2019-10-15 00:00:00+00:00,Survey: Teens Spend More Time On YouTube Than Netflix,GOOGL,https://www.benzinga.com/news/19/10/14590226/survey-teens-spend-more-time-on-youtube-than-netflix,Dave Royse,,,,,,,neutral,0.8234663605690002
567274,2019-10-15 00:00:00+00:00,From Google Pixel 4 Event: Highlighting Updates For Google Nest,GOOGL,https://www.benzinga.com/news/19/10/14595325/from-google-pixel-4-event-highlighting-updates-for-google-nest,Benzinga Newsdesk,,,,,,,neutral,0.9269438982009888
567275,2019-10-15 00:00:00+00:00,From Google Pixel 4 Event: New Pixel Earbuds Will Be Coming In Spring 2020,GOOGL,https://www.benzinga.com/news/19/10/14595277/from-google-pixel-4-event-new-pixel-earbuds-will-be-coming-in-spring-2020,Benzinga Newsdesk,,,,,,,neutral,0.8330904245376587
567276,2019-10-15 00:00:00+00:00,'Stadia arrives on November 19' -Google Blog,GOOGL,https://www.benzinga.com/news/19/10/14595225/stadia-arrives-on-november-19-google-blog,Benzinga Newsdesk,,,,,,,neutral,0.9420610666275024
567277,2019-10-15 00:00:00+00:00,CenturyLink Expands On-Demand Network Connectivity to Google Cloud Platform,GOOGL,https://www.benzinga.com/general/19/10/14593366/centurylink-expands-on-demand-network-connectivity-to-google-cloud-platform,Benzinga Newsdesk,,,,,,,positive,0.8416436314582825
567278,2019-10-14 00:00:00+00:00,"Apple, Microsoft Battle For Position As World's Most Valuable Company By Market Cap",GOOGL,https://www.benzinga.com/analyst-ratings/analyst-color/19/10/14589580/apple-microsoft-battle-for-position-as-worlds-most-valuable-company-by-market-cap,Shanthi Rexaline,,,,,,,positive,0.8738552927970886
567279,2019-10-11 00:00:00+00:00,"Mortgage Industry Disruptor Better.com Expands Business Lines, Eyes $1B Valuation",GOOGL,https://www.benzinga.com/fintech/19/10/14581496/mortgage-industry-disruptor-better-com-expands-business-lines-eyes-1b-valuation,Renato Capelj,,,,,,,neutral,0.457017719745636
567280,2019-10-11 00:00:00+00:00,Trader Toolkit: Cash Flow,GOOGL,https://www.benzinga.com/fintech/19/10/14581144/trader-toolkit-cash-flow,Chris Dier-Scalise,,,,,,,neutral,0.9392505288124084
567281,2019-10-10 00:00:00+00:00,"Google Spokesperson Says 'The Revolution Of Our Times' App Was Found To Be Violating Policy Which Prohibits Developers From Capitalizing On Sensitive Events, Has Suspended It",GOOGL,https://www.benzinga.com/news/19/10/14576096/google-spokesperson-says-the-revolution-of-our-times-app-was-found-to-be-violating-policy-which-proh,Benzinga Newsdesk,,,,,,,negative,0.9152296781539916
567282,2019-10-09 00:00:00+00:00,What To Expect From Q3 Internet Earnings,GOOGL,https://www.benzinga.com/analyst-ratings/analyst-color/19/10/14569795/what-to-expect-from-q3-internet-earnings,Wayne Duggan,,,,,,,neutral,0.9400088787078856
567283,2019-10-09 00:00:00+00:00,Why This Cannabis Social Media Platform Was Just Removed From The App Store,GOOGL,https://www.benzinga.com/markets/cannabis/19/10/14569798/why-this-cannabis-social-media-platform-was-just-removed-from-the-app-store,Natan Ponieman,,,,,,,neutral,0.7063927054405212
567284,2019-10-08 00:00:00+00:00,Survey Shows Teens Prefer YouTube Over Netflix,GOOGL,https://www.benzinga.com/tech/19/10/14560577/survey-shows-teens-prefer-youtube-over-netflix,Benzinga Newsdesk,,,,,,,neutral,0.9148626327514648
567285,2019-10-07 00:00:00+00:00,Investors Sell FANG To Buy IPOs In September's IMX,GOOGL,https://www.benzinga.com/news/19/10/14556702/investors-sell-fang-to-buy-ipos-in-septembers-imx,Chris Dier-Scalise,,,,,,,neutral,0.8974007368087769
567286,2019-10-04 00:00:00+00:00,Google to Build a Data Center in Nebraska,GOOGL,https://www.benzinga.com/news/19/10/14548514/google-to-build-a-data-center-in-nebraska,Benzinga Newsdesk,,,,,,,neutral,0.7755330801010132
567287,2019-10-04 00:00:00+00:00,Google Considering Purchase Of Rival To Video App TikTok,GOOGL,https://www.benzinga.com/m-a/19/10/14548140/google-considering-purchase-of-rival-to-video-app-tiktok,Benzinga Newsdesk,,,,,,,neutral,0.835432767868042
567288,2019-10-03 00:00:00+00:00,"Delta, Ulta And More 'Fast Money' Picks For October 3",GOOGL,https://www.benzinga.com/media/19/10/14539875/delta-ulta-and-more-fast-money-picks-for-october-3,Craig Jones,,,,,,,neutral,0.9337153434753418
567289,2019-10-02 00:00:00+00:00,Cloud Competition: Is Digital Ocean The Next AWS?,GOOGL,https://www.benzinga.com/fintech/19/10/14512652/cloud-competition-is-digital-ocean-the-next-aws,Hannah Genig,,,,,,,neutral,0.9322752356529236
567290,2019-10-02 00:00:00+00:00,Here's How Large Option Traders Reacted To Microsoft's Surface Event,GOOGL,https://www.benzinga.com/markets/options/19/10/14532161/heres-how-large-option-traders-reacted-to-microsofts-surface-event,Wayne Duggan,,,,,,,neutral,0.8776834607124329
567291,2019-10-02 00:00:00+00:00,Microsoft To Partner With Google For Android On The Surface Duo,GOOGL,https://www.benzinga.com/news/19/10/14531314/microsoft-to-partner-with-google-for-android-on-the-surface-duo,Benzinga Newsdesk,,,,,,,positive,0.7421078681945801
567292,2019-10-02 00:00:00+00:00,Google Announces Incognito Mode in Google Maps,GOOGL,https://www.benzinga.com/news/19/10/14528068/google-announces-incognito-mode-in-google-maps,Charles Gross,,,,,,,neutral,0.9498664736747742
567293,2019-10-02 00:00:00+00:00,Huawei Phones Lose Access to Install Google's Apps,GOOGL,https://www.benzinga.com/news/19/10/14527577/huawei-phones-lose-access-to-install-googles-apps,Charles Gross,,,,,,,negative,0.9118413925170898
567294,2019-09-30 00:00:00+00:00,Looking At The Newest S&P 500 Sector One Year Later,GOOGL,https://www.benzinga.com/trading-ideas/long-ideas/19/09/14509860/looking-at-the-newest-s-p-500-sector-after-one-year,ETF Professor,,,,,,,neutral,0.9252501130104064
567295,2019-09-30 00:00:00+00:00,'Alphabet taps former FDA commissioner to oversee health strategy and policy' -CNBC,GOOGL,https://www.benzinga.com/news/19/09/14514950/alphabet-taps-former-fda-commissioner-to-oversee-health-strategy-and-policy-cnbc,Benzinga Newsdesk,,,,,,,neutral,0.9139837026596068
567296,2019-09-29 00:00:00+00:00,Analyst: Facebook Next To Face Antitrust Scrutiny,GOOGL,https://www.benzinga.com/analyst-ratings/analyst-color/19/09/14505721/analyst-facebook-next-to-face-antitrust-scrutiny,Wayne Duggan,,,,,,,negative,0.74947589635849
567297,2019-09-26 00:00:00+00:00,Analyst: Apple's Services Narrative Is Largely Priced In; Stock No Longer Attractive,GOOGL,https://www.benzinga.com/analyst-ratings/analyst-color/19/09/14496780/analyst-apples-services-narrative-is-largely-priced-in-stock-no-longer-attractive,Shanthi Rexaline,,,,,,,neutral,0.8560431003570557
567298,2019-09-25 00:00:00+00:00,Oracle Received Requests from Congressional and State Investigator for Information about Google,GOOGL,https://www.benzinga.com/news/19/09/14493648/oracle-received-requests-from-congressional-and-state-investigator-for-information-about-google,Charles Gross,,,,,,,neutral,0.8062774538993835
567299,2019-09-24 00:00:00+00:00,United Steelworkers Says Workers At Google Contractor HCL Vote To Join USW,GOOGL,https://www.benzinga.com/news/19/09/14483923/united-steelworkers-says-workers-at-google-contractor-hcl-vote-to-join-usw,Benzinga Newsdesk,,,,,,,neutral,0.8395127058029175
567300,2019-09-24 00:00:00+00:00,"Starbucks, Google Score Legal Victories In Europe; Fiat Has To Pay Up",GOOGL,https://www.benzinga.com/news/19/09/14480560/starbucks-google-score-legal-victories-in-europe-fiat-has-to-pay-up,Jayson Derrick,,,,,,,negative,0.6100801825523376
567301,2019-09-24 00:00:00+00:00,Google Wins Right-to-be Forgotten Fight With France,GOOGL,https://www.benzinga.com/news/19/09/14477871/google-wins-right-to-be-forgotten-fight-with-france,Charles Gross,,,,,,,neutral,0.7696546912193298
567302,2019-09-23 00:00:00+00:00,Winners And Losers From Nomura CIO Spending Survey,GOOGL,https://www.benzinga.com/analyst-ratings/analyst-color/19/09/14473836/winners-and-losers-from-nomura-cio-spending-survey,Wayne Duggan,,,,,,,neutral,0.8859986662864685
567303,2019-09-23 00:00:00+00:00,"Alphabet, Chipotle And More 'Fast Money Halftime Report' Picks From September 23",GOOGL,https://www.benzinga.com/media/19/09/14475700/alphabet-chipotle-and-more-fast-money-halftime-report-picks-from-september-23,Craig Jones,,,,,,,neutral,0.9370688796043396
567304,2019-09-23 00:00:00+00:00,'Google Play Pass is Here: $4.99/Mo for Access to 350+ Apps and Games' -Droid Life,GOOGL,https://www.benzinga.com/news/19/09/14474006/google-play-pass-is-here-4-99mo-for-access-to-350-apps-and-games-droid-life,Benzinga Newsdesk,,,,,,,neutral,0.8212217092514038
567305,2019-09-23 00:00:00+00:00,10 Stocks Where Short Sellers Are Throwing In The Towel,GOOGL,https://www.benzinga.com/analyst-ratings/analyst-color/19/09/14473044/10-stocks-where-short-sellers-are-throwing-in-the-towel,Wayne Duggan,,,,,,,neutral,0.7955349087715149
567306,2019-09-23 00:00:00+00:00,"Google Says By Default, Co Does Not Retain Users' Google Assistant Audio Recordings; This Has Been The Case, And Will Remain Unchanged; Says To Store User Audio Data, They Can Opt In To Voice & Audio Activity (Vaa) Setting When They Set Up Assistant",GOOGL,https://www.benzinga.com/news/19/09/14472180/google-says-by-default-co-does-not-retain-users-google-assistant-audio-recordings-this-has-been-the,Benzinga Newsdesk,,,,,,,neutral,0.9451210498809814
567307,2019-09-20 00:00:00+00:00,Google CEO Says Co to Invest €3B to Expand European Data Centers,GOOGL,https://www.benzinga.com/news/19/09/14462959/google-ceo-says-co-to-invest-3b-to-expand-european-data-centers,Charles Gross,,,,,,,positive,0.7793222069740295
567308,2019-09-19 00:00:00+00:00,Senator Mark Warner Says Google Must Be Accountable For China Work,GOOGL,https://www.benzinga.com/news/19/09/14459262/senator-mark-warner-says-google-must-be-accountable-for-china-work,Benzinga Newsdesk,,,,,,,neutral,0.5391602516174316
567309,2019-09-19 00:00:00+00:00,Google Says Google Pay India Monthly Users at 67M,GOOGL,https://www.benzinga.com/news/19/09/14456323/google-says-google-pay-india-monthly-users-at-67m,Charles Gross,,,,,,,neutral,0.9280323386192322
567310,2019-09-16 00:00:00+00:00,'Drug dealers are peddling steroids on Facebook and YouTube' -Earlier Washington Post Article $,GOOGL,https://www.benzinga.com/news/19/09/14438135/drug-dealers-are-peddling-steroids-on-facebook-and-youtube-earlier-washington-post-article,Benzinga Newsdesk,,,,,,,neutral,0.7369292974472046
567311,2019-09-16 00:00:00+00:00,'Here's what Google got from Fossil in its $40 million deal' -Wareable,GOOGL,https://www.benzinga.com/news/19/09/14437741/heres-what-google-got-from-fossil-in-its-40-million-deal-wareable,Benzinga_Newsdesk,,,,,,,neutral,0.8779060244560242
567312,2019-09-16 00:00:00+00:00,'Google will announce its answer to iPhone 11 on Oct. 15' -Tweets CNBC,GOOGL,https://www.benzinga.com/news/19/09/14437241/google-will-announce-its-answer-to-iphone-11-on-oct-15-tweets-cnbc,Benzinga_Newsdesk,,,,,,,neutral,0.9327427744865416
567313,2019-09-15 00:00:00+00:00,Dan Nathan's Alphabet Options Trade,GOOGL,https://www.benzinga.com/media/19/09/14432840/dan-nathans-alphabet-options-trade,Craig Jones,,,,,,,neutral,0.9266076683998108
567314,2019-09-13 00:00:00+00:00,'House Committee Requests Tech Executives' Emails in Antitrust Probe' -WSJ,GOOGL,https://www.benzinga.com/news/19/09/14427783/house-committee-requests-tech-executives-emails-in-antitrust-probe-wsj,Benzinga Newsdesk,,,,,,,neutral,0.5637631416320801
567315,2019-09-12 00:00:00+00:00,Todd Gordon's Alphabet Options Trade,GOOGL,https://www.benzinga.com/markets/options/19/09/14425360/todd-gordons-alphabet-options-trade,Craig Jones,,,,,,,neutral,0.9366688132286072
567316,2019-09-12 00:00:00+00:00,"CVS, Shake Shack And More 'Fast Money Halftime Report' Picks From September 12",GOOGL,https://www.benzinga.com/trading-ideas/long-ideas/19/09/14424701/cvs-shake-shack-and-more-fast-money-halftime-report-picks-from-september-12,Craig Jones,,,,,,,neutral,0.9442912936210632
567317,2019-09-12 00:00:00+00:00,"Hearing Google Has Agreed To €500M Fine By French Authorities, Will Settle Fiscal Fraud Probe",GOOGL,https://www.benzinga.com/news/19/09/14421617/hearing-google-has-agreed-to-500m-fine-by-french-authorities-will-settle-fiscal-fraud-probe,Benzinga Newsdesk,,,,,,,negative,0.4600313901901245
567318,2019-09-12 00:00:00+00:00,"NLRB Says Google Must Tell Employees They Are Free to Speak Out About Work Conditions, Other Topics",GOOGL,https://www.benzinga.com/news/19/09/14419506/nlrb-says-google-must-tell-employees-they-are-free-to-speak-out-about-work-conditions-other-topics,Charles Gross,,,,,,,neutral,0.8171511888504028
567319,2019-09-12 00:00:00+00:00,Google to Build Second Data Center in Taiwan,GOOGL,https://www.benzinga.com/news/19/09/14418959/google-to-build-second-data-center-in-taiwan,Charles Gross,,,,,,,neutral,0.7964914441108704
567320,2019-09-12 00:00:00+00:00,EU Court Says Germany Must Notify EU of Copyright Law Targeting Google,GOOGL,https://www.benzinga.com/news/19/09/14418956/eu-court-says-germany-must-notify-eu-of-copyright-law-targeting-google,Charles Gross,,,,,,,negative,0.756803035736084
567321,2019-09-10 00:00:00+00:00,Google About to Launch Google Play Pass,GOOGL,https://www.benzinga.com/news/19/09/14403756/google-about-to-launch-google-play-pass,Charles Gross,,,,,,,neutral,0.940452754497528
567322,2019-09-10 00:00:00+00:00,Smart Speaker Shipments Growing Slowly in 2019,GOOGL,https://www.benzinga.com/news/19/09/14403704/smart-speaker-shipments-growing-slowly-in-2019,Charles Gross,,,,,,,positive,0.5878349542617798
567323,2019-09-09 00:00:00+00:00,App Auto Generates Google Shopping Ads For Shopify,GOOGL,https://www.benzinga.com/news/19/09/14399927/app-auto-generates-google-shopping-ads-for-shopify,Dave Royse,,,,,,,neutral,0.95107901096344
567324,2019-09-09 00:00:00+00:00,Analysts React To Heavy Selling Pressure In The Tech Sector,GOOGL,https://www.benzinga.com/analyst-ratings/analyst-color/19/09/14399783/analysts-react-to-heavy-selling-pressure-in-the-tech-sector,Wayne Duggan,,,,,,,negative,0.9134120345115662
567325,2019-09-09 00:00:00+00:00,Texas Attorney General Says Formal Doc Request Has Been Sent To Google Today,GOOGL,https://www.benzinga.com/news/19/09/14399820/texas-attorney-general-says-formal-doc-request-has-been-sent-to-google-today,Benzinga Newsdesk,,,,,,,neutral,0.9172720313072203
567326,2019-09-09 00:00:00+00:00,"Tennessee Attorney General Says Attorney Generals Will Be Looking Into Alphabet/Google Acquisitions, Cos. Google Took Stakes In Then Rolled Out Similar Products",GOOGL,https://www.benzinga.com/news/19/09/14399709/tennessee-attorney-general-says-attorney-generals-will-be-looking-into-alphabetgoogle-acquisitions-c,Benzinga Newsdesk,,,,,,,neutral,0.9368646144866944
567327,2019-09-09 00:00:00+00:00,"'.@Huawei confirmed at #IFA2019 in Berlin that #Mate30 series will be installed with #Android10, but will not carry any #Google apps when launched on Sept. 19. ' -China's National Business Daily",GOOGL,https://www.benzinga.com/news/19/09/14397034/huawei-confirmed-at-ifa2019-in-berlin-that-mate30-series-will-be-installed-with-android10-but-will-n,Benzinga Newsdesk,,,,,,,neutral,0.9199397563934326
567328,2019-09-09 00:00:00+00:00,Treasury Secretary Says Meeting With Digital Companies This Week To Discuss France Digital Tax Issue,GOOGL,https://www.benzinga.com/news/19/09/14396824/treasury-secretary-says-meeting-with-digital-companies-this-week-to-discuss-france-digital-tax-issue,Benzinga Newsdesk,,,,,,,neutral,0.8678022623062134
567329,2019-09-09 00:00:00+00:00,"Google Says It Supports Responsible Political Ads That Comply With Local Legislation, Following Russian Accusation It Distributed Political Advertising During Sunday Elections",GOOGL,https://www.benzinga.com/news/19/09/14395566/google-says-it-supports-responsible-political-ads-that-comply-with-local-legislation-following-russi,Charles Gross,,,,,,,neutral,0.6194925308227539
567330,2019-09-07 00:00:00+00:00,Facebook Dating Vs. Match.com Vs. Tinder,GOOGL,https://www.benzinga.com/tech/19/09/14392326/facebook-dating-vs-match-com-vs-tinder,Dave Royse,,,,,,,neutral,0.9289807677268982
567331,2019-09-06 00:00:00+00:00,Google Parent Alphabet Received Civil Investigative Demand from DoJ on Aug. 30; Seeks Information and Documents Related to Prior Antitrust Investigations in U.S. and Elsewhere,GOOGL,https://www.benzinga.com/news/19/09/14393899/google-parent-alphabet-received-civil-investigative-demand-from-doj-on-aug-30-seeks-information-and,Charles Gross,,,,,,,neutral,0.9379908442497252
567332,2019-09-06 00:00:00+00:00,'Google files patent for using A.I. to track a baby's body and eye movements ' -CNBC,GOOGL,https://www.benzinga.com/tech/19/09/14392630/google-files-patent-for-using-a-i-to-track-a-babys-body-and-eye-movements-cnbc,Benzinga Newsdesk,,,,,,,neutral,0.8780789971351624
567333,2019-09-06 00:00:00+00:00,Texas Attorney General To Announce Launch Of Multistate Investigation Into Whether Big Tech Companies Broke Antitrust Law On Monday,GOOGL,https://www.benzinga.com/news/19/09/14391375/texas-attorney-general-to-announce-launch-of-multistate-investigation-into-whether-big-tech-companie,Benzinga Newsdesk,,,,,,,neutral,0.8366249799728394
567334,2019-09-06 00:00:00+00:00,"'States to Launch Google, Facebook Antitrust Probes' -WSJ",GOOGL,https://www.benzinga.com/news/19/09/14390648/states-to-launch-google-facebook-antitrust-probes-wsj,Benzinga Newsdesk,,,,,,,neutral,0.9137356877326964
567335,2019-09-06 00:00:00+00:00,"New York AG Confirms Antitrust Investigation Into Facebook, Google Is Reportedly Next",GOOGL,https://www.benzinga.com/news/19/09/14389918/new-york-ag-confirms-antitrust-investigation-into-facebook-google-is-reportedly-next,Jayson Derrick,,,,,,,neutral,0.9219648838043212
567336,2019-09-06 00:00:00+00:00,"Russian Watchdog Says It Has Sent Requests To Google And Facebook Asking For Ban On Political Ads During Upcoming Local Election; Says If Facebook And Google Do Not Comply With Political Ads Ban, Russia Will Consider This Election Interference",GOOGL,https://www.benzinga.com/news/19/09/14390602/russian-watchdog-says-it-has-sent-requests-to-google-and-facebook-asking-for-ban-on-political-ads-du,Benzinga Newsdesk,,,,,,,negative,0.8213042616844177
567337,2019-09-06 00:00:00+00:00,"Telenav Says GM Contact Unaffected By Deal Between Automaker, Google",GOOGL,https://www.benzinga.com/news/19/09/14389165/telenav-says-gm-contact-unaffected-by-deal-between-automaker-google,Tanzeel Akhtar,,,,,,,negative,0.7927335500717163
567338,2019-09-06 00:00:00+00:00,"States Launching Google, Facebook Antitrust Probes; Google Probe to Be Announced Monday",GOOGL,https://www.benzinga.com/news/19/09/14388637/states-launching-google-facebook-antitrust-probes-google-probe-to-be-announced-monday,Charles Gross,,,,,,,neutral,0.808209240436554
567339,2019-09-05 00:00:00+00:00,Analyst: Why Google Could Buy Nutanix,GOOGL,https://www.benzinga.com/analyst-ratings/analyst-color/19/09/14384795/analyst-why-google-could-buy-nutanix,Jayson Derrick,,,,,,,neutral,0.9385462403297424
567340,2019-09-05 00:00:00+00:00,"GM Will Deploy Google System Over Time, No Lightswitch Change",GOOGL,https://www.benzinga.com/news/19/09/14384274/gm-will-deploy-google-system-over-time-no-lightswitch-change,Benzinga Newsdesk,,,,,,,neutral,0.9278364181518556
567341,2019-09-05 00:00:00+00:00,Shares of several large-cap companies are trading higher with the broader stock market after the Chinese Minister of Commerce said the leaders of the U.S. and China are set to meet in Washington D.C in early October.,GOOGL,https://www.benzinga.com/markets/wiim/19/09/14383968/shares-of-several-large-cap-companies-are-trading-higher-after-the-chinese-minister-of-commerce-said,Benzinga Newsdesk,,,,,,,positive,0.9304967522621156
567342,2019-09-05 00:00:00+00:00,Trefis Research Report Suggests 'Google Could Acquire Nutanix For $9 BillionTo Further Its Cloud Ambitions',GOOGL,https://www.benzinga.com/analyst-ratings/analyst-color/19/09/14380496/trefis-research-report-suggests-google-could-acquire-nutanix-for-9-billionto-furthe,Benzinga Newsdesk,,,,,,,positive,0.5752971768379211
567343,2019-09-04 00:00:00+00:00,"Facebook, Google, Twitter Meeting With US Security Officials At Facebook HQ Wed. To Discuss 2020 US Election",GOOGL,https://www.benzinga.com/news/19/09/14376863/facebook-google-twitter-meeting-with-us-security-officials-at-facebook-hq-wed-to-discuss-2020-us-ele,Benzinga Newsdesk,,,,,,,neutral,0.9309760332107544
567344,2019-09-04 00:00:00+00:00,'Tech company sources say they've heard the big state AG tech crackdown on @Google and possibly others will be led by AGs in @MississippiAGO @TXAG @UtahAG and Nebraska...' -Tweet From Charlie Gasparino,GOOGL,https://www.benzinga.com/news/19/09/14375744/tech-company-sources-say-theyve-heard-the-big-state-ag-tech-crackdown-on-google-and-possibly-others,Benzinga Newsdesk,,,,,,,neutral,0.7251035571098328
567345,2019-09-04 00:00:00+00:00,Google Fined $170M By FTC Over Accusations Of Child Privacy Violations By YouTube,GOOGL,https://www.benzinga.com/news/19/09/14374412/google-fined-170m-by-ftc-over-accusations-of-child-privacy-violations-by-youtube,Shanthi Rexaline,,,,,,,negative,0.9375298023223876
567346,2019-09-04 00:00:00+00:00,TD Ameritrade Rolls Out New Hands-Free Google Assistant Integration,GOOGL,https://www.benzinga.com/news/19/09/14367910/td-ameritrade-rolls-out-new-hands-free-google-assistant-integration,Chris Dier-Scalise,,,,,,,positive,0.5596149563789368
567347,2019-09-04 00:00:00+00:00,'F.T.C. Fines Google $170 Million for Violating Children's Privacy on YouTube' NY Times,GOOGL,https://www.benzinga.com/news/19/09/14373648/f-t-c-fines-google-170-million-for-violating-childrens-privacy-on-youtube-ny-times,Benzinga Newsdesk,,,,,,,negative,0.9303762316703796
567348,2019-09-04 00:00:00+00:00,TD Ameritrade Customers Can Use Google Assistant to Access Accounts,GOOGL,https://www.benzinga.com/news/19/09/14371222/td-ameritrade-customers-can-use-google-assistant-to-access-accounts,Charles Gross,,,,,,,neutral,0.943250298500061
567349,2019-09-03 00:00:00+00:00,'Google emerges as target of a new state attorneys general antitrust probe' -Washington Post,GOOGL,https://www.benzinga.com/news/19/09/14368214/google-emerges-as-target-of-a-new-state-attorneys-general-antitrust-probe-washington-post,Benzinga Newsdesk,,,,,,,neutral,0.5746482014656067
567350,2019-09-03 00:00:00+00:00,It's All In The Cloud: Tech Investor Reveals Her Top Picks,GOOGL,https://www.benzinga.com/tech/19/09/14367132/its-all-in-the-cloud-tech-investor-reveals-her-top-picks,Craig Jones,,,,,,,neutral,0.897635817527771
567351,2019-08-30 00:00:00+00:00,'Google to pay up to $200M to settle FTC YouTube investigation' -POLITICO,GOOGL,https://www.benzinga.com/news/19/08/14358760/google-to-pay-up-to-200m-to-settle-ftc-youtube-investigation-politico,Benzinga Newsdesk,,,,,,,neutral,0.8443074226379395
567352,2019-08-30 00:00:00+00:00,Reasons To Investigate This Internet ETF,GOOGL,https://www.benzinga.com/trading-ideas/long-ideas/19/08/14353906/reasons-to-investigate-this-internet-etf,ETF Professor,,,,,,,neutral,0.9375000596046448
567353,2019-08-30 00:00:00+00:00,Google To Pay Up To $200M To Settle FTC Youtube Investigation,GOOGL,https://www.benzinga.com/news/19/08/14357393/google-to-pay-up-to-200m-to-settle-ftc-youtube-investigation,Benzinga Newsdesk,,,,,,,neutral,0.8788977861404419
567354,2019-08-29 00:00:00+00:00,'Google is facing another EU antitrust probe — this time over its jobs search tool' -CNBC From Yesterday,GOOGL,https://www.benzinga.com/news/19/08/14347099/google-is-facing-another-eu-antitrust-probe-this-time-over-its-jobs-search-tool-cnbc-from-yesterday,Benzinga_Newsdesk,,,,,,,negative,0.894023597240448
567355,2019-08-28 00:00:00+00:00,Report: US Officials Move To Block Trans-Pacific Cable,GOOGL,https://www.benzinga.com/news/19/08/14343486/report-us-officials-move-to-block-trans-pacific-cable,Randy Elias,,,,,,,negative,0.9500983953475952
567356,2019-08-28 00:00:00+00:00,"US Officials Are Seeking To Block An Undersea Cable Backed By Google, Facebook Inc. And A Chinese Partner, WSJ Reports",GOOGL,https://www.benzinga.com/news/19/08/14339746/us-officials-are-seeking-to-block-an-undersea-cable-backed-by-google-facebook-inc-and-a-chinese-part,Benzinga Newsdesk,,,,,,,negative,0.8799193501472473
567357,2019-08-28 00:00:00+00:00,'Google to move Pixel smartphone production to Vietnam' -Nikkei,GOOGL,https://www.benzinga.com/tech/19/08/14339337/google-to-move-pixel-smartphone-production-to-vietnam-nikkei,Benzinga Newsdesk,,,,,,,neutral,0.7039822340011597
567358,2019-08-27 00:00:00+00:00,Central Figure Charged With Theft In Autonomous Vehicle Trade Secrets Case,GOOGL,https://www.benzinga.com/news/19/08/14337498/central-figure-charged-with-theft-in-autonomous-vehicle-trade-secrets-case,FreightWaves,,,,,,,negative,0.7500935792922974
567359,2019-08-27 00:00:00+00:00,"Former Google, Uber Self-Driving Tech Engineer Levandowski Indicted On IP Theft Charges",GOOGL,https://www.benzinga.com/news/19/08/14335976/former-google-uber-self-driving-tech-engineer-levandowski-indicted-on-ip-theft-charges,Dave Royse,,,,,,,negative,0.733833372592926
567360,2019-08-27 00:00:00+00:00,Department Of Justice Files Criminal Charges Against Anthony Levandowski Alleging Theft Of Alphabet Trade Secrets; Justice Department Says Levandowski Stole Engineering Details For Lidar Technology Before Eventually Working At Uber,GOOGL,https://www.benzinga.com/news/19/08/14335664/department-of-justice-files-criminal-charges-against-anthony-levandowski-alleging-theft-of-alphabet,Benzinga Newsdesk,,,,,,,negative,0.6941868662834167
567361,2019-08-27 00:00:00+00:00,"Morgan Stanley Maintains Overweight On Google, Maintains $1,450 Target As Firm Notes 'our bottom up sizing of Google Maps monetization, Discover Feed,and GOOGL's new eCommerce products shows the potential to add ~$5bn (~450bp) to '20 Websites'",GOOGL,https://www.benzinga.com/analyst-ratings/analyst-color/19/08/14333248/morgan-stanley-maintains-overweight-on-google-maintains-1-450-target-as-firm-notes-,Benzinga_Newsdesk,,,,,,,positive,0.9196159839630128
567362,2019-08-26 00:00:00+00:00,"'Arbutus Biopharma Corp - Co Expects To Record A Charge Of About $5.8 Mln, Excluding The Amount Of Any Potential Award Of Attorneys' Fees In Q3' -Bloomberg",GOOGL,https://www.benzinga.com/news/19/08/14329438/arbutus-biopharma-corp-co-expects-to-record-a-charge-of-about-5-8-mln-excluding-the-amount-of-any-po,Benzinga Newsdesk,,,,,,,neutral,0.844755232334137
567363,2019-08-26 00:00:00+00:00,'Baidu replaces Google to become number two in smart speaker market in Q2 2019' -Canalys,GOOGL,https://www.benzinga.com/tech/19/08/14328564/baidu-replaces-google-to-become-number-two-in-smart-speaker-market-in-q2-2019-canalys,Benzinga Newsdesk,,,,,,,positive,0.704283595085144
567364,2019-08-26 00:00:00+00:00,Shares of several large-cap companies are trading higher amid easing trade tensions. President Trump said China is ready to come back to the negotiating table.,GOOGL,https://www.benzinga.com/markets/wiim/19/08/14328383/shares-of-several-large-cap-companies-are-trading-higher-amid-easing-trade-tensions-president-trump,Benzinga Newsdesk,,,,,,,positive,0.9396061301231384
567365,2019-08-26 00:00:00+00:00,"French, US Finance Officials Agree on a Draft Proposal on France's Digital Tax; Will Submit to Heads of State on Monday",GOOGL,https://www.benzinga.com/news/19/08/14324355/french-us-finance-officials-agree-on-a-draft-proposal-on-frances-digital-tax-will-submit-to-heads-of,Charles Gross,,,,,,,neutral,0.8274266123771667
567366,2019-08-23 00:00:00+00:00,Shares of several large-cap companies are trading lower in sympathy with the overall market on escalated trade tensions after China announced it plans to impose a 5% to 10% tariff rate on $75 billion worth of U.S. goods.,GOOGL,https://www.benzinga.com/markets/wiim/19/08/14319349/shares-of-several-large-cap-companies-are-trading-lower-in-sympathy-with-the-overall-market-on-escal,Benzinga Newsdesk,,,,,,,negative,0.970986306667328
567367,2019-08-22 00:00:00+00:00,Hearing Germany Planning 'Gaia-X' Cloud Rival To Google And Amazon; Unconfirmed,GOOGL,https://www.benzinga.com/news/19/08/14315388/hearing-germany-planning-gaia-x-cloud-rival-to-google-and-amazon-unconfirmed,Benzinga Newsdesk,,,,,,,neutral,0.9025299549102784
567368,2019-08-22 00:00:00+00:00,"EU Officials Want To Set Up A €100 Billion Wealth Fund To Bolster ""European Champions"" Against American And Chinese Business Rivals Like Google, Apple And Alibaba",GOOGL,https://www.benzinga.com/government/19/08/14314991/eu-officials-want-to-set-up-a-100-billion-wealth-fund-to-bolster-european-champions-against-american,Benzinga_Newsdesk,,,,,,,positive,0.8267974853515625
567369,2019-08-22 00:00:00+00:00,Microsoft The Latest To Be Criticized For Using Humans To Listen To User Audio,GOOGL,https://www.benzinga.com/tech/19/08/14312932/microsoft-the-latest-to-be-criticized-for-using-humans-to-listen-to-user-audio,Dave Royse,,,,,,,negative,0.9070206880569458
567370,2019-08-22 00:00:00+00:00,"Kohl's, Snap And More 'Fast Money' Picks For August 22",GOOGL,https://www.benzinga.com/trading-ideas/long-ideas/19/08/14313663/kohls-snap-and-more-fast-money-picks-for-august-22,Craig Jones,,,,,,,neutral,0.9382987022399902
567371,2019-08-22 00:00:00+00:00,Google Collaborates with Telangana Government in India for 'Digital Telangana',GOOGL,https://www.benzinga.com/news/19/08/14310838/google-collaborates-with-telangana-government-in-india-for-digital-telangana,Charles Gross,,,,,,,neutral,0.5589430332183838
567372,2019-08-21 00:00:00+00:00,"Loup Ventures Analyzes Voice Assistants: Google Bests Siri And Alexa, But All Are Improved",GOOGL,https://www.benzinga.com/general/psychology/19/08/14300763/loup-ventures-analyzes-voice-assistants-google-bests-siri-and-alexa-but-all-are-improved,Dave Royse,,,,,,,neutral,0.5413564443588257
567373,2019-08-20 00:00:00+00:00,DXC Technology and Google Cloud Announce Global Partnership To 'Drive Innovation For Enterprises At Scale',GOOGL,https://www.benzinga.com/tech/19/08/14298703/dxc-technology-and-google-cloud-announce-global-partnership-to-drive-innovation-for-enterprises-at-s,Benzinga Newsdesk,,,,,,,positive,0.8513142466545105
567374,2019-08-19 00:00:00+00:00,State Attorneys General to Move Forward With Antitrust Probe Of Big Tech Companies; State Effort Could Dovetail With Justice Dept. Probe,GOOGL,https://www.benzinga.com/news/19/08/14295119/state-attorneys-general-to-move-forward-with-antitrust-probe-of-big-tech-companies-state-effort-coul,Benzinga Newsdesk,,,,,,,neutral,0.718017578125
567375,2019-08-19 00:00:00+00:00,Shares of several large-cap companies are trading higher on renewed optimism for a solution to the U.S.-China trade war.,GOOGL,https://www.benzinga.com/markets/wiim/19/08/14292913/shares-of-several-large-cap-companies-are-trading-higher-on-renewed-optimism-for-a-solution-to-the-u,Benzinga Newsdesk,,,,,,,positive,0.9359952807426452
567376,2019-08-19 00:00:00+00:00,"'Wow, Report Just Out! Google manipulated from 2.6 million to 16 million votes for Hillary Clinton in 2016 Election! This was put out by a Clinton supporter, not a Trump Supporter! Google should be sued. My victory was even bigger...' -Tweets Trump",GOOGL,https://www.benzinga.com/government/19/08/14292797/wow-report-just-out-google-manipulated-from-2-6-million-to-16-million-votes-for-hillary-clinton-in-2,Benzinga_Newsdesk,,,,,,,neutral,0.6259106397628784
567377,2019-08-19 00:00:00+00:00,Google Shuts Down Service Provided to Wireless Carriers Globally That Showed Weak Spots in Their Network Coverage,GOOGL,https://www.benzinga.com/news/19/08/14290318/google-shuts-down-service-provided-to-wireless-carriers-globally-that-showed-weak-spots-in-their-net,Charles Gross,,,,,,,negative,0.964714765548706
567378,2019-08-19 00:00:00+00:00,This Day In Market History: The Google IPO,GOOGL,https://www.benzinga.com/general/education/19/08/14291439/this-day-in-market-history-the-google-ipo,Wayne Duggan,,,,,,,neutral,0.924712061882019
567379,2019-08-16 00:00:00+00:00,What Analysts Have To Say About Nvidia Following Earnings Beat,GOOGL,https://www.benzinga.com/analyst-ratings/analyst-color/19/08/14285208/what-analysts-have-to-say-about-nvidia-following-earnings-beat,Wayne Duggan,,,,,,,neutral,0.9352685809135436
567380,2019-08-16 00:00:00+00:00,Shares of several large-cap companies are trading higher with the broader market on renewed optimism surrounding US-China trade talks after Donald Trump announced earlier in the week that he would delay additional tariffs on Chinese goods until December.,GOOGL,https://www.benzinga.com/markets/wiim/19/08/14285304/shares-of-several-large-cap-companies-are-trading-higher-with-the-broader-market-on-renewed-optimism,Benzinga Newsdesk,,,,,,,positive,0.9306753873825072
567381,2019-08-15 00:00:00+00:00,'The Trump administration has urged Congress to make permanent the expiring legal authority that empowers the National Security Agency to gain access to logs of Americans' domestic communications...' -Tweet From NY Times,GOOGL,https://www.benzinga.com/news/19/08/14279230/the-trump-administration-has-urged-congress-to-make-permanent-the-expiring-legal-authority-that-empo,Benzinga Newsdesk,,,,,,,neutral,0.895443320274353
567382,2019-08-15 00:00:00+00:00,"Q2 13F Roundup: How Buffett, Einhorn, Ackman And Others Adjusted Their Portfolios",GOOGL,https://www.benzinga.com/news/19/08/14278097/q2-13f-roundup-how-buffett-einhorn-ackman-and-others-adjusted-their-portfolios,Wayne Duggan,,,,,,,neutral,0.8887203335762024
567383,2019-08-14 00:00:00+00:00,"Appaloosa 13F Shows Raised Stakes In Google, UnitedHealth, Cut Stakes In Vistra Energy, T-Mobile, Facebook, Took New Stake In Intelsat",GOOGL,https://www.benzinga.com/news/19/08/14270851/appaloosa-13f-shows-raised-stakes-in-google-unitedhealth-cut-stakes-in-vistra-energy-t-mobile-facebo,Benzinga Newsdesk,,,,,,,neutral,0.8827762603759766
567384,2019-08-13 00:00:00+00:00,SunTrust: Internet Stocks Outperforming S&P 500,GOOGL,https://www.benzinga.com/analyst-ratings/analyst-color/19/08/14257838/suntrust-internet-stocks-outperforming-s-p-500,Shanthi Rexaline,,,,,,,negative,0.8592467904090881
567385,2019-08-13 00:00:00+00:00,"Watching Facebook, Alphabet, Other Major Tech Names Amid Report FTC Chair Says Prepared To Break Up Major Tech Platforms By Undoing Past Mergers If Necessary",GOOGL,https://www.benzinga.com/m-a/19/08/14260629/watching-facebook-alphabet-other-major-tech-names-amid-report-ftc-chair-says-prepared-to-break-up-ma,Benzinga Newsdesk,,,,,,,neutral,0.9065768122673036
567386,2019-08-13 00:00:00+00:00,Shares of several large-cap companies are trading higher in sympathy with the overall market after the U.S. announced it is excluding and delaying the additional 10% tariff on certain products.,GOOGL,https://www.benzinga.com/markets/wiim/19/08/14257113/shares-of-several-large-cap-companies-are-trading-higher-in-sympathy-with-the-overall-market-after-t,Benzinga Newsdesk,,,,,,,positive,0.929584503173828
567387,2019-08-13 00:00:00+00:00,Google's Jobs Search Draws Antitrust Complaints From Rivals,GOOGL,https://www.benzinga.com/news/19/08/14253601/googles-jobs-search-draws-antitrust-complaints-from-rivals,Charles Gross,,,,,,,negative,0.9524895548820496
567388,2019-08-11 00:00:00+00:00,Russia Tells Google Not to Advertise Illegal Events Following Protest in Moscow,GOOGL,https://www.benzinga.com/news/19/08/14245432/russia-tells-google-not-to-advertise-illegal-events-following-protest-in-moscow,Charles Gross,,,,,,,negative,0.597008228302002
567389,2019-08-09 00:00:00+00:00,"The Lesson From The Capital One Data Breach: The Cloud Is Vulnerable, And We Shouldn't Forget It",GOOGL,https://www.benzinga.com/government/19/08/14241467/the-lesson-from-the-capital-one-data-breach-the-cloud-is-vulnerable-and-we-shouldnt-forget-it,Spencer Israel,,,,,,,neutral,0.5962247252464294
567390,2019-08-09 00:00:00+00:00,Huawei To Google: We Don't Need You Anymore,GOOGL,https://www.benzinga.com/news/19/08/14239337/huawei-to-google-we-dont-need-you-anymore,Jayson Derrick,,,,,,,neutral,0.9039757251739502
567391,2019-08-08 00:00:00+00:00,Amazon Seeks FAA Approval For Its Prime Air Drone,GOOGL,https://www.benzinga.com/government/19/08/14233832/amazon-seeks-faa-approval-for-its-prime-air-drone,FreightWaves,,,,,,,positive,0.8666939735412598
567392,2019-08-08 00:00:00+00:00,Shares are several consumer technology companies are trading higher in sympathy with the overall market.,GOOGL,https://www.benzinga.com/markets/wiim/19/08/14233063/shares-are-several-consumer-technology-companies-are-trading-higher-in-sympathy-with-the-overall-mar,Benzinga Newsdesk,,,,,,,positive,0.9481791257858276
567393,2019-08-08 00:00:00+00:00,"Chinese Cloud Services Rivalry Heats Up As Alibaba, Tencent Face Off",GOOGL,https://www.benzinga.com/news/19/08/14231012/chinese-cloud-services-rivalry-heats-up-as-alibaba-tencent-face-off,Shanthi Rexaline,,,,,,,positive,0.5141265988349915
567394,2019-08-07 00:00:00+00:00,"CNBC Tweet: AMD lands Google, Twitter as customers with newest server chip.",GOOGL,https://www.benzinga.com/news/19/08/14226344/cnbc-tweet-amd-lands-google-twitter-as-customers-with-newest-server-chip,Charles Gross,,,,,,,positive,0.7347599864006042
567395,2019-08-07 00:00:00+00:00,"AT&T, Disney And More 'Fast Money' Picks For August 7",GOOGL,https://www.benzinga.com/media/19/08/14220309/at-t-disney-and-more-fast-money-picks-for-august-7,Craig Jones,,,,,,,neutral,0.9470363259315492
567396,2019-08-06 00:00:00+00:00,"From Disney Q3 Earnings Conference Call: Expect Co. To Conclude Deals With Apple, Amazon, Google, Other Distribution Partners",GOOGL,https://www.benzinga.com/news/19/08/14215128/from-disney-q3-earnings-conference-call-expect-co-to-conclude-deals-with-apple-amazon-google-other-d,Benzinga Newsdesk,,,,,,,neutral,0.8155946731567383
567397,2019-08-06 00:00:00+00:00,Series Of Trump Tweets Emphasizes 'We are watching Google very closely!',GOOGL,https://www.benzinga.com/news/19/08/14212082/series-of-trump-tweets-emphasizes-we-are-watching-google-very-closely,Benzinga Newsdesk,,,,,,,neutral,0.8974232077598572
567398,2019-08-06 00:00:00+00:00,Hearing Cowen Says AMD May Announce Google As A CPU Customer At tomorrow's Event,GOOGL,https://www.benzinga.com/news/19/08/14210847/hearing-cowen-says-amd-may-announce-google-as-a-cpu-customer-at-tomorrows-event,Benzinga Newsdesk,,,,,,,neutral,0.8823174834251404
567399,2019-08-05 00:00:00+00:00,Shares of several large-cap companies are trading lower with the overall market on renewed US-China trade tensions. President Trump announced an additional 10% tariff on $300 billion worth of Chinese goods. China is manipulating its currency and announced they are not buying any agricultural products from the U.S.,GOOGL,https://www.benzinga.com/markets/wiim/19/08/14201321/shares-of-several-large-cap-companies-are-trading-lower-with-the-overall-market-on-renewed-us-china,Benzinga Newsdesk,,,,,,,negative,0.971650004386902
567400,2019-08-02 00:00:00+00:00,Analysts Share Their View On FANG Stocks And Apple,GOOGL,https://www.benzinga.com/analyst-ratings/analyst-color/19/08/14195317/analysts-share-their-view-on-fang-stocks-and-apple,Craig Jones,,,,,,,neutral,0.8813616633415222
567401,2019-08-02 00:00:00+00:00,"MKM Partners Assumes Alphabet at Buy, Announces $1.45K Price Target",GOOGL,https://www.benzinga.com/news/19/08/14190860/mkm-partners-assumes-alphabet-at-buy-announces-1-45k-price-target,Benzinga_Newsdesk,,,,,,,neutral,0.881816565990448
567402,2019-08-01 00:00:00+00:00,'Google suspends transcriptions of recordings from its voice assistant in Europe' -CNBC,GOOGL,https://www.benzinga.com/news/19/08/14185371/google-suspends-transcriptions-of-recordings-from-its-voice-assistant-in-europe-cnbc,Benzinga Newsdesk,,,,,,,negative,0.9104111194610596
567403,2019-07-31 00:00:00+00:00,"Amgen, Alphabet And More 'Fast Money Halftime Report' Picks From July 31",GOOGL,https://www.benzinga.com/media/19/07/14174504/amgen-alphabet-and-more-fast-money-halftime-report-picks-from-july-31,Craig Jones,,,,,,,neutral,0.9428046345710754
567404,2019-07-31 00:00:00+00:00,'I Didn't Want To Die': Why One Woman Turned To Trading Options To Fund Life-Extending Stem Cell Treatments,GOOGL,https://www.benzinga.com/government/19/07/14152125/i-didnt-want-to-die-why-one-woman-turned-to-trading-options-to-fund-life-extending-stem-cell-treatme,Rachel Cunningham,,,,,,,neutral,0.9212491512298584
567405,2019-07-31 00:00:00+00:00,How Does Apple's iPhone Loyalty Compare To Samsung And Google?,GOOGL,https://www.benzinga.com/news/19/07/14171757/how-does-apples-iphone-loyalty-compare-to-samsung-and-google,Wayne Duggan,,,,,,,neutral,0.8379418253898621
567406,2019-07-31 00:00:00+00:00,'Fastest Crypto Exchange In The World' Released To Retail Market,GOOGL,https://www.benzinga.com/markets/cryptocurrency/19/07/14165494/fastest-crypto-exchange-in-the-world-released-to-retail-market,Renato Capelj,,,,,,,neutral,0.8270537853240967
567407,2019-07-30 00:00:00+00:00,Welcome To Minority Report: See The Pixel 4's Gesture Control Technology,GOOGL,https://www.benzinga.com/news/19/07/14161973/welcome-to-minority-report-see-the-pixel-4s-gesture-control-technology,Dave Royse,,,,,,,neutral,0.8827061653137207
567408,2019-07-30 00:00:00+00:00,Analyst: Google Cloud Could Drop Intel For AMD,GOOGL,https://www.benzinga.com/analyst-ratings/analyst-color/19/07/14159828/analyst-google-cloud-could-drop-intel-for-amd,Wayne Duggan,,,,,,,negative,0.5454205274581909
567409,2019-07-30 00:00:00+00:00,"Apple On Today's Menu, With Starring Roles From China Talks, Fed Meeting",GOOGL,https://www.benzinga.com/news/earnings/19/07/14160136/apple-on-todays-menu-with-starring-roles-from-china-talks-fed-meeting,JJ Kinahan,,,,,,,neutral,0.9013225436210632
567410,2019-07-30 00:00:00+00:00,"AMD Shares Spike 1.5%, Intel Shares Fall 0.8% As Hearing Lynx Equity Out With A Call Suggesting Google Cloud Could Switch From Intel To AMD Chips",GOOGL,https://www.benzinga.com/analyst-ratings/analyst-color/19/07/14158809/amd-shares-spike-1-5-intel-shares-fall-0-8-as-hearing-lynx-equity-out-with-a-call-s,Benzinga Newsdesk,,,,,,,negative,0.767345130443573
567411,2019-07-30 00:00:00+00:00,4 Banks That Don't Charge Month Fees For Checking Accounts,GOOGL,https://www.benzinga.com/general/education/19/07/14152426/4-banks-that-dont-charge-month-fees-for-checking-accounts,Alexis Raskin,,,,,,,neutral,0.8320414423942566
567412,2019-07-30 00:00:00+00:00,"Google Cloud, VMware Highlight Launch Of Google Cloud VMware Solution By CloudSimple",GOOGL,https://www.benzinga.com/news/19/07/14158518/google-cloud-vmware-highlight-launch-of-google-cloud-vmware-solution-by-cloudsimple,Benzinga Newsdesk,,,,,,,neutral,0.8899989724159241
567413,2019-07-30 00:00:00+00:00,"Huawei Chairman Says Small Amount of Non-essential Supplies Has Resumed, but Not Key Ones Such as Google Android",GOOGL,https://www.benzinga.com/news/19/07/14156776/huawei-chairman-says-small-amount-of-non-essential-supplies-has-resumed-but-not-key-ones-such-as-goo,Charles Gross,,,,,,,positive,0.6271589398384094
567414,2019-07-29 00:00:00+00:00,'Huawei and Google Were Working On New Smart Speaker Before Trump's Ban' -The Information,GOOGL,https://www.benzinga.com/government/19/07/14152662/huawei-and-google-were-working-on-new-smart-speaker-before-trumps-ban-the-information,Benzinga_Newsdesk,,,,,,,neutral,0.8788971900939941
567415,2019-07-29 00:00:00+00:00,"VMware Shares Relatively Unaffected Following The Information Report 'The People With Power at Google Cloud,' Suggesting Google Cloud Discussing Partnership With VMware",GOOGL,https://www.benzinga.com/news/19/07/14151033/vmware-shares-relatively-unaffected-following-the-information-report-the-people-with-power-at-google,Benzinga Newsdesk,,,,,,,neutral,0.4561639726161957
567416,2019-07-28 00:00:00+00:00,"Bulls And Bears Of The Week: Coca-Cola, Intel, Mattel, Starbucks And More",GOOGL,https://www.benzinga.com/trading-ideas/19/07/14147535/bulls-and-bears-of-the-week-coca-cola-intel-mattel-starbucks-and-more,Nelson Hem,,,,,,,neutral,0.9359253644943236
567417,2019-07-28 00:00:00+00:00,"@elonmusk Tweet Ability to stream YouTube & Netflix when car is stopped coming to your Tesla soon! Has an amazingly immersive, cinematic feel due to the comfy seats & surround sound audio.",GOOGL,https://www.benzinga.com/news/19/07/14147723/elonmusk-tweet-ability-to-stream-youtube-netflix-when-car-is-stopped-coming-to-your-tesla-soon-has-a,Charles Gross,,,,,,,neutral,0.7828280329704285
567418,2019-07-27 00:00:00+00:00,Report: Verizon Hiring Blockchain Engineers,GOOGL,https://www.benzinga.com/markets/cryptocurrency/19/07/14146372/report-verizon-hiring-blockchain-engineers,Renato Capelj,,,,,,,neutral,0.499843418598175
567419,2019-07-27 00:00:00+00:00,Dan Nathan's Apple Options Trade,GOOGL,https://www.benzinga.com/trading-ideas/long-ideas/19/07/14147391/dan-nathans-apple-options-trade,Craig Jones,,,,,,,neutral,0.9328905940055848
567420,2019-07-27 00:00:00+00:00,"This Analyst Sees Upside Potential In Alphabet, Twitter and Amazon",GOOGL,https://www.benzinga.com/analyst-ratings/analyst-color/19/07/14147093/this-analyst-sees-upside-potential-in-alphabet-twitter-and-amazon,Craig Jones,,,,,,,positive,0.6141856908798218
567421,2019-07-26 00:00:00+00:00,"'Australia to 'lift veil' on Facebook, Google algorithms to protect privacy' -Reuters From Earlier",GOOGL,https://www.benzinga.com/news/19/07/14144995/australia-to-lift-veil-on-facebook-google-algorithms-to-protect-privacy-reuters-from-earlier,Benzinga_Newsdesk,,,,,,,neutral,0.8228286504745483
567422,2019-07-26 00:00:00+00:00,"'We Continue To Like The Company's Fundamentals': Investors, Analysts Cheer Alphabet's Q2 Rebound",GOOGL,https://www.benzinga.com/analyst-ratings/analyst-color/19/07/14143458/we-continue-to-like-the-companys-fundamentals-investors-analysts-cheer-alphabets-q2,Dave Royse,,,,,,,positive,0.8717765808105469
567423,2019-07-26 00:00:00+00:00,'Fast Money' Traders Share Their Thoughts On Alphabet After Earnings,GOOGL,https://www.benzinga.com/media/19/07/14144081/fast-money-traders-share-their-thoughts-on-alphabet-after-earnings,Craig Jones,,,,,,,neutral,0.8669553399085999
567424,2019-07-26 00:00:00+00:00,Analysts Aren't Shaken By Amazon's Q2 Earnings,GOOGL,https://www.benzinga.com/analyst-ratings/analyst-color/19/07/14143558/analysts-arent-shaken-by-amazons-q2-earnings,Jayson Derrick,,,,,,,neutral,0.5408130288124084
567425,2019-07-26 00:00:00+00:00,"A Look At Benzinga Pro's Most-Searched Tickers For July 26, 2019",GOOGL,https://www.benzinga.com/news/19/07/14143706/a-look-at-benzinga-pros-most-searched-tickers-for-july-26-2019,Sebastian Brown,,,,,,,neutral,0.9446794390678406
567426,2019-07-26 00:00:00+00:00,"UPDATE: Wedbush Maintains Outperform On Alphabet, Raises Target To $1.5K As Firm Believes 'that an OUTPERFORM rating is warranted given valuation upside and an unrivalled collection of high-profile and omnipresent core products and platforms'",GOOGL,https://www.benzinga.com/analyst-ratings/analyst-color/19/07/14143628/update-wedbush-maintains-outperform-on-alphabet-raises-target-to-1-5k-as-firm-belie,Benzinga_Newsdesk,,,,,,,positive,0.9514437913894652
567427,2019-07-26 00:00:00+00:00,"UPDATE: Canaccord Genuity On Google Continues: 'which coupled with other growth vectors (Cloud, Other Bets), ongoing buyback to offset dilution, and reasonable valuation, create an attractive investment case in the large-cap tech universe'",GOOGL,https://www.benzinga.com/analyst-ratings/analyst-color/19/07/14143513/update-canaccord-genuity-on-google-continues-which-coupled-with-other-growth-vector,Benzinga_Newsdesk,,,,,,,positive,0.9318455457687378
567428,2019-07-26 00:00:00+00:00,"UPDATE: Canaccord Genuity Maintains Buy On Google, Raises Target To $1.35K As Firm Thinks 'several product changes introduced earlier this year will likely drive accelerating advertising growth in 2H'",GOOGL,https://www.benzinga.com/analyst-ratings/analyst-color/19/07/14143512/update-canaccord-genuity-maintains-buy-on-google-raises-target-to-1-35k-as-firm-thi,Benzinga_Newsdesk,,,,,,,positive,0.9336756467819214
567429,2019-07-26 00:00:00+00:00,"Trump Tweets On China Issues For Apple, Google",GOOGL,https://www.benzinga.com/government/19/07/14143346/trump-tweets-on-china-issues-for-apple-google,Tanzeel Akhtar,,,,,,,neutral,0.9377191066741944
567430,2019-07-26 00:00:00+00:00,Stock Wars: Intel Vs. AMD Vs. Nvidia,GOOGL,https://www.benzinga.com/markets/cryptocurrency/19/07/14107766/stock-wars-intel-vs-amd-vs-nvidia,Shanthi Rexaline,,,,,,,negative,0.5234584212303162
567431,2019-07-26 00:00:00+00:00,"Benzinga Pro's Top 10 Most-Searched Tickers For Morning of Friday, July 26, 2019",GOOGL,https://www.benzinga.com/trading-ideas/19/07/14143146/benzinga-pros-top-10-most-searched-tickers-for-morning-of-friday-july-26-2019,Benzinga Newsdesk,,,,,,,neutral,0.9414194226264954
567432,2019-07-26 00:00:00+00:00,UPDATE: KeyBanc On Google Continues: 'which along with other significant growth opportunities suggest the potential for solid revenue and profit growth for the foreseeable future',GOOGL,https://www.benzinga.com/analyst-ratings/analyst-color/19/07/14143103/update-keybanc-on-google-continues-which-along-with-other-significant-growth-opport,Benzinga_Newsdesk,,,,,,,positive,0.9495030641555786
567433,2019-07-26 00:00:00+00:00,"UPDATE: KeyBanc Reiterates Overweight On Google, Raises Target To $1.516K As Firm Notes '2Q results showed stability in core Sites ad revenue and likely acceleration in GCP'",GOOGL,https://www.benzinga.com/analyst-ratings/analyst-color/19/07/14143102/update-keybanc-reiterates-overweight-on-google-raises-target-to-1-516k-as-firm-note,Benzinga_Newsdesk,,,,,,,positive,0.9426804780960084
567434,2019-07-26 00:00:00+00:00,"'There may or may not be National Security concerns with regard to Google and their relationship with China. If there is a problem, we will find out about it...' -Tweet From Trump",GOOGL,https://www.benzinga.com/news/19/07/14143057/there-may-or-may-not-be-national-security-concerns-with-regard-to-google-and-their-relationship-with,Benzinga Newsdesk,,,,,,,neutral,0.5598167181015015
567435,2019-07-26 00:00:00+00:00,10 Biggest Price Target Changes For Friday,GOOGL,https://www.benzinga.com/analyst-ratings/price-target/19/07/14142754/10-biggest-price-target-changes-for-friday,Lisa Levin,,,,,,,neutral,0.7916321754455566
567436,2019-07-26 00:00:00+00:00,"Stifel Nicolaus Maintains Hold on Alphabet, Raises Price Target to $1.299K",GOOGL,https://www.benzinga.com/news/19/07/14142522/stifel-nicolaus-maintains-hold-on-alphabet-raises-price-target-to-1-299k,Vick Meyer,,,,,,,positive,0.5132189989089966
567437,2019-07-26 00:00:00+00:00,"Wedbush Maintains Outperform on Alphabet, Raises Price Target to $1.5K",GOOGL,https://www.benzinga.com/news/19/07/14142479/wedbush-maintains-outperform-on-alphabet-raises-price-target-to-1-5k,Vick Meyer,,,,,,,positive,0.9115371108055116
567438,2019-07-26 00:00:00+00:00,"Credit Suisse Maintains Outperform on Alphabet, Raises Price Target to $1,500",GOOGL,https://www.benzinga.com/news/19/07/14142393/credit-suisse-maintains-outperform-on-alphabet-raises-price-target-to-1-500,Vick Meyer,,,,,,,positive,0.9144194722175598
567439,2019-07-26 00:00:00+00:00,Alphabet shares are trading higher after the company reported better-than-expected Q2 EPS and sales results.,GOOGL,https://www.benzinga.com/markets/wiim/19/07/14142239/alphabet-shares-are-trading-higher-after-the-company-reported-better-than-expected-q2-eps-and-sales,Benzinga Newsdesk,,,,,,,positive,0.956144630908966
567440,2019-07-26 00:00:00+00:00,"Mizuho Maintains Buy on Alphabet, Raises Price Target to $1.4K",GOOGL,https://www.benzinga.com/news/19/07/14141983/mizuho-maintains-buy-on-alphabet-raises-price-target-to-1-4k,Vick Meyer,,,,,,,positive,0.5907705426216125
567441,2019-07-26 00:00:00+00:00,"Morgan Stanley Maintains Overweight on Alphabet, Raises Price Target to $1.45K",GOOGL,https://www.benzinga.com/news/19/07/14141767/morgan-stanley-maintains-overweight-on-alphabet-raises-price-target-to-1-45k,Vick Meyer,,,,,,,positive,0.7439330816268921
567442,2019-07-26 00:00:00+00:00,"Canaccord Genuity Maintains Buy on Alphabet, Raises Price Target to $1.35K",GOOGL,https://www.benzinga.com/news/19/07/14141762/canaccord-genuity-maintains-buy-on-alphabet-raises-price-target-to-1-35k,Vick Meyer,,,,,,,positive,0.5057089924812317
567443,2019-07-26 00:00:00+00:00,Alphabet Reported With Thurs.'s Earnings Report Addition Of $25B To Buyback Plan,GOOGL,https://www.benzinga.com/news/19/07/14141628/alphabet-reported-with-thurs-s-earnings-report-addition-of-25b-to-buyback-plan,Benzinga Newsdesk,,,,,,,neutral,0.8828213214874268
567444,2019-07-26 00:00:00+00:00,"Citigroup Maintains Buy on Alphabet, Raises Price Target to $1.45K",GOOGL,https://www.benzinga.com/news/19/07/14141575/citigroup-maintains-buy-on-alphabet-raises-price-target-to-1-45k,Vick Meyer,,,,,,,neutral,0.5529856085777283
567445,2019-07-26 00:00:00+00:00,"Nomura Maintains Buy on Alphabet, Raises Price Target to $1.4K",GOOGL,https://www.benzinga.com/news/19/07/14141530/nomura-maintains-buy-on-alphabet-raises-price-target-to-1-4k,Vick Meyer,,,,,,,positive,0.522596001625061
567446,2019-07-26 00:00:00+00:00,"KeyBanc Maintains Overweight on Alphabet, Raises Price Target to $1.516K",GOOGL,https://www.benzinga.com/news/19/07/14141027/keybanc-maintains-overweight-on-alphabet-raises-price-target-to-1-516k,Vick Meyer,,,,,,,positive,0.9178339838981628
567447,2019-07-26 00:00:00+00:00,36 Technology Stocks Moving In Thursday's After-Market Session,GOOGL,https://www.benzinga.com/news/19/07/14140727/36-technology-stocks-moving-in-thursdays-after-market-session,Lisa Levin,,,,,,,neutral,0.7482649087905884
567448,2019-07-25 00:00:00+00:00,Alphabet CFO Says Annual Run Rate For Cloud In Q2 Was Over $8B,GOOGL,https://www.benzinga.com/news/earnings/19/07/14139226/alphabet-cfo-says-annual-run-rate-for-cloud-in-q2-was-over-8b,Benzinga Newsdesk,,,,,,,neutral,0.8660614490509033
567449,2019-07-25 00:00:00+00:00,Alphabet CFO Says Cloud Third-Largest Driver Of Alphabet Revenue Growth,GOOGL,https://www.benzinga.com/news/earnings/19/07/14139221/alphabet-cfo-says-cloud-third-largest-driver-of-alphabet-revenue-growth,Benzinga Newsdesk,,,,,,,positive,0.4971816539764404
567450,2019-07-25 00:00:00+00:00,"Alphabet CFO Ruth Porat, On Huawei's Operating System, Says Co. Focused On Protecting Users, Those Using Huawei Devices; Porat, On Huawei's Operating System, Says It Is Still An Open Item",GOOGL,https://www.benzinga.com/news/19/07/14139202/alphabet-cfo-ruth-porat-on-huaweis-operating-system-says-co-focused-on-protecting-users-those-using,Benzinga Newsdesk,,,,,,,neutral,0.9250553250312804
567451,2019-07-25 00:00:00+00:00,"Alphabet Surges After Q2 Earnings, Revenue Beats",GOOGL,https://www.benzinga.com/news/earnings/19/07/14138221/alphabet-surges-after-q2-earnings-revenue-beats,Dave Royse,,,,,,,positive,0.8940430879592896
567452,2019-07-25 00:00:00+00:00,Alphabet shares are trading higher after the company reported better-than-expected Q2 EPS and sales results.,GOOGL,https://www.benzinga.com/markets/wiim/19/07/14137980/alphabet-shares-are-trading-higher-after-the-company-reported-better-than-expected-q2-eps-and-sales,Benzinga Newsdesk,,,,,,,positive,0.956144630908966
567453,2019-07-25 00:00:00+00:00,"Alphabet Q2 Adj. EPS $14.21 Beats $11.3 Estimate, Sales $38.944B Beat $38.17B Estimate",GOOGL,https://www.benzinga.com/news/earnings/19/07/14137786/alphabet-q2-adj-eps-14-21-beats-11-3-estimate-sales-38-944b-beat-38-17b-estimate,Benzinga Newsdesk,,,,,,,positive,0.6442824006080627
567454,2019-07-25 00:00:00+00:00,Will Google's Earnings Finally Give Investors Reason To Cheer?,GOOGL,https://www.benzinga.com/news/earnings/19/07/14136493/will-googles-earnings-finally-give-investors-reason-to-cheer,JJ Kinahan,,,,,,,neutral,0.7153854966163635
567455,2019-07-25 00:00:00+00:00,"How This Investor Passed On 100,000% Returns",GOOGL,https://www.benzinga.com/news/19/07/14119951/how-this-investor-passed-on-100-000-returns,Dylan Wittenberg,,,,,,,neutral,0.9310498237609864
567456,2019-07-24 00:00:00+00:00,"Wedbush: Antitrust Interest In Tech Companies Mostly Noise, Breakups Unlikely",GOOGL,https://www.benzinga.com/markets/cryptocurrency/19/07/14125612/wedbush-antitrust-interest-in-tech-companies-mostly-noise-breakups-unlikely,Dave Royse,,,,,,,neutral,0.5452571511268616
567457,2019-07-24 00:00:00+00:00,Treasury Secretary Mnuchin Says Does Not See Any Area In Which Google Is Working With Chinese Gov't. Which Raises Concerns,GOOGL,https://www.benzinga.com/news/19/07/14123631/treasury-secretary-mnuchin-says-does-not-see-any-area-in-which-google-is-working-with-chinese-govt-w,Benzinga Newsdesk,,,,,,,negative,0.7201981544494629
567458,2019-07-23 00:00:00+00:00,WSJ: More Government Scrutiny Coming For Big Tech Companies,GOOGL,https://www.benzinga.com/government/19/07/14120636/wsj-more-government-scrutiny-coming-for-big-tech-companies,Dave Royse,,,,,,,negative,0.7293457984924316
567459,2019-07-23 00:00:00+00:00,"'DOJ anti-trust chief in a statement says: ""Without the discipline of meaningful market-based competition, digital platforms may act in ways that are not responsive to consumer demands...' -CNBC Now Tweet",GOOGL,https://www.benzinga.com/news/19/07/14120360/doj-anti-trust-chief-in-a-statement-says-without-the-discipline-of-meaningful-market-based-competiti,Benzinga Newsdesk,,,,,,,neutral,0.7918586134910583
567460,2019-07-23 00:00:00+00:00,"UPDATE: Dept. Of Justice Review 'Is Different, Broader Than Upcoming Google Probe'",GOOGL,https://www.benzinga.com/news/19/07/14120273/update-dept-of-justice-review-is-different-broader-than-upcoming-google-probe,Benzinga Newsdesk,,,,,,,neutral,0.8008781671524048
567461,2019-07-23 00:00:00+00:00,"Facebook, Amazon, Apple Shares Sharply Lower Following Dept. Of Justice Probe Headline, Google Shares Indicated Lower, Twitter Shares Down Modestly",GOOGL,https://www.benzinga.com/news/19/07/14120251/facebook-amazon-apple-shares-sharply-lower-following-dept-of-justice-probe-headline-google-shares-in,Benzinga Newsdesk,,,,,,,negative,0.9707870483398438
567462,2019-07-22 00:00:00+00:00,Trump Is Expected To Drop In On White House Meeting With Tech Giants Including Google And Micron,GOOGL,https://www.benzinga.com/fintech/19/07/14110867/trump-is-expected-to-drop-in-on-white-house-meeting-with-tech-giants-including-google-and-micron,Benzinga Newsdesk,,,,,,,neutral,0.87591552734375
567463,2019-07-22 00:00:00+00:00,TD Ameritrade Moves One Step Closer Towards Making Trading Through Your Car Possible,GOOGL,https://www.benzinga.com/fintech/19/07/14104830/td-ameritrade-moves-one-step-closer-towards-making-trading-through-your-car-possible,Spencer Israel,,,,,,,neutral,0.7907899618148804
567464,2019-07-21 00:00:00+00:00,Google to Pay $13M to End 2010 Privacy Lawsuit,GOOGL,https://www.benzinga.com/news/19/07/14106853/google-to-pay-13m-to-end-2010-privacy-lawsuit,Charles Gross,,,,,,,negative,0.7411507368087769
567465,2019-07-19 00:00:00+00:00,FaceApp Is A Reminder That Our Data Is More Vulnerable Than We Realize,GOOGL,https://www.benzinga.com/news/19/07/14103503/faceapp-is-a-reminder-that-our-data-is-more-vulnerable-than-we-realize,Spencer Israel,,,,,,,negative,0.6476330161094666
567466,2019-07-19 00:00:00+00:00,"'Israeli security company reportedly has tool that spies on Apple, Google and Facebook cloud data' -CNBC",GOOGL,https://www.benzinga.com/news/19/07/14102564/israeli-security-company-reportedly-has-tool-that-spies-on-apple-google-and-facebook-cloud-data-cnbc,Benzinga Newsdesk,,,,,,,neutral,0.902030348777771
567467,2019-07-18 00:00:00+00:00,4 Great Finance Apps for On-The-Go Professionals,GOOGL,https://www.benzinga.com/general/education/19/07/14096122/4-great-finance-apps-for-on-the-go-professionals,Alexis Raskin,,,,,,,neutral,0.889402449131012
567468,2019-07-18 00:00:00+00:00,Huawei Will Continue Using Android OS For Its Phones,GOOGL,https://www.benzinga.com/news/19/07/14095593/huawei-will-continue-using-android-os-for-its-phones,Benzinga Newsdesk,,,,,,,neutral,0.858173668384552
567469,2019-07-18 00:00:00+00:00,Russia Fines Google For Refusing To Filter Traffic,GOOGL,https://www.benzinga.com/news/19/07/14095246/russia-fines-google-for-refusing-to-filter-traffic,Benzinga Newsdesk,,,,,,,negative,0.9246352314949036
567470,2019-07-17 00:00:00+00:00,"UPDATE: KeyBanc On Google, Facebook, Twitter Sees 'advertisers gaining greater appreciation for the quality of impression, reach, frequency that is available, which is driving strong demand for quality video ad inventory'",GOOGL,https://www.benzinga.com/analyst-ratings/analyst-color/19/07/14089780/update-keybanc-on-google-facebook-twitter-sees-advertisers-gaining-greater-apprecia,Benzinga Newsdesk,,,,,,,positive,0.8983363509178162
567471,2019-07-17 00:00:00+00:00,"KeyBanc Previews Google, Facebook, Twitter Q2 Earnings, Continues 'to see strong growth in the volume and quality of available video ad inventory across the major platforms'",GOOGL,https://www.benzinga.com/analyst-ratings/analyst-color/19/07/14089771/keybanc-previews-google-facebook-twitter-q2-earnings-continues-to-see-strong-growth,Benzinga Newsdesk,,,,,,,positive,0.953617513179779
567472,2019-07-17 00:00:00+00:00,CooTek Sales From Google's Admob May Be Adversely Affected Amid Play Store Removal,GOOGL,https://www.benzinga.com/news/19/07/14088753/cootek-sales-from-googles-admob-may-be-adversely-affected-amid-play-store-removal,Tanzeel Akhtar,,,,,,,negative,0.8980972170829773
567473,2019-07-17 00:00:00+00:00,Stock Wars: GM Vs. Ford Vs. Tesla Vs. Toyota,GOOGL,https://www.benzinga.com/trading-ideas/long-ideas/19/07/14083189/stock-wars-gm-vs-ford-vs-tesla-vs-toyota,Wayne Duggan,,,,,,,neutral,0.622275710105896
567474,2019-07-17 00:00:00+00:00,Google CEO Tells U.S. Senator Co has Ended Some Partnerships in China,GOOGL,https://www.benzinga.com/news/19/07/14085958/google-ceo-tells-u-s-senator-co-has-ended-some-partnerships-in-china,Charles Gross,,,,,,,negative,0.932515561580658
567475,2019-07-17 00:00:00+00:00,Google Banned Major Chinese App Developer CooTek from Play Store and Ad Platforms,GOOGL,https://www.benzinga.com/news/19/07/14085953/google-banned-major-chinese-app-developer-cootek-from-play-store-and-ad-platforms,Charles Gross,,,,,,,negative,0.7641522288322449
567476,2019-07-16 00:00:00+00:00,Trump Says He Would Recommend That US Attorney General And Various Agencies Take A Look At Google's Involvement In China To See If There Is Truth To Allegations,GOOGL,https://www.benzinga.com/news/19/07/14082769/trump-says-he-would-recommend-that-us-attorney-general-and-various-agencies-take-a-look-at-googles-i,Benzinga Newsdesk,,,,,,,neutral,0.8819062113761902
567477,2019-07-16 00:00:00+00:00,Today's Pickup: Drone App Wants To Control The Skies,GOOGL,https://www.benzinga.com/news/19/07/14082364/todays-pickup-drone-app-wants-to-control-the-skies,FreightWaves,,,,,,,neutral,0.9284371733665466
567478,2019-07-16 00:00:00+00:00,"Google, In Response To Peter Thiel's Accusation Of Co.'s Ties With Chinese Govt Says 'We Do Not Work With The Chinese Military'",GOOGL,https://www.benzinga.com/news/19/07/14080764/google-in-response-to-peter-thiels-accusation-of-co-s-ties-with-chinese-govt-says-we-do-not-work-wit,Benzinga Newsdesk,,,,,,,neutral,0.4872246980667114
567479,2019-07-16 00:00:00+00:00,4 Ways To Avoid ATM Fees If You Have An Online Bank,GOOGL,https://www.benzinga.com/general/education/19/07/14074634/4-ways-to-avoid-atm-fees-if-you-have-an-online-bank,Alexis Raskin,,,,,,,neutral,0.921880543231964
567480,2019-07-15 00:00:00+00:00,'Google accused of ripping off digital ad technology in U.S. lawsuit' -Yahoo Finance,GOOGL,https://www.benzinga.com/news/19/07/14076350/google-accused-of-ripping-off-digital-ad-technology-in-u-s-lawsuit-yahoo-finance,Benzinga Newsdesk,,,,,,,negative,0.8529348969459534
567481,2019-07-15 00:00:00+00:00,"Morgan Stanley Maintains Overweight on Alphabet, Lowers Price Target to $1.4K",GOOGL,https://www.benzinga.com/news/19/07/14073130/morgan-stanley-maintains-overweight-on-alphabet-lowers-price-target-to-1-4k,Vick Meyer,,,,,,,negative,0.5914008617401123
567482,2019-07-12 00:00:00+00:00,3 Apps To Help You Transfer Money Between Banks,GOOGL,https://www.benzinga.com/general/education/19/07/14057005/3-apps-to-help-you-transfer-money-between-banks,Alexis Raskin,,,,,,,neutral,0.9191214442253112
567483,2019-07-12 00:00:00+00:00,"Munster Talks Growth Outlook For Amazon, Google",GOOGL,https://www.benzinga.com/analyst-ratings/analyst-color/19/07/14034930/munster-talks-growth-outlook-for-amazon-google,Wayne Duggan,,,,,,,neutral,0.9090612530708312
567484,2019-07-11 00:00:00+00:00,4 Apps To Help You Save For A Down Payment,GOOGL,https://www.benzinga.com/fintech/19/07/14063144/4-apps-to-help-you-save-for-a-down-payment,Margaret Brennan,,,,,,,neutral,0.9110772609710692
567485,2019-07-11 00:00:00+00:00,"'Google admits partners leaked more than 1,000 private conversations with Google Assistant' -CNBC",GOOGL,https://www.benzinga.com/news/19/07/14062546/google-admits-partners-leaked-more-than-1-000-private-conversations-with-google-assistant-cnbc,Benzinga_Newsdesk,,,,,,,neutral,0.868466854095459
567486,2019-07-11 00:00:00+00:00,Facebook Shares Unaffected Following UK Sun Article 'Google secretly building NEW Facebook rival called Shoelace that's like 'Tinder for making friends'',GOOGL,https://www.benzinga.com/news/19/07/14061867/facebook-shares-unaffected-following-uk-sun-article-google-secretly-building-new-facebook-rival-call,Benzinga Newsdesk,,,,,,,negative,0.9001877307891846
567487,2019-07-11 00:00:00+00:00,Breaking Down 3 Of The Year's Most Intriguing Cybersecurity Stocks,GOOGL,https://www.benzinga.com/etfs/sector-etfs/19/07/14061271/breaking-down-3-of-the-years-most-intriguing-cybersecurity-stocks,Chris Dier-Scalise,,,,,,,negative,0.7811960577964783
567488,2019-07-11 00:00:00+00:00,Billionaire Woos Amazon and Google With Indian Data Hubs,GOOGL,https://www.benzinga.com/news/19/07/14058381/billionaire-woos-amazon-and-google-with-indian-data-hubs,Charles Gross,,,,,,,positive,0.5275031924247742
567489,2019-07-09 00:00:00+00:00,'IRS Allegedly Hopes to Make Tech Giants Release User Crypto Activity' -Coin Telegraph,GOOGL,https://www.benzinga.com/markets/cryptocurrency/19/07/14049582/irs-allegedly-hopes-to-make-tech-giants-release-user-crypto-activity-coin-telegraph,Benzinga Newsdesk,,,,,,,neutral,0.9331468939781188
567490,2019-07-09 00:00:00+00:00,"Apple, Google, Facebook To Testify At Judiciary Committee",GOOGL,https://www.benzinga.com/news/19/07/14048783/apple-google-facebook-to-testify-at-judiciary-committee,Benzinga_Newsdesk,,,,,,,neutral,0.9083749055862428
567491,2019-07-09 00:00:00+00:00,What To Know About Google's Acquisition Of Elastifile,GOOGL,https://www.benzinga.com/m-a/19/07/14047936/what-to-know-about-googles-acquisition-of-elastifile,Jayson Derrick,,,,,,,neutral,0.938933253288269
567492,2019-07-09 00:00:00+00:00,'Google to acquire Elastifile' -Google Cloud Blog Post,GOOGL,https://www.benzinga.com/m-a/19/07/14047215/google-to-acquire-elastifile-google-cloud-blog-post,Benzinga Newsdesk,,,,,,,neutral,0.933993637561798
567493,2019-07-07 00:00:00+00:00,"Google, Dish in Talks to Create 4th Mobile Carrier",GOOGL,https://www.benzinga.com/news/19/07/14036989/google-dish-in-talks-to-create-4th-mobile-carrier,Charles Gross,,,,,,,neutral,0.8804022073745728
567494,2019-07-02 00:00:00+00:00,'Waymo is now allowed to transport passengers in its self-driving vehicles on California roads',GOOGL,https://www.benzinga.com/tech/19/07/14020412/waymo-is-now-allowed-to-transport-passengers-in-its-self-driving-vehicles-on-california-roads,Benzinga Newsdesk,,,,,,,neutral,0.8300621509552002
567495,2019-07-01 00:00:00+00:00,Huawei Says it's Awaiting Guidance from U.S. Commerce Dept on Using Google Android After President Trump's G20 Comments,GOOGL,https://www.benzinga.com/news/19/07/14014739/huawei-says-its-awaiting-guidance-from-u-s-commerce-dept-on-using-google-android-after-president-tru,Charles Gross,,,,,,,neutral,0.8515900373458862
567496,2019-07-01 00:00:00+00:00,'Retailers Eager to Lodge Antitrust Complaints Against Amazon and Google' -Bloomberg,GOOGL,https://www.benzinga.com/news/19/07/14013926/retailers-eager-to-lodge-antitrust-complaints-against-amazon-and-google-bloomberg,Benzinga Newsdesk,,,,,,,negative,0.5746929049491882
567497,2019-07-01 00:00:00+00:00,Google Shares Unaffected As Following Post From Co.'s 'The Keyword' Blog: 'Breaking ground in Nevada',GOOGL,https://www.benzinga.com/news/19/07/14012229/google-shares-unaffected-as-following-post-from-co-s-the-keyword-blog-breaking-ground-in-nevada,Benzinga Newsdesk,,,,,,,neutral,0.9107728600502014
567498,2019-06-27 00:00:00+00:00,Google Maps Launching Live Traffic Delays For Buses In Places Where Real-Time Information Direct From Local Transit Agencies Is Not Available,GOOGL,https://www.benzinga.com/tech/19/06/13995895/google-maps-launching-live-traffic-delays-for-buses-in-places-where-real-time-information-direct-fro,Benzinga Newsdesk,,,,,,,negative,0.5305094122886658
567499,2019-06-27 00:00:00+00:00,"Alphabet's Cybersecurity Firm, Chronicle, Will Become Part Of Google Cloud",GOOGL,https://www.benzinga.com/news/19/06/13995326/alphabets-cybersecurity-firm-chronicle-will-become-part-of-google-cloud,Benzinga Newsdesk,,,,,,,neutral,0.9540433287620544
567500,2019-06-26 00:00:00+00:00,Trump: Social Media Companies 'Trying To Rig The Election',GOOGL,https://www.benzinga.com/general/politics/19/06/13986823/trump-social-media-companies-trying-to-rig-the-election,Jayson Derrick,,,,,,,negative,0.776186466217041
567501,2019-06-26 00:00:00+00:00,'The White House is hosting a social media summit as Trump continues to assail tech companies' -CNBC,GOOGL,https://www.benzinga.com/news/19/06/13986732/the-white-house-is-hosting-a-social-media-summit-as-trump-continues-to-assail-tech-companies-cnbc,Benzinga Newsdesk,,,,,,,neutral,0.8759447932243347
567502,2019-06-26 00:00:00+00:00,"White House To Hold Social Media Summit On Thurs., Jul. 11, 2019",GOOGL,https://www.benzinga.com/news/19/06/13986729/white-house-to-hold-social-media-summit-on-thurs-jul-11-2019,Benzinga Newsdesk,,,,,,,neutral,0.9450170993804932
567503,2019-06-26 00:00:00+00:00,"Trump Says Google Is 'Totally Biased', Says Tech Companies Should Be Sued",GOOGL,https://www.benzinga.com/news/19/06/13984794/trump-says-google-is-totally-biased-says-tech-companies-should-be-sued,Benzinga Newsdesk,,,,,,,neutral,0.732337236404419
567504,2019-06-26 00:00:00+00:00,"Trump Says We Should Be Suing Google And Facebook, Perhaps We Will",GOOGL,https://www.benzinga.com/news/19/06/13984734/trump-says-we-should-be-sunig-google-and-facebook-perhaps-we-will,Benzinga Newsdesk,,,,,,,neutral,0.6666131615638733
567505,2019-06-26 00:00:00+00:00,Instagram's Mosseri On Deepfakes: 'If It Takes Too Long To Identify It...The Damage Is Done',GOOGL,https://www.benzinga.com/tech/19/06/13978926/instagrams-mosseri-on-deepfakes-if-it-takes-too-long-to-identify-it-the-damage-is-done,Dave Royse,,,,,,,negative,0.5001782178878784
567506,2019-06-25 00:00:00+00:00,'UPDATE: Youtube DELETES Video Exposing Google Plan to Interfere in 2020 Election' -The Dan Bongino Show,GOOGL,https://www.benzinga.com/news/19/06/13977916/update-youtube-deletes-video-exposing-google-plan-to-interfere-in-2020-election-the-dan-bongino-show,Benzinga Newsdesk,,,,,,,negative,0.8122462630271912
567507,2019-06-24 00:00:00+00:00,Google Will Invest An Added $1.1B In Dutch Data Centers,GOOGL,https://www.benzinga.com/news/19/06/13970557/google-will-invest-an-added-1b-in-dutch-data-centers,Tanzeel Akhtar,,,,,,,neutral,0.7239692211151123
567508,2019-06-24 00:00:00+00:00,"Google Will Invest Added €1B In Dutch Data Centers; Will Build New Data Center In Middenmeer, Netherlands",GOOGL,https://www.benzinga.com/news/19/06/13969562/google-will-invest-added-1b-in-dutch-data-centers-will-build-new-data-center-in-middenmeer-netherlan,Benzinga Newsdesk,,,,,,,positive,0.5034379959106445
567509,2019-06-24 00:00:00+00:00,Hearing Moffett Nathanson Out Saying Alphabet Q1 Earnings May Show Core Search Growth Has Slowed Such That Other Google Businesses Could No Longer Prop Up Results; Unconfirmed,GOOGL,https://www.benzinga.com/analyst-ratings/analyst-color/19/06/13969114/hearing-moffett-nathanson-out-saying-alphabet-q1-earnings-may-show-core-search-grow,Benzinga Newsdesk,,,,,,,negative,0.9644871950149536
567510,2019-06-24 00:00:00+00:00,"Hearing Cleveland Research Out With Negative Checks On Alphabet, Checks Show Search Business Trending Weak As Major Customers Appear Increasingly Reluctant To Add Spend; Unconfirmed",GOOGL,https://www.benzinga.com/analyst-ratings/analyst-color/19/06/13969108/hearing-cleveland-research-out-with-negative-checks-on-alphabet-checks-show-search-,Benzinga Newsdesk,,,,,,,negative,0.9717241525650024
567511,2019-06-21 00:00:00+00:00,"Senate Democrats Ask FTC, Justice Department About Status Of Possible Anti-Trust Probes Into Apple, Amazon.Com, Facebook And Alphabet",GOOGL,https://www.benzinga.com/news/19/06/13958441/senate-democrats-ask-ftc-justice-department-about-status-of-possible-anti-trust-probes-into-apple-am,Benzinga Newsdesk,,,,,,,neutral,0.8360117673873901
567512,2019-06-20 00:00:00+00:00,Leveraging Instagram To Build Cannabis Businesses,GOOGL,https://www.benzinga.com/markets/cannabis/19/06/13953517/leveraging-instagram-to-build-cannabis-businesses,Benzinga Cannabis,,,,,,,neutral,0.7742047905921936
567513,2019-06-20 00:00:00+00:00,'Google is giving up on competing with Apple's iPad as it ends its tablet business and cancels two unreleased devices' -Business Insider,GOOGL,https://www.benzinga.com/tech/19/06/13952661/google-is-giving-up-on-competing-with-apples-ipad-as-it-ends-its-tablet-business-and-cancels-two-unr,Benzinga Newsdesk,,,,,,,negative,0.5535012483596802
567514,2019-06-20 00:00:00+00:00,This CEO Thinks Big Tech Enables Data Breaches,GOOGL,https://www.benzinga.com/fintech/19/06/13951585/this-ceo-thinks-big-tech-enables-data-breaches,Rachel Cunningham,,,,,,,negative,0.7078444361686707
567515,2019-06-20 00:00:00+00:00,Shares of several technology companies are trading higher amid renewed hopes of a Federal Reserve rate cut this year and in sympathy with Oracle reporting strong Q4 earnings.,GOOGL,https://www.benzinga.com/markets/wiim/19/06/13949133/shares-of-several-technology-companies-are-trading-higher-amid-renewed-hopes-of-a-federal-reserve-ra,Benzinga Newsdesk,,,,,,,positive,0.9484878778457642
567516,2019-06-19 00:00:00+00:00,Report: YouTube Exploring Standalone App For Kids Content,GOOGL,https://www.benzinga.com/news/19/06/13945051/report-youtube-exploring-standalone-app-for-kids-content,Jayson Derrick,,,,,,,neutral,0.8177801370620728
567517,2019-06-19 00:00:00+00:00,"'YouTube, Under Fire, Considers Major Changes to Kids' Content' -WSJ",GOOGL,https://www.benzinga.com/tech/19/06/13944379/youtube-under-fire-considers-major-changes-to-kids-content-wsj,Benzinga Newsdesk,,,,,,,neutral,0.684234619140625
567518,2019-06-18 00:00:00+00:00,'Google has confirmed that they have resolved the Google Calendar issue. All Salesloft features that integrate with calendar are now operational' -SalesLoft Status,GOOGL,https://www.benzinga.com/news/19/06/13938625/google-has-confirmed-that-they-have-resolved-the-google-calendar-issue-all-salesloft-features-that-i,Benzinga_Newsdesk,,,,,,,neutral,0.912799596786499
567519,2019-06-18 00:00:00+00:00,Google To Invest Additional $1B In Housing In The Bay Area,GOOGL,https://www.benzinga.com/news/19/06/13938289/report-google-to-invest-additional-1b-in-housing-in-the-bay-area,Tanzeel Akhtar,,,,,,,positive,0.7839205265045166
567520,2019-06-18 00:00:00+00:00,Google Says Announcing An Additional $1 Bln Investment In Housing Across The Bay Area,GOOGL,https://www.benzinga.com/news/19/06/13938077/google-says-announcing-an-additional-1-bln-investment-in-housing-across-the-bay-area,Benzinga_Newsdesk,,,,,,,positive,0.6775665283203125
567521,2019-06-18 00:00:00+00:00,"Sanofi, Google Partner On Health Care-Focused Virtual Innovation Lab",GOOGL,https://www.benzinga.com/news/19/06/13935230/sanofi-google-partner-on-health-care-focused-virtual-innovation-lab,Tanzeel Akhtar,,,,,,,neutral,0.8818467855453491
567522,2019-06-18 00:00:00+00:00,'Our team is aware of this issue and working on a fix. Appreciate your patience.' -Tweet From Google Calendar,GOOGL,https://www.benzinga.com/news/19/06/13937344/our-team-is-aware-of-this-issue-and-working-on-a-fix-appreciate-your-patience-tweet-from-google-cale,Benzinga Newsdesk,,,,,,,neutral,0.8886004686355591
567523,2019-06-18 00:00:00+00:00,"Sanofi, Google to Establish New Virtual Innovation Lab Focusing on Healthcare",GOOGL,https://www.benzinga.com/news/19/06/13934273/sanofi-google-to-establish-new-virtual-innovation-lab-focusing-on-healthcare,Charles Gross,,,,,,,neutral,0.5689536929130554
567524,2019-06-17 00:00:00+00:00,Chinese Brands Are Taking The Global Economy By Storm,GOOGL,https://www.benzinga.com/news/19/06/13922509/chinese-brands-are-taking-the-global-economy-by-storm,Wayne Duggan,,,,,,,neutral,0.8043463230133057
567525,2019-06-17 00:00:00+00:00,"'Alphabet is worth 50% more if broken up, but not Facebook, analyst says' -CNBC",GOOGL,https://www.benzinga.com/news/19/06/13931579/alphabet-is-worth-50-more-if-broken-up-but-not-facebook-analyst-says-cnbc,Benzinga Newsdesk,,,,,,,neutral,0.9250999093055724
567526,2019-06-17 00:00:00+00:00,Internet Trends Report: Why Immigration Is Critical To The US Tech Industry,GOOGL,https://www.benzinga.com/news/19/06/13923907/internet-trends-report-why-immigration-is-critical-to-the-us-tech-industry,Dave Royse,,,,,,,neutral,0.9208552241325378
567527,2019-06-14 00:00:00+00:00,Huawei Delays Foldable Phone Launch,GOOGL,https://www.benzinga.com/news/19/06/13922043/huawei-delays-foldable-phone-launch,Tanzeel Akhtar,,,,,,,neutral,0.5184116363525391
567528,2019-06-14 00:00:00+00:00,E3: Morgan Stanley's 6 Takeaways,GOOGL,https://www.benzinga.com/analyst-ratings/analyst-color/19/06/13923293/e3-morgan-stanleys-6-takeaways,Dave Royse,,,,,,,neutral,0.9170204997062684
567529,2019-06-13 00:00:00+00:00,"Netflix, Next Games To Develop 'Stranger Things' Game Similar To Pokemon Go",GOOGL,https://www.benzinga.com/news/19/06/13917479/netflix-next-games-to-develop-stranger-things-game-similar-to-pokemon-go,Dave Royse,,,,,,,neutral,0.8768317103385925
567530,2019-06-13 00:00:00+00:00,Google CEO Sundar Pichai Was In Oklahoma To Announce A $600M Investment To Expand Data Center In Mayes County,GOOGL,https://www.benzinga.com/news/19/06/13917578/google-ceo-sundar-pichai-was-in-oklahoma-to-announce-a-600m-investment-to-expand-data-center-in-maye,Benzinga_Newsdesk,,,,,,,neutral,0.7315096855163574
567531,2019-06-13 00:00:00+00:00,Legal Expert Breaks Down Antitrust Risk For Big US Tech Stocks,GOOGL,https://www.benzinga.com/analyst-ratings/analyst-color/19/06/13916907/legal-expert-breaks-down-antitrust-risk-for-big-us-tech-stocks,Wayne Duggan,,,,,,,neutral,0.6388694047927856
567532,2019-06-13 00:00:00+00:00,From Kyrgyzstan To London: How This CEO Is Trying To Revolutionize Productivity In Financial Services,GOOGL,https://www.benzinga.com/fintech/19/06/13916926/from-kyrgyzstan-to-london-how-this-ceo-is-trying-to-revolutionize-productivity-in-financial-services,Rachel Cunningham,,,,,,,neutral,0.8554269075393677
567533,2019-06-12 00:00:00+00:00,"Nomura: AMD's Upcoming Products Can Drive Revenue Momentum, Operating Leverage",GOOGL,https://www.benzinga.com/analyst-ratings/analyst-color/19/06/13909934/nomura-amds-upcoming-products-can-drive-revenue-momentum-operating-leverage,Shanthi Rexaline,,,,,,,positive,0.9031335711479188
567534,2019-06-12 00:00:00+00:00,Vietnam Asked Companies Not to Advertise on YouTube Videos Containing Anti-state Propaganda,GOOGL,https://www.benzinga.com/news/19/06/13907213/vietnam-asked-companies-not-to-advertise-on-youtube-videos-containing-anti-state-propaganda,Charles Gross,,,,,,,neutral,0.5734426975250244
567535,2019-06-11 00:00:00+00:00,'Fmr #Google Engineer @m_wacker says he was FIRED just days after he appeared on 'Trish Regan Primetime' to expose the company's bias and 'outrage mobs'' -Tweet From FOX Business Anchor Trish Regan,GOOGL,https://www.benzinga.com/news/19/06/13905569/fmr-google-engineer-m-wacker-says-he-was-fired-just-days-after-he-appeared-on-trish-regan-primetime,Benzinga Newsdesk,,,,,,,negative,0.8576270341873169
567536,2019-06-11 00:00:00+00:00,"From Earlier: 'Antitrust Chief Rips Google and Amazon, Citing Historic Breakups' -Bloomberg",GOOGL,https://www.benzinga.com/news/19/06/13904949/from-earlier-antitrust-chief-rips-google-and-amazon-citing-historic-breakups-bloomberg,Benzinga Newsdesk,,,,,,,negative,0.9357869029045104
567537,2019-06-11 00:00:00+00:00,YouTube's Account Purges Spark A Cannabis Content Alternative,GOOGL,https://www.benzinga.com/markets/cannabis/19/06/13879889/youtubes-account-purges-spark-a-cannabis-content-alternative,Andrew Ward,,,,,,,negative,0.9135827422142028
567538,2019-06-11 00:00:00+00:00,Dept. Of Justice Antitrust Chief Touts Importance Of Protecting Competition In Digital Economy,GOOGL,https://www.benzinga.com/news/19/06/13903251/dept-of-justice-antitrust-chief-touts-importance-of-protecting-competition-in-digital-economy,Benzinga Newsdesk,,,,,,,neutral,0.8870958089828491
567539,2019-06-11 00:00:00+00:00,Shares of Shares of several semiconductor and technology companies are trading higher on continued trade optimism. The recent US-Mexico deal boosted confidence that the US could also strike a deal with China.,GOOGL,https://www.benzinga.com/markets/wiim/19/06/13902357/shares-of-shares-of-several-semiconductor-and-technology-companies-are-trading-higher-on-continued-t,Benzinga Newsdesk,,,,,,,positive,0.9492459297180176
567540,2019-06-11 00:00:00+00:00,Morgan Stanley Says The Market Is Underappreciating Tesla's AV Business,GOOGL,https://www.benzinga.com/analyst-ratings/analyst-color/19/06/13902126/morgan-stanley-says-the-market-is-underappreciating-teslas-av-business,Wayne Duggan,,,,,,,negative,0.971146047115326
567541,2019-06-11 00:00:00+00:00,Hearing Needham Out Saying A Breakup Of Google Would Yield Investors ~50%,GOOGL,https://www.benzinga.com/analyst-ratings/analyst-color/19/06/13900291/hearing-needham-out-saying-a-breakup-of-google-would-yield-investors-50,Benzinga Newsdesk,,,,,,,neutral,0.809624433517456
567542,2019-06-10 00:00:00+00:00,DOJ Demands Google Hand Over Data Pertinent To Roger Stone,GOOGL,https://www.benzinga.com/news/19/06/13897331/doj-demands-google-hand-over-data-pertinent-to-roger-stone,Benzinga Newsdesk,,,,,,,neutral,0.8308880925178528
567543,2019-06-10 00:00:00+00:00,'Sources say @Google gearing up for epic battle w Trump DOJ over antitrust issues; Unclear if Google has been contacted by DOJ; $GOOGL believes it has a strong counterargument given past successful skirmishes with FTC any case could take years more now' -FBN's Charlie Gasparino,GOOGL,https://www.benzinga.com/news/19/06/13896456/sources-say-google-gearing-up-for-epic-battle-w-trump-doj-over-antitrust-issues-unclear-if-google-ha,Benzinga Newsdesk,,,,,,,positive,0.8148778080940247
567544,2019-06-10 00:00:00+00:00,"Shares of several technology companies are trading higher after the U.S. and Mexico signed part of an immigration deal. If reached, Mexico would avoid previously announced tariffs; if not reached, President Trump stated tariffs would be reinstated.",GOOGL,https://www.benzinga.com/markets/wiim/19/06/13895440/shares-of-several-technology-companies-are-trading-higher-after-the-u-s-and-mexico-signed-part-of-an,Benzinga Newsdesk,,,,,,,positive,0.9257490038871764
567545,2019-06-10 00:00:00+00:00,"Trump Talks China, Mexico And Big Tech In CNBC Interview",GOOGL,https://www.benzinga.com/government/19/06/13894798/trump-talks-china-mexico-and-big-tech-in-cnbc-interview,Jayson Derrick,,,,,,,neutral,0.9293529987335204
567546,2019-06-10 00:00:00+00:00,Whitney Tilson: 'I Think We Are In An IPO Bubble',GOOGL,https://www.benzinga.com/analyst-ratings/analyst-color/19/06/13895009/whitney-tilson-i-think-we-are-in-an-ipo-bubble,Wayne Duggan,,,,,,,neutral,0.5679119825363159
567547,2019-06-10 00:00:00+00:00,"Trump, Speaking About Big US Technology Firms, Says There Is Something Going On In Terms Of Monopoly",GOOGL,https://www.benzinga.com/news/19/06/13894490/trump-speaking-about-big-us-technology-firms-says-there-is-something-going-on-in-terms-of-monopoly,Benzinga Newsdesk,,,,,,,neutral,0.9043418169021606
567548,2019-06-10 00:00:00+00:00,Trump Says EU Is Attacking US Companies,GOOGL,https://www.benzinga.com/news/19/06/13894483/trump-says-eu-is-attacking-us-companies,Benzinga Newsdesk,,,,,,,negative,0.6612828969955444
567549,2019-06-10 00:00:00+00:00,"Whitney Tilson On Antitrust Concerns On Amazon, Google, Facebook, Says Thinks Cos. Will Not Be Broken Up, Says Might Be Fines, But 'Still Gonna Be Dominate Cos.'",GOOGL,https://www.benzinga.com/news/19/06/13894397/whitney-tilson-on-antitrust-concerns-on-amazon-google-facebook-says-thinks-cos-will-not-be-broken-up,Benzinga Newsdesk,,,,,,,neutral,0.6942886114120483
567550,2019-06-08 00:00:00+00:00,"Ready Trader One: Events, Stocks To Watch At E3",GOOGL,https://www.benzinga.com/news/19/06/13882929/ready-trader-one-events-stocks-to-watch-at-e3,Steve Krause,,,,,,,neutral,0.9380199313163756
567551,2019-06-08 00:00:00+00:00,"Bulls & Bears Of The Week: GameStop, McDonald's, Tesla, Tilray And More",GOOGL,https://www.benzinga.com/trading-ideas/19/06/13886092/bulls-bears-of-the-week-gamestop-mcdonalds-tesla-tilray-and-more,Nelson Hem,,,,,,,neutral,0.935926914215088
567552,2019-06-07 00:00:00+00:00,Analyst Likes Google After More Details From Stadia,GOOGL,https://www.benzinga.com/analyst-ratings/analyst-color/19/06/13881810/analyst-likes-google-after-more-details-from-stadia,Dave Royse,,,,,,,neutral,0.909272074699402
567553,2019-06-07 00:00:00+00:00,Bitcoin Vs. Apple Pay And Alipay,GOOGL,https://www.benzinga.com/markets/cryptocurrency/19/06/13883184/bitcoin-vs-apple-pay-and-alipay,Weiss Crypto,,,,,,,neutral,0.787319540977478
567554,2019-06-07 00:00:00+00:00,Russia's RIA Says Russian Watchdog Has Not Ruled Out A New Case Against Google,GOOGL,https://www.benzinga.com/news/19/06/13881106/russias-ria-says-russian-watchdog-has-not-ruled-out-a-new-case-against-google,Benzinga Newsdesk,,,,,,,neutral,0.6508265733718872
567555,2019-06-06 00:00:00+00:00,"Google's Stadia Video Game Platform Announces Pricing, Games Structure",GOOGL,https://www.benzinga.com/news/19/06/13875756/googles-stadia-video-game-platform-announces-pricing-games-structure,Tanzeel Akhtar,,,,,,,neutral,0.9495224356651306
567556,2019-06-06 00:00:00+00:00,Google Livestreaming Stadia Event (Link),GOOGL,https://www.benzinga.com/tech/19/06/13875652/google-livestreaming-stadia-event-link,Benzinga Newsdesk,,,,,,,neutral,0.9394730925559998
567557,2019-06-06 00:00:00+00:00,Google Buys Intelligence Company Looker For $2.6B In Cash,GOOGL,https://www.benzinga.com/m-a/19/06/13874174/google-buys-intelligence-company-looker-for-2-6b-in-cash,Tanzeel Akhtar,,,,,,,neutral,0.9142063856124878
567558,2019-06-06 00:00:00+00:00,Google Reports Purchase Of Looker For $2.6B In All-Cash Deal,GOOGL,https://www.benzinga.com/m-a/19/06/13873930/google-reports-purchase-looker-for-2-6b-in-all-cash-deal,Benzinga Newsdesk,,,,,,,neutral,0.9243249893188475
567559,2019-06-05 00:00:00+00:00,Cramer Says He Understands The Case For Breaking Up Big Tech,GOOGL,https://www.benzinga.com/government/19/06/13867854/cramer-says-he-understands-the-case-for-breaking-up-big-tech,Jayson Derrick,,,,,,,neutral,0.8991755247116089
567560,2019-06-05 00:00:00+00:00,"Munster Gives His Quick Take On Netflix, Livent And More",GOOGL,https://www.benzinga.com/analyst-ratings/analyst-color/19/06/13834387/munster-gives-his-quick-take-on-netflix-livent-and-more,Wayne Duggan,,,,,,,neutral,0.9355531930923462
567561,2019-06-04 00:00:00+00:00,"Apple's WWDC 2019 Was All About Apps, Security",GOOGL,https://www.benzinga.com/analyst-ratings/analyst-color/19/06/13859773/apples-wwdc-2019-was-all-about-apps-security,Dave Royse,,,,,,,neutral,0.9403619766235352
567562,2019-06-04 00:00:00+00:00,"Benzinga's Top Upgrades, Downgrades For June 4, 2019",GOOGL,https://www.benzinga.com/analyst-ratings/upgrades/19/06/13857752/benzingas-top-upgrades-downgrades-for-june-4-2019,Lisa Levin,,,,,,,negative,0.4905471801757812
567563,2019-06-04 00:00:00+00:00,"Loop Capital Initiates Coverage On Alphabet with Hold Rating, Announces $1.25K Price Target",GOOGL,https://www.benzinga.com/news/19/06/13856148/loop-capital-initiates-coverage-on-alphabet-with-hold-rating-announces-1-25k-price-target,Vick Meyer,,,,,,,neutral,0.8030608296394348
567564,2019-06-04 00:00:00+00:00,66 Biggest Movers From Yesterday,GOOGL,https://www.benzinga.com/news/19/06/13855479/66-biggest-movers-from-yesterday,Lisa Levin,,,,,,,neutral,0.76533043384552
567565,2019-06-03 00:00:00+00:00,"'House Democrats plan sweeping antitrust investigation of Facebook, Google and other technology giants' -Washington Post",GOOGL,https://www.benzinga.com/news/19/06/13853791/house-democrats-plan-sweeping-antitrust-investigation-of-facebook-google-and-other-technology-giants,Benzinga Newsdesk,,,,,,,neutral,0.8388537764549255
567566,2019-06-03 00:00:00+00:00,"All The Updates, Features Apple Showed Off At WWDC 2019: Dark Mode, MacOS Catalina And More",GOOGL,https://www.benzinga.com/news/19/06/13853107/all-the-updates-features-apple-showed-off-at-wwdc-2019-dark-mode-macos-catalina-and-more,Dave Royse,,,,,,,neutral,0.946880340576172
567567,2019-06-03 00:00:00+00:00,'Google to Hold First Ever Stadia Connect Livestream' -Variety Earlier Reported,GOOGL,https://www.benzinga.com/tech/19/06/13852090/google-to-hold-first-ever-stadia-connect-livestream-variety-earlier-reported,Benzinga Newsdesk,,,,,,,neutral,0.8934035301208496
567568,2019-06-03 00:00:00+00:00,"UBS: Despite Regulatory Risk, Alphabet Is A Buy",GOOGL,https://www.benzinga.com/analyst-ratings/analyst-color/19/06/13850779/ubs-despite-regulatory-risk-alphabet-is-a-buy,Dave Royse,,,,,,,positive,0.719902515411377
567569,2019-06-03 00:00:00+00:00,Apple Falls As Justice Department Given Jurisdiction For Possible Antitrust Probe,GOOGL,https://www.benzinga.com/government/19/06/13851638/apple-falls-as-justice-department-given-jurisdiction-for-possible-antitrust-probe,Tanzeel Akhtar,,,,,,,negative,0.7746920585632324
567570,2019-06-03 00:00:00+00:00,Apple Highlighting Enhanced Privacy Features On iOS 13,GOOGL,https://www.benzinga.com/tech/19/06/13851610/apple-highlighting-enhanced-privacy-features-on-ios-13,Benzinga Newsdesk,,,,,,,neutral,0.5020724534988403
567571,2019-06-03 00:00:00+00:00,Facebook Falls Following Reports Of Potential FTC Probe,GOOGL,https://www.benzinga.com/government/19/06/13851263/facebook-falls-following-reports-of-potential-ftc-probe,Tanzeel Akhtar,,,,,,,negative,0.9485160708427428
567572,2019-06-03 00:00:00+00:00,51 Stocks Moving In Monday's Mid-Day Session,GOOGL,https://www.benzinga.com/news/19/06/13851253/51-stocks-moving-in-mondays-mid-day-session,Lisa Levin,,,,,,,neutral,0.7342556118965149
567573,2019-06-03 00:00:00+00:00,"Trader Idea Feed: '$SPY breaking the ema support, room lower into the 275.9 area. Range bounce today. Facebook, Google, Amazon ready for next legs down, bear flagging uptrends broken from the bounce.' @SpartanTrading Via Twitter",GOOGL,https://www.benzinga.com/trading-ideas/19/06/13851059/trader-idea-feed-spy-breaking-the-ema-support-room-lower-into-the-275-9-area-range-bounce-today-fac,Benzinga Newsdesk,,,,,,,negative,0.6100544929504395
567574,2019-06-03 00:00:00+00:00,"With Looming Federal Antitrust Probe Over Google, Bank Of America Still Likes Alphabet",GOOGL,https://www.benzinga.com/analyst-ratings/analyst-color/19/06/13850379/with-looming-federal-antitrust-probe-over-google-bank-of-america-still-likes-alphab,Dave Royse,,,,,,,positive,0.4902585446834564
567575,2019-06-03 00:00:00+00:00,"UPDATE: Antitrust Jurisdiction Split: Facebook Received FTC Probe, Dept. Of Justice On Alphabet/Google",GOOGL,https://www.benzinga.com/news/19/06/13850792/update-antitrust-jurisdiction-split-facebook-received-ftc-probe-dept-of-justice-on-alphabetgoogle,Benzinga Newsdesk,,,,,,,neutral,0.8535068035125732
567576,2019-06-03 00:00:00+00:00,'Big tech's time of reckoning: It looks like Trump is making good on his threat to take on Google and Amazon' -Business Insider,GOOGL,https://www.benzinga.com/news/19/06/13850368/big-techs-time-of-reckoning-it-looks-like-trump-is-making-good-on-his-threat-to-take-on-google-and-a,Benzinga Newsdesk,,,,,,,neutral,0.8164276480674744
567577,2019-06-03 00:00:00+00:00,"Bank Of America Says Dept. Of Justice Probe Of Alphabet/Google Could Include Regulations On Business Practices, Or Antitrust Probe Leading To Breakup",GOOGL,https://www.benzinga.com/analyst-ratings/analyst-color/19/06/13848741/bank-of-america-says-dept-of-justice-probe-of-alphabetgoogle-could-include-regulati,Benzinga Newsdesk,,,,,,,neutral,0.6261322498321533
567578,2019-06-03 00:00:00+00:00,30 Stocks Moving In Monday's Pre-Market Session,GOOGL,https://www.benzinga.com/news/19/06/13848321/30-stocks-moving-in-mondays-pre-market-session,Lisa Levin,,,,,,,neutral,0.7644410729408264
567579,2019-06-03 00:00:00+00:00,Alphabet shares are trading lower after the Justice Department announced an antitrust investigation into Google.,GOOGL,https://www.benzinga.com/markets/wiim/19/06/13848005/alphabet-shares-are-trading-lower-after-the-justice-department-announced-an-antitrust-investigation,Benzinga Newsdesk,,,,,,,negative,0.9699071049690248
567580,2019-06-02 00:00:00+00:00,"Google Cloud Reported High Levels of Network Congestion in Eastern U.S. Affecting Multiple Service in Google Cloud, GSuite and YouTube",GOOGL,https://www.benzinga.com/news/19/06/13846528/google-cloud-reported-high-levels-of-network-congestion-in-eastern-u-s-affecting-multiple-service-in,Charles Gross,,,,,,,negative,0.9691506028175354
567581,2019-06-02 00:00:00+00:00,Alphabet's Google Braces For Antitrust Investigation From The Justice Department,GOOGL,https://www.benzinga.com/government/19/06/13846049/alphabets-google-braces-for-antitrust-investigation-from-the-justice-department,Brett Hershman,,,,,,,negative,0.7731152176856995
567582,2019-06-01 00:00:00+00:00,"DoJ Preparing Antitrust Investigation of Google; Expected to Examine Google Practices Related to Search, Other Businesses",GOOGL,https://www.benzinga.com/news/19/06/13845835/doj-preparing-antitrust-investigation-of-google-expected-to-examine-google-practices-related-to-sear,Charles Gross,,,,,,,neutral,0.9183546900749208
567583,2019-05-31 00:00:00+00:00,Cowen's Pascarelli: CBD Market Shows 'Encouraging Signs',GOOGL,https://www.benzinga.com/analyst-ratings/analyst-color/19/05/13840421/cowens-pascarelli-cbd-market-shows-encouraging-signs,Andrew Ward,,,,,,,positive,0.9488848447799684
567584,2019-05-31 00:00:00+00:00,Many mega-cap stocks trading lower following a tweet from President Trump late Thursday the US will impose a 5 percent tariff on goods from Mexico.,GOOGL,https://www.benzinga.com/markets/wiim/19/05/13838895/many-mega-cap-stocks-trading-lower-following-a-tweet-from-president-trump-late-thursday-the-us-will,Benzinga Newsdesk,,,,,,,negative,0.9552136659622192
567585,2019-05-30 00:00:00+00:00,Google Takes Measures To Restrict Marijuana Sales,GOOGL,https://www.benzinga.com/markets/cannabis/19/05/13831003/google-takes-measures-to-restrict-marijuana-sales,Jayson Derrick,,,,,,,neutral,0.6997513771057129
567586,2019-05-29 00:00:00+00:00,Charlotte's Web Says Friday TSX Listing 'A Milestone For The Overall Industry',GOOGL,https://www.benzinga.com/markets/cannabis/19/05/13823072/charlottes-web-says-friday-tsx-listing-a-milestone-for-the-overall-industry,Andrew Ward,,,,,,,positive,0.9194226264953612
567587,2019-05-29 00:00:00+00:00,Shares of several technology companies are trading lower with the overall US market as US-China trade tensions continue to concern investors.,GOOGL,https://www.benzinga.com/markets/wiim/19/05/13823716/shares-of-several-technology-companies-are-trading-lower-with-the-overall-us-market-as-us-china-trad,Benzinga Newsdesk,,,,,,,negative,0.9715542197227478
567588,2019-05-29 00:00:00+00:00,"China Renaissance Initiates Coverage On Alphabet with Hold Rating, Announces $1,270 Price Target",GOOGL,https://www.benzinga.com/news/19/05/13822113/china-renaissance-initiates-coverage-on-alphabet-with-hold-rating-announces-1-270-price-target,Vick Meyer,,,,,,,neutral,0.8415933847427368
567589,2019-05-29 00:00:00+00:00,"Benzinga's Top Upgrades, Downgrades For May 29, 2019",GOOGL,https://www.benzinga.com/analyst-ratings/upgrades/19/05/13821916/benzingas-top-upgrades-downgrades-for-may-29-2019,Lisa Levin,,,,,,,negative,0.5386311411857605
567590,2019-05-29 00:00:00+00:00,"Pivotal Research Initiates Coverage On Alphabet with Hold Rating, Announces $1.25K Price Target",GOOGL,https://www.benzinga.com/news/19/05/13821042/pivotal-research-initiates-coverage-on-alphabet-with-hold-rating-announces-1-25k-price-target,Benzinga_Newsdesk,,,,,,,neutral,0.6972039937973022
567591,2019-05-28 00:00:00+00:00,"Incoming Walmart CTO Kumar Has Google, Amazon On Résumé",GOOGL,https://www.benzinga.com/news/19/05/13816327/incoming-walmart-cto-kumar-has-google-amazon-on-r-sum,Tanzeel Akhtar,,,,,,,neutral,0.9362796545028688
567592,2019-05-28 00:00:00+00:00,"'Walmart poaches ex-Google, Amazon exec Suresh Kumar for new CTO role' -CNBC",GOOGL,https://www.benzinga.com/19/05/13815388/walmart-poaches-ex-google-amazon-exec-suresh-kumar-for-new-cto-role-cnbc,Benzinga_Newsdesk,,,,,,,neutral,0.8989042043685913
567593,2019-05-27 00:00:00+00:00,"Alphabet, Apple And More: 'Fast Money' Picks For May 28",GOOGL,https://www.benzinga.com/media/19/05/13810065/alphabet-apple-and-more-fast-money-picks-for-may-28,Craig Jones,,,,,,,neutral,0.9340747594833374
567594,2019-05-24 00:00:00+00:00,Analyst: Huawei Blacklist Is $400M Risk For Google,GOOGL,https://www.benzinga.com/analyst-ratings/analyst-color/19/05/13806418/analyst-huawei-blacklist-is-400m-risk-for-google,Wayne Duggan,,,,,,,negative,0.5834537744522095
567595,2019-05-24 00:00:00+00:00,Leveraged Chip ETFs Embody Trade War Volatility,GOOGL,https://www.benzinga.com/trading-ideas/long-ideas/19/05/13801612/leveraged-chip-etfs-embody-trade-war-volatility,ETF Professor,,,,,,,neutral,0.908859133720398
567596,2019-05-23 00:00:00+00:00,"Shares of technology companies are trading lower with the overall market, which has been relatively rangebound over the last 13 sessions. The technology sector is the second worst performing today.",GOOGL,https://www.benzinga.com/markets/wiim/19/05/13799594/shares-of-technology-companies-are-trading-lower-with-the-overall-market-which-has-been-relatively-r,Benzinga Newsdesk,,,,,,,negative,0.9726543426513672
567597,2019-05-23 00:00:00+00:00,"'Facebook and Google are America's 'biggest competitive advantage,' says Mark Cuban' -Yahoo Finance",GOOGL,https://www.benzinga.com/news/19/05/13798918/facebook-and-google-are-americas-biggest-competitive-advantage-says-mark-cuban-yahoo-finance,Benzinga_Newsdesk,,,,,,,positive,0.5029667019844055
567598,2019-05-23 00:00:00+00:00,"Google Announces Users Can Use Google Search, Maps, Or Assistant To Order Food From Services Like Doordash, Postmates, Delivery.com, Slice, Chownow",GOOGL,https://www.benzinga.com/news/19/05/13798768/google-announces-users-can-use-google-search-maps-or-assistant-to-order-food-from-services-like-door,Benzinga_Newsdesk,,,,,,,neutral,0.91732519865036
567599,2019-05-23 00:00:00+00:00,"Turtle Beach Continues Partnership With Ali-A, The 'Most-Watched' Gamer On YouTube",GOOGL,https://www.benzinga.com/news/19/05/13796262/turtle-beach-continues-partnership-with-ali-a-the-most-watched-gamer-on-youtube,Tanzeel Akhtar,,,,,,,positive,0.8359734416007996
567600,2019-05-22 00:00:00+00:00,'EU regulator launches probe into Google over data privacy' -CNBC,GOOGL,https://www.benzinga.com/news/19/05/13790534/eu-regulator-launches-probe-into-google-over-data-privacy-cnbc,Benzinga_Newsdesk,,,,,,,negative,0.6418821811676025
567601,2019-05-22 00:00:00+00:00,"Cannabis Still Can't Be Sold, Promoted On Facebook Or Instagram",GOOGL,https://www.benzinga.com/markets/cannabis/19/05/13787872/cannabis-still-cant-be-sold-promoted-on-facebook-or-instagram,Wayne Duggan,,,,,,,neutral,0.9192591905593872
567602,2019-05-22 00:00:00+00:00,Qualcomm Reports Snapdragon XR1 Platform Will Power Glass Enterprise Edition 2 From Google,GOOGL,https://www.benzinga.com/news/19/05/13787074/qualcomm-reports-snapdragon-xr1-platform-will-power-glass-enterprise-edition-2-from-google,Benzinga Newsdesk,,,,,,,neutral,0.5943689346313477
567603,2019-05-21 00:00:00+00:00,Uber Seeks Approval For San Diego Drone Deliveries,GOOGL,https://www.benzinga.com/news/19/05/13784609/uber-seeks-approval-for-san-diego-drone-deliveries,FreightWaves,,,,,,,positive,0.7638336420059204
567604,2019-05-21 00:00:00+00:00,Huawei Will Consider Rivals To Google's Android System,GOOGL,https://www.benzinga.com/news/19/05/13779702/huawei-will-consider-rivals-to-googles-android-system,Benzinga Newsdesk,,,,,,,neutral,0.8292481303215027
567605,2019-05-21 00:00:00+00:00,A Huawei Senior Exec Says Co. Working Closely With Google To Resolve US Ban,GOOGL,https://www.benzinga.com/news/19/05/13778438/a-huawei-senior-exec-says-co-working-closely-with-google-to-resolve-us-ban,Benzinga Newsdesk,,,,,,,positive,0.4973053932189941
567606,2019-05-21 00:00:00+00:00,"Google, on U.S. Easing Restrictions on Trade With Huawei, Says License Allows Co to Provide Software Updates & Security Patches too Existing Models for Next 90 Days",GOOGL,https://www.benzinga.com/news/19/05/13778393/google-on-u-s-easing-restrictions-on-trade-with-huawei-says-license-allows-co-to-provide-software-up,Charles Gross,,,,,,,neutral,0.793449342250824
567607,2019-05-20 00:00:00+00:00,"Ann Arbor-Based Fintech Startup Clinc Raises $52M, Aims For 2022 IPO",GOOGL,https://www.benzinga.com/fintech/19/05/13774055/ann-arbor-based-fintech-startup-clinc-raises-52-million-aims-for-2022-ipo,Hannah Genig,,,,,,,neutral,0.6816371083259583
567608,2019-05-20 00:00:00+00:00,'Glass Enterprise Edition 2: faster and more helpful' -Earlier Blog Post From Google's The Keyword,GOOGL,https://www.benzinga.com/news/19/05/13774189/glass-enterprise-edition-2-faster-and-more-helpful-earlier-blog-post-from-googles-the-keyword,Benzinga Newsdesk,,,,,,,neutral,0.874085009098053
567609,2019-05-20 00:00:00+00:00,Chips Stocks Rattled As Companies Halt Supplying China's Huawei,GOOGL,https://www.benzinga.com/government/19/05/13771553/chips-stocks-rattled-as-companies-halt-supplying-chinas-huawei,Tanzeel Akhtar,,,,,,,negative,0.9592873454093932
567610,2019-05-20 00:00:00+00:00,Google Is Shutting Down Its Jump VR Video Program,GOOGL,https://www.benzinga.com/news/19/05/13770271/google-is-shutting-down-its-jump-vr-video-program,Charles Gross,,,,,,,negative,0.840949296951294
567611,2019-05-19 00:00:00+00:00,Google Suspends Some Business with Huawei after Trump Blacklist,GOOGL,https://www.benzinga.com/news/19/05/13769948/google-suspends-some-business-with-huawei-after-trump-blacklist,Charles Gross,,,,,,,negative,0.9344852566719056
567612,2019-05-18 00:00:00+00:00,"Bulls And Bears Of The Week: Apple, Chevron, FedEx, Uber And More",GOOGL,https://www.benzinga.com/trading-ideas/19/05/13769455/bulls-and-bears-of-the-week-apple-chevron-fedex-uber-and-more,Nelson Hem,,,,,,,neutral,0.9400381445884703
567613,2019-05-17 00:00:00+00:00,Google Has Agreed To Refund Advertisers Following Suite Related To Fraud Scheme,GOOGL,https://www.benzinga.com/news/19/05/13765818/google-has-agreed-to-refund-advertisers-following-suite-related-to-fraud-scheme,Benzinga Newsdesk,,,,,,,negative,0.6696286797523499
567614,2019-05-17 00:00:00+00:00,"Q1 13F Roundup: How Buffett, Einhorn, Ackman And Others Adjusted Their Portfolios",GOOGL,https://www.benzinga.com/news/19/05/13763806/q1-13f-roundup-how-buffett-einhorn-ackman-and-others-adjusted-their-portfolios,Wayne Duggan,,,,,,,neutral,0.8799787759780884
567615,2019-05-17 00:00:00+00:00,Google Reviewing Italy's Antitrust investigation; Will Work to Resolve Issues,GOOGL,https://www.benzinga.com/news/19/05/13762516/google-reviewing-italys-antitrust-investigation-will-work-to-resolve-issues,Charles Gross,,,,,,,neutral,0.5455946922302246
567616,2019-05-16 00:00:00+00:00,Shares of many technology companies are trading higher after President Trump signed an executive order giving the government the authority to block technology companies deemed a national security threat from selling to the U.S.,GOOGL,https://www.benzinga.com/markets/wiim/19/05/13757286/shares-of-many-technology-companies-are-trading-higher-after-president-trump-signed-an-executive-ord,Benzinga Newsdesk,,,,,,,positive,0.9001125693321228
567617,2019-05-15 00:00:00+00:00,"13F From Soros Shows New Stake In Adobe, Lyft, Liquidated Positions In Amazon, Alphabet, Kraft Heinz",GOOGL,https://www.benzinga.com/news/19/05/13749990/13f-from-soros-shows-new-stake-in-adobe-lyft-liquidated-positions-in-amazon-alphabet-kraft-heinz,Benzinga Newsdesk,,,,,,,neutral,0.8410758376121521
567618,2019-05-15 00:00:00+00:00,Google Says Become Aware Of An Issue That Affects The Bluetooth Low Energy Version Of The Titan Security Key Available In The U.S.,GOOGL,https://www.benzinga.com/news/19/05/13747719/google-says-become-aware-of-an-issue-that-affects-the-bluetooth-low-energy-version-of-the-titan-secu,Benzinga_Newsdesk,,,,,,,negative,0.9146392345428468
567619,2019-05-15 00:00:00+00:00,"Shares of several important consumer technology mega cap companies trading higher with the broader stock market. These stocks were under pressure over the last couple weeks as concerns with US, China trade talks weighed.",GOOGL,https://www.benzinga.com/markets/wiim/19/05/13747194/shares-of-several-important-consumer-technology-mega-cap-companies-trading-higher-with-the-broader-s,Benzinga Newsdesk,,,,,,,positive,0.4986647367477417
567620,2019-05-15 00:00:00+00:00,Cooperman 13F Shows New 109K Share Stake In Alphabet,GOOGL,https://www.benzinga.com/news/19/05/13746495/cooperman-13f-shows-new-109k-share-stake-in-alphabet,Benzinga Newsdesk,,,,,,,neutral,0.790814220905304
567621,2019-05-15 00:00:00+00:00,Deutsche Bank More Bullish On Google With New 'Blockbuster' Ad Possibilities,GOOGL,https://www.benzinga.com/analyst-ratings/analyst-color/19/05/13744817/deutsche-bank-more-bullish-on-google-with-new-blockbuster-ad-possibilities,Dave Royse,,,,,,,positive,0.7237449288368225
567622,2019-05-14 00:00:00+00:00,'Fast Money' Traders Share The Stocks To Buy On The Dip,GOOGL,https://www.benzinga.com/trading-ideas/long-ideas/19/05/13731763/fast-money-traders-share-the-stocks-to-buy-on-the-dip,Craig Jones,,,,,,,neutral,0.8718684315681458
567623,2019-05-10 00:00:00+00:00,'Exclusive: India orders anti-trust probe of Google for alleged Android abuse - sources' -Earlier Article From Reuters,GOOGL,https://www.benzinga.com/news/19/05/13715022/exclusive-india-orders-anti-trust-probe-of-google-for-alleged-android-abuse-sources-earlier-article,Benzinga Newsdesk,,,,,,,neutral,0.7023695707321167
567624,2019-05-09 00:00:00+00:00,"Roku's Q1 Inspires 23% Stock Pop, Higher Price Targets Across The Board",GOOGL,https://www.benzinga.com/analyst-ratings/analyst-color/19/05/13706280/rokus-q1-inspires-23-stock-pop-higher-price-targets-across-the-board,Elizabeth Balboa,,,,,,,positive,0.9525629878044128
567625,2019-05-09 00:00:00+00:00,Shares of several technology stocks are trading lower on continued concern of China trade negotiations; China has become firmer in its stance and negotiations are set to continue next Thursday with expectations now being more uncertain.,GOOGL,https://www.benzinga.com/markets/wiim/19/05/13705635/shares-of-several-technology-stocks-are-trading-lower-on-continued-concern-of-china-trade-negotiatio,Benzinga Newsdesk,,,,,,,negative,0.9709004163742064
567626,2019-05-08 00:00:00+00:00,Google CEO Says Privacy Should Be Equally Available To All In NYT Op-Ed,GOOGL,https://www.benzinga.com/tech/19/05/13695833/google-ceo-says-privacy-should-be-equally-available-to-all-in-nyt-op-ed,Jayson Derrick,,,,,,,neutral,0.8872253894805908
567627,2019-05-08 00:00:00+00:00,"'Google's subscription music services are struggling to grow, almost a year into a revamp of its flagship YouTube Music'",GOOGL,https://www.benzinga.com/news/19/05/13696134/googles-subscription-music-services-are-struggling-to-grow-almost-a-year-into-a-revamp-of-its-flagsh,Benzinga Newsdesk,,,,,,,negative,0.9613714218139648
567628,2019-05-08 00:00:00+00:00,"Rosenblatt Ambivalent On Pinterest, Waits To Compare To Leading Ad Platforms",GOOGL,https://www.benzinga.com/analyst-ratings/analyst-color/19/05/13691919/rosenblatt-ambivalent-on-pinterest-waits-to-compare-to-leading-ad-platforms,Elizabeth Balboa,,,,,,,positive,0.8026949763298035
567629,2019-05-08 00:00:00+00:00,Criteo 8-K Shows Comment On Recent Google Chrome News,GOOGL,https://www.benzinga.com/news/19/05/13693606/criteo-8-k-shows-comment-on-recent-google-chrome-news,Benzinga Newsdesk,,,,,,,neutral,0.9351876378059388
567630,2019-05-07 00:00:00+00:00,"Google Pixel 3A And Google Pixel 3A Xl Will Be Available From Sprint Beginning Wednesday, May 8",GOOGL,https://www.benzinga.com/fintech/19/05/13686331/google-pixel-3a-and-google-pixel-3a-xl-will-be-available-from-sprint-beginning-wednesday-may-8,Benzinga Newsdesk,,,,,,,neutral,0.9510289430618286
567631,2019-05-07 00:00:00+00:00,Opinion | The Risks Facing Uber Ahead Of Its IPO,GOOGL,https://www.benzinga.com/news/19/05/13685558/opinion-the-risks-facing-uber-ahead-of-its-ipo,Tobias Van Gils - Countach Research,,,,,,,neutral,0.7966598868370056
567632,2019-05-07 00:00:00+00:00,"Google Launches Pixel 3A Smartphone, Starts At $399, Will Be Sold At Verizon, T-Mobile, Sprint, US Cellular Stores, Co. Continues To Talk With AT&T About Selling The Phone",GOOGL,https://www.benzinga.com/news/19/05/13685410/google-launches-pixel-3a-smartphone-starts-at-399-will-be-sold-at-verizon-t-mobile-sprint-us-cellula,Benzinga Newsdesk,,,,,,,neutral,0.799210250377655
567633,2019-05-07 00:00:00+00:00,"Alphabet's Google To Launch 3D, Augmented Reality Effects In Mobile Search Results",GOOGL,https://www.benzinga.com/news/19/05/13684748/alphabets-google-to-launch-3d-augmented-reality-effects-in-mobile-search-results,Benzinga Newsdesk,,,,,,,neutral,0.7680862545967102
567634,2019-05-06 00:00:00+00:00,Stocks Chopped Around Last Week As The Intermediate Market Cycle Winds Down,GOOGL,https://www.benzinga.com/19/05/13674755/stocks-chopped-around-last-week-as-the-intermediate-market-cycle-winds-down,Steve Miller,,,,,,,negative,0.9392390847206116
567635,2019-05-06 00:00:00+00:00,UBS Says Alphabet 'Well-Positioned' For Local Ads,GOOGL,https://www.benzinga.com/analyst-ratings/analyst-color/19/05/13672901/ubs-says-alphabet-well-positioned-for-local-ads,Jayson Derrick,,,,,,,positive,0.8967547416687012
567636,2019-05-05 00:00:00+00:00,"Benzinga's Bulls & Bears Of The Week: Apple, Disney, GE, Sprint And More",GOOGL,https://www.benzinga.com/trading-ideas/19/05/13669364/benzingas-bulls-bears-of-the-week-apple-disney-ge-sprint-and-more,Nelson Hem,,,,,,,neutral,0.9420258402824402
567637,2019-05-02 00:00:00+00:00,"Google Says Will Political Advertising In Transparency Report To Show Voters Who Is Purchasing Election Ads In EU, How Much Money Is Being Spent",GOOGL,https://www.benzinga.com/news/19/05/13654992/google-says-will-political-advertising-in-transparency-report-to-show-voters-who-is-purchasing-elect,Benzinga Newsdesk,,,,,,,neutral,0.9175779819488524
567638,2019-05-02 00:00:00+00:00,"UPDATE: Google's YouTube Manually Reviewed 1M+ Suspected Terrorist Videos In First 3 Months Of 2019, Said 90K Videos Manually Reviewed Violated Its Terrorism Policy",GOOGL,https://www.benzinga.com/news/19/05/13654524/update-googles-youtube-manually-reviewed-1m-suspected-terrorist-videos-in-first-3-months-of-2019-sai,Benzinga Newsdesk,,,,,,,negative,0.7666604518890381
567639,2019-05-02 00:00:00+00:00,Letter To Congress Shows Alphabet's Google Spends Hundreds Of Millions Of Dollars Annually On Content Review Policies,GOOGL,https://www.benzinga.com/news/19/05/13654520/letter-to-congress-shows-alphabets-google-spends-hundreds-of-millions-of-dollars-annually-on-content,Benzinga Newsdesk,,,,,,,neutral,0.9284955263137816
567640,2019-05-02 00:00:00+00:00,"'Great Technology' Is How AMD Differentiates Itself, CEO Tells Cramer",GOOGL,https://www.benzinga.com/media/19/05/13651025/great-technology-is-how-amd-differentiates-itself-ceo-tells-cramer,Jayson Derrick,,,,,,,neutral,0.7599256634712219
567641,2019-05-01 00:00:00+00:00,"Alphabet, Marriott, Starbucks And More: 'Fast Money Halftime Report' Picks For May 1",GOOGL,https://www.benzinga.com/trading-ideas/long-ideas/19/05/13644309/alphabet-marriott-starbucks-and-more-fast-money-halftime-report-picks-for-may-1,Craig Jones,,,,,,,neutral,0.9294230341911316
567642,2019-05-01 00:00:00+00:00,FireEye Analysts Have Tepid Reaction To Mixed Q1,GOOGL,https://www.benzinga.com/analyst-ratings/analyst-color/19/05/13642020/fireeye-analysts-have-tepid-reaction-to-mixed-q1,Dave Royse,,,,,,,negative,0.96038019657135
567643,2019-05-01 00:00:00+00:00,Cuomo Calls For Investigation Of Companies That Allegedly Used Google Ads Website Features To Hide Additional Tax Filing Options From Low-Income Individuals,GOOGL,https://www.benzinga.com/news/19/05/13642778/cuomo-calls-for-investigation-of-companies-that-allegedly-used-google-ads-website-features-to-hide-a,Benzinga Newsdesk,,,,,,,negative,0.4817277789115906
567644,2019-05-01 00:00:00+00:00,Google Says Auto-Delete Controls Are Coming First To Location History And Web & App Activity And Will Roll Out In The Coming Weeks,GOOGL,https://www.benzinga.com/tech/19/05/13642588/google-says-auto-delete-controls-are-coming-first-to-location-history-and-web-app-activity-and-will,Benzinga Newsdesk,,,,,,,neutral,0.9157460331916808
567645,2019-05-01 00:00:00+00:00,"Cramer Blasts Alphabet Earnings, Praises Apple",GOOGL,https://www.benzinga.com/news/earnings/19/05/13638655/cramer-blasts-alphabet-earnings-praises-apple,Jayson Derrick,,,,,,,neutral,0.8323222994804382
567646,2019-05-01 00:00:00+00:00,"Benzinga's Top Upgrades, Downgrades For May 1, 2019",GOOGL,https://www.benzinga.com/analyst-ratings/upgrades/19/05/13639448/benzingas-top-upgrades-downgrades-for-may-1-2019,Lisa Levin,,,,,,,neutral,0.5839858651161194
567647,2019-05-01 00:00:00+00:00,"Alphabet's Eric Schmidt, Diane Greene To Leave Board This June",GOOGL,https://www.benzinga.com/news/19/05/13638053/alphabets-eric-schmidt-diane-greene-to-leave-board-this-june,Elizabeth Balboa,,,,,,,neutral,0.5544186234474182
567648,2019-05-01 00:00:00+00:00,DZ Bank Downgrades Alphabet Inc. - Class A Common Stock to Hold,GOOGL,https://www.benzinga.com/news/19/05/13636426/dz-bank-downgrades-alphabet-inc-class-a-common-stock-to-hold,Vick Meyer,,,,,,,neutral,0.5746442079544067
567649,2019-04-30 00:00:00+00:00,Gilead Reports CFO Robin Washington To Step Down; Was Named To Alphabet's Board,GOOGL,https://www.benzinga.com/news/19/04/13632519/gilead-reports-cfo-robin-washington-to-step-down-was-named-to-alphabets-board,Benzinga Newsdesk,,,,,,,neutral,0.6566076874732971
567650,2019-04-30 00:00:00+00:00,"Joe Montana-Backed Herb Relaunches Website To Focus On Education, Information",GOOGL,https://www.benzinga.com/markets/cannabis/19/04/13630993/joe-montana-backed-herb-relaunches-website-to-focus-on-education-information,Javier Hasse,,,,,,,neutral,0.9367475509643556
567651,2019-04-30 00:00:00+00:00,Investors Punish Alphabet's Stock After Concerning Quarter,GOOGL,https://www.benzinga.com/analyst-ratings/analyst-color/19/04/13628621/investors-punish-alphabets-stock-after-concerning-quarter,Jayson Derrick,,,,,,,negative,0.8063055872917175
567652,2019-04-30 00:00:00+00:00,On CNBC Dan Niles Says Reducing His Exposure To Alphabet,GOOGL,https://www.benzinga.com/news/19/04/13629347/on-cnbc-dan-niles-says-reducing-his-exposure-to-alphabet,Benzinga_Newsdesk,,,,,,,neutral,0.6592099666595459
567653,2019-04-30 00:00:00+00:00,10 Biggest Price Target Changes For Tuesday,GOOGL,https://www.benzinga.com/analyst-ratings/price-target/19/04/13627317/10-biggest-price-target-changes-for-tuesday,Lisa Levin,,,,,,,neutral,0.8152948617935181
567654,2019-04-30 00:00:00+00:00,"KeyBanc Reiterates Overweight, $1.43K Target On Alphabet As Firm Maintains Co's 'overall revenue growth prospects remain excellent and see the prospect for improved EBITDA and FCF margins through 2020'",GOOGL,https://www.benzinga.com/analyst-ratings/analyst-color/19/04/13626781/keybanc-reiterates-overweight-1-43k-target-on-alphabet-as-firm-maintains-cos-overal,Benzinga_Newsdesk,,,,,,,positive,0.9354957342147828
567655,2019-04-30 00:00:00+00:00,"Benzinga Pro's Top 10 Most-Searched Tickers For Morning of Tue., Apr. 30, 2019",GOOGL,https://www.benzinga.com/news/19/04/13626771/benzinga-pros-top-10-most-searched-tickers-for-morning-of-tue-apr-30-2019,Benzinga Newsdesk,,,,,,,neutral,0.9385819435119628
567656,2019-04-30 00:00:00+00:00,"Benzinga's Top Upgrades, Downgrades For April 30, 2019",GOOGL,https://www.benzinga.com/analyst-ratings/upgrades/19/04/13626723/benzingas-top-upgrades-downgrades-for-april-30-2019,Lisa Levin,,,,,,,negative,0.5497042536735535
567657,2019-04-30 00:00:00+00:00,Stalled Revenue Growth Inspires Stifel To Downgrade Google,GOOGL,https://www.benzinga.com/analyst-ratings/analyst-color/19/04/13626412/stalled-revenue-growth-inspires-stifel-to-downgrade-google,Elizabeth Balboa,,,,,,,negative,0.970051109790802
567658,2019-04-30 00:00:00+00:00,UPDATE: Stifel Downgrades Alphabet To Hold As Firm Believes Co's 'multiple is likely to remain range bound over the next twelve months as a potential deceleration digestion period lies ahead with lower visibility into near-term revenue growth rates',GOOGL,https://www.benzinga.com/analyst-ratings/analyst-color/19/04/13625824/update-stifel-downgrades-alphabet-to-hold-as-firm-believes-cos-multiple-is-likely-t,Benzinga_Newsdesk,,,,,,,negative,0.9408161044120787
567659,2019-04-30 00:00:00+00:00,"Nomura Maintains Buy on Alphabet Inc. - Class A Common Stock, Lowers Price Target to $1.3K",GOOGL,https://www.benzinga.com/news/19/04/13625258/nomura-maintains-buy-on-alphabet-inc-class-a-common-stock-lowers-price-target-to-1-3k,Vick Meyer,,,,,,,neutral,0.6441909074783325
567660,2019-04-30 00:00:00+00:00,"Morgan Stanley Maintains Overweight on Alphabet Inc. - Class A Common Stock, Lowers Price Target to $1.425K",GOOGL,https://www.benzinga.com/news/19/04/13625146/morgan-stanley-maintains-overweight-on-alphabet-inc-class-a-common-stock-lowers-price-target-to-1-42,Vick Meyer,,,,,,,negative,0.5991019010543823
567661,2019-04-30 00:00:00+00:00,Alphabet shares are trading lower after the company reported worse-than-expected Q1 sales.,GOOGL,https://www.benzinga.com/markets/wiim/19/04/13624967/alphabet-shares-are-trading-lower-after-the-company-reported-worse-than-expected-q1-eps-and-sales,Benzinga Newsdesk,,,,,,,negative,0.9730904698371888
567662,2019-04-30 00:00:00+00:00,"Stifel Nicolaus Downgrades Alphabet Inc. - Class A Common Stock to Hold, Announces $1,287 Price Target",GOOGL,https://www.benzinga.com/news/19/04/13623696/stifel-nicolaus-downgrades-alphabet-inc-class-a-common-stock-to-hold-announces-1-287-price-target,Vick Meyer,,,,,,,neutral,0.6247278451919556
567663,2019-04-29 00:00:00+00:00,7 Stocks Moving In Monday's After-Hours Session,GOOGL,https://www.benzinga.com/news/19/04/13619342/7-stocks-moving-in-mondays-after-hours-session,Brett Hershman,,,,,,,negative,0.7184633612632751
567664,2019-04-29 00:00:00+00:00,Alphabet Shares Fall After Q1 Sales Miss,GOOGL,https://www.benzinga.com/news/earnings/19/04/13618749/alphabet-shares-fall-after-q1-sales-miss,Brett Hershman,,,,,,,negative,0.9620866775512696
567665,2019-04-29 00:00:00+00:00,Alphabet shares are trading lower after the company reported worse-than-expected Q1 sales results.,GOOGL,https://www.benzinga.com/markets/wiim/19/04/13618745/alphabet-shares-are-trading-lower-after-the-company-reported-worse-than-expected-q1-sales-results,Benzinga Newsdesk,,,,,,,negative,0.9728617072105408
567666,2019-04-29 00:00:00+00:00,"Alphabet Q1 GAAP EPS $9.50, Adj. $11.90 Beats $10.58 Estimate, Sales $36.43B Miss $37.34B Estimate, Sales Excluding Traffic Acquisition Costs $29.48B",GOOGL,https://www.benzinga.com/news/earnings/19/04/13618616/google-q1-gaap-eps-9-50-adj-11-90-beats-10-58-estimate-sales-36-43b-miss-37-34b-estimate-sales-excl,Benzinga Newsdesk,,,,,,,neutral,0.8126937747001648
567667,2019-04-29 00:00:00+00:00,"Alphabet, Inc. To Report Q1 Results After The Closing Bell; Co. Historically Issues Its Report Before 4:05 p.m. ET",GOOGL,https://www.benzinga.com/news/earnings/19/04/13618524/alphabet-inc-to-report-q1-results-after-the-closing-bell-co-historically-issues-its-report-before-4,Benzinga Newsdesk,,,,,,,neutral,0.924771010875702
567668,2019-04-29 00:00:00+00:00,Spotify Hits 100M Premium Subs; Buckingham Sees 20% Upside,GOOGL,https://www.benzinga.com/analyst-ratings/analyst-color/19/04/13615540/spotify-hits-100m-premium-subs-buckingham-sees-20-upside,Shanthi Rexaline,,,,,,,positive,0.93076354265213
567669,2019-04-29 00:00:00+00:00,"Raymond James Maintains Outperform, $1.3K Target On Alphabet Ahead Of Co's Q1 'given solid continued advertising growth for both Search and YouTube, increasing Google Cloud traction, and an attractive valuation (~20.5x 2020 core EPS ex cash)'",GOOGL,https://www.benzinga.com/analyst-ratings/analyst-color/19/04/13615950/raymond-james-maintains-outperform-1-3k-target-on-alphabet-ahead-of-cos-q1-given-so,Benzinga_Newsdesk,,,,,,,positive,0.955705463886261
567670,2019-04-29 00:00:00+00:00,US Supreme Court Has Asked Trump Admin. To Weigh In On Whether To Hear Google Appeal In Copyright Dispute With Oracle,GOOGL,https://www.benzinga.com/news/19/04/13615535/us-supreme-court-has-asked-trump-admin-to-weigh-in-on-whether-to-hear-google-appeal-in-copyright-dis,Benzinga Newsdesk,,,,,,,negative,0.6337080597877502
567671,2019-04-25 00:00:00+00:00,"'Boringly Excellent': Street Gushes Over Microsoft's Quarter, Feather In Cap For Nadella",GOOGL,https://www.benzinga.com/analyst-ratings/analyst-color/19/04/13597637/boringly-excellent-street-gushes-over-microsofts-quarter-feather-in-cap-for-nadella,Dave Royse,,,,,,,negative,0.8586661219596863
567672,2019-04-25 00:00:00+00:00,"BMO Capital Maintains Market Perform on Alphabet Inc. - Class A Common Stock, Raises Price Target to $1.2K",GOOGL,https://www.benzinga.com/news/19/04/13597236/bmo-capital-maintains-market-perform-on-alphabet-inc-class-a-common-stock-raises-price-target-to-1-2,Vick Meyer,,,,,,,positive,0.6978242993354797
567673,2019-04-24 00:00:00+00:00,"Investor Survey Shows Bullish Sentiment On The Rise, But Not For FAANG Stocks",GOOGL,https://www.benzinga.com/trading-ideas/long-ideas/19/04/13586398/investor-survey-shows-bullish-sentiment-on-the-rise-but-not-for-faang-stocks,Wayne Duggan,,,,,,,positive,0.713325560092926
567674,2019-04-23 00:00:00+00:00,Facebook Q1 Earnings Preview: What The Street Expects,GOOGL,https://www.benzinga.com/analyst-ratings/analyst-color/19/04/13570807/facebook-q1-earnings-preview-what-the-street-expects,Wayne Duggan,,,,,,,neutral,0.888005793094635
567675,2019-04-23 00:00:00+00:00,Google's Waymo To Build Autonomous Vehicles In Detroit,GOOGL,https://www.benzinga.com/news/19/04/13579974/googles-waymo-to-build-autonomous-vehicles-in-detroit,Dave Royse,,,,,,,neutral,0.6578118205070496
567676,2019-04-23 00:00:00+00:00,American Axle Shares Spike 5% Amid Report Google's Waymo To Partner With Co. For Factory In Detroit Which Will Mass Produce Self-Driving Cars,GOOGL,https://www.benzinga.com/news/19/04/13578727/american-axle-shares-spike-5-amid-report-googles-waymo-to-partner-with-co-for-factory-in-detroit-whi,Benzinga Newsdesk,,,,,,,positive,0.928633451461792
567677,2019-04-23 00:00:00+00:00,Google's Spinoff Wing Is First To Receive FAA Approval To Deliver By Drone,GOOGL,https://www.benzinga.com/news/19/04/13578077/googles-spinoff-wing-is-first-to-receive-faa-approval-to-deliver-by-drone,Benzinga Newsdesk,,,,,,,neutral,0.7307152152061462
567678,2019-04-22 00:00:00+00:00,"Ex-Uber Exec Talks Company's Roots, Path To Profitability",GOOGL,https://www.benzinga.com/media/19/04/13571719/ex-uber-exec-talks-companys-roots-path-to-profitability,Jayson Derrick,,,,,,,neutral,0.6777687072753906
567679,2019-04-19 00:00:00+00:00,Google Drones May Soon Fly Commercially Over Virginia,GOOGL,https://www.benzinga.com/news/19/04/13567509/google-drones-may-soon-fly-commercially-over-virginia,FreightWaves,,,,,,,neutral,0.8210134506225586
567680,2019-04-18 00:00:00+00:00,"Amazon, Google Reports Official YouTube Apps Will Launch On Fire TV, Prime Video App Coming To Chromecast, Android TV",GOOGL,https://www.benzinga.com/news/19/04/13559830/amazon-google-reports-official-youtube-apps-will-launch-on-fire-tv-prime-video-app-coming-to-chromec,Benzinga Newsdesk,,,,,,,neutral,0.9013407230377196
567681,2019-04-18 00:00:00+00:00,StockTwits To Launch Commission-Free Trading App,GOOGL,https://www.benzinga.com/fintech/19/04/13554532/stocktwits-to-launch-commission-free-trading-app,Wayne Duggan,,,,,,,neutral,0.932853639125824
567682,2019-04-17 00:00:00+00:00,'Big Tech to face antitrust law on user data in Japan' -Nikkei,GOOGL,https://www.benzinga.com/news/19/04/13555795/big-tech-to-face-antitrust-law-on-user-data-in-japan-nikkei,Benzinga Newsdesk,,,,,,,neutral,0.6749747395515442
567683,2019-04-17 00:00:00+00:00,Google Cloud Says Former SAP Cloud President Robert Enslin Named President Of Global Customer Operations; Says Current President Paul-Henri Ferrand 'To Take On New Challenge' At Google,GOOGL,https://www.benzinga.com/tech/19/04/13554590/google-cloud-says-former-sap-cloud-president-robert-enslin-named-president-of-global-customer-operat,Benzinga Newsdesk,,,,,,,neutral,0.8126559853553772
567684,2019-04-16 00:00:00+00:00,Zoom Video Communications IPO: What You Need To Know,GOOGL,https://www.benzinga.com/news/19/04/13536901/zoom-video-communications-ipo-what-you-need-to-know,Elizabeth Balboa,,,,,,,neutral,0.9477765560150146
567685,2019-04-16 00:00:00+00:00,Waymo Says Waymo's Ride-Hailing App Is Now Available On Google Play,GOOGL,https://www.benzinga.com/news/19/04/13546263/waymo-says-waymos-ride-hailing-app-is-now-available-on-google-play,Benzinga_Newsdesk,,,,,,,neutral,0.8846220970153809
567686,2019-04-16 00:00:00+00:00,Hearing Google Mentioned Positively At OTR Global,GOOGL,https://www.benzinga.com/news/19/04/13544419/hearing-google-mentioned-positively-at-otr-global,Benzinga Newsdesk,,,,,,,neutral,0.6724545359611511
567687,2019-04-15 00:00:00+00:00,"Longbow Turns Bullish On Western Digital, Projects 'A Line Of Sight To Cyclical Recovery'",GOOGL,https://www.benzinga.com/analyst-ratings/analyst-color/19/04/13537083/longbow-turns-bullish-on-western-digital-projects-a-line-of-sight-to-cyclical-recov,Shanthi Rexaline,,,,,,,positive,0.8381080031394958
567688,2019-04-15 00:00:00+00:00,"EU Countries Back Copyright Reforms Targeting Google, Facebook",GOOGL,https://www.benzinga.com/news/19/04/13534376/eu-countries-back-copyright-reforms-targeting-google-facebook,Charles Gross,,,,,,,negative,0.524325966835022
567689,2019-04-11 00:00:00+00:00,A Look At The Dow And FANG Stocks In 2019,GOOGL,https://www.benzinga.com/tech/19/04/13523678/a-look-at-the-dow-and-fang-stocks-in-2019,Jayson Derrick,,,,,,,neutral,0.9290615320205688
567690,2019-04-10 00:00:00+00:00,'Discovery Lands Nine Networks on YouTube TV' -Broadcasting Cable,GOOGL,https://www.benzinga.com/news/19/04/13517250/discovery-lands-nine-networks-on-youtube-tv-broadcasting-cable,Benzinga_Newsdesk,,,,,,,neutral,0.934940755367279
567691,2019-04-10 00:00:00+00:00,'Updates to YouTube TV: More content and a new price' -YouTube Blog,GOOGL,https://www.benzinga.com/news/19/04/13517108/updates-to-youtube-tv-more-content-and-a-new-price-youtube-blog,Benzinga Newsdesk,,,,,,,neutral,0.8700791597366333
567692,2019-04-10 00:00:00+00:00,YouTube TV Membership Which Will Be Billed Through Apple Will Be $54.99/Month,GOOGL,https://www.benzinga.com/news/19/04/13517099/youtube-tv-membership-which-will-be-billed-through-apple-will-be-54-99month,Benzinga Newsdesk,,,,,,,neutral,0.9514340758323668
567693,2019-04-10 00:00:00+00:00,Avaya Highlights Further Integration With Google Cloud 'to fully leverage the AI and cloud capabilities of both companies',GOOGL,https://www.benzinga.com/news/19/04/13514210/avaya-highlights-further-integration-with-google-cloud-to-fully-leverage-the-ai-and-cloud-capabiliti,Benzinga Newsdesk,,,,,,,positive,0.9259049296379088
567694,2019-04-09 00:00:00+00:00,March IMX Reveals Value Is Making A Comeback,GOOGL,https://www.benzinga.com/trading-ideas/long-ideas/19/04/13510520/march-imx-reveals-value-is-making-a-comeback,Chris Dier-Scalise,,,,,,,positive,0.7158151865005493
567695,2019-04-09 00:00:00+00:00,"UPDATE: Google Cloud Announced 33 New Partners, Including JP Morgan Chase, DISH, USA Today, Sprint, Viacom, P&G, Tyson Foods, Unilever, Samsung, UPS",GOOGL,https://www.benzinga.com/news/19/04/13510045/update-google-cloud-announced-33-new-partners-including-jp-morgan-chase-dish-usa-today-sprint-viacom,Benzinga Newsdesk,,,,,,,positive,0.5189858675003052
567696,2019-04-09 00:00:00+00:00,'Google Cloud Next '19: Welcome to the future of digital transformation' -Google Cloud Blogpost,GOOGL,https://www.benzinga.com/news/19/04/13510040/google-cloud-next-19-welcome-to-the-future-of-digital-transformation-google-cloud-blogpost,Benzinga Newsdesk,,,,,,,neutral,0.8849241733551025
567697,2019-04-09 00:00:00+00:00,Intel And Google Cloud Will Collaborate On Anthos,GOOGL,https://www.benzinga.com/news/19/04/13509855/intel-and-google-cloud-will-collaborate-on-anthos,Benzinga_Newsdesk,,,,,,,neutral,0.8530985116958618
567698,2019-04-08 00:00:00+00:00,Mckesson Announces Move To Google Cloud,GOOGL,https://www.benzinga.com/news/19/04/13502832/mckesson-announces-move-to-google-cloud,Benzinga_Newsdesk,,,,,,,neutral,0.9360433220863342
567699,2019-04-08 00:00:00+00:00,"Canada's Democratic Institutions Minister Says Believes Facebook, Twitter, Google Has Not Yet Done Enough To Help Safeguard The Oct. Election",GOOGL,https://www.benzinga.com/news/19/04/13501753/canadas-democratic-institutions-minister-says-believes-facebook-twitter-google-has-not-yet-done-enou,Benzinga Newsdesk,,,,,,,positive,0.8187102675437927
567700,2019-04-08 00:00:00+00:00,"Citi Downgrades Roku To Sell On Increased Competition, Valuation",GOOGL,https://www.benzinga.com/analyst-ratings/analyst-color/19/04/13500532/citi-downgrades-roku-to-sell-on-increased-competition-valuation,Jayson Derrick,,,,,,,negative,0.9348442554473876
567701,2019-04-05 00:00:00+00:00,Switching Sides: Google AI Expert Accepts Job At Apple,GOOGL,https://www.benzinga.com/news/19/04/13492438/switching-sides-google-ai-expert-accepts-job-at-apple,Jayson Derrick,,,,,,,neutral,0.8549239635467529
567702,2019-04-04 00:00:00+00:00,FANG Stocks Flying As Nirvana Spreads In The Tech Sector,GOOGL,https://www.benzinga.com/markets/19/04/13487862/fang-stocks-flying-as-nirvana-spreads-in-the-tech-sector,David Russell - TradeStation,,,,,,,negative,0.7851393818855286
567703,2019-04-02 00:00:00+00:00,Google Strengthens Presence In Cuba With ETECSA Team Up,GOOGL,https://www.benzinga.com/news/19/04/13459845/google-strengthens-presence-in-cuba-with-etecsa-team-up,Zacks,,,,,,,positive,0.9433388710021972
567704,2019-04-02 00:00:00+00:00,"Walmart Unveils Voice-Activated, Google-Powered Grocery Shopping",GOOGL,https://www.benzinga.com/news/19/04/13466089/walmart-unveils-voice-activated-google-powered-grocery-shopping,Charles Gross,,,,,,,neutral,0.8456854224205017
567705,2019-04-01 00:00:00+00:00,Credit Suisse Thinks Spotify's Expectations Are Too High,GOOGL,https://www.benzinga.com/analyst-ratings/analyst-color/19/04/13459800/credit-suisse-thinks-spotifys-expectations-are-too-high,Dave Royse,,,,,,,negative,0.866209089756012
567706,2019-04-01 00:00:00+00:00,'Hitting send on the next 15 years of Gmail' -Google The Keyword Blog,GOOGL,https://www.benzinga.com/news/19/04/13460545/hitting-send-on-the-next-15-years-of-gmail-google-the-keyword-blog,Benzinga Newsdesk,,,,,,,neutral,0.9322336912155152
567707,2019-03-29 00:00:00+00:00,Memes Survive EU's Internet Copyright Laws — For Now,GOOGL,https://www.benzinga.com/markets/eurozone/19/03/13442733/memes-survive-eus-internet-copyright-laws-for-now,Jayson Derrick,,,,,,,neutral,0.8359338641166687
567708,2019-03-28 00:00:00+00:00,HUD Looking Into Twitter And Google Ad Targeting Practices,GOOGL,https://www.benzinga.com/news/19/03/13443821/hud-looking-into-twitter-and-google-ad-targeting-practices,Benzinga Newsdesk,,,,,,,neutral,0.9413938522338868
567709,2019-03-28 00:00:00+00:00,'Mr. Google' Goes To Washington To Chat With Trump,GOOGL,https://www.benzinga.com/news/19/03/13440399/mr-google-goes-to-washington-to-chat-with-trump,Jayson Derrick,,,,,,,neutral,0.9401835203170776
567710,2019-03-28 00:00:00+00:00,M&C Saatchi Backs Calls for Competition Watchdog Investigation of Facebook and Google,GOOGL,https://www.benzinga.com/news/19/03/13437720/m-c-saatchi-backs-calls-for-competition-watchdog-investigation-of-facebook-and-g,Charles Gross,,,,,,,negative,0.6129351258277893
567711,2019-03-27 00:00:00+00:00,"'Just met with @sundarpichai, President of @Google, who is obviously doing quite well. He stated strongly that he is totally committed to the U.S. Military, not the Chinese Military....' -Tweet From Pres Trump",GOOGL,https://www.benzinga.com/news/19/03/13435386/just-met-with-sundarpichai-president-of-google-who-is-obviously-doing-quite-well,Benzinga Newsdesk,,,,,,,neutral,0.7924739718437195
567712,2019-03-27 00:00:00+00:00,Oppenheimer: Trade Desk Shares Unduly Punished For Possible Cookie Restrictions By Google,GOOGL,https://www.benzinga.com/analyst-ratings/analyst-color/19/03/13431937/oppenheimer-trade-desk-shares-unduly-punished-for-possi,Priya Nigam,,,,,,,negative,0.9352243542671204
567713,2019-03-26 00:00:00+00:00,'McClatchy and Google partner on an experimental lab for local news' -Google 'The Keyword' Blog,GOOGL,https://www.benzinga.com/news/19/03/13426639/mcclatchy-and-google-partner-on-an-experimental-lab-for-local-news-google-the-ke,Benzinga Newsdesk,,,,,,,neutral,0.7411141395568848
567714,2019-03-26 00:00:00+00:00,KeyBanc Downgrades Criteo On Google Cookie Policy Overhang,GOOGL,https://www.benzinga.com/analyst-ratings/analyst-color/19/03/13423370/keybanc-downgrades-criteo-on-google-cookie-policy-overh,Priya Nigam,,,,,,,negative,0.9307907223701476
567715,2019-03-26 00:00:00+00:00,Google Sees EU Copyright Directive As 'Improved' But Will Still Lead To Legal Uncertainty,GOOGL,https://www.benzinga.com/news/19/03/13423047/google-sees-eu-copyright-directive-as-improved-but-will-still-lead-to-legal-unce,Benzinga Newsdesk,,,,,,,positive,0.9474804401397704
567716,2019-03-25 00:00:00+00:00,Apple Arcade Is The Company's Newest Subscription Gaming Service,GOOGL,https://www.benzinga.com/news/19/03/13419020/apple-arcade-is-the-companys-newest-subscription-gaming-service,Dave Royse,,,,,,,neutral,0.873782217502594
567717,2019-03-25 00:00:00+00:00,YouTube Said to Cancel Plans for High-end Series,GOOGL,https://www.benzinga.com/news/19/03/13414030/youtube-said-to-cancel-plans-for-high-end-series,Charles Gross,,,,,,,negative,0.8824875354766846
567718,2019-03-21 00:00:00+00:00,eBay To Begin Rolling Out Google Play On Its Marketplace Platform,GOOGL,https://www.benzinga.com/news/19/03/13401379/ebay-to-begin-rolling-out-google-play-on-its-marketplace-platform,Benzinga Newsdesk,,,,,,,neutral,0.8828761577606201
567719,2019-03-20 00:00:00+00:00,Shares of several tech stocks are trading higher in sympathy with the overall market after the Federal Reserve announced they will leave rates unchanged.,GOOGL,https://www.benzinga.com/markets/wiim/19/03/13397410/shares-of-several-tech-stocks-are-trading-higher-in-sympathy-with-the-ov,Hal Lindon,,,,,,,positive,0.9274533987045288
567720,2019-03-20 00:00:00+00:00,How Google's Stadia Video Game Streamer Will Be 'Highly Disruptive',GOOGL,https://www.benzinga.com/analyst-ratings/analyst-color/19/03/13393958/how-googles-stadia-video-game-streamer-will-be-highly-d,Elizabeth Balboa,,,,,,,negative,0.6204002499580383
567721,2019-03-20 00:00:00+00:00,"UPDATE: Alphabet Says EC Decision Will Impose €1.49B Fine, Directs Action Related To AdSense For Search Deal; Co. Sees Accruing Fine In Q1'19",GOOGL,https://www.benzinga.com/news/19/03/13393809/update-alphabet-says-ec-decision-will-impose-1-49b-fine-directs-action-related-t,Benzinga Newsdesk,,,,,,,negative,0.9527619481086732
567722,2019-03-20 00:00:00+00:00,Alphabet 8-K Shows EC Announced Decision Certain Contractual Provisions In Deals Google Had With AdSense For Search Partners Infringed European Competition Law,GOOGL,https://www.benzinga.com/news/19/03/13393801/alphabet-8-k-shows-ec-announced-decision-certain-contractual-provisions-in-deals,Benzinga Newsdesk,,,,,,,negative,0.9524449110031128
567723,2019-03-20 00:00:00+00:00,EU Antitrust Regulators Fine Google €1.49B For Restricting Rival Online Search Advertisers,GOOGL,https://www.benzinga.com/news/19/03/13392988/eu-antitrust-regulators-fine-google-1-49b-for-restricting-rival-online-search-ad,Benzinga Newsdesk,,,,,,,negative,0.9592537879943848
567724,2019-03-20 00:00:00+00:00,EU Antitrust Head Vestager to Hold News Conference at 10.30 GMT; Expected to Focus on Google,GOOGL,https://www.benzinga.com/news/19/03/13392332/eu-antitrust-head-vestager-to-hold-news-conference-at-10-30-gm-expected-to-focus,Charles Gross,,,,,,,neutral,0.944277822971344
567725,2019-03-19 00:00:00+00:00,"'JUST IN: Chairman of House Homeland Security Committee summons chiefs of Twitter, YouTube, Facebook & Microsoft to Capitol Hill over their response to the New Zealand attack.' -CNBC",GOOGL,https://www.benzinga.com/news/19/03/13389288/just-in-chairman-of-house-homeland-security-committee-summons-chiefs-of-twitter-,Benzinga Newsdesk,,,,,,,neutral,0.7669696807861328
567726,2019-03-19 00:00:00+00:00,"AMD Radeon GPUs And Developer Tools Tapped For New Generation Gaming Platform, Google Stadia",GOOGL,https://www.benzinga.com/news/19/03/13388781/hearing-amd-radeon-gpus-and-developer-tools-tapped-for-new-generation-gaming-pla,Benzinga Newsdesk,,,,,,,positive,0.6633012294769287
567727,2019-03-19 00:00:00+00:00,"Trump Says He Sees 'Collusion' Related To Content On Social Media Platforms, Cites Facebook, Google, Twitter",GOOGL,https://www.benzinga.com/news/19/03/13388527/trump-says-he-sees-collusion-related-to-content-on-social-media-platforms-cites-,Benzinga Newsdesk,,,,,,,negative,0.4906562268733978
567728,2019-03-19 00:00:00+00:00,Google Using AMD Created Chip For Gaming Service,GOOGL,https://www.benzinga.com/news/19/03/13388219/google-using-amd-created-chip-for-gaming-service,Benzinga_Newsdesk,,,,,,,neutral,0.9065757393836976
567729,2019-03-19 00:00:00+00:00,Google Announces Public Launch Of Stadia Video Game Service,GOOGL,https://www.benzinga.com/news/19/03/13388135/google-announces-public-launch-of-stadia-video-game-service,Benzinga_Newsdesk,,,,,,,neutral,0.8740185499191284
567730,2019-03-19 00:00:00+00:00,'Google Console Reveal - Game Developers Conference 2019 (GDC2019) Livestream' -YouTube,GOOGL,https://www.benzinga.com/news/19/03/13387825/google-console-reveal-game-developers-conference-2019-gdc2019-livestream-youtube,Benzinga_Newsdesk,,,,,,,neutral,0.940714716911316
567731,2019-03-19 00:00:00+00:00,"AMD Analyst Says Cloud Gaming A Good Opportunity, But Stock Is 'Ahead Of Itself'",GOOGL,https://www.benzinga.com/analyst-ratings/analyst-color/19/03/13386033/amd-analyst-says-cloud-gaming-a-good-opportunity-but-st,Shanthi Rexaline,,,,,,,negative,0.4775528907775879
567732,2019-03-19 00:00:00+00:00,Google Expected To Make Gaming-Related Announcement At 1:00 p.m. ET,GOOGL,https://www.benzinga.com/news/19/03/13387123/google-expected-to-make-gaming-related-announcement-at-1-00-p-m-et,Benzinga Newsdesk,,,,,,,neutral,0.9433605074882508
567733,2019-03-19 00:00:00+00:00,Analysts Dissect Nvidia's Product Announcements: 'Evolutionary Rather Than Game-Changing',GOOGL,https://www.benzinga.com/analyst-ratings/analyst-color/19/03/13385418/analysts-dissect-nvidias-product-announcements-evolutio,Shanthi Rexaline,,,,,,,neutral,0.8829438090324402
567734,2019-03-19 00:00:00+00:00,A New Look For The Barron's 400 ETF,GOOGL,https://www.benzinga.com/trading-ideas/long-ideas/19/03/13381958/a-new-look-for-the-barrons-400-etf,ETF Professor,,,,,,,neutral,0.9081103801727296
567735,2019-03-19 00:00:00+00:00,Taiwan Semiconductor Sees Chip Orders for Android Devices Ramp Up,GOOGL,https://www.benzinga.com/news/19/03/13383535/taiwan-semiconductor-sees-chip-orders-for-android-devices-ramp-up,Charles Gross,,,,,,,positive,0.9514252543449402
567736,2019-03-15 00:00:00+00:00,US State Attorney Generals Are Taking First Steps Toward An Alphabet/Google Probe,GOOGL,https://www.benzinga.com/news/19/03/13371021/us-state-attorney-generals-are-taking-first-steps-toward-an-alphabetgoogle-probe,Benzinga Newsdesk,,,,,,,neutral,0.8249115347862244
567737,2019-03-15 00:00:00+00:00,'A Bit Scrappier': How Cannabis Marketers Navigate Social Media Restrictions,GOOGL,https://www.benzinga.com/markets/cannabis/19/03/13361450/a-bit-scrappier-how-cannabis-marketers-navigate-social-media-restric,Andrew Ward,,,,,,,neutral,0.909239947795868
567738,2019-03-15 00:00:00+00:00,Google May be Working on Foldable Pixel Phones,GOOGL,https://www.benzinga.com/news/19/03/13366682/google-may-be-working-on-foldable-pixel-phones,Charles Gross,,,,,,,neutral,0.8529521822929382
567739,2019-03-14 00:00:00+00:00,Uber And Waymo Seeking Outside Funding For Autonomous Tech,GOOGL,https://www.benzinga.com/news/19/03/13362661/uber-and-waymo-seeking-outside-funding-for-autonomous-tech,FreightWaves,,,,,,,positive,0.5995736122131348
567740,2019-03-14 00:00:00+00:00,S. Korea's Antitrust Regulator Asks Google to Change Some of its Terms of Service,GOOGL,https://www.benzinga.com/news/19/03/13357627/s-koreas-antitrust-regulator-asks-google-to-change-some-of-its-terms-of-service,Charles Gross,,,,,,,neutral,0.8287831544876099
567741,2019-03-13 00:00:00+00:00,This Day In Market History: The Microsoft IPO,GOOGL,https://www.benzinga.com/general/education/19/03/11351021/this-day-in-market-history-the-microsoft-ipo,Wayne Duggan,,,,,,,neutral,0.9221015572547911
567742,2019-03-13 00:00:00+00:00,Google Says Introducing YouTube Music in India With Ad-Supported Free Version and Ad-Free Paid Version,GOOGL,https://www.benzinga.com/news/19/03/13349555/google-says-introducing-youtube-music-in-india-with-ad-supported-free-version-an,Charles Gross,,,,,,,neutral,0.7897807955741882
567743,2019-03-12 00:00:00+00:00,EU States Ditch Digital Tax Plan To Work For Global Reform,GOOGL,https://www.benzinga.com/news/19/03/13341771/eu-states-ditch-digital-tax-plan-to-work-for-global-reform,Benzinga Newsdesk,,,,,,,neutral,0.7782423496246338
567744,2019-03-12 00:00:00+00:00,Senior U.S. Treasury Official Says Proposed Digital Tax from France Could Be Highly Discriminatory Against U.S. Businesses,GOOGL,https://www.benzinga.com/news/19/03/13341343/senior-u-s-treasury-official-says-proposed-digital-tax-from-france-could-be-high,Charles Gross,,,,,,,negative,0.7616792917251587
567745,2019-03-12 00:00:00+00:00,News Corp's Australian Unit Calls for Breakup of Google,GOOGL,https://www.benzinga.com/news/19/03/13340891/news-corps-australian-unit-calls-for-breakup-of-google,Charles Gross,,,,,,,neutral,0.553650975227356
567746,2019-03-11 00:00:00+00:00,'Alphabet's Waymo Seeks Outside Investors' -The Information,GOOGL,https://www.benzinga.com/news/19/03/13338811/alphabets-waymo-seeks-outside-investors-the-information,Benzinga Newsdesk,,,,,,,neutral,0.9332143664360046
567747,2019-03-08 00:00:00+00:00,'Elizabeth Warren Proposes Breaking Up Tech Giants Like Amazon' -NY Times,GOOGL,https://www.benzinga.com/news/19/03/13326364/elizabeth-warren-proposes-breaking-up-tech-giants-like-amazon-ny-times,Benzinga Newsdesk,,,,,,,neutral,0.9170138835906982
567748,2019-03-08 00:00:00+00:00,Samsung Display Said to have Delivered Samples of Flexible Displays for Foldable Phones to Apple and Google,GOOGL,https://www.benzinga.com/news/19/03/13324893/samsung-display-said-to-have-delivered-samples-of-flexible-displays-for-foldable,Charles Gross,,,,,,,positive,0.6261516809463501
567749,2019-03-06 00:00:00+00:00,'Waymo Starts Selling Sensors to Lower Cost of Self-Driving Cars' -Earlier Bloomberg Article,GOOGL,https://www.benzinga.com/news/19/03/13309753/waymo-starts-selling-sensors-to-lower-cost-of-self-driving-cars-earlier-bloomber,Benzinga Newsdesk,,,,,,,neutral,0.7343637347221375
567750,2019-03-05 00:00:00+00:00,Google Says Will Not Allow Political Ads In 2019 Canadian Election,GOOGL,https://www.benzinga.com/news/19/03/13300503/google-says-will-not-allow-political-ads-in-2019-canadian-election,Benzinga Newsdesk,,,,,,,neutral,0.5621338486671448
567751,2019-03-05 00:00:00+00:00,"Benzinga's Top Upgrades, Downgrades For March 5, 2019",GOOGL,https://www.benzinga.com/analyst-ratings/upgrades/19/03/13299506/benzingas-top-upgrades-downgrades-for-march-5-2019,Lisa Levin,,,,,,,negative,0.532781183719635
567752,2019-03-05 00:00:00+00:00,"Needham Initiates Coverage On Alphabet with Buy Rating, Announces $1.35K Price Target",GOOGL,https://www.benzinga.com/news/19/03/13298037/needham-initiates-coverage-on-alphabet-with-buy-rating-announces-1-35k-price-tar,Benzinga_Newsdesk,,,,,,,neutral,0.7940776944160461
567753,2019-03-04 00:00:00+00:00,"'Google to sell 500 products from JD.com, deepening partnership' -Nikkei Asian Review",GOOGL,https://www.benzinga.com/news/19/03/13291535/google-to-sell-500-products-from-jd-com-deepening-partnership-nikkei-asian-revie,Benzinga_Newsdesk,,,,,,,positive,0.8927620053291321
567754,2019-03-04 00:00:00+00:00,Google Rejects Australia's Findings on Market Influence,GOOGL,https://www.benzinga.com/news/19/03/13286930/google-rejects-australias-findings-on-market-influence,Charles Gross,,,,,,,negative,0.8452369570732117
567755,2019-03-01 00:00:00+00:00,Lyft Says Entities Affiliated With Alphabet Beneficially Owned 5.33% Of Class A Common Stock For IPO,GOOGL,https://www.benzinga.com/news/19/03/13280258/lyft-says-entities-affiliated-with-alphabet-beneficially-owned-5-33-of-class-a-c,Benzinga Newsdesk,,,,,,,neutral,0.9383886456489564
567756,2019-02-28 00:00:00+00:00,YouTube Disables Comments On Videos Featuring Minors,GOOGL,https://www.benzinga.com/news/19/02/13270435/youtube-disables-comments-on-videos-featuring-minors,Benzinga_Newsdesk,,,,,,,neutral,0.6629395484924316
567757,2019-02-26 00:00:00+00:00,Detroit To Host Forbes Under 30 Summit Through 2021: 'A Place For Innovation',GOOGL,https://www.benzinga.com/news/19/02/13249089/detroit-to-host-forbes-under-30-summit-through-2021-a-place-for-innovation,Dustin Blitchok,,,,,,,positive,0.6849820017814636
567758,2019-02-23 00:00:00+00:00,'Little League' Of Esports Is Going Public,GOOGL,https://www.benzinga.com/news/19/02/13178098/little-league-of-esports-is-going-public,Wayne Duggan,,,,,,,neutral,0.9161309599876404
567759,2019-02-22 00:00:00+00:00,"Wedbush Downgrades Fitbit Ahead Of Q4 Print, Says Medtech Opportunity Priced Into Stock",GOOGL,https://www.benzinga.com/analyst-ratings/analyst-color/19/02/13228131/wedbush-downgrades-fitbit-ahead-of-q4-print-says-medtec,Elizabeth Balboa,,,,,,,negative,0.7845191955566406
567760,2019-02-21 00:00:00+00:00,"'Under pressure, Google to end mandatory arbitration for employees' -Axios",GOOGL,https://www.benzinga.com/news/19/02/13222212/under-pressure-google-to-end-mandatory-arbitration-for-employees-axios,Benzinga Newsdesk,,,,,,,neutral,0.589363694190979
567761,2019-02-21 00:00:00+00:00,"AT&T Says It Has Removed Its Advertising From Youtube, One Month After Announcing It Was Returning To The Platform",GOOGL,https://www.benzinga.com/news/19/02/13221228/at-t-says-it-has-removed-its-advertising-from-youtube-one-month-after-announcing,Benzinga_Newsdesk,,,,,,,negative,0.8581218719482422
567762,2019-02-21 00:00:00+00:00,#YouTubewakeup: What You Need To Know,GOOGL,https://www.benzinga.com/news/19/02/13218682/youtubewakeup-what-you-need-to-know,Jayson Derrick,,,,,,,neutral,0.9307944178581238
567763,2019-02-21 00:00:00+00:00,'YouTube axes hundreds of channels over child exploitation concerns' -Engadget,GOOGL,https://www.benzinga.com/news/19/02/13219672/youtube-axes-hundreds-of-channels-over-child-exploitation-concerns-engadget,Benzinga Newsdesk,,,,,,,negative,0.9271220564842224
567764,2019-02-20 00:00:00+00:00,"Google Spokesperson Says On-Device Microphone On Google Nest Was Never Intended To Be A Secret And Should Have Been Listed In Tech Specifications; Says On-Device Microphone Has Never Been On, Is Only Activated When Users Specifically Enable Option",GOOGL,https://www.benzinga.com/news/19/02/13211005/google-spokesperson-says-on-device-microphone-on-google-nest-was-never-intended-,Benzinga_Newsdesk,,,,,,,neutral,0.936004102230072
567765,2019-02-20 00:00:00+00:00,Google Says the Microphone on its Nest Device Was Not Intended to be a Secret and is Only On When Users Turn it On,GOOGL,https://www.benzinga.com/news/19/02/13210997/google-says-the-microphone-on-its-nest-device-was-not-intended-to-be-a-secret-an,Benzinga Newsdesk,,,,,,,neutral,0.925516963005066
567766,2019-02-19 00:00:00+00:00,"'We're excited to announce our intent to acquire data migration leader @aloomainc, expanding our ability to give enterprise customers an easy and secure way to migrate their data to Google Cloud' -Tweet From Google Cloud",GOOGL,https://www.benzinga.com/news/19/02/13201133/were-excited-to-announce-our-intent-to-acquire-data-migration-leader-aloomainc-e,Benzinga Newsdesk,,,,,,,positive,0.8286758661270142
567767,2019-02-19 00:00:00+00:00,'Alooma signs an agreement to join the Google Cloud family' -Alooma Blog Post,GOOGL,https://www.benzinga.com/news/19/02/13201131/alooma-signs-an-agreement-to-join-the-google-cloud-family-alooma-blog-post,Benzinga Newsdesk,,,,,,,positive,0.8241102695465088
567768,2019-02-15 00:00:00+00:00,''SpongeBob' Spinoffs Planned as Nickelodeon Chief Brian Robbins Tries to Win Back Young Viewers (EXCLUSIVE)' -Variety,GOOGL,https://www.benzinga.com/media/19/02/13188993/spongebob-spinoffs-planned-as-nickelodeon-chief-brian-robbins-tries-to-win-back,Benzinga Newsdesk,,,,,,,neutral,0.8873027563095093
567769,2019-02-15 00:00:00+00:00,"Q4 13F Roundup: How Buffett, Einhorn, Ackman And Others Adjusted Their Portfolios",GOOGL,https://www.benzinga.com/news/19/02/13188578/q4-13f-roundup-how-buffett-einhorn-ackman-and-others-adjusted-their-portfolios,Wayne Duggan,,,,,,,neutral,0.8798474073410034
567770,2019-02-15 00:00:00+00:00,Reuters Report From Earlier Shows Germany IS Looking At Possibility Of A 15% Special Tax On Online Advertise Revenue Collected By Foreign Companies,GOOGL,https://www.benzinga.com/news/19/02/13188406/reuters-report-from-earlier-shows-germany-is-looking-at-possibility-of-a-15-spec,Benzinga Newsdesk,,,,,,,neutral,0.7765830159187317
567771,2019-02-15 00:00:00+00:00,"Analysts Downgrade TrueCar, Forecast Weak Fundamentals",GOOGL,https://www.benzinga.com/analyst-ratings/analyst-color/19/02/13187774/analysts-downgrade-truecar-forecast-weak-fundamentals,Elizabeth Balboa,,,,,,,negative,0.970280647277832
567772,2019-02-15 00:00:00+00:00,"Soros Fund Management Dissolves Stakes in Apple, Pinduoduo; Raises Stake in Alphabet, Cuts Stakes in Amazon, Disney, Bank of America, AT&T; Takes Stake in Conagra",GOOGL,https://www.benzinga.com/news/19/02/13186379/soros-fund-management-dissolves-stakes-in-apple-pinduoduo-raises-stake-in-alphab,Charles Gross,,,,,,,neutral,0.6503149271011353
567773,2019-02-14 00:00:00+00:00,"Big Tech Stocks Appear Unaffected Following Report From India's Business Standard 'Google, Facebook, Twitter, Amazon stare at 30-40% digital tax blow in India'",GOOGL,https://www.benzinga.com/news/19/02/13180712/big-tech-stocks-appear-unaffected-following-report-from-indias-business-standard,Benzinga Newsdesk,,,,,,,negative,0.9328620433807372
567774,2019-02-14 00:00:00+00:00,'Google in Middle of Fight Over 5G Spectrum' -The Information,GOOGL,https://www.benzinga.com/news/19/02/13178644/google-in-middle-of-fight-over-5g-spectrum-the-information,Benzinga_Newsdesk,,,,,,,neutral,0.4887548387050628
567775,2019-02-14 00:00:00+00:00,Cooperman's Omega 13F Shows Cut Stake In Alphabet From 130K Shares To ~82K Shares,GOOGL,https://www.benzinga.com/news/19/02/13178256/coopermans-omega-13f-shows-cut-stake-in-alphabet-from-130k-shares-to-82k-shares,Benzinga Newsdesk,,,,,,,neutral,0.7554362416267395
567776,2019-02-14 00:00:00+00:00,How Truck Stops Could Drive The Electric Revolution,GOOGL,https://www.benzinga.com/news/19/02/13173748/how-truck-stops-could-drive-the-electric-revolution,FreightWaves,,,,,,,neutral,0.925018072128296
567777,2019-02-13 00:00:00+00:00,"'...Google to spend $13B to build new data centers in Nevada, Ohio, Texas, and Nebraska; tech giant will also double its Virginia-based workforce with expanded offices and more data center space and will also expand its New York City campus' -CNBC Tweets",GOOGL,https://www.benzinga.com/news/19/02/13163917/google-to-spend-13b-to-build-new-data-centers-in-nevada-ohio-texas-and-nebraska-,Benzinga_Newsdesk,,,,,,,positive,0.9283740520477296
567778,2019-02-13 00:00:00+00:00,Japan Plans Government Watchdog To Examine Big Tech Companies,GOOGL,https://www.benzinga.com/news/19/02/13157632/japan-plans-government-watchdog-to-examine-big-tech-companies,Charles Gross,,,,,,,neutral,0.8976825475692749
567779,2019-02-12 00:00:00+00:00,Some Traders Attributing Recent Weakness In Tech Stocks To Comment In California Governor Newsom's State Of The State Address 'I've asked my team to develop a proposal for a new Data Dividend for Californians',GOOGL,https://www.benzinga.com/news/19/02/13153275/some-traders-attributing-recent-weakness-in-tech-stocks-to-comment-in-california,Benzinga Newsdesk,,,,,,,positive,0.4521212875843048
567780,2019-02-12 00:00:00+00:00,Sonos CEO: 'We Are Paying For Sins Of The Past',GOOGL,https://www.benzinga.com/media/19/02/13148860/sonos-ceo-we-are-paying-for-sins-of-the-past,Jayson Derrick,,,,,,,negative,0.4847320020198822
567781,2019-02-11 00:00:00+00:00,Softbank Invests In Autonomous Grocery Delivery Startup Nuro,GOOGL,https://www.benzinga.com/news/19/02/13144299/softbank-invests-in-autonomous-grocery-delivery-startup-nuro,FreightWaves,,,,,,,neutral,0.8824462294578552
567782,2019-02-07 00:00:00+00:00,Google Blog Post Highlights Co. Belief EU Copyright Draft Rules Are Not Carefully Balanced And Would Harm Creative Economy In Europe,GOOGL,https://www.benzinga.com/news/19/02/13120009/google-blog-post-highlights-co-belief-eu-copyright-draft-rules-are-not-carefully,Benzinga Newsdesk,,,,,,,negative,0.8414126634597778
567783,2019-02-07 00:00:00+00:00,"Equinix Reports Google Has Selected Co. For Its LA Area Cable Landing Station, No Terms Disclosed",GOOGL,https://www.benzinga.com/news/19/02/13118993/equinix-reports-google-has-selected-co-for-its-la-area-cable-landing-station-no-,Benzinga Newsdesk,,,,,,,neutral,0.890275239944458
567784,2019-02-07 00:00:00+00:00,Google Removes Sites Banned in Russia from Search,GOOGL,https://www.benzinga.com/news/19/02/13117235/google-removes-sites-banned-in-russia-from-search,Charles Gross,,,,,,,negative,0.7306039929389954
567785,2019-02-06 00:00:00+00:00,Survey: Smart Speakers Quickly Becoming Ubiquitous In American Households,GOOGL,https://www.benzinga.com/analyst-ratings/analyst-color/19/02/13100567/survey-smart-speakers-quickly-becoming-ubiquitous-in-am,Shanthi Rexaline,,,,,,,neutral,0.7689808011054993
567786,2019-02-05 00:00:00+00:00,'Waymo reportedly in talks with Renault-Nissan Alliance on self-driving partnership' -Electrek,GOOGL,https://www.benzinga.com/news/19/02/13103787/waymo-reportedly-in-talks-with-renault-nissan-alliance-on-self-driving-partnersh,Benzinga Newsdesk,,,,,,,positive,0.4997590780258178
567787,2019-02-05 00:00:00+00:00,"'Protecting your data, no matter where you go on the web' -Google",GOOGL,https://www.benzinga.com/news/19/02/13102379/protecting-your-data-no-matter-where-you-go-on-the-web-google,Benzinga_Newsdesk,,,,,,,neutral,0.9371086955070496
567788,2019-02-05 00:00:00+00:00,Google Says Rolling Out Password Checkup And Cross Account Protection,GOOGL,https://www.benzinga.com/news/19/02/13102305/google-says-rolling-out-password-checkup-and-cross-account-protection,Benzinga_Newsdesk,,,,,,,neutral,0.8877416253089905
567789,2019-02-05 00:00:00+00:00,8 Biggest Price Target Changes For Tuesday,GOOGL,https://www.benzinga.com/analyst-ratings/price-target/19/02/13101763/8-biggest-price-target-changes-for-tuesday,Lisa Levin,,,,,,,neutral,0.8255300521850586
567790,2019-02-05 00:00:00+00:00,Wall Street Reacts To Alphabet's Q4 Earnings,GOOGL,https://www.benzinga.com/analyst-ratings/analyst-color/19/02/13101063/wall-street-reacts-to-alphabets-q4-earnings,Jayson Derrick,,,,,,,neutral,0.8441450595855713
567791,2019-02-05 00:00:00+00:00,Survey Hints At Strong Quarter For Spotify,GOOGL,https://www.benzinga.com/news/earnings/19/02/13084206/survey-hints-at-strong-quarter-for-spotify,Shanthi Rexaline,,,,,,,positive,0.922443985939026
567792,2019-02-05 00:00:00+00:00,"Citigroup Maintains Buy on Alphabet, Lowers Price Target to $1.325K",GOOGL,https://www.benzinga.com/news/19/02/13100151/citigroup-maintains-buy-on-alphabet-lowers-price-target-to-1-325k,Vick Meyer,,,,,,,neutral,0.6012412309646606
567793,2019-02-05 00:00:00+00:00,32 Stocks Moving In Tuesday's Pre-Market Session,GOOGL,https://www.benzinga.com/news/19/02/13099824/32-stocks-moving-in-tuesdays-pre-market-session,Lisa Levin,,,,,,,neutral,0.5709622502326965
567794,2019-02-05 00:00:00+00:00,"BMO Capital Maintains Market Perform on Alphabet, Lowers Price Target to $1.1K",GOOGL,https://www.benzinga.com/news/19/02/13099817/bmo-capital-maintains-market-perform-on-alphabet-lowers-price-target-to-1-1k,Vick Meyer,,,,,,,neutral,0.4089265763759613
567795,2019-02-05 00:00:00+00:00,"Nomura Maintains Buy on Alphabet, Lowers Price Target to $1.31K",GOOGL,https://www.benzinga.com/news/19/02/13099701/nomura-maintains-buy-on-alphabet-lowers-price-target-to-1-31k,Vick Meyer,,,,,,,neutral,0.7142711281776428
567796,2019-02-05 00:00:00+00:00,"Barclays Maintains Overweight on Alphabet, Lowers Price Target to $1.35K",GOOGL,https://www.benzinga.com/news/19/02/13099660/barclays-maintains-overweight-on-alphabet-lowers-price-target-to-1-35k,Vick Meyer,,,,,,,negative,0.5019651651382446
567797,2019-02-05 00:00:00+00:00,A Peek Into The Markets: US Stock Futures Surge Ahead Of Earnings,GOOGL,https://www.benzinga.com/news/19/02/13099011/a-peek-into-the-markets-us-stock-futures-surge-ahead-of-earnings,Lisa Levin,,,,,,,positive,0.8535453677177429
567798,2019-02-05 00:00:00+00:00,"12 Stocks To Watch For February 5, 2019",GOOGL,https://www.benzinga.com/news/earnings/19/02/13098513/12-stocks-to-watch-for-february-5-2019,Lisa Levin,,,,,,,neutral,0.896448016166687
567799,2019-02-04 00:00:00+00:00,From Alphabet Earnings Conference Call: Feedback On 'Project Stream' Video Game Service Has Been 'Super Positive',GOOGL,https://www.benzinga.com/news/19/02/13096682/from-alphabet-earnings-conference-call-feedback-on-project-stream-video-game-ser,Benzinga Newsdesk,,,,,,,positive,0.947786509990692
567800,2019-02-04 00:00:00+00:00,"From Alphabet Earnings Conference Call Q&A Section: CEO Says To Expect Cloud Unit To, In 2019, Focus On Geographies, 6 Verticals, 5 Product Areas Where It Is Seeing Returns",GOOGL,https://www.benzinga.com/news/19/02/13096471/from-alphabet-earnings-conference-call-q-a-section-ceo-says-to-expect-cloud-unit,Benzinga Newsdesk,,,,,,,positive,0.6584039926528931
567801,2019-02-04 00:00:00+00:00,'Pichai says YouTube now has nearly 2B monthly logged-in users. It had 1.8B as of last May.' -Tweet From TheStreet,GOOGL,https://www.benzinga.com/news/19/02/13096303/pichai-says-youtube-now-has-nearly-2b-monthly-logged-in-users-it-had-1-8b-as-of-,Benzinga Newsdesk,,,,,,,neutral,0.92065167427063
567802,2019-02-04 00:00:00+00:00,"'Pichai: Over the last year, the number of active users for Google Assistant has quadrupled. Assistant now supports 30 languages, up from 8 a year ago' -Tweet From TheStreet",GOOGL,https://www.benzinga.com/news/19/02/13096293/pichai-over-the-last-year-the-number-of-active-users-for-google-assistant-has-qu,Benzinga Newsdesk,,,,,,,positive,0.8972194790840149
567803,2019-02-04 00:00:00+00:00,From Alphabet Earnings Conference Call: Number Of Daily Active Users On Co.'s Shopping Doubled On Year-Over-Year Basis During Holiday Season,GOOGL,https://www.benzinga.com/news/19/02/13096259/from-alphabet-earnings-conference-call-number-of-daily-active-users-on-co-s-shop,Benzinga Newsdesk,,,,,,,positive,0.8727883696556091
567804,2019-02-04 00:00:00+00:00,From Alphabet Earnings Conference Call: Board Has Authorized Added $12.5B Buyback,GOOGL,https://www.benzinga.com/news/19/02/13096127/from-alphabet-earnings-conference-call-board-has-authorized-added-12-5b-buyback,Benzinga Newsdesk,,,,,,,positive,0.6827252507209778
567805,2019-02-04 00:00:00+00:00,From Alphabet Earnings Conference Call: Sees Capex Growth In 2019 To Moderate Quite Significantly,GOOGL,https://www.benzinga.com/news/19/02/13096109/from-alphabet-earnings-conference-call-sees-capex-growth-in-2019-to-moderate-qui,Benzinga Newsdesk,,,,,,,positive,0.7197413444519043
567806,2019-02-04 00:00:00+00:00,From Alphabet Earnings Conference Call: Sees Traffic Acquisition Costs Continuing To Increase Year Over Year As Mobile Search Grows,GOOGL,https://www.benzinga.com/news/19/02/13096091/from-alphabet-earnings-conference-call-sees-traffic-acquisition-costs-continuing,Benzinga Newsdesk,,,,,,,positive,0.7955582737922668
567807,2019-02-04 00:00:00+00:00,From Alphabet Earnings Conference Call: Forex To Remain A Headwind,GOOGL,https://www.benzinga.com/news/19/02/13095979/from-alphabet-earnings-conference-call-forex-to-remain-a-headwind,Benzinga Newsdesk,,,,,,,negative,0.9500250220298768
567808,2019-02-04 00:00:00+00:00,"Alphabet Blows Away Q4 Earnings Estimates, Shares Fall",GOOGL,https://www.benzinga.com/news/earnings/19/02/13095284/alphabet-blows-away-q4-earnings-estimates-shares-fall,Brett Hershman,,,,,,,negative,0.9623502492904664
567809,2019-02-04 00:00:00+00:00,Alphabet Q4 Net Sales Excluding Traffic Acquisition Costs $31.84B,GOOGL,https://www.benzinga.com/news/earnings/19/02/13095183/alphabet-q4-net-sales-excluding-traffic-acquisition-costs-31-84b,Benzinga Newsdesk,,,,,,,neutral,0.9433113932609558
567810,2019-02-04 00:00:00+00:00,"Alphabet Q4 EPS $12.77 Beats $10.86 Estimate, Sales $39.276B Beat $38.98B Estimate",GOOGL,https://www.benzinga.com/news/earnings/19/02/13095103/alphabet-q4-eps-12-77-beats-10-86-estimate-sales-39-276b-beat-38-98b-es,Benzinga Newsdesk,,,,,,,positive,0.6629762053489685
567811,2019-02-04 00:00:00+00:00,"Apple Is The 'Better Mind' In The Tech Space, Pro Says",GOOGL,https://www.benzinga.com/tech/19/02/13093697/apple-is-the-better-mind-in-the-tech-space-pro-says,Jayson Derrick,,,,,,,neutral,0.5884712934494019
567812,2019-02-04 00:00:00+00:00,How The FANG Stocks Trade With Each Other And The Rest Of The Market,GOOGL,https://www.benzinga.com/trading-ideas/long-ideas/19/02/13076907/how-the-fang-stocks-trade-with-each-other-and-the-rest-of-th,Wayne Duggan,,,,,,,neutral,0.9333258867263794
567813,2019-02-04 00:00:00+00:00,"A Peek Into The Markets: US Stock Futures Edge Higher, Alphabet Earnings In Focus",GOOGL,https://www.benzinga.com/news/19/02/13089630/a-peek-into-the-markets-us-stock-futures-edge-higher-alphabet-earnings-in-focus,Lisa Levin,,,,,,,positive,0.92078959941864
567814,2019-02-04 00:00:00+00:00,"8 Stocks To Watch For February 4, 2019",GOOGL,https://www.benzinga.com/news/earnings/19/02/13089224/8-stocks-to-watch-for-february-4-2019,Lisa Levin,,,,,,,neutral,0.8805456757545471
567815,2019-02-04 00:00:00+00:00,"Earnings Scheduled For February 4, 2019",GOOGL,https://www.benzinga.com/news/earnings/19/02/13089170/earnings-scheduled-for-february-4-2019,Lisa Levin,,,,,,,neutral,0.8825469613075256
567816,2019-02-01 00:00:00+00:00,This Day In Market History: Alphabet Briefly Becomes World's Most Valuable Company,GOOGL,https://www.benzinga.com/markets/cryptocurrency/19/02/11118958/this-day-in-market-history-alphabet-briefly-becomes-worlds-mos,Wayne Duggan,,,,,,,positive,0.679283857345581
567817,2019-01-31 00:00:00+00:00,'Apple blocks Google from running its internal iOS apps' -The Verge,GOOGL,https://www.benzinga.com/news/19/01/13078333/apple-blocks-google-from-running-its-internal-ios-apps-the-verge,Benzinga Newsdesk,,,,,,,negative,0.7804633975028992
567818,2019-01-31 00:00:00+00:00,Hearing Apple Taking Actions On Google Apps Following Facebook Initative,GOOGL,https://www.benzinga.com/news/19/01/13078315/hearing-apple-taking-actions-on-google-apps-following-facebook-initative,Benzinga Newsdesk,,,,,,,negative,0.584865927696228
567819,2019-01-31 00:00:00+00:00,"BATs Bounce Back, Lift This ETF",GOOGL,https://www.benzinga.com/markets/cryptocurrency/19/01/13069752/bats-bounce-back-lift-this-etf,ETF Professor,,,,,,,neutral,0.5590435266494751
567820,2019-01-30 00:00:00+00:00,'YouTube Music comes to Sonos' -YouTube Blog,GOOGL,https://www.benzinga.com/news/19/01/13066772/youtube-music-comes-to-sonos-youtube-blog,Benzinga Newsdesk,,,,,,,neutral,0.925567388534546
567821,2019-01-30 00:00:00+00:00,Koch Industries' Subsidiary Invests In Metal 3D Printing,GOOGL,https://www.benzinga.com/news/19/01/13064688/koch-industries-subsidiary-invests-in-metal-3d-printing,FreightWaves,,,,,,,neutral,0.9306609034538268
567822,2019-01-29 00:00:00+00:00,"Google Will Post Solid Revenues, But Expenses May Weigh On Margins, BofA Says In Q4 Preview",GOOGL,https://www.benzinga.com/analyst-ratings/analyst-color/19/01/13056145/google-will-post-solid-revenues-but-expenses-may-weigh-,Priya Nigam,,,,,,,positive,0.839786946773529
567823,2019-01-28 00:00:00+00:00,"Podcast: Nike Continues To Expand With MLB Deal, Streaming War Heats Up",GOOGL,https://www.benzinga.com/news/19/01/13049416/podcast-nike-continues-to-expand-with-mlb-deal-streaming-war-heats-up,Zacks,,,,,,,positive,0.6208310127258301
567824,2019-01-28 00:00:00+00:00,"Inuvo Announced Its Vertro Subsidiary Entered Into Amendment Number One To Google Services Agreement; Pursuant To Agreement, Among Other Things, Payment Terms Were Modified And Term Of Agreement Was Extended To Feb 28, 2021",GOOGL,https://www.benzinga.com/news/19/01/13046045/inuvo-announced-its-vertro-subsidiary-entered-into-amendment-number-one-to-googl,Benzinga Newsdesk,,,,,,,neutral,0.8412156701087952
567825,2019-01-26 00:00:00+00:00,Breaking Down The Incredible Rise Of Esports,GOOGL,https://www.benzinga.com/general/education/19/01/13008304/breaking-down-the-incredible-rise-of-esports,Wayne Duggan,,,,,,,neutral,0.7027760744094849
567826,2019-01-25 00:00:00+00:00,'Continuing our work to improve recommendations on YouTube' -YouTube Blog,GOOGL,https://www.benzinga.com/news/19/01/13040034/continuing-our-work-to-improve-recommendations-on-youtube-youtube-blog,Benzinga Newsdesk,,,,,,,neutral,0.7346047759056091
567827,2019-01-24 00:00:00+00:00,Oracle Comments on Google's Petition For Review By Supreme Court; Says Petition Presents a 'Rehash Of Arguments That Have Already Been Thoughtfully And Thoroughly Discredited',GOOGL,https://www.benzinga.com/news/19/01/13036529/oracle-comments-on-googles-petition-for-review-by-supreme-court-says-petition-pr,Benzinga Newsdesk,,,,,,,negative,0.8704391121864319
567828,2019-01-24 00:00:00+00:00,Google Has Asked Supreme Court To Reverse Its Ruling Which Revived Oracle Copyright Case,GOOGL,https://www.benzinga.com/news/19/01/13034847/google-has-asked-supreme-court-to-reverse-its-ruling-which-revived-oracle-copyri,Benzinga Newsdesk,,,,,,,negative,0.9201958775520324
567829,2019-01-24 00:00:00+00:00,Analyst Says Apple's App Store Spending Is Likely To Slow In 2019,GOOGL,https://www.benzinga.com/analyst-ratings/analyst-color/19/01/13032715/analyst-says-apples-app-store-spending-is-likely-to-slo,Wayne Duggan,,,,,,,negative,0.9686250686645508
567830,2019-01-23 00:00:00+00:00,"Google Signs Long-term Agreement To Purchase The Output Of A 10-megawatt Solar Array In Tainan City, Taiwan",GOOGL,https://www.benzinga.com/news/19/01/13021683/google-signs-long-term-agreement-to-purchase-the-output-of-a-10-megawatt-solar-a,Charles Gross,,,,,,,positive,0.911820948123932
567831,2019-01-22 00:00:00+00:00,"'Elliott Thinks Walmart, Google And Private Equity Could Be Interested In Buying Ebay's Core Marketplace Business For About $15 Billion' -CNBC",GOOGL,https://www.benzinga.com/news/19/01/13019435/elliott-thinks-walmart-google-and-private-equity-could-be-interested-in-buying-e,Benzinga Newsdesk,,,,,,,neutral,0.6575666666030884
567832,2019-01-22 00:00:00+00:00,Waymo Looks To The Motor City For Autonomous Vehicle Plant,GOOGL,https://www.benzinga.com/news/19/01/13018343/waymo-looks-to-the-motor-city-for-autonomous-vehicle-plant,Dave Royse,,,,,,,neutral,0.8429790139198303
567833,2019-01-22 00:00:00+00:00,Pivotal Makes No Changes To Google Model As Big Brands Flock Back To YouTube,GOOGL,https://www.benzinga.com/analyst-ratings/analyst-color/19/01/13016878/pivotal-makes-no-changes-to-google-model-as-big-brands-,Jayson Derrick,,,,,,,neutral,0.917302131652832
567834,2019-01-17 00:00:00+00:00,Google Buys Smartwatch Tech And Know-How From Fossil,GOOGL,https://www.benzinga.com/news/19/01/13002063/google-buys-smartwatch-tech-and-know-how-from-fossil,Dave Royse,,,,,,,neutral,0.9078646898269652
567835,2019-01-17 00:00:00+00:00,"The EU is Preparing a Third Antitrust Fine for Google's Adsense, According to Bloomberg",GOOGL,https://www.benzinga.com/news/19/01/12999101/the-eu-is-preparing-a-third-antitrust-fine-for-googles-adsense-according-to-bloo,Benzinga Newsdesk,,,,,,,negative,0.8736624717712402
567836,2019-01-16 00:00:00+00:00,"Alphabet, McDonald's, Netflix, Xilinx: 'Fast Money' Picks For January 16",GOOGL,https://www.benzinga.com/media/19/01/12990246/alphabet-mcdonalds-netflix-xilinx-fast-money-picks-for-january-16,Craig Jones,,,,,,,neutral,0.9260201454162598
567837,2019-01-14 00:00:00+00:00,"UPDATE: Global Equities' Chowdhry Warns Could Take Another 2 Qtrs. For Amazon's AWS, Microsoft's Azure, Google's GCP To Clean Their Workloads From Crypto Miners Abuse",GOOGL,https://www.benzinga.com/analyst-ratings/analyst-color/19/01/12980055/update-global-equities-chowdhry-warns-could-take-anothe,Benzinga Newsdesk,,,,,,,neutral,0.7361940741539001
567838,2019-01-14 00:00:00+00:00,"UPDATE: Global Equities' Chowdhry Sees Recent Crackdown On Crypto Miners As Creating A Temporary Compute Overcapacity In The 'Super Cloud' Cos., Sees Intel Datacenter Business Experiencing Temporary Issues",GOOGL,https://www.benzinga.com/analyst-ratings/analyst-color/19/01/12980044/update-global-equities-chowdhry-sees-recent-crackdown-o,Benzinga Newsdesk,,,,,,,negative,0.9644536972045898
567839,2019-01-14 00:00:00+00:00,'Google employees are launching a social media blitz to pressure tech giants on workplace harassment issues' -Recode,GOOGL,https://www.benzinga.com/news/19/01/12978283/google-employees-are-launching-a-social-media-blitz-to-pressure-tech-giants-on-w,Benzinga Newsdesk,,,,,,,negative,0.6673489809036255
567840,2019-01-10 00:00:00+00:00,"BofA Upgrades Twitter After Internet User Survey, Finds Falling Snapchat Usage",GOOGL,https://www.benzinga.com/analyst-ratings/analyst-color/19/01/12966435/bofa-upgrades-twitter-after-internet-user-survey-finds-,Dave Royse,,,,,,,negative,0.9252690672874452
567841,2019-01-10 00:00:00+00:00,"Alphabet, Inc. Board Sued On Thursday In California State Court By Shareholder; Lawsuit Alleges Board Breached Fiduciary Duty By Covering Up Sexual Misconduct By Top Execs, Cites Meeting Minutes From 2024-2016",GOOGL,https://www.benzinga.com/news/19/01/12968036/alphabet-inc-board-sued-on-thursday-in-california-state-court-by-shareholder-law,Benzinga Newsdesk,,,,,,,negative,0.9454901814460754
567842,2019-01-10 00:00:00+00:00,Morgan Stanley Posts Negative Yelp Review: 'We Question The Sustainability Of This Pricing Umbrella',GOOGL,https://www.benzinga.com/analyst-ratings/analyst-color/19/01/12964155/morgan-stanley-posts-negative-yelp-review-we-question-t,Elizabeth Balboa,,,,,,,negative,0.95633202791214
567843,2019-01-10 00:00:00+00:00,EU Court Adviser Says Google Can Limit Right to be Forgotten to EU,GOOGL,https://www.benzinga.com/news/19/01/12963025/eu-court-adviser-says-google-can-limit-right-to-be-forgotten-to-eu,Charles Gross,,,,,,,neutral,0.8468930125236511
567844,2019-01-09 00:00:00+00:00,Fintech APIs Consolidate As Plaid Buys Quovo In $200M Deal,GOOGL,https://www.benzinga.com/fintech/19/01/12957319/fintech-apis-consolidate-as-plaid-buys-quovo-in-200m-deal,Elizabeth Balboa,,,,,,,positive,0.4676213562488556
567845,2019-01-07 00:00:00+00:00,"As Sports Broadcasters See Some Viewers Return, Experts Predict Another Year Of Streaming Transition",GOOGL,https://www.benzinga.com/general/sports/19/01/12935038/as-sports-broadcasters-see-some-viewers-return-experts-predict-another,Dave Royse,,,,,,,positive,0.5684789419174194
567846,2019-01-07 00:00:00+00:00,"Pivotal Forecasts Good Year For Online Ads, Upgrades Adobe, Alphabet, Salesforce",GOOGL,https://www.benzinga.com/analyst-ratings/analyst-color/19/01/12944663/pivotal-forecasts-good-year-for-online-ads-upgrades-ado,Wayne Duggan,,,,,,,positive,0.7245921492576599
567847,2019-01-07 00:00:00+00:00,Google Announces Launch Of Smart Displays For Google Assistant,GOOGL,https://www.benzinga.com/news/19/01/12944579/google-announces-launch-of-smart-displays-for-google-assistant,Benzinga_Newsdesk,,,,,,,neutral,0.7643423080444336
567848,2019-01-07 00:00:00+00:00,10 Biggest Price Target Changes For Monday,GOOGL,https://www.benzinga.com/analyst-ratings/price-target/19/01/12943499/10-biggest-price-target-changes-for-monday,Lisa Levin,,,,,,,neutral,0.7998325824737549
567849,2019-01-07 00:00:00+00:00,"Benzinga's Top Upgrades, Downgrades For January 7, 2019",GOOGL,https://www.benzinga.com/analyst-ratings/upgrades/19/01/12942572/benzingas-top-upgrades-downgrades-for-january-7-2019,Lisa Levin,,,,,,,negative,0.5840421319007874
567850,2019-01-07 00:00:00+00:00,"Pivotal Research Upgrades Alphabet to Buy, Raises Price Target to $1.24K",GOOGL,https://www.benzinga.com/news/19/01/12941144/pivotal-research-upgrades-alphabet-to-buy-raises-price-target-to-1-24k,Vick Meyer,,,,,,,neutral,0.583594799041748
567851,2019-01-06 00:00:00+00:00,"Benzinga's Bulls & Bears Of The Week: Amazon, CBS, Intel, Nike, Tesla And More",GOOGL,https://www.benzinga.com/analyst-ratings/analyst-color/19/01/12939716/benzingas-bulls-bears-of-the-week-amazon-cbs-intel-nike,Nelson Hem,,,,,,,neutral,0.942310869693756
567852,2019-01-04 00:00:00+00:00,Google Expects Google Assistant To Be On 1 Billion Devices By The End Of January,GOOGL,https://www.benzinga.com/news/19/01/12935417/google-announces-google-assistant-expects-to-be-on-1-billion-devices-by-the-end-,Benzinga_Newsdesk,,,,,,,neutral,0.868731677532196
567853,2019-01-04 00:00:00+00:00,Robert Kricheff Discusses Changing Valuation Models In New Book 'That Doesn't Work Anymore',GOOGL,https://www.benzinga.com/analyst-ratings/analyst-color/19/01/12895830/robert-kricheff-discusses-changing-valuation-models-in-,Wayne Duggan,,,,,,,neutral,0.8989409804344177
567854,2019-01-04 00:00:00+00:00,RBC's Mahaney: Tech 'Reckoning' Already Occurred,GOOGL,https://www.benzinga.com/analyst-ratings/analyst-color/19/01/12933872/rbcs-mahaney-tech-reckoning-already-occurred,Jayson Derrick,,,,,,,neutral,0.815513551235199
567855,2019-01-04 00:00:00+00:00,"Goldman Sees Amazon, Alphabet, PayPal, GrubHub, Netflix As Best Risk/Reward In US Internet Space, Sees Spotify, Twitter As Stocks Which Offer Most Upside From Current Levels",GOOGL,https://www.benzinga.com/analyst-ratings/analyst-color/19/01/12933044/goldman-sees-amazon-alphabet-paypal-grubhub-netflix-as-,Benzinga Newsdesk,,,,,,,positive,0.8584590554237366
567856,2019-01-03 00:00:00+00:00,"Alphabet's Verily Life Sciences Unit Reports $1B Investment Round Led By Silver Lake To Advance Plans On Business Strategies Which Are Additive, Complementary To Its Current Life Sciences Portfolio",GOOGL,https://www.benzinga.com/news/19/01/12929596/alphabets-verily-life-sciences-unit-reports-1b-investment-round-led-by-silver-la,Benzinga Newsdesk,,,,,,,positive,0.8816041350364685
567857,2019-01-03 00:00:00+00:00,Canaccord Genuity Upgrades Alphabet to Buy,GOOGL,https://www.benzinga.com/news/19/01/12925729/canaccord-genuity-upgrades-alphabet-to-buy,Benzinga Newsdesk,,,,,,,neutral,0.7466524839401245
567858,2019-01-03 00:00:00+00:00,"Immersion Reports Deal With Google To Develop Next-Gen Haptic Devices, No Terms Disclosed",GOOGL,https://www.benzinga.com/news/19/01/12925035/immersion-reports-deal-with-google-to-develop-next-gen-haptic-devices-no-terms-d,Benzinga Newsdesk,,,,,,,neutral,0.9224517941474916
567859,2019-01-02 00:00:00+00:00,Tech stocks shares are trading lower after Apple cut Q1 sales guidance drastically.,GOOGL,https://www.benzinga.com/markets/wiim/19/01/12921692/tech-stocks-shares-are-trading-lower-after-apple-cut-q1-sales-guidance-d,Hal Lindon,,,,,,,negative,0.970177412033081
567860,2018-12-30 00:00:00+00:00,"Benzinga's Bulls & Bears Of The Week: Amazon, Apple, Disney, Facebook, GM And More",GOOGL,https://www.benzinga.com/trading-ideas/18/12/12911874/benzingas-bulls-bears-of-the-week-amazon-apple-disney-facebook-gm-and-m,Nelson Hem,,,,,,,neutral,0.9440069198608398
567861,2018-12-28 00:00:00+00:00,12 Tech Trends To Watch Over The Next 12 Months,GOOGL,https://www.benzinga.com/analyst-ratings/analyst-color/18/12/12904658/12-tech-trends-to-watch-over-the-next-12-months,Shanthi Rexaline,,,,,,,neutral,0.8949045538902283
567862,2018-12-27 00:00:00+00:00,"The Year In Cryptocurrency: Bitcoin's Burst, Hackers, Rejections, Regulations And More",GOOGL,https://www.benzinga.com/markets/cryptocurrency/18/12/12904078/the-year-in-cryptocurrency-bitcoins-burst-hackers-rejections-r,Wayne Duggan,,,,,,,neutral,0.8178407549858093
567863,2018-12-27 00:00:00+00:00,"Stocks across sectors are trading lower, reversing course after strong gains on Wednesday.",GOOGL,https://www.benzinga.com/markets/wiim/18/12/12904690/stocks-across-sectors-are-trading-lower-reversing-course-after-strong-ga,Benzinga Newsdesk,,,,,,,negative,0.970840573310852
567864,2018-12-27 00:00:00+00:00,"In The December Bloodbath, These Hidden Factors Might Be Prompting Traders To Buy",GOOGL,https://www.benzinga.com/fintech/18/12/12903705/in-the-december-bloodbath-these-hidden-factors-might-be-prompting-traders-to-,Chris Dier-Scalise,,,,,,,neutral,0.5930477380752563
567865,2018-12-26 00:00:00+00:00,'Why Alphabet Will Make a Big Acquisition to Help Google Cloud -The Information,GOOGL,https://www.benzinga.com/tech/18/12/12898911/why-alphabet-will-make-a-big-acquisition-to-help-google-cloud-the-information,Benzinga Newsdesk,,,,,,,neutral,0.7438458204269409
567866,2018-12-24 00:00:00+00:00,Holiday Cheer Hard To Find Following Wall Street's Worst Week In A Decade,GOOGL,https://www.benzinga.com/news/18/12/12895552/holiday-cheer-hard-to-find-following-wall-streets-worst-week-in-a-decade,JJ Kinahan,,,,,,,negative,0.9141489863395692
567867,2018-12-23 00:00:00+00:00,Losing Its FAANG: Market Struggles In 2018 As Tech Rally Slows,GOOGL,https://www.benzinga.com/news/earnings/18/12/12890588/losing-its-faang-market-struggles-in-2018-as-tech-rally-slows,The Ticker Tape,,,,,,,negative,0.9683703780174256
567868,2018-12-23 00:00:00+00:00,"Barron's Picks And Pans: Unicorns, European Treasures, Health Care Bargains And More",GOOGL,https://www.benzinga.com/startups/18/12/12894202/barrons-picks-and-pans-unicorns-european-treasures-health-care-bargains-and-,Nelson Hem,,,,,,,neutral,0.9233163595199584
567869,2018-12-20 00:00:00+00:00,Hearing Dealreporter Says Atlassian Is Being Speculated As A Potential Google Target; Unconfirmed,GOOGL,https://www.benzinga.com/news/18/12/12884635/hearing-dealreporter-says-atlassian-is-being-speculated-as-a-potential-google-ta,Benzinga Newsdesk,,,,,,,neutral,0.9350115060806274
567870,2018-12-20 00:00:00+00:00,Twitter Sinks After Citron Calls It 'The Harvey Weinstein Of Social Media',GOOGL,https://www.benzinga.com/analyst-ratings/analyst-color/18/12/12882444/twitter-sinks-after-citron-calls-it-the-harvey-weinstei,Wayne Duggan,,,,,,,negative,0.8786570429801941
567871,2018-12-18 00:00:00+00:00,"Facebook Takes Heat From NAACP, Muslim Advocates And Trump",GOOGL,https://www.benzinga.com/news/18/12/12867248/facebook-takes-heat-from-naacp-muslim-advocates-and-trump,Wayne Duggan,,,,,,,neutral,0.6862490177154541
567872,2018-12-18 00:00:00+00:00,"Trump Tweet: Facebook, Twitter and Google are so biased toward the Dems it is ridiculous! Twitter, in fact, has made it much more difficult for people to join @realDonaldTrump. They have removed many names & greatly slowed the level and speed of increase. They have acknowledged-done NOTHING!",GOOGL,https://www.benzinga.com/news/18/12/12865007/trump-tweet-facebook-twitter-and-google-are-so-biased-toward-the-dems-it-is-ridi,Charles Gross,,,,,,,negative,0.7706235647201538
567873,2018-12-17 00:00:00+00:00,"'Google's Secret China Project ""Effectively Ended"" After Internal Confrontation' -The Intercept",GOOGL,https://www.benzinga.com/news/18/12/12860683/googles-secret-china-project-effectively-ended-after-internal-confrontation-the-,Benzinga Newsdesk,,,,,,,negative,0.7962007522583008
567874,2018-12-17 00:00:00+00:00,Will Oracle Earnings Put Analyst Cloud Concerns to Rest?,GOOGL,https://www.benzinga.com/news/earnings/18/12/12860252/will-oracle-earnings-put-analyst-cloud-concerns-to-rest,JJ Kinahan,,,,,,,neutral,0.7517086267471313
567875,2018-12-13 00:00:00+00:00,Why The Chinese Market Is Attractive To Google,GOOGL,https://www.benzinga.com/news/18/12/12847065/why-the-chinese-market-is-attractive-to-google,Shanthi Rexaline,,,,,,,neutral,0.8419545888900757
567876,2018-12-13 00:00:00+00:00,"Google, Facebook Push Back on Vietnam's Sweeping Cyber Laws",GOOGL,https://www.benzinga.com/news/18/12/12843250/google-facebook-push-back-on-vietnams-sweeping-cyber-laws,Charles Gross,,,,,,,negative,0.8989517688751221
567877,2018-12-13 00:00:00+00:00,MediaTek Collaborates with Google to Bring AR and Lens Visual Search Experiences to Mid-Range Smartphones,GOOGL,https://www.benzinga.com/news/18/12/12843249/mediatek-collaborates-with-google-to-bring-ar-and-lens-visual-search-experiences,Charles Gross,,,,,,,positive,0.5102276802062988
567878,2018-12-13 00:00:00+00:00,Google Announces Partnership in India to Use AI To Improve Diabetic Eye Disease Screening,GOOGL,https://www.benzinga.com/news/18/12/12843245/google-announces-partnership-in-india-to-use-ai-to-improve-diabetic-eye-disease-,Charles Gross,,,,,,,positive,0.872946560382843
567879,2018-12-12 00:00:00+00:00,"Red Hat Shares Volatile Here As Traders Circulate 'IBM's $34 billion Red Hat acquisition came after deal talks with Microsoft, Google and Amazon, sources say' -Business Insider",GOOGL,https://www.benzinga.com/news/18/12/12839752/red-hat-shares-volatile-here-as-traders-circulate-ibms-34-billion-red-hat-acquis,Benzinga Newsdesk,,,,,,,negative,0.6945134401321411
567880,2018-12-12 00:00:00+00:00,Google Considering Steps to Open Representative Office in Vietnam,GOOGL,https://www.benzinga.com/news/18/12/12836207/google-considering-steps-to-open-representative-office-in-vietnam,Charles Gross,,,,,,,neutral,0.8194336891174316
567881,2018-12-11 00:00:00+00:00,"Google CEO Sundar Pichai Addresses Search Bias, Data Security In Capitol Hill Testimony",GOOGL,https://www.benzinga.com/government/18/12/12832807/google-ceo-sundar-pichai-addresses-search-bias-data-security-in-capitol-hi,Wayne Duggan,,,,,,,neutral,0.8438749313354492
567882,2018-12-11 00:00:00+00:00,"Google CEO Sundar Pichai, Giving Testimony In Front Of Senate Judiciary Committee, Says Co. Has No Plans To Launch In China",GOOGL,https://www.benzinga.com/news/18/12/12831954/google-ceo-sundar-pichai-giving-testimony-in-front-of-senate-judiciary-committee,Benzinga Newsdesk,,,,,,,neutral,0.8991900682449341
567883,2018-12-11 00:00:00+00:00,Google Shares Up 0.9% As CEO Sundar Pichai Currently Giving Testimony Before House Judiciary Committee,GOOGL,https://www.benzinga.com/news/18/12/12831604/google-shares-up-0-9-as-ceo-sundar-pichai-currently-giving-testimony-before-hous,Benzinga Newsdesk,,,,,,,positive,0.7088565826416016
567884,2018-12-10 00:00:00+00:00,Most FAANG Stocks Are In Bear Territory — But Still A Good Bet For Long-Term Investors,GOOGL,https://www.benzinga.com/news/18/12/12817434/most-faang-stocks-are-in-bear-territory-but-still-a-good-bet-for-long-term-inves,Shanthi Rexaline,,,,,,,neutral,0.4288248717784881
567885,2018-12-10 00:00:00+00:00,Google Issues Statement Highlighting Bug Impacted ~52.5M Users Using Google+ API; Bug Was Fixed Within A Week Of Being Introduced,GOOGL,https://www.benzinga.com/news/18/12/12824721/google-issues-statement-highlighting-bug-impacted-52-5m-users-using-google-api-b,Benzinga Newsdesk,,,,,,,negative,0.9036476612091064
567886,2018-12-09 00:00:00+00:00,Australian Competition & Consumer Commisssion Report Includes Proposal To Prevent Google's Search Engine Being Installed As A Default Search Engine On Internet Browsers,GOOGL,https://www.benzinga.com/news/18/12/12820452/australian-competition-consumer-commisssion-report-includes-proposal-to-prevent-,Charles Gross,,,,,,,neutral,0.8455657362937927
567887,2018-12-07 00:00:00+00:00,'Google and Tencent Secretly Explore Cloud-Computing Cooperation' -The Information,GOOGL,https://www.benzinga.com/news/18/12/12815797/google-and-tencent-secretly-explore-cloud-computing-cooperation-the-information,Benzinga Newsdesk,,,,,,,neutral,0.9201728105545044
567888,2018-12-06 00:00:00+00:00,3 Reasons To Like Alphabet's Stock,GOOGL,https://www.benzinga.com/analyst-ratings/analyst-color/18/12/12808439/3-reasons-to-like-alphabets-stock,Jayson Derrick,,,,,,,neutral,0.9143044352531432
567889,2018-12-06 00:00:00+00:00,"Benzinga's Top Upgrades, Downgrades For December 6, 2018",GOOGL,https://www.benzinga.com/analyst-ratings/upgrades/18/12/12807759/benzingas-top-upgrades-downgrades-for-december-6-2018,Lisa Levin,,,,,,,negative,0.5901507139205933
567890,2018-12-06 00:00:00+00:00,"Guggenheim Initiates Coverage On Alphabet with Buy Rating, Announces $1.33K Price Target",GOOGL,https://www.benzinga.com/news/18/12/12806480/guggenheim-initiates-coverage-on-alphabet-with-buy-rating-announces-1-33k-price-,Vick Meyer,,,,,,,neutral,0.7033449411392212
567891,2018-12-06 00:00:00+00:00,France's Finance Minister Says France will Tax Companies Like Google and Facebook if No EU Agreement,GOOGL,https://www.benzinga.com/news/18/12/12805129/frances-finance-minister-says-france-will-tax-companies-like-google-and-facebook,Charles Gross,,,,,,,neutral,0.4938144087791443
567892,2018-12-05 00:00:00+00:00,"Apple to Launch HomePod in China in 2019, Ahead of Google, Amazon Devices",GOOGL,https://www.benzinga.com/news/18/12/12803766/apple-to-launch-homepod-in-china-in-2019-ahead-of-google-amazon-devices,Charles Gross,,,,,,,neutral,0.7161988615989685
567893,2018-12-05 00:00:00+00:00,A Bullish View On A New Sector ETF,GOOGL,https://www.benzinga.com/analyst-ratings/analyst-color/18/12/12800573/a-bullish-view-on-a-new-sector-etf,ETF Professor,,,,,,,positive,0.6656514406204224
567894,2018-12-04 00:00:00+00:00,"FreightTech 25: Waze's Contributors All Work Very Cheap, And They've Got A Winning Technology As A Result",GOOGL,https://www.benzinga.com/news/18/12/12795401/freighttech-25-wazes-contributors-all-work-very-cheap-and-theyve-got-a-winning-t,FreightWaves,,,,,,,positive,0.8878656625747681
567895,2018-12-04 00:00:00+00:00,Alphabet's Wing to Launch Drone Delivery in Finland in Spring 2019,GOOGL,https://www.benzinga.com/news/18/12/12793222/alphabets-wing-to-launch-drone-delivery-in-finland-in-spring-2019,Charles Gross,,,,,,,neutral,0.7376174926757812
567896,2018-12-03 00:00:00+00:00,"EU To Review New Digital Tax Plan From France, Germany",GOOGL,https://www.benzinga.com/news/18/12/12790205/eu-to-review-new-digital-tax-plan-from-france-germany,Hannah Genig,,,,,,,neutral,0.8437370657920837
567897,2018-12-03 00:00:00+00:00,Market Experts React To G20 Summit,GOOGL,https://www.benzinga.com/analyst-ratings/analyst-color/18/12/12789333/market-experts-react-to-g20-summit,Wayne Duggan,,,,,,,neutral,0.8946183323860168
567898,2018-11-30 00:00:00+00:00,How Google Is Driving Apple Services Revenue Growth,GOOGL,https://www.benzinga.com/analyst-ratings/analyst-color/18/11/12781352/how-google-is-driving-apple-services-revenue-growth,Wayne Duggan,,,,,,,neutral,0.921699285507202
567899,2018-11-29 00:00:00+00:00,'White House to Hold Roundtable With Tech Executives' -WSJ,GOOGL,https://www.benzinga.com/news/18/11/12773931/white-house-to-hold-roundtable-with-tech-executives-wsj,Benzinga Newsdesk,,,,,,,neutral,0.9091907143592834
567900,2018-11-28 00:00:00+00:00,US House Judiciary Committee To Hold Dec. 5 Hearing With Google CEO Pichai On Social Media Practices,GOOGL,https://www.benzinga.com/news/18/11/12765020/us-house-judiciary-committee-to-hold-dec-5-hearing-with-google-ceo-pichai-on-soc,Benzinga Newsdesk,,,,,,,neutral,0.5049834847450256
567901,2018-11-28 00:00:00+00:00,Google CEO Sundar Pichai Ready to Testify Before Congress in December,GOOGL,https://www.benzinga.com/news/18/11/12761974/google-ceo-sundar-pichai-ready-to-testify-before-congress-in-december,Charles Gross,,,,,,,neutral,0.9204761981964112
567902,2018-11-27 00:00:00+00:00,Analyst: FANG Stocks Growth Fundamentals Remain Relatively Strong,GOOGL,https://www.benzinga.com/analyst-ratings/analyst-color/18/11/12758020/analyst-fang-stocks-growth-fundamentals-remain-relative,Wayne Duggan,,,,,,,positive,0.9522820711135864
567903,2018-11-27 00:00:00+00:00,YouTube Unit Of Alphabet Inc's Google Says Aims To Make All Future Original Programming Ad-Supported; Say Strategy Shift Follows Global User And Advertiser Demand,GOOGL,https://www.benzinga.com/news/18/11/12759576/youtube-unit-of-alphabet-incs-google-says-aims-to-make-all-future-original-progr,Benzinga Newsdesk,,,,,,,positive,0.5924538373947144
567904,2018-11-27 00:00:00+00:00,Waymo Says Deborah Hersman Will Join Co. As Chief Safety Officer And Amee Chande Will Join As Chief Commercial Officer,GOOGL,https://www.benzinga.com/news/18/11/12757884/waymo-says-deborah-hersman-will-join-co-as-chief-safety-officer-and-amee-chande-,Benzinga Newsdesk,,,,,,,neutral,0.9478998184204102
567905,2018-11-27 00:00:00+00:00,Insider Response To Tech's Volatile Autumn,GOOGL,https://www.benzinga.com/news/18/11/12757659/insider-response-to-techs-volatile-autumn,Chris Dier-Scalise,,,,,,,negative,0.6265761852264404
567906,2018-11-27 00:00:00+00:00,Upbeat Sentiment On Retail Wanes After Trump Comments On Trade,GOOGL,https://www.benzinga.com/news/18/11/12757428/upbeat-sentiment-on-retail-wanes-after-trump-comments-on-trade,JJ Kinahan,,,,,,,negative,0.9341135621070862
567907,2018-11-27 00:00:00+00:00,Some Google Employees Calling On The Company To Cancel Project Dragonfly,GOOGL,https://www.benzinga.com/news/18/11/12756468/some-google-employees-calling-on-the-company-to-cancel-project-dragonfly,Benzinga Newsdesk,,,,,,,negative,0.9162888526916504
567908,2018-11-26 00:00:00+00:00,KeyBanc Sees 'Significant Runway' For AMD In Cloud Data Processors,GOOGL,https://www.benzinga.com/analyst-ratings/analyst-color/18/11/12750046/keybanc-sees-significant-runway-for-amd-in-cloud-data-p,Hannah Genig,,,,,,,positive,0.9360340237617492
567909,2018-11-26 00:00:00+00:00,A Black Friday Recap: Holiday Season 'Off To A Mixed Start',GOOGL,https://www.benzinga.com/analyst-ratings/analyst-color/18/11/12749672/a-black-friday-sell-side-recap-keybanc-says-holiday-sea,Hannah Genig,,,,,,,negative,0.8217474818229675
567910,2018-11-26 00:00:00+00:00,5 Biggest Price Target Changes For Monday,GOOGL,https://www.benzinga.com/analyst-ratings/price-target/18/11/12749701/5-biggest-price-target-changes-for-monday,Lisa Levin,,,,,,,neutral,0.8229241371154785
567911,2018-11-26 00:00:00+00:00,A Russian Communications Watchdog Has Opened An Administrative Case Against Google,GOOGL,https://www.benzinga.com/news/18/11/12748632/a-russian-communications-watchdog-has-opened-an-administrative-case-against-goog,Benzinga Newsdesk,,,,,,,negative,0.8975446820259094
567912,2018-11-26 00:00:00+00:00,Russia Plans Fines of 1% of Russian Revenue for Tech Firms That Break Rule,GOOGL,https://www.benzinga.com/news/18/11/12747855/russia-plans-fines-of-1-of-russian-revenue-for-tech-firms-that-break-rule,Charles Gross,,,,,,,neutral,0.7115076184272766
567913,2018-11-22 00:00:00+00:00,Google Says Supporting the EU Parliamentary Elections,GOOGL,https://www.benzinga.com/markets/eurozone/18/11/12743915/google-says-supporting-the-eu-parliamentary-elections,Charles Gross,,,,,,,neutral,0.7266712188720703
567914,2018-11-21 00:00:00+00:00,A Perspective On The Recent Meltdown In FAANG Stocks,GOOGL,https://www.benzinga.com/news/18/11/12738807/a-perspective-on-the-recent-meltdown-in-faang-stocks,Shanthi Rexaline,,,,,,,neutral,0.9117383360862732
567915,2018-11-21 00:00:00+00:00,"The Daily Biotech Pulse: Mylan Recalls Blood Pressure Drug, Heat Biologics Offering, New Novelion CEO",GOOGL,https://www.benzinga.com/general/biotech/18/11/12737616/the-daily-biotech-pulse-mylan-recalls-blood-pressure-drug-heat-biolog,Shanthi Rexaline,,,,,,,neutral,0.812540590763092
567916,2018-11-21 00:00:00+00:00,iQIYI Partners with Google to Incorporate Google Widevine DRM into Multi-Digital Rights Management System,GOOGL,https://www.benzinga.com/news/18/11/12737001/iqiyi-partners-with-google-to-incorporate-google-widevine-drm-into-multi-digital,Charles Gross,,,,,,,positive,0.7540038228034973
567917,2018-11-20 00:00:00+00:00,"Tech Shares, Retailer Earnings Roil Markets In Continuing Sell-Off",GOOGL,https://www.benzinga.com/news/18/11/12732383/tech-shares-retailer-earnings-roil-markets-in-continuing-selloff,JJ Kinahan,,,,,,,negative,0.958100974559784
567918,2018-11-19 00:00:00+00:00,"Several tech and tech-related stocks moving lower despite no company-specific news; Move may be linked to reports Apple cut iPhone production orders, as well as sell off in the overall market.",GOOGL,https://www.benzinga.com/markets/wiim/18/11/12725085/several-tech-and-tech-related-stocks-moving-lower-despite-no-company-spe,Benzinga Newsdesk,,,,,,,negative,0.972495138645172
567919,2018-11-17 00:00:00+00:00,"Pot Stocks, ETFs, Top News And Data From The Cannabis Industry This Week",GOOGL,https://www.benzinga.com/markets/cannabis/18/11/12719999/pot-stocks-etfs-top-news-and-data-from-the-cannabis-industry-this-we,Javier Hasse,,,,,,,neutral,0.9416732788085938
567920,2018-11-16 00:00:00+00:00,Munster: There's Something 'Fundamentally Wrong' With Facebook,GOOGL,https://www.benzinga.com/analyst-ratings/analyst-color/18/11/12717728/munster-theres-something-fundamentally-wrong-with-faceb,Wayne Duggan,,,,,,,negative,0.9450677037239076
567921,2018-11-16 00:00:00+00:00,"'Google Cloud CEO Diane Greene is out, to be replaced by former Oracle exec Thomas Kurian' -CNBC",GOOGL,https://www.benzinga.com/news/18/11/12717408/google-cloud-ceo-diane-greene-is-out-to-be-replaced-by-former-oracle-exec-thomas,Benzinga Newsdesk,,,,,,,negative,0.5437081456184387
567922,2018-11-16 00:00:00+00:00,Loud And Clear: Sonos Boasts High Demand In Q4 Print,GOOGL,https://www.benzinga.com/analyst-ratings/analyst-color/18/11/12716315/loud-and-clear-sonos-boasts-high-demand-in-q4-print,Elizabeth Balboa,,,,,,,positive,0.9214833974838256
567923,2018-11-15 00:00:00+00:00,"Tablet Boom Fades As Smartphones, Sleek Laptops Take Over",GOOGL,https://www.benzinga.com/tech/18/11/12697779/tablet-boom-fades-away-as-smartphones-sleek-laptops-take-over,Shanthi Rexaline,,,,,,,neutral,0.8749396204948425
567924,2018-11-15 00:00:00+00:00,"Rock Holdings To Buy Dictionary.com, Thesaurus.com From IAC/InterActiveCorp",GOOGL,https://www.benzinga.com/news/18/11/12709946/rock-holdings-to-buy-dictionary-com-thesaurus-com-from-iacinteractivecorp,Luke Jacobi,,,,,,,neutral,0.9271787405014038
567925,2018-11-15 00:00:00+00:00,"Q3 13F Roundup: How Buffett, Einhorn, Ackman And Others Adjusted Their Portfolio",GOOGL,https://www.benzinga.com/news/18/11/12709370/q3-13f-roundup-how-buffett-einhorn-ackman-and-others-adjusted-their-portfolio,Wayne Duggan,,,,,,,neutral,0.9122503399848938
567926,2018-11-15 00:00:00+00:00,"Loup's Munster Calls Google 'the oxygen of the internet,' Says Believes In The Co. Because They Are Changing The World",GOOGL,https://www.benzinga.com/analyst-ratings/analyst-color/18/11/12707452/loups-munster-calls-google-the-oxygen-of-the-internet-s,Benzinga Newsdesk,,,,,,,neutral,0.7700539827346802
567927,2018-11-15 00:00:00+00:00,"Loup's Munster On Alphabet/Google Notes Short-Term For Stock/Co. Will Be Up And Down Amid Questions About Data, Privacy, But Says For An Investor With Greater Than A 1-Year View, 'this is a great story to own'",GOOGL,https://www.benzinga.com/analyst-ratings/analyst-color/18/11/12707443/loups-munster-on-alphabetgoogle-notes-short-term-for-st,Benzinga Newsdesk,,,,,,,negative,0.8989543914794922
567928,2018-11-15 00:00:00+00:00,Alphabet's Wing to Launch Drone Delivery in Australia in 2019,GOOGL,https://www.benzinga.com/news/18/11/12705687/alphabets-wing-to-launch-drone-delivery-in-australia-in-2019,Charles Gross,,,,,,,neutral,0.6681279540061951
567929,2018-11-14 00:00:00+00:00,"Moderate Inflation, Positive Retail Earnings Offer Lift In Back-And-Forth Market",GOOGL,https://www.benzinga.com/news/earnings/18/11/12697506/moderate-inflation-positive-retail-earnings-offer-lift-in-back-and-fort,JJ Kinahan,,,,,,,positive,0.9539076685905457
567930,2018-11-14 00:00:00+00:00,"UPDATE: JANA Partners 13F Shows Fund Liquidated Stakes In Alphabet, Facebook, Wells Fargo, Grubhub",GOOGL,https://www.benzinga.com/news/18/11/12696718/update-jana-partners-13f-shows-fund-liquidated-stakes-in-alphabet-facebook-wells,Benzinga Newsdesk,,,,,,,neutral,0.926737666130066
567931,2018-11-14 00:00:00+00:00,Hearing Barclays Has Removed Google From Top Pick List; Unconfirmed,GOOGL,https://www.benzinga.com/analyst-ratings/analyst-color/18/11/12696520/hearing-barclays-has-removed-google-from-top-pick-list-,Benzinga Newsdesk,,,,,,,negative,0.9180368185043336
567932,2018-11-14 00:00:00+00:00,"Morgan Stanley Maintains Overweight on Alphabet, Lowers Price Target to $1.5K",GOOGL,https://www.benzinga.com/news/18/11/12694979/morgan-stanley-maintains-overweight-on-alphabet-lowers-price-target-to-1-5k,Vick Meyer,,,,,,,negative,0.59591144323349
567933,2018-11-13 00:00:00+00:00,Startup Point Of Sale Operating System Poynt Raises $100M,GOOGL,https://www.benzinga.com/fintech/18/11/12680716/startup-point-of-sale-operating-system-poynt-raises-100m,Spencer White,,,,,,,positive,0.8573693633079529
567934,2018-11-13 00:00:00+00:00,"Day After Selloff, Earnings, Trade News Seem To Offer Lift",GOOGL,https://www.benzinga.com/news/earnings/18/11/12686637/day-after-selloff-earnings-trade-news-seem-to-offer-lift,JJ Kinahan,,,,,,,neutral,0.647448718547821
567935,2018-11-08 00:00:00+00:00,'A note to our employees' -Blog Post From Google CEO Sundar Pichai,GOOGL,https://www.benzinga.com/news/18/11/12662151/a-note-to-our-employees-blog-post-from-google-ceo-sundar-pichai,Benzinga Newsdesk,,,,,,,neutral,0.924711287021637
567936,2018-11-07 00:00:00+00:00,Samsung Unveils New Screen Technology For Foldable Phones: Infinity Flex,GOOGL,https://www.benzinga.com/news/18/11/12652557/samsung-unveils-new-screen-technology-for-foldable-phones-infinity-flex,Benzinga Newsdesk,,,,,,,positive,0.5307092666625977
567937,2018-11-07 00:00:00+00:00,Tune In To Livestream Presentations From Google's Android Developers Summit,GOOGL,https://www.benzinga.com/tech/18/11/12652281/tune-in-to-livestream-presentations-from-googles-android-developers-summit,Benzinga Newsdesk,,,,,,,neutral,0.9410862922668456
567938,2018-11-07 00:00:00+00:00,Google At Conference Says Expect 'Foldable Products' From Several Android Device Makers; Says Working Closely With Samsung Electronics On Foldable Phone For Early 2019,GOOGL,https://www.benzinga.com/tech/18/11/12652257/google-at-conference-says-expect-foldable-products-from-several-android-device-m,Benzinga Newsdesk,,,,,,,positive,0.7951799631118774
567939,2018-11-07 00:00:00+00:00,OpenText Reports Partnership With Google Cloud For Enterprise Information Management On Google Cloud Platform,GOOGL,https://www.benzinga.com/news/18/11/12649773/opentext-reports-partnership-with-google-cloud-for-enterprise-information-manage,Benzinga Newsdesk,,,,,,,neutral,0.7330629825592041
567940,2018-11-06 00:00:00+00:00,Long Wait Is Over: Election Day Dawns With Markets Under Light Pressure,GOOGL,https://www.benzinga.com/news/earnings/18/11/12640101/long-wait-is-over-election-day-dawns-with-markets-under-light-pressure,JJ Kinahan,,,,,,,neutral,0.760815441608429
567941,2018-11-04 00:00:00+00:00,Why Apple Will Likely Remain Sole Member Of $1 Trillion Club For A While,GOOGL,https://www.benzinga.com/general/education/18/11/12601254/why-apple-will-likely-remain-sole-member-of-1-trillion-club-for-a-w,Wayne Duggan,,,,,,,neutral,0.943365514278412
567942,2018-11-02 00:00:00+00:00,Google Confirms Its Top DC Lobbyist Susan Molnari Is Leaving As Head Of America's Policy But Will Remain At Company,GOOGL,https://www.benzinga.com/news/18/11/12622375/google-confirms-its-top-dc-lobbyist-susan-molnari-is-leaving-as-head-of-americas,Benzinga Newsdesk,,,,,,,neutral,0.6105427145957947
567943,2018-11-02 00:00:00+00:00,'Google's top Washington lobbyist is leaving' -Axios,GOOGL,https://www.benzinga.com/news/18/11/12622239/googles-top-washington-lobbyist-is-leaving-axios,Benzinga Newsdesk,,,,,,,negative,0.7186065912246704
567944,2018-11-02 00:00:00+00:00,"JMP Securities Maintains Market Outperform on Alphabet, Lowers Price Target to $1.375K",GOOGL,https://www.benzinga.com/news/18/11/12621959/jmp-securities-maintains-market-outperform-on-alphabet-lowers-price-target-to-1-,Vick Meyer,,,,,,,negative,0.7163935899734497
567945,2018-11-01 00:00:00+00:00,Ethos Aims To Improve Life Insurance With $35M Funding Round,GOOGL,https://www.benzinga.com/markets/cryptocurrency/18/11/12604408/ethos-aims-to-improve-life-insurance-with-35m-funding-round,Hannah Genig,,,,,,,positive,0.8419691920280457
567946,2018-11-01 00:00:00+00:00,UPDATE: Google CEO Sundar Pichai Will Be Appearing At The Dealbook Conference Today at 3:40pm ET,GOOGL,https://www.benzinga.com/news/18/11/12613098/update-google-ceo-sundar-pichai-will-be-appearing-at-the-dealbook-conference-tod,Benzinga Newsdesk,,,,,,,neutral,0.947223663330078
567947,2018-11-01 00:00:00+00:00,Google Employees Currently Staging Walk Out In Protest Of Allegedly Lenient Corporate Response To Allegations Of Sexual Misconduct By Executives,GOOGL,https://www.benzinga.com/news/18/11/12613053/google-employees-currently-staging-walk-out-in-protest-of-allegedly-lenient-corp,Benzinga Newsdesk,,,,,,,negative,0.9369863271713256
567948,2018-11-01 00:00:00+00:00,Spotify Reports Partnership With Google For Spotify To Offer Google Home Mini Speakers To Family Plan Master Account Holders In US During Holiday Season,GOOGL,https://www.benzinga.com/news/18/11/12609247/spotify-reports-partnership-with-google-for-spotify-to-offer-google-home-mini-sp,Benzinga Newsdesk,,,,,,,positive,0.8648724555969238
567949,2018-10-31 00:00:00+00:00,Trick-Or-Treating With GM: Big Earnings Beat Could Help Provide A Halloween Lift,GOOGL,https://www.benzinga.com/news/earnings/18/10/12601995/trick-or-treating-with-gm-big-earnings-beat-could-help-provide-a-hallow,JJ Kinahan,,,,,,,positive,0.9203211665153505
567950,2018-10-31 00:00:00+00:00,iRobot And Google Collaborate To Develop Smart Home,GOOGL,https://www.benzinga.com/news/18/10/12601299/irobot-and-google-collaborate-to-develop-smart-home,Benzinga Newsdesk,,,,,,,positive,0.7352098822593689
567951,2018-10-30 00:00:00+00:00,"'Red Hat gave Google and other buyers a chance to bid before IBM's $34 billion offer, sources say' -CNBC",GOOGL,https://www.benzinga.com/news/18/10/12592663/red-hat-gave-google-and-other-buyers-a-chance-to-bid-before-ibms-34-billion-offe,Benzinga Newsdesk,,,,,,,neutral,0.5530052781105042
567952,2018-10-30 00:00:00+00:00,Volkswagen CFO Says in Talks with Relevant Players in Autonomous Driving; Sees Google's Waymo as Leader,GOOGL,https://www.benzinga.com/news/18/10/12588991/volkswagen-cfo-says-in-talks-with-relevant-players-in-autonomous-driving-sees-go,Charles Gross,,,,,,,neutral,0.7909513115882874
567953,2018-10-29 00:00:00+00:00,"CNBC Tweet: Red Hat gave Google and other buyers a chance to bid before IBM's $34 billion offer, sources say",GOOGL,https://www.benzinga.com/news/18/10/12588110/cnbc-tweet-red-hat-gave-google-and-other-buyers-a-chance-to-bid-before-ibms-34-b,Charles Gross,,,,,,,positive,0.7935845851898193
567954,2018-10-29 00:00:00+00:00,"Correction And Bounce: SPX Off 10% From Highs Intraday As Weak Earnings, Outlooks Crush Stocks",GOOGL,https://www.benzinga.com/news/earnings/18/10/12583414/correction-and-bounce-spx-off-10-from-highs-intraday-as-weak-earnings-o,JJ Kinahan,,,,,,,negative,0.9734519124031068
567955,2018-10-29 00:00:00+00:00,"IBM To Buy Red Hat In $34B Deal, IT Stocks Surge",GOOGL,https://www.benzinga.com/news/18/10/12581762/ibm-to-buy-red-hat-in-34b-deal-it-stocks-surge,Elizabeth Balboa,,,,,,,neutral,0.8804112672805786
567956,2018-10-28 00:00:00+00:00,"Barron's Picks And Pans: Bank Of America, Caterpillar, Sensata And More",GOOGL,https://www.benzinga.com/media/18/10/12579677/barrons-picks-and-pans-bank-of-america-caterpillar-sensata-and-more,Nelson Hem,,,,,,,neutral,0.9442014694213868
567957,2018-10-26 00:00:00+00:00,Twitter Flies After Q3 Earnings; Analysts Weigh In On What To Do With The Stock,GOOGL,https://www.benzinga.com/analyst-ratings/analyst-color/18/10/12576937/twitter-flies-after-q3-earnings-analysts-weigh-in-on-wh,Jayson Derrick,,,,,,,negative,0.8426427245140076
567958,2018-10-26 00:00:00+00:00,The Street Debates Alphabet's Q3: Buy The Dip Or Sell Into Weakness?,GOOGL,https://www.benzinga.com/analyst-ratings/analyst-color/18/10/12576007/the-street-debates-alphabets-q3-buy-the-dip-or-sell-int,Jayson Derrick,,,,,,,neutral,0.6445075869560242
567959,2018-10-26 00:00:00+00:00,Gene Munster's 6 Takeaways From Alphabet's Q3,GOOGL,https://www.benzinga.com/analyst-ratings/analyst-color/18/10/12576161/gene-munsters-6-takeaways-from-alphabets-q3,Jayson Derrick,,,,,,,neutral,0.8895472288131714
567960,2018-10-26 00:00:00+00:00,"Bank of America Maintains Buy on Alphabet, Lowers Price Target to $1,390",GOOGL,https://www.benzinga.com/news/18/10/12575455/bank-of-america-maintains-buy-on-alphabet-lowers-price-target-to-1-390,Vick Meyer,,,,,,,neutral,0.7390148639678955
567961,2018-10-26 00:00:00+00:00,"Benzinga Pro's Top 10 Most-Searched Tickers For Morning Of Fri., Oct. 26, 2018",GOOGL,https://www.benzinga.com/news/18/10/12575352/benzinga-pros-top-10-most-searched-tickers-for-morning-of-fri-oct-26-2018,Benzinga Newsdesk,,,,,,,neutral,0.9346358180046082
567962,2018-10-26 00:00:00+00:00,"Barclays Maintains Overweight on Alphabet, Lowers Price Target to $1.4K",GOOGL,https://www.benzinga.com/news/18/10/12575127/barclays-maintains-overweight-on-alphabet-lowers-price-target-to-1-4k,Vick Meyer,,,,,,,negative,0.5310319066047668
567963,2018-10-26 00:00:00+00:00,"Stock Rally Looks Poised To Falter After Amazon, Alphabet Results Disappoint",GOOGL,https://www.benzinga.com/news/earnings/18/10/12575119/stock-rally-looks-poised-to-falter-after-amazon-alphabet-results-disapp,JJ Kinahan,,,,,,,negative,0.9618217349052428
567964,2018-10-26 00:00:00+00:00,"Canaccord Genuity Maintains Hold on Alphabet, Lowers Price Target to $1.14K",GOOGL,https://www.benzinga.com/news/18/10/12575091/canaccord-genuity-maintains-hold-on-alphabet-lowers-price-target-to-1-14k,Vick Meyer,,,,,,,negative,0.5879034996032715
567965,2018-10-26 00:00:00+00:00,Alphabet shares are trading lower after Q3 sales of $33.74B missed the $34.03B analyst estimate.,GOOGL,https://www.benzinga.com/markets/wiim/18/10/12574504/alphabet-shares-are-trading-lower-after-q3-sales-of-33-74b-missed-the-34,lbjacobi,,,,,,,negative,0.9750809669494628
567966,2018-10-25 00:00:00+00:00,"From Alphabet Inc. Conference Call; CFO Says Waymo Has Begun Charging Riders, Testing Pricing",GOOGL,https://www.benzinga.com/news/18/10/12571948/from-alphabet-inc-conference-call-cfo-says-waymo-has-begun-charging-riders-testi,Benzinga Newsdesk,,,,,,,neutral,0.8168697953224182
567967,2018-10-25 00:00:00+00:00,"From Alphabet Inc. Conference Call; Co. Says Google Cloud To Add ING, Broadcom As Customers",GOOGL,https://www.benzinga.com/news/18/10/12571914/from-alphabet-inc-conference-call-co-says-google-cloud-to-add-ing-broadcom-as-cu,Benzinga Newsdesk,,,,,,,neutral,0.8816649317741394
567968,2018-10-25 00:00:00+00:00,"'How Google Protected Andy Rubin, the 'Father of Android'' -NY Times Earlier",GOOGL,https://www.benzinga.com/news/18/10/12571564/how-google-protected-andy-rubin-the-father-of-android-ny-times-earlier,Benzinga Newsdesk,,,,,,,neutral,0.9036539793014526
567969,2018-10-25 00:00:00+00:00,"Google Q3 EPS $13.06 Beats $10.46 Estimate, Sales $33.74B Miss $34.03B Estimate",GOOGL,https://www.benzinga.com/news/earnings/18/10/12570116/google-q3-eps-13-06-beats-10-46-estimate-sales-33-74b-miss-34-03b-estim,Benzinga Newsdesk,,,,,,,neutral,0.6996025443077087
567970,2018-10-25 00:00:00+00:00,Alphabet Inc. To Report Q3 Earnings After The Closing Bell; Co. Historically Issues Its Report At Or Before 4:05 p.m. ET,GOOGL,https://www.benzinga.com/news/earnings/18/10/12569735/alphabet-inc-to-report-q3-earnings-after-the-closing-bell-co-historical,newsdesk+benzingastaffwriter3@benzinga.com,,,,,,,neutral,0.921842873096466
567971,2018-10-25 00:00:00+00:00,"Loup Ventures Finds Phoneless Experiment Freeing, Frustrating",GOOGL,https://www.benzinga.com/analyst-ratings/analyst-color/18/10/12535611/loup-ventures-finds-phoneless-experiment-freeing-frustr,Shanthi Rexaline,,,,,,,neutral,0.8265994191169739
567972,2018-10-25 00:00:00+00:00,Alphabet Kicks Off EU Appeals Ahead Of Third Quarter Earnings,GOOGL,https://www.benzinga.com/news/earnings/18/10/12567262/alphabet-kicks-off-eu-appeals-ahead-of-third-quarter-earnings,JJ Kinahan,,,,,,,neutral,0.9086035490036012
567973,2018-10-25 00:00:00+00:00,"Snapping Back, But Can Rally Attempt Last? Strong Earnings Might Power Market",GOOGL,https://www.benzinga.com/news/earnings/18/10/12566505/snapping-back-but-can-rally-attempt-last-strong-earnings-might-power-ma,JJ Kinahan,,,,,,,positive,0.867068886756897
567974,2018-10-25 00:00:00+00:00,UPDATE: Volkswagen Said to be in Talks With Waymo About Partnering on Mobility Service in Europe,GOOGL,https://www.benzinga.com/news/18/10/12563873/update-volkswagen-said-to-be-in-talks-with-waymo-about-partnering-on-mobility-se,Charles Gross,,,,,,,positive,0.7151606678962708
567975,2018-10-25 00:00:00+00:00,"15 Stocks To Watch For October 25, 2018",GOOGL,https://www.benzinga.com/news/earnings/18/10/12563520/15-stocks-to-watch-for-october-25-2018,Lisa Levin,,,,,,,neutral,0.9015491008758544
567976,2018-10-25 00:00:00+00:00,"Earnings Scheduled For October 25, 2018",GOOGL,https://www.benzinga.com/news/earnings/18/10/12563477/earnings-scheduled-for-october-25-2018,Lisa Levin,,,,,,,neutral,0.8495751023292542
567977,2018-10-24 00:00:00+00:00,Facebook And Google Seek Assurance From UK About Impact Of Brexit Deal,GOOGL,https://www.benzinga.com/news/18/10/12562224/facebook-and-google-seek-assurance-from-uk-about-impact-of-brexit-deal,Benzinga_Newsdesk,,,,,,,positive,0.7406394481658936
567978,2018-10-24 00:00:00+00:00,"Apple's Tim Cook Takes On Silicon Valley, Bloomberg",GOOGL,https://www.benzinga.com/media/18/10/12558091/apples-tim-cook-takes-on-silicon-valley-bloomberg,Jayson Derrick,,,,,,,neutral,0.93839830160141
567979,2018-10-24 00:00:00+00:00,Two US Senate Democrats Say Google+ Data Exposures Raise 'Serious Questions' About Whether Alphabet Inc. Violated 2011 FTC Consent Decree,GOOGL,https://www.benzinga.com/news/18/10/12557620/two-us-senate-democrats-say-google-data-exposures-raise-serious-questions-about-,Benzinga_Newsdesk,,,,,,,negative,0.8482210636138916
567980,2018-10-24 00:00:00+00:00,UPDATE: 'Google is talking with Xilinx about integrating its chips into its data center' -The Information,GOOGL,https://www.benzinga.com/news/18/10/12557547/update-google-is-talking-with-xilinx-about-integrating-its-chips-into-its-data-c,Benzinga Newsdesk,,,,,,,neutral,0.8124189376831055
567981,2018-10-24 00:00:00+00:00,"'Making it easier to control your data, directly in Google products' -Google Search Blogpost",GOOGL,https://www.benzinga.com/news/18/10/12557095/making-it-easier-to-control-your-data-directly-in-google-products-google-search-,Benzinga Newsdesk,,,,,,,neutral,0.926401674747467
567982,2018-10-23 00:00:00+00:00,Podcast: FAANG Stocks In The Spotlight As Earnings Season Trudges Along,GOOGL,https://www.benzinga.com/news/18/10/12551168/podcast-faang-stocks-in-the-spotlight-as-earnings-season-trudges-along,Zacks,,,,,,,positive,0.3970756828784942
567983,2018-10-23 00:00:00+00:00,Why It Might Be Time To Buy The Dip In Tech ETFs,GOOGL,https://www.benzinga.com/news/18/10/12551166/why-it-might-be-time-to-buy-the-dip-in-tech-etfs,Zacks,,,,,,,neutral,0.8700258135795593
567984,2018-10-23 00:00:00+00:00,Wall Street Starts The Day In Risk-off Mood As Global Sentiment Weakens,GOOGL,https://www.benzinga.com/news/earnings/18/10/12549624/wall-street-starts-the-day-in-risk-off-mood-as-global-sentiment-weakens,JJ Kinahan,,,,,,,negative,0.9563739895820618
567985,2018-10-22 00:00:00+00:00,"Benzinga's Week Ahead: Can Tech Earnings Restore The Rally? Amazon, Google To Report",GOOGL,https://www.benzinga.com/general/biotech/18/10/12541471/benzingas-week-ahead-can-tech-earnings-restore-the-rally-amazon-googl,Taylor Cox,,,,,,,neutral,0.7190001606941223
567986,2018-10-22 00:00:00+00:00,"Aptoide Says Court Has Ruled Against Google, Will Order Google To Stop Removing Aptoide's App Store From Users' Phone; Aptoide Says Will Fil Suit For Damages Against Google Next Week",GOOGL,https://www.benzinga.com/news/18/10/12542965/aptoide-says-court-has-ruled-against-google-will-order-google-to-stop-removing-a,Benzinga Newsdesk,,,,,,,negative,0.881446123123169
567987,2018-10-22 00:00:00+00:00,Upcoming Earnings: Telecom Giants Verizon And AT&T Report This Week,GOOGL,https://www.benzinga.com/news/earnings/18/10/12542760/upcoming-earnings-telecom-giants-verizon-and-at-t-report-this-week,JJ Kinahan,,,,,,,neutral,0.8240050077438354
567988,2018-10-22 00:00:00+00:00,"Tug-of-War: Volatile October Continues As Bulls, Bears Duke It Out",GOOGL,https://www.benzinga.com/news/earnings/18/10/12541609/tug-of-war-volatile-october-continues-as-bulls-bears-duke-it-out,JJ Kinahan,,,,,,,neutral,0.6137034296989441
567989,2018-10-19 00:00:00+00:00,From Earlier: 'Google app suite costs as much as $40 per phone under new EU Android deal' -The Verge,GOOGL,https://www.benzinga.com/news/18/10/12535212/google-app-suite-costs-as-much-as-40-per-phone-under-new-eu-android-deal,Benzinga_Newsdesk,,,,,,,neutral,0.8098587989807129
567990,2018-10-19 00:00:00+00:00,"'Broadcasters such as Gannett spinoff company Tegna, Sinclair Broadcasting, Tribune and the station division of Disney's ABC are now creating shows specifically for Facebook and YouTube' -The Information",GOOGL,https://www.benzinga.com/news/18/10/12534681/broadcasters-such-as-gannett-spinoff-company-tegna-sinclair-broadcasting-tribune,Benzinga Newsdesk,,,,,,,neutral,0.9230725169181824
567991,2018-10-18 00:00:00+00:00,Wedbush's 7 Reasons To Like Alphabet,GOOGL,https://www.benzinga.com/analyst-ratings/analyst-color/18/10/12528160/wedbushs-7-reasons-to-like-alphabet,Jayson Derrick,,,,,,,neutral,0.9197840690612792
567992,2018-10-18 00:00:00+00:00,"As Pentagon Cloud Computing Bid Deadline Nears, Google Drops Out, IBM Protests",GOOGL,https://www.benzinga.com/government/18/10/12492840/as-pentagon-cloud-computing-bid-deadline-nears-google-drops-out-ibm-protes,Hannah Genig,,,,,,,negative,0.7605275511741638
567993,2018-10-18 00:00:00+00:00,The 'Fab 5' Stocks — And Why They're So Important To The Rally,GOOGL,https://www.benzinga.com/analyst-ratings/analyst-color/18/10/12527488/the-fab-5-stocks-and-why-theyre-so-important-to-the-ral,Jayson Derrick,,,,,,,neutral,0.8896394371986389
567994,2018-10-18 00:00:00+00:00,"Benzinga's Top Upgrades, Downgrades For October 18, 2018",GOOGL,https://www.benzinga.com/analyst-ratings/upgrades/18/10/12527489/benzingas-top-upgrades-downgrades-for-october-18-2018,Lisa Levin,,,,,,,negative,0.6225746273994446
567995,2018-10-18 00:00:00+00:00,"Wedbush Initiates Coverage On Alphabet with Outperform Rating, Announces $1.35K Price Target",GOOGL,https://www.benzinga.com/news/18/10/12525959/wedbush-initiates-coverage-on-alphabet-with-outperform-rating-announces-1-35k-pr,Vick Meyer,,,,,,,positive,0.5422711968421936
567996,2018-10-18 00:00:00+00:00,'China's JD Will Launch Flagship U.S. Store on Google This Year' -Bloomberg,GOOGL,https://www.benzinga.com/news/18/10/12525851/chinas-jd-will-launch-flagship-u-s-store-on-google-this-year-bloomberg,Benzinga Newsdesk,,,,,,,neutral,0.7441909909248352
567997,2018-10-17 00:00:00+00:00,10 Companies Distancing Themselves From Saudi Arabia,GOOGL,https://www.benzinga.com/news/18/10/12515261/10-companies-distancing-themselves-from-saudi-arabia,Tyree Gorges,,,,,,,neutral,0.6968303918838501
567998,2018-10-16 00:00:00+00:00,YouTube Was Down For Many Users Tuesday Night,GOOGL,https://www.benzinga.com/news/18/10/12517568/youtube-down-for-many-users-teamyoutube-says-working-on-resolving,Luke Jacobi,,,,,,,negative,0.9620504975318908
567999,2018-10-16 00:00:00+00:00,YouTube Is Down For Some Users,GOOGL,https://www.benzinga.com/news/18/10/12517539/youtube-is-down-for-some-users,Benzinga Newsdesk,,,,,,,negative,0.9501989483833312
568000,2018-10-16 00:00:00+00:00,"Facebook Shares Up 0.8% After Hours Following Netflix Earnings, Subsequent Move Higher In NFLX; Amazon Up 1%, Apple Up 0.4%, Google Shares Unchanged",GOOGL,https://www.benzinga.com/news/earnings/18/10/12516317/facebook-shares-up-0-8-after-hours-following-netflix-earnings-subsequen,Benzinga Newsdesk,,,,,,,positive,0.8975929021835327
568001,2018-10-16 00:00:00+00:00,"Google Says It Will Charge Smartphone Makers Licensing Fees For Google Play, Gmail, YouTube And Other Apps In Europe; Says Licensing Fees Will Offset Revenue Lost As A Result Of Its Compliance Efforts With EU Antitrust Order",GOOGL,https://www.benzinga.com/news/18/10/12514752/google-says-it-will-charge-smartphone-makers-licensing-fees-for-google-play-gmai,Benzinga_Newsdesk,,,,,,,positive,0.5905125737190247
568002,2018-10-15 00:00:00+00:00,FANG Weakness Drags New Communication Services ETFs,GOOGL,https://www.benzinga.com/news/18/10/12502959/fang-weakness-drags-new-communication-services-etfs,ETF Professor,,,,,,,negative,0.9603885412216188
568003,2018-10-12 00:00:00+00:00,Hearing Alphabet CEO Tell Senators That Censored Chinese Search Engine Could Provide 'Broad Benefits',GOOGL,https://www.benzinga.com/news/18/10/12500703/hearing-alphabet-ceo-tell-senators-that-censored-chinese-search-engine-could-pro,Benzinga_Newsdesk,,,,,,,positive,0.8693038821220398
568004,2018-10-12 00:00:00+00:00,"Shares of tech stocks moving higher as market rebounds from mid-week lows, strength could be related to rotation back into growth names; Netflix up 5.3%, NVIDIA up 5.8%, Salesforce Up 5.1%, PayPal Up 4.4%, Apple up 3.2%, VMWare up 3.0%.",GOOGL,https://www.benzinga.com/markets/wiim/18/10/12499533/shares-of-tech-stocks-moving-higher-as-market-rebounds-from-mid-week-low,Benzinga_Newsdesk,,,,,,,positive,0.945903182029724
568005,2018-10-12 00:00:00+00:00,Positive Vibes: Bank Results Shift Focus Back To Earnings as Overseas Stocks Rise,GOOGL,https://www.benzinga.com/news/earnings/18/10/12499138/positive-vibes-bank-results-shift-focus-back-to-earnings-as-overseas-st,JJ Kinahan,,,,,,,positive,0.7476422786712646
568006,2018-10-12 00:00:00+00:00,"Orange, Google Collaborate on New Submarine Cable Across the Atlantic Ocean",GOOGL,https://www.benzinga.com/news/18/10/12497793/orange-google-collaborate-on-new-submarine-cable-across-the-atlantic-ocean,Charles Gross,,,,,,,positive,0.5691757798194885
568007,2018-10-11 00:00:00+00:00,Huawei Technologies And Samsung Electronics Say Demand For Smartphones Look Sluggish Going Into Christmas Season,GOOGL,https://www.benzinga.com/tech/18/10/12495214/huawei-technologies-and-samsung-electronics-say-demand-for-smartphones-look-slug,Benzinga_Newsdesk,,,,,,,negative,0.9569531083106996
568008,2018-10-11 00:00:00+00:00,Infographic: Google Diversifies With Growing Non-Ad Revenue,GOOGL,https://www.benzinga.com/general/education/18/10/12493598/infographic-google-diversifies-with-growing-non-ad-revenue,Shanthi Rexaline,,,,,,,positive,0.9303411245346068
568009,2018-10-11 00:00:00+00:00,"After Wednesday Wash-Out, Comeback Might Be In Store As Rates Ease, Data Support",GOOGL,https://www.benzinga.com/news/earnings/18/10/12492727/after-wednesday-wash-out-comeback-might-be-in-store-as-rates-ease-data-,JJ Kinahan,,,,,,,positive,0.4993053078651428
568010,2018-10-10 00:00:00+00:00,Cannabis Production Consumes Less Energy Than McDonald's,GOOGL,https://www.benzinga.com/markets/cannabis/18/10/12472457/cannabis-production-consumes-less-energy-than-mcdonalds,New Frontier Data,,,,,,,neutral,0.9232353568077089
568011,2018-10-10 00:00:00+00:00,On The Rate Watch: Yields Still Driving Action As Inflation Data Roll In,GOOGL,https://www.benzinga.com/news/18/10/12484586/on-the-rate-watch-yields-still-driving-action-as-inflation-data-roll-in,JJ Kinahan,,,,,,,positive,0.4180015921592712
568012,2018-10-09 00:00:00+00:00,Google Says Has Filed Appeal In EU Court Against EU Antitrust Fine In Android Case,GOOGL,https://www.benzinga.com/news/18/10/12479341/google-says-has-filed-appeal-in-eu-court-against-eu-antitrust-fine-in-android-ca,Benzinga_Newsdesk,,,,,,,negative,0.783437967300415
568013,2018-10-09 00:00:00+00:00,"DA Davidson Out Bullish On Yext, Trade Desk",GOOGL,https://www.benzinga.com/analyst-ratings/analyst-color/18/10/12477342/da-davidson-out-bullish-on-yext-trade-desk,Shanthi Rexaline,,,,,,,neutral,0.824312686920166
568014,2018-10-09 00:00:00+00:00,From Google Product Launch Event: Unveils Pixel 3 Smartphone; BZ NOTE: The Launch/Unveiling Of Pixel 3 Was Something Investors Knew Would Happen Tues.,GOOGL,https://www.benzinga.com/news/18/10/12478214/from-google-product-launch-event-unveils-pixel-3-smartphone-bz-note-the-launchun,Benzinga Newsdesk,,,,,,,neutral,0.8830577731132507
568015,2018-10-09 00:00:00+00:00,"Investors Seem To Be Fretting About Rising Yields, Global Economic Growth",GOOGL,https://www.benzinga.com/news/18/10/12477645/investors-seem-to-be-fretting-about-rising-yields-global-economic-growth,JJ Kinahan,,,,,,,negative,0.7435119152069092
568016,2018-10-09 00:00:00+00:00,REMINDER: Made By Google Pixel Phone Launch Event Today at 11am ET,GOOGL,https://www.benzinga.com/news/18/10/12475357/reminder-made-by-google-pixel-phone-launch-event-today-at-11am-et,Hal Lindon,,,,,,,neutral,0.948141634464264
568017,2018-10-08 00:00:00+00:00,Google Won't Pursue Pentagon Cloud Contract,GOOGL,https://www.benzinga.com/news/18/10/12473500/google-wont-pursue-pentagon-cloud-contract,Benzinga_Newsdesk,,,,,,,neutral,0.937245547771454
568018,2018-10-08 00:00:00+00:00,"Google's Hardware Event: What To Look For, How To Watch",GOOGL,https://www.benzinga.com/news/18/10/12472311/googles-hardware-event-what-to-look-for-how-to-watch,Jayson Derrick,,,,,,,neutral,0.945537805557251
568019,2018-10-08 00:00:00+00:00,"'Some advertisers are moving half of their search budget from Google to Amazon, say ad industry sources' -CNBC, Citing Sources",GOOGL,https://www.benzinga.com/news/18/10/12473078/some-advertisers-are-moving-half-of-their-search-budget-from-google-to-amazon-sa,Benzinga_Newsdesk,,,,,,,neutral,0.8218719959259033
568020,2018-10-08 00:00:00+00:00,Report: Google Tried To Cover Up A Data Breach,GOOGL,https://www.benzinga.com/news/18/10/12472900/report-google-tried-to-cover-up-a-data-breach,Hannah Genig,,,,,,,negative,0.9212542772293092
568021,2018-10-08 00:00:00+00:00,"Google Says Shutting Down Google+ For Consumers, Says Launching More Granular Google Account Permission That Will Show In Individual Dialog Boxes",GOOGL,https://www.benzinga.com/news/18/10/12472765/google-says-shutting-down-google-for-consumers-says-launching-more-granular-goog,Benzinga_Newsdesk,,,,,,,neutral,0.8187162280082703
568022,2018-10-08 00:00:00+00:00,"'Project Strobe: Protecting your data, improving our third-party APIs, and sunsetting consumer Google+' -Google Blog Post",GOOGL,https://www.benzinga.com/news/18/10/12472749/project-strobe-protecting-your-data-improving-our-third-party-apis-and-sunsettin,Benzinga Newsdesk,,,,,,,positive,0.5275073647499084
568023,2018-10-08 00:00:00+00:00,"'Google Exposed User Data, Feared Repercussions of Disclosing to Public' -WSJ",GOOGL,https://www.benzinga.com/news/18/10/12472660/google-exposed-user-data-feared-repercussions-of-disclosing-to-public-wsj,Benzinga_Newsdesk,,,,,,,neutral,0.4857537746429443
568024,2018-10-08 00:00:00+00:00,Google Exposed Private Data Of At Least Hundreds Of Thousands Of Google+ Users To Potential Misuse; Google+ Social Network Users Were Exposed To Software Glitch Between 2015 And March 2018,GOOGL,https://www.benzinga.com/news/18/10/12472652/google-exposed-private-data-of-at-least-hundreds-of-thousands-of-google-users-to,Benzinga_Newsdesk,,,,,,,negative,0.9513059258461
568025,2018-10-08 00:00:00+00:00,What's Next For FANG Stocks After Recent Weakness?,GOOGL,https://www.benzinga.com/analyst-ratings/analyst-color/18/10/12471439/whats-next-for-fang-stocks-after-recent-weakness,Jayson Derrick,,,,,,,negative,0.6114108562469482
568026,2018-10-08 00:00:00+00:00,"The Week Ahead: Google Unveils New Pixel Phones, Big Bank Earnings Begin",GOOGL,https://www.benzinga.com/general/biotech/18/10/12471683/the-week-ahead-google-unveils-new-pixel-phones-big-bank-earnings-begi,Taylor Cox,,,,,,,neutral,0.7000001072883606
568027,2018-10-08 00:00:00+00:00,UK Court Blocked Attempt to Bring Legal Action against Google over iPhone Data Collection Claims,GOOGL,https://www.benzinga.com/news/18/10/12470266/uk-court-blocked-attempt-to-bring-legal-action-against-google-over-iphone-data-c,Charles Gross,,,,,,,negative,0.9050888419151306
568028,2018-10-05 00:00:00+00:00,Elastic's IPO: What You Need To Know,GOOGL,https://www.benzinga.com/news/18/10/12316068/elastics-ipo-what-you-need-to-know,Hannah Genig,,,,,,,neutral,0.9400917887687684
568029,2018-10-04 00:00:00+00:00,Kabbage Co-Founder On Lending $1B While The Banks Were Closed: Expectations With Financial Services Is Changing,GOOGL,https://www.benzinga.com/fintech/18/10/12453469/kabbage-co-founder-on-lending-1b-while-the-banks-were-closed-expectations-wit,Spencer White,,,,,,,neutral,0.5622894763946533
568030,2018-10-04 00:00:00+00:00,DoJ Could Investigate Google over Android OS,GOOGL,https://www.benzinga.com/news/18/10/12456103/doj-could-investigate-google-over-android-os,Charles Gross,,,,,,,neutral,0.7333823442459106
568031,2018-10-03 00:00:00+00:00,"Alphabet, GM, Xilinx And A Retail ETF: 'Fast Money' Picks For October 3",GOOGL,https://www.benzinga.com/media/18/10/12447590/alphabet-gm-xilinx-and-a-retail-etf-fast-money-picks-for-october-3,Craig Jones,,,,,,,neutral,0.8844911456108093
568032,2018-10-02 00:00:00+00:00,"Google To Begin Beta Testing Of Project Stream, Starting With 'Assassin's Creed Odyssey'",GOOGL,https://www.benzinga.com/analyst-ratings/analyst-color/18/10/12443409/google-to-begin-beta-testing-of-project-stream-starting,Wayne Duggan,,,,,,,neutral,0.8245444893836975
568033,2018-10-02 00:00:00+00:00,"Customer Service Automation Startup, Onward, Says Google Has Bought Co., Terms Not Disclosed",GOOGL,https://www.benzinga.com/news/18/10/12443607/customer-service-automation-startup-onward-says-google-has-bought-co-terms-not-d,Benzinga_Newsdesk,,,,,,,neutral,0.9534429907798768
568034,2018-10-02 00:00:00+00:00,"White House Advisor Says White House Will Likely Host Tech Meeting In Oct.; Google CEO, Representatives From Other Big Internet, Social Media Cos. Will Be Attending",GOOGL,https://www.benzinga.com/news/18/10/12441658/white-house-advisor-says-white-house-will-likely-host-tech-meeting-in-oct-google,Benzinga Newsdesk,,,,,,,neutral,0.9442030787467957
568035,2018-10-01 00:00:00+00:00,"Censorship, Regulation 'Pretty Big Concerns' For Alphabet, Says WSJ Reporter",GOOGL,https://www.benzinga.com/media/18/10/12434162/censorship-regulation-pretty-big-concerns-for-alphabet-says-wsj-reporter,Jayson Derrick,,,,,,,neutral,0.876607358455658
568036,2018-10-01 00:00:00+00:00,YouTube to Announce New Tools to Collect Data for Advertisers,GOOGL,https://www.benzinga.com/news/18/10/12430385/youtube-to-announce-new-tools-to-collect-data-for-advertisers,Charles Gross,,,,,,,neutral,0.7774609923362732
568037,2018-09-28 00:00:00+00:00,"This Week In Cryptocurrency: Google Lifts Ad Ban, Bitcoin Cash Soars",GOOGL,https://www.benzinga.com/markets/cryptocurrency/18/09/12427425/this-week-in-cryptocurrency-google-lifts-ad-ban-bitcoin-cash-s,Wayne Duggan,,,,,,,negative,0.5085495114326477
568038,2018-09-28 00:00:00+00:00,Google CEO Sundar Pichai Will Testify At US House Hearing In November,GOOGL,https://www.benzinga.com/news/18/09/12425805/google-ceo-sundar-pichai-will-testify-at-us-house-hearing-in-november,Benzinga_Newsdesk,,,,,,,neutral,0.9307202100753784
568039,2018-09-28 00:00:00+00:00,"As Wall Street Awaits Main Earnings Season, Trade, Tesla Appear To Be In Focus",GOOGL,https://www.benzinga.com/news/18/09/12425086/as-wall-street-awaits-main-earnings-season-trade-tesla-appear-to-be-in-focus,JJ Kinahan,,,,,,,neutral,0.7800674438476562
568040,2018-09-27 00:00:00+00:00,Google CEO Sundar Pichai To Meet With NEC Director Larry Kudlow Friday,GOOGL,https://www.benzinga.com/news/18/09/12420651/google-ceo-sundar-pichai-to-meet-with-nec-director-larry-kudlow-friday,Benzinga Newsdesk,,,,,,,neutral,0.9257023334503174
568041,2018-09-26 00:00:00+00:00,Crypto Climb: Why XRP Is Soaring Today,GOOGL,https://www.benzinga.com/markets/cryptocurrency/18/09/12411880/crypto-climb-why-xrp-is-soaring-today,Wayne Duggan,,,,,,,neutral,0.5420990586280823
568042,2018-09-26 00:00:00+00:00,From WW To Dunkin': A Look At Some Of The Biggest Corporate Name Changes,GOOGL,https://www.benzinga.com/general/education/18/09/12406323/from-ww-to-dunkin-a-look-at-some-of-the-biggest-corporate-name-chan,Hannah Genig,,,,,,,neutral,0.9365190267562866
568043,2018-09-26 00:00:00+00:00,"Salesforce CEO Marc Benioff Talks Apple, Amazon And Alphabet",GOOGL,https://www.benzinga.com/tech/18/09/12409424/salesforce-ceo-marc-benioff-talks-apple-amazon-and-alphabet,Jayson Derrick,,,,,,,neutral,0.9293052554130554
568044,2018-09-26 00:00:00+00:00,Why This Popular Equal-Weight ETF Could Outperform,GOOGL,https://www.benzinga.com/trading-ideas/long-ideas/18/09/12406366/why-this-popular-equal-weight-etf-could-outperform,ETF Professor,,,,,,,neutral,0.7458940744400024
568045,2018-09-26 00:00:00+00:00,Tech Companies Agreed To Voluntary Code Of Practice To Tackle Fake News; European Commission Says It Will Pay Attention To Effective Implementation Of Code,GOOGL,https://www.benzinga.com/news/18/09/12408449/tech-companies-agreed-to-voluntary-code-of-practice-to-tackle-fake-news-european,Benzinga_Newsdesk,,,,,,,positive,0.6686009764671326
568046,2018-09-25 00:00:00+00:00,10 Years Of Android: How The Operating System Reached 86% Market Share,GOOGL,https://www.benzinga.com/news/18/09/12404475/10-years-of-android-how-the-operating-system-reached-86-market-share,Shanthi Rexaline,,,,,,,neutral,0.7909020781517029
568047,2018-09-25 00:00:00+00:00,Waymo's Path To $50B In Annual Revenue,GOOGL,https://www.benzinga.com/analyst-ratings/analyst-color/18/09/12397835/waymos-path-to-50b-in-annual-revenue,Wayne Duggan,,,,,,,positive,0.8709204196929932
568048,2018-09-25 00:00:00+00:00,Nomura's Case For Adding Square To The FANG Trade,GOOGL,https://www.benzinga.com/analyst-ratings/analyst-color/18/09/12404093/nomuras-case-for-adding-square-to-the-fang-trade,Wayne Duggan,,,,,,,neutral,0.6604916453361511
568049,2018-09-25 00:00:00+00:00,"Google Says Ads Policy On Financial Products, Services To Be Updated In Oct To Allow Regulated Cryptocurrenty Exchanges To Advertise In US, Japan",GOOGL,https://www.benzinga.com/markets/cryptocurrency/18/09/12404575/google-says-ads-policy-on-financial-products-services-to-be-up,Benzinga_Newsdesk,,,,,,,neutral,0.8420171141624451
568050,2018-09-25 00:00:00+00:00,Google Ends Cryptocurrency Ad Ban,GOOGL,https://www.benzinga.com/markets/cryptocurrency/18/09/12404121/google-ends-cryptocurrency-ad-ban,Benzinga Newsdesk,,,,,,,neutral,0.7028058171272278
568051,2018-09-25 00:00:00+00:00,Having Some Ups And Downs: Market See-Saw Ride Seen Likely To Continue,GOOGL,https://www.benzinga.com/news/earnings/18/09/12403765/having-some-ups-and-downs-market-see-saw-ride-seen-likely-to-continue,JJ Kinahan,,,,,,,positive,0.5958195924758911
568052,2018-09-24 00:00:00+00:00,"Google Names Privacy Lawyer, Keith Enright, as its Chief Privacy Officer",GOOGL,https://www.benzinga.com/news/18/09/12399528/google-names-privacy-lawyer-keith-enright-as-its-chief-privacy-officer,Charles Gross,,,,,,,neutral,0.9374367594718932
568053,2018-09-24 00:00:00+00:00,Google Home Is Gaining Ground On Amazon Echo,GOOGL,https://www.benzinga.com/analyst-ratings/analyst-color/18/09/12357324/google-home-is-gaining-ground-on-amazon-echo,Wayne Duggan,,,,,,,positive,0.8195487856864929
568054,2018-09-24 00:00:00+00:00,"Antitrust Investigation Of Big Tech Ordered By Trump Would 'Act As A Cover' For Election Loss, Says Height Capital Markets",GOOGL,https://www.benzinga.com/analyst-ratings/analyst-color/18/09/12396822/antitrust-investigation-of-big-tech-ordered-by-trump-wo,Wayne Duggan,,,,,,,neutral,0.8324512839317322
568055,2018-09-24 00:00:00+00:00,Google Says Users Can Book Attractions and Activities From Search and Maps in a Blog Post,GOOGL,https://www.benzinga.com/news/18/09/12396925/google-says-users-can-book-attractions-and-activities-from-search-and-maps-in-a-,Benzinga Newsdesk,,,,,,,neutral,0.938969612121582
568056,2018-09-21 00:00:00+00:00,"'Infosys Partners With Google Cloud To Develop ""Data Native Intelligent Enterprise""'-The Times Of India Reports",GOOGL,https://www.benzinga.com/news/18/09/12390733/infosys-partners-with-google-cloud-to-develop-data-native-intelligent-enterprise,Benzinga_Newsdesk,,,,,,,positive,0.514566957950592
568057,2018-09-21 00:00:00+00:00,"From Facebook To Netflix: The S&P's Big Sector Shakeup, Explained",GOOGL,https://www.benzinga.com/news/18/09/12389592/from-facebook-to-netflix-the-s-ps-big-sector-shakeup-explained,Shanthi Rexaline,,,,,,,neutral,0.8929110169410706
568058,2018-09-20 00:00:00+00:00,These 2 Problems Are Holding The AI Industry Back,GOOGL,https://www.benzinga.com/fintech/18/09/12385874/these-2-problems-are-holding-the-ai-industry-back,Luis Aureliano,,,,,,,negative,0.8799214363098145
568059,2018-09-20 00:00:00+00:00,WSJ Reports Google Says It Continues To Allow Apps To Scan Data From Gmail Accounts,GOOGL,https://www.benzinga.com/news/18/09/12384486/wsj-reports-google-says-it-continues-to-allow-apps-to-scan-data-from-gmail-accou,Benzinga_Newsdesk,,,,,,,neutral,0.7147478461265564
568060,2018-09-19 00:00:00+00:00,"Stock Market Appears To Focus On US-China Tariff News As US, Canada Continue Talks",GOOGL,https://www.benzinga.com/news/18/09/12377070/stock-market-appears-to-focus-on-us-china-tariff-news-as-us-canada-continue-talk,JJ Kinahan,,,,,,,neutral,0.79085773229599
568061,2018-09-18 00:00:00+00:00,Needham: Google Private Cloud Reports Create Nutanix Buying Opportunity,GOOGL,https://www.benzinga.com/analyst-ratings/analyst-color/18/09/12370506/needham-google-private-cloud-reports-create-nutanix-buy,Wayne Duggan,,,,,,,neutral,0.8749504089355469
568062,2018-09-18 00:00:00+00:00,"Nutanix Shares Up 6%; Traders Attributing To Report 'Google 'Won't Compete With Partners' By Building Private Cloud Offering, Company Says'",GOOGL,https://www.benzinga.com/news/18/09/12369238/nutanix-shares-up-6-traders-attributing-to-report-google-wont-compete-with-partn,Benzinga Newsdesk,,,,,,,positive,0.946358859539032
568063,2018-09-14 00:00:00+00:00,Apple Launches New iPhones As Smartphone Battle Continues,GOOGL,https://www.benzinga.com/news/18/09/12357862/apple-launches-new-iphones-as-smartphone-battle-continues,TD Ameritrade,,,,,,,neutral,0.6359459757804871
568064,2018-09-13 00:00:00+00:00,Bipartisan Group Of US House Members In Letter Question Alphabet's Google About Whether It Will Re-Enter Chinese Market; House Members Tell Co. They Have 'Serious Concerns' About Whether It Would Comply With Chinese Censorship Rules,GOOGL,https://www.benzinga.com/news/18/09/12352147/bipartisan-group-of-us-house-members-in-letter-question-alphabets-google-about-w,Benzinga_Newsdesk,,,,,,,negative,0.7938783168792725
568065,2018-09-12 00:00:00+00:00,"Detroit Startup StockX, In 'Hypergrowth' Phase, Closes On Record $44M Series B Funding Round",GOOGL,https://www.benzinga.com/news/18/09/12346322/detroit-startup-stockx-in-hypergrowth-phase-closes-on-record-44m-series-b-fundin,Hannah Genig,,,,,,,positive,0.6577140688896179
568066,2018-09-12 00:00:00+00:00,The Communication Services Sector Is Almost Here,GOOGL,https://www.benzinga.com/analyst-ratings/analyst-color/18/09/12339312/the-communication-services-sector-is-almost-here,ETF Professor,,,,,,,neutral,0.7594410181045532
568067,2018-09-12 00:00:00+00:00,"Market Appears To Be in Wait-and-See Mode Ahead of Apple, Central Bank Events",GOOGL,https://www.benzinga.com/news/18/09/12343032/market-appears-to-be-in-wait-and-see-mode-ahead-of-apple-central-bank-events,JJ Kinahan,,,,,,,neutral,0.9245843887329102
568068,2018-09-12 00:00:00+00:00,"U.S. Senate Commerce Committee To Hold Hearing On Consumer Data Privacy On Sept. 26th, Say Invited Witnesses Include Reps From AT&T, Twitter, Google, Amazon, Apple, And Charter Communications",GOOGL,https://www.benzinga.com/news/18/09/12342498/u-s-senate-commerce-committee-to-hold-hearing-on-consumer-data-privacy-on-sept-2,Benzinga_Newsdesk,,,,,,,neutral,0.9179165363311768
568069,2018-09-11 00:00:00+00:00,Google Ready to Comply With Reserve Bank of India Norms for Payment Services,GOOGL,https://www.benzinga.com/news/18/09/12333837/google-ready-to-comply-with-reserve-bank-of-india-norms-for-payment-services,Charles Gross,,,,,,,neutral,0.691973865032196
568070,2018-09-06 00:00:00+00:00,Google Could Reportedly Unveil Pixel 3 And Pixel 3 XL At 'Made By Google' Event In NYC On Oct. 9,GOOGL,https://www.benzinga.com/news/18/09/12319044/google-could-reportedly-unveil-pixel-3-and-pixel-3-xl-at-made-by-google-event-in,Benzinga_Newsdesk,,,,,,,neutral,0.920505702495575
568071,2018-09-06 00:00:00+00:00,"Major tech and social media stocks appear to be modestly rebounding after closing down Wednesday amid Congressional hearings with Facebook and Twitter; Netflix up 2.1%, Snap up 0.4%, Twitter up 0.4%, Facebook up 0.2%, Alphabet up 0.2%.",GOOGL,https://www.benzinga.com/trading-ideas/movers/18/09/12314351/major-tech-and-social-media-stocks-appear-to-be-modestly-rebound,Benzinga Newsdesk,,,,,,,positive,0.802585780620575
568072,2018-09-05 00:00:00+00:00,"Tech Stocks Fall Amid Twitter, Facebook Senate Testimonies",GOOGL,https://www.benzinga.com/government/18/09/12309604/tech-stocks-fall-amid-twitter-facebook-senate-testimonies,Hannah Genig,,,,,,,negative,0.9516326785087584
568073,2018-09-05 00:00:00+00:00,"U.S. Justice Dept. Says It's Probing Social Media Companies To Determine If They Hurt Competition, Intentionally Stifle Free Exchange Of Idea",GOOGL,https://www.benzinga.com/news/18/09/12308724/u-s-justice-dept-says-its-probing-social-media-companies-to-determine-if-they-hu,Benzinga_Newsdesk,,,,,,,negative,0.7173000574111938
568074,2018-09-05 00:00:00+00:00,The $1-Trillion Club: Who's Next?,GOOGL,https://www.benzinga.com/media/18/09/12306179/the-1-trillion-club-whos-next,Hannah Genig,,,,,,,neutral,0.916675329208374
568075,2018-09-05 00:00:00+00:00,"Major tech and social media stocks trading down as executives from Twitter and Facebook testify in front of US Congress; Facebook down 1.7%, Alphabet down 2.4%, Netflix down 4.3%, Snap down 4.6%, Twitter down 5.1%.",GOOGL,https://www.benzinga.com/trading-ideas/movers/18/09/12308169/major-tech-and-social-media-stocks-trading-down-as-executives-fr,Benzinga Newsdesk,,,,,,,negative,0.9656102657318116
568076,2018-09-05 00:00:00+00:00,Infographic: Google Through The Years,GOOGL,https://www.benzinga.com/tech/18/09/12307350/infographic-google-through-the-years,Hannah Genig,,,,,,,neutral,0.930593490600586
568077,2018-09-05 00:00:00+00:00,"German finance Ministry Abandons Tax Plan for Google, Amazon, Facebook, Apple",GOOGL,https://www.benzinga.com/news/18/09/12304365/german-finance-ministry-abandons-tax-plan-for-google-amazon-facebook-apple,Charles Gross,,,,,,,neutral,0.5022946000099182
568078,2018-09-04 00:00:00+00:00,Google Will Not Have an Executive Present At Wednesday's Senate Intel Committee Hearings,GOOGL,https://www.benzinga.com/government/18/09/12302718/google-will-not-have-an-executive-present-at-wednesdays-senate-intel-commi,Benzinga Newsdesk,,,,,,,neutral,0.9014634490013124
568079,2018-09-04 00:00:00+00:00,Analyst: Waymo Is Worth 10 Times Tesla's Ride-Sharing Business,GOOGL,https://www.benzinga.com/analyst-ratings/analyst-color/18/09/12300274/analyst-waymo-is-worth-10-times-teslas-ride-sharing-bus,Wayne Duggan,,,,,,,neutral,0.6775302886962891
568080,2018-09-04 00:00:00+00:00,"The Week Ahead: Mr. Dorsey Goes To Washington, Employment And Wage Data On Tap",GOOGL,https://www.benzinga.com/analyst-ratings/analyst-color/18/09/12300146/the-week-ahead-mr-dorsey-goes-to-washington-employment-,Taylor Cox,,,,,,,neutral,0.8718668222427368
568081,2018-09-04 00:00:00+00:00,Hearing Report A Russian Telecom Watchdog Has Warned Google Against Circulating Info Which Violates Russian Law On Elections -Interfax,GOOGL,https://www.benzinga.com/news/18/09/12300136/hearing-report-a-russian-telecom-watchdog-has-warned-google-against-circulating-,luke@benzinga.com,,,,,,,negative,0.624370813369751
568082,2018-09-03 00:00:00+00:00,Google Maintains Small Lead over Facebook in Competition for Digital Ad Dollars in India,GOOGL,https://www.benzinga.com/news/18/09/12296459/google-maintains-small-lead-over-facebook-in-competition-for-digital-ad-dollars-,Charles Gross,,,,,,,positive,0.5766493678092957
568083,2018-09-03 00:00:00+00:00,Amazon to Take on Google and Facebook in $88B Online Ad Market,GOOGL,https://www.benzinga.com/news/18/09/12296453/amazon-to-take-on-google-and-facebook-in-88b-online-ad-market,Charles Gross,,,,,,,neutral,0.7724480628967285
568084,2018-09-02 00:00:00+00:00,"Benzinga's Bulls & Bears Of The Week: Amazon, Chipotle, Lululemon And More",GOOGL,https://www.benzinga.com/trading-ideas/18/09/12294971/benzingas-bulls-bears-of-the-week-amazon-chipotle-lululemon-and-more,Nelson Hem,,,,,,,neutral,0.9361644983291626
568085,2018-08-31 00:00:00+00:00,Infographic: A Journey To The Cloud,GOOGL,https://www.benzinga.com/general/education/18/08/12278207/infographic-a-journey-to-the-cloud,Wayne Duggan,,,,,,,neutral,0.903014838695526
568086,2018-08-30 00:00:00+00:00,"Trump Highlights Many People See Antitrust Issue With Google, Facebook, Amazon; Declines To Say If Co.'s Should Be Broken Up",GOOGL,https://www.benzinga.com/news/18/08/12287821/trump-highlights-many-people-see-antitrust-issue-with-google-facebook-amazon-dec,Benzinga_Newsdesk,,,,,,,neutral,0.5039525628089905
568087,2018-08-30 00:00:00+00:00,US Senate Finance Committee Chairman Hatch Expresses Concern About Google's Search Practices In Letter to U.S. FTC Chairman,GOOGL,https://www.benzinga.com/news/18/08/12285881/us-senate-finance-committee-chairman-hatch-expresses-concern-about-googles-searc,Benzinga Newsdesk,,,,,,,negative,0.9367942214012146
568088,2018-08-30 00:00:00+00:00,"Gene Munster: What To Expect From Facebook, Twitter, Google's Congressional Testimony",GOOGL,https://www.benzinga.com/general/politics/18/08/12284820/gene-munster-what-to-expect-from-facebook-twitter-googles-congressio,Jayson Derrick,,,,,,,neutral,0.93385910987854
568089,2018-08-30 00:00:00+00:00,"Following Successive Market Gains, Investors Appear To Be Taking Some Profits",GOOGL,https://www.benzinga.com/news/earnings/18/08/12284594/following-successive-market-gains-investors-appear-to-be-taking-some-pr,JJ Kinahan,,,,,,,positive,0.8342050909996033
568090,2018-08-30 00:00:00+00:00,"Google, Xiaomi in Talks to Invest in Where is My Train",GOOGL,https://www.benzinga.com/news/18/08/12281943/google-xiaomi-in-talks-to-invest-in-where-is-my-train,Charles Gross,,,,,,,neutral,0.9064318537712096
568091,2018-08-30 00:00:00+00:00,Google to Launch Mid-tier Pixel Smartphone in India,GOOGL,https://www.benzinga.com/news/18/08/12281932/google-to-launch-mid-tier-pixel-smartphone-in-india,Charles Gross,,,,,,,neutral,0.759980320930481
568092,2018-08-29 00:00:00+00:00,"REMINDER: Jack Dorsey, Sheryl Sandberg To Appear Before Congressional Committee September 5th To Discuss Content Policing Methods; Alphabet Offered To Send SVP Kent Walker But Senate Rejected This Offer",GOOGL,https://www.benzinga.com/news/18/08/12280473/reminder-jack-dorsey-sheryl-sandberg-to-appear-before-congressional-committee-se,Benzinga Newsdesk,,,,,,,neutral,0.6643319725990295
568093,2018-08-29 00:00:00+00:00,"Trump Says Google, Twitter And Facebook Trying To Silence People",GOOGL,https://www.benzinga.com/news/18/08/12279530/trump-says-google-twitter-and-facebook-trying-to-silence-people,Benzinga_Newsdesk,,,,,,,neutral,0.5009525418281555
568094,2018-08-29 00:00:00+00:00,10 Biggest Price Target Changes For Wednesday,GOOGL,https://www.benzinga.com/analyst-ratings/price-target/18/08/12276847/10-biggest-price-target-changes-for-wednesday,Lisa Levin,,,,,,,neutral,0.8142687678337097
568095,2018-08-29 00:00:00+00:00,"Morgan Stanley Lifts Amazon's Price Target To $2,500, Bullish On Waymo's Prospects For Alphabet",GOOGL,https://www.benzinga.com/analyst-ratings/analyst-color/18/08/12275983/morgan-stanley-lifts-amazons-price-target-to-2-500-bull,Jayson Derrick,,,,,,,positive,0.8848003149032593
568096,2018-08-29 00:00:00+00:00,"Morgan Stanley Maintains Overweight on Alphabet, Raises Price Target to $1.515K",GOOGL,https://www.benzinga.com/news/18/08/12275526/morgan-stanley-maintains-overweight-on-alphabet-raises-price-target-to-1-515k,Benzinga_Newsdesk,,,,,,,positive,0.7358843684196472
568097,2018-08-28 00:00:00+00:00,"Hearing That Trump Warns Social Media Names Such As Google, Twitter, And Facebook That They Had Better Be Careful",GOOGL,https://www.benzinga.com/news/18/08/12272349/hearing-that-trump-warns-social-media-names-such-as-google-twitter-and-facebook-,Benzinga_Newsdesk,,,,,,,neutral,0.8318562507629395
568098,2018-08-28 00:00:00+00:00,'JUST IN: JPMorgan Chase poaches Google's head of product management for cloud-based artificial intelligence'-CNBC Now Tweet,GOOGL,https://www.benzinga.com/news/18/08/12271874/just-in-jpmorgan-chase-poaches-googles-head-of-product-management-for-cloud-base,Benzinga_Newsdesk,,,,,,,neutral,0.648524284362793
568099,2018-08-28 00:00:00+00:00,Trump Goes After Google's Algorithms,GOOGL,https://www.benzinga.com/news/18/08/12270573/trump-goes-after-googles-algorithms,Hannah Genig,,,,,,,neutral,0.8999260663986206
568100,2018-08-28 00:00:00+00:00,UPDATE: Google's Statement In Response To President Trump Says That 'Search Is Not Used To Set A Political Agenda And We Don't Bias Our Results Toward Any Political Ideology',GOOGL,https://www.benzinga.com/general/politics/18/08/12270019/update-googles-statement-in-response-to-president-trump-says-that-se,Benzinga_Newsdesk,,,,,,,neutral,0.9211556315422058
568101,2018-08-28 00:00:00+00:00,'Breaking: Google statement in response to Trump tweet'-CNN Reporter Hadas Gold Tweets; BZ NOTE: Statement From Twitter Post Is In The Body,GOOGL,https://www.benzinga.com/news/18/08/12269963/breaking-google-statement-in-response-to-trump-tweet-cnn-reporter-hadas-gold-twe,Benzinga_Newsdesk,,,,,,,neutral,0.9242570996284484
568102,2018-08-28 00:00:00+00:00,'Waymo's Big Ambitions Slowed by Tech Trouble'-The Information Reports,GOOGL,https://www.benzinga.com/news/18/08/12269926/waymos-big-ambitions-slowed-by-tech-trouble-the-information-reports,Benzinga_Newsdesk,,,,,,,negative,0.9315490126609802
568103,2018-08-28 00:00:00+00:00,"'Asked Larry Kudlow about Trump comments on Google. He said they are ""looking into it"" and doing some ""investigations"" and ""analysis""'-Bloomberg's Shannon Pettypiece Tweets",GOOGL,https://www.benzinga.com/news/18/08/12269293/asked-larry-kudlow-about-trump-comments-on-google-he-said-they-are-looking-into-,Benzinga_Newsdesk,,,,,,,neutral,0.9157829880714417
568104,2018-08-28 00:00:00+00:00,"Alphabet Shares Down Just Slightly Premarket After Pres. Trump Earlier Accused The Search Giant Of Being ""RIGGED"" Against Him And Others, Suppressing Conservatives, Adding: 'Will be addressed!'",GOOGL,https://www.benzinga.com/news/18/08/12269204/alphabet-shares-down-just-slightly-premarket-after-pres-trump-earlier-accused-th,Benzinga Newsdesk,,,,,,,negative,0.9689992666244508
568105,2018-08-23 00:00:00+00:00,FireEye Shares Spike 4.6% Higher Following Report Google Hired Co. To Complement Internal Cybersecurity Work; Stock Now Up 7.8% For Session,GOOGL,https://www.benzinga.com/news/18/08/12252788/fireeye-shares-spike-4-6-higher-following-report-google-hired-co-to-complement-i,luke@benzinga.com,,,,,,,positive,0.9437299370765686
568106,2018-08-23 00:00:00+00:00,Cybersecurity Stocks Spike To Afternoon Highs Following Report Google Hired FireEye To Complement Its Work By Internal Teams Following Termination Of Accounts Linked To The Islamic Republic Of Iran's Broadcasting Network,GOOGL,https://www.benzinga.com/news/18/08/12252781/cybersecurity-stocks-spike-to-afternoon-highs-following-report-google-hired-fire,luke@benzinga.com,,,,,,,negative,0.9015755653381348
568107,2018-08-23 00:00:00+00:00,Google's YouTube Terminated 39 Channels It Said Are Linked To Iranian State Media Influence Operation,GOOGL,https://www.benzinga.com/news/18/08/12252709/googles-youtube-terminated-39-channels-it-said-are-linked-to-iranian-state-media,Benzinga Newsdesk,,,,,,,neutral,0.8738545775413513
568108,2018-08-23 00:00:00+00:00,"Hearing Alphabet Mentioned Positively By M Science, Unconfirmed",GOOGL,https://www.benzinga.com/analyst-ratings/analyst-color/18/08/12251435/hearing-alphabet-mentioned-positively-by-m-science-unco,Benzinga Newsdesk,,,,,,,neutral,0.8934392929077148
568109,2018-08-22 00:00:00+00:00,Cramer: The Bull Run Survived These 10 Challenges,GOOGL,https://www.benzinga.com/analyst-ratings/analyst-color/18/08/12244964/cramer-the-bull-run-survived-these-10-challenges,Wayne Duggan,,,,,,,neutral,0.6741353273391724
568110,2018-08-22 00:00:00+00:00,Forward Industries Up ~4% At $1.57/Share As Forward's Subsidiary IPS Announces A New Deal With Google Over Twitter,GOOGL,https://www.benzinga.com/news/18/08/12245635/forward-industries-up-4-at-1-57share-as-forwards-subsidiary-ips-announces-a-new-,Benzinga_Newsdesk,,,,,,,positive,0.9295461177825928
568111,2018-08-22 00:00:00+00:00,10 Biggest Price Target Changes For Wednesday,GOOGL,https://www.benzinga.com/analyst-ratings/price-target/18/08/12243951/10-biggest-price-target-changes-for-wednesday,Lisa Levin,,,,,,,neutral,0.8142687678337097
568112,2018-08-21 00:00:00+00:00,5G Smartphones Not Likely to Ship in Large Quantities until 2021,GOOGL,https://www.benzinga.com/news/18/08/12235439/5g-smartphones-not-likely-to-ship-in-large-quantities-until-2021,Charles Gross,,,,,,,neutral,0.9101837873458862
568113,2018-08-20 00:00:00+00:00,'Google and Imax's VR Camera Project Canceled'-Variety Reports,GOOGL,https://www.benzinga.com/news/18/08/12233209/google-and-imaxs-vr-camera-project-canceled-variety-reports,Benzinga_Newsdesk,,,,,,,negative,0.904122233390808
568114,2018-08-16 00:00:00+00:00,'Google to release display-equipped speaker in time for holidays'-Nikkei Asian Review,GOOGL,https://www.benzinga.com/news/18/08/12219605/google-to-release-display-equipped-speaker-in-time-for-holidays-nikkei-asian-rev,Benzinga_Newsdesk,,,,,,,neutral,0.8405691981315613
568115,2018-08-15 00:00:00+00:00,Fabulous Fundamentals In A New Virtual Reality ETF,GOOGL,https://www.benzinga.com/trading-ideas/long-ideas/18/08/12206880/fabulous-fundamentals-in-a-new-virtual-reality-etf,ETF Professor,,,,,,,neutral,0.8049013614654541
568116,2018-08-15 00:00:00+00:00,"Q2 13F Roundup: How Buffett, Einhorn, Loeb And Others Adjusted Their Portfolio",GOOGL,https://www.benzinga.com/general/hedge-funds/18/08/12209541/q2-13f-roundup-how-buffett-einhorn-loeb-and-others-adjusted-their,Wayne Duggan,,,,,,,neutral,0.9136003255844116
568117,2018-08-14 00:00:00+00:00,13F From Soros Fund Shows Reduced Stake In Alphabet From 25.4K to 12.4K Shares,GOOGL,https://www.benzinga.com/general/hedge-funds/18/08/12205868/13f-from-soros-fund-shows-reduced-stake-in-alphabet-from-25-4k-to,Benzinga_Newsdesk,,,,,,,negative,0.9400511980056764
568118,2018-08-14 00:00:00+00:00,"13F Filing From Tiger Global Shows Reduced Stake In Adobe, Alphabet, Bank of America, Boot Barn, Cisco, JP Morgan, Ooma, & Norwegian Cruise Lines (from 435.1K Shares to 42.1K Shares);Raised Stake In Alibaba, Amazon, Delta Airlines, & Pure Storage",GOOGL,https://www.benzinga.com/general/hedge-funds/18/08/12203956/13f-filing-from-tiger-global-shows-reduced-stake-in-adobe-alphabe,Benzinga Newsdesk,,,,,,,positive,0.4721891283988952
568119,2018-08-14 00:00:00+00:00,The Most Searched Questions About Jeff Bezos,GOOGL,https://www.benzinga.com/general/education/18/08/12157237/the-most-searched-questions-about-jeff-bezos,Wayne Duggan,,,,,,,neutral,0.9285808205604552
568120,2018-08-14 00:00:00+00:00,"Google Says Users Can Ask Google Home Assistant, Mini And Max To Play Music With Pandora Premium And Deezer",GOOGL,https://www.benzinga.com/news/18/08/12202380/google-says-users-can-ask-google-home-assistant-mini-and-max-to-play-music-with-,Benzinga_Newsdesk,,,,,,,neutral,0.9008296132087708
568121,2018-08-14 00:00:00+00:00,'DC Entertainment's New Streaming And Digital Comics Service Pops Up On Google Play'-TechCrunch Reports,GOOGL,https://www.benzinga.com/news/18/08/12202183/dc-entertainments-new-streaming-and-digital-comics-service-pops-up-on-google-pla,Benzinga_Newsdesk,,,,,,,neutral,0.6734858751296997
568122,2018-08-14 00:00:00+00:00,"13F Filing Shows Jana Partners Took New Stakes In Facebook (651.5K Shares), Alphabet (44.4K Shares), and Alibaba (439.5K Shares)",GOOGL,https://www.benzinga.com/general/hedge-funds/18/08/12200106/13f-filing-shows-jana-partners-took-new-stakes-in-facebook-alphab,Benzinga Newsdesk,,,,,,,neutral,0.9461429119110109
568123,2018-08-13 00:00:00+00:00,Twitter Says Twitter Lite Will Be Available In The Google Play Store In Over 45 Countries,GOOGL,https://www.benzinga.com/news/18/08/12193523/twitter-says-twitter-lite-will-be-available-in-the-google-play-store-in-over-45-,Benzinga_Newsdesk,,,,,,,neutral,0.8243033289909363
568124,2018-08-13 00:00:00+00:00,"No Surprise: FAANG's A Big Deal For Growth Indexes, ETFs",GOOGL,https://www.benzinga.com/trading-ideas/long-ideas/18/08/12188496/no-surprise-faangs-a-big-deal-for-growth-indexes-etfs,ETF Professor,,,,,,,neutral,0.7481090426445007
568125,2018-08-13 00:00:00+00:00,"India Reportedly Seeking New Rules For American Tech Companies Operating In The Country, To Shelter Homegrown Startups; Potential Negative For Amazon, Alphabet, Facebook, and Apple",GOOGL,https://www.benzinga.com/news/18/08/12193466/india-reportedly-seeking-new-rules-for-american-tech-companies-operating-in-the-,Benzinga Newsdesk,,,,,,,negative,0.9517622590065002
568126,2018-08-13 00:00:00+00:00,"13F Late Friday From Dan Loeb's Third Point Shows New Stake In Camping World, Exited Stake In Alphabet",GOOGL,https://www.benzinga.com/general/hedge-funds/18/08/12191705/13f-late-friday-from-dan-loebs-third-point-shows-new-stake-in-cam,Benzinga Newsdesk,,,,,,,neutral,0.8891130089759827
568127,2018-08-10 00:00:00+00:00,Analysts React To Trade Desk's Blowout Quarter,GOOGL,https://www.benzinga.com/analyst-ratings/analyst-color/18/08/12184779/analysts-react-to-trade-desks-blowout-quarter,Wayne Duggan,,,,,,,negative,0.877914309501648
568128,2018-08-07 00:00:00+00:00,The End Of The FANG Era? Gene Munster Makes The Case,GOOGL,https://www.benzinga.com/tech/18/08/12153390/the-end-of-the-fang-era-gene-munster-makes-the-case,Jayson Derrick,,,,,,,neutral,0.8997687697410583
568129,2018-08-06 00:00:00+00:00,Trading What You Know: Finding Your Diversification Center,GOOGL,https://www.benzinga.com/general/education/18/08/12146695/trading-what-you-know-finding-your-diversification-center,TD Ameritrade,,,,,,,neutral,0.8465057015419006
568130,2018-08-05 00:00:00+00:00,"Barron's Picks And Pans: Alphabet, Apple, CBS, Synchrony And More",GOOGL,https://www.benzinga.com/media/18/08/12143336/barrons-picks-and-pans-alphabet-apple-cbs-synchrony-and-more,Nelson Hem,,,,,,,neutral,0.9444236755371094
568131,2018-08-03 00:00:00+00:00,"Google In China Cloud Talks With Tencent, Inspur",GOOGL,https://www.benzinga.com/news/18/08/12140810/google-in-china-cloud-talks-with-tencent-inspur,Benzinga Newsdesk,,,,,,,neutral,0.9001195430755615
568132,2018-08-03 00:00:00+00:00,More Leveraged FANG ETNs Are Here,GOOGL,https://www.benzinga.com/trading-ideas/long-ideas/18/08/12135435/more-leveraged-fang-etns-are-here,ETF Professor,,,,,,,neutral,0.9181979894638062
568133,2018-08-02 00:00:00+00:00,FBI Director Wray Says Progress Is Being Made In Terms Of Working With Social Media Companies On Election Interference,GOOGL,https://www.benzinga.com/news/18/08/12130916/fbi-director-wray-says-progress-is-being-made-in-terms-of-working-with-social-me,Benzinga_Newsdesk,,,,,,,positive,0.7641094923019409
568134,2018-08-02 00:00:00+00:00,"Social, Tech Stocks Unaffected As FBI Director Christopher Wray Says 'Tech Cos. Have Their Own Responsibilities To Secure Their Own Platforms'",GOOGL,https://www.benzinga.com/news/18/08/12130852/social-tech-stocks-unaffected-as-fbi-director-christopher-wray-says-tech-cos-hav,Benzinga Newsdesk,,,,,,,negative,0.934523582458496
568135,2018-08-01 00:00:00+00:00,Craig-Hallum Upgrades Synaptics After Dialog Semi Deal Collapses: 'Give This Cheap Stock Another Look',GOOGL,https://www.benzinga.com/analyst-ratings/analyst-color/18/08/12117422/craig-hallum-upgrades-synaptics-after-dialog-semi-deal-,Hannah Genig,,,,,,,positive,0.6277691125869751
568136,2018-08-01 00:00:00+00:00,Strong Apple Results Compete With Trade Worries For Investor Sentiment Ahead Of Fed,GOOGL,https://www.benzinga.com/news/earnings/18/08/12118236/strong-apple-results-compete-with-trade-worries-for-investor-sentiment-,JJ Kinahan,,,,,,,positive,0.90883606672287
568137,2018-08-01 00:00:00+00:00,"Senior Execs From Facebook, Twitter, And Google To Testify To U.S. Senate Intel Committee On Sept. 5th According To The Committee Vice Chairman",GOOGL,https://www.benzinga.com/news/18/08/12117461/senior-execs-from-facebook-twitter-and-google-to-testify-to-u-s-senate-intel-com,Benzinga_Newsdesk,,,,,,,neutral,0.9344810843467712
568138,2018-08-01 00:00:00+00:00,"ChannelAdvisor Reports Expansion Of Strategic Alliance With Google To Support Shopping Actions Program, No Terms Disclosed",GOOGL,https://www.benzinga.com/news/18/08/12116219/channeladvisor-reports-expansion-of-strategic-alliance-with-google-to-support-sh,Benzinga Newsdesk,,,,,,,neutral,0.5146597027778625
568139,2018-08-01 00:00:00+00:00,Baidu Shares Trading Down ~6.6% Following Q2 Beat But Worse-Than-Expected Guidance; Could Be Trading Down Related To The Intercept Report Google Is Planning To Launch A Censored Search Engine In China,GOOGL,https://www.benzinga.com/news/18/08/12116082/baidu-shares-trading-down-6-6-following-q2-beat-but-worse-than-expected-guidance,Benzinga Newsdesk,,,,,,,negative,0.9736964106559752
568140,2018-08-01 00:00:00+00:00,"'Google Plans To Launch Censored Search Engine In China, Leaded Documents Reveal'-The Intercept",GOOGL,https://www.benzinga.com/news/18/08/12115033/google-plans-to-launch-censored-search-engine-in-china-leaded-documents-reveal-t,Benzinga_Newsdesk,,,,,,,neutral,0.7153772115707397
568141,2018-07-31 00:00:00+00:00,"Watching Capital One, Microsoft Shares Following The Information Article 'Google Inks Cloud Apps Deal With Capital One'",GOOGL,https://www.benzinga.com/news/18/07/12110345/watching-capital-one-microsoft-shares-following-the-information-article-google-i,Benzinga Newsdesk,,,,,,,neutral,0.9471567273139954
568142,2018-07-31 00:00:00+00:00,Alphabet's Waymo Says Is Partnering With Valley Metro To Explore Public Transportation Solutions,GOOGL,https://www.benzinga.com/news/18/07/12109559/alphabets-waymo-says-is-partnering-with-valley-metro-to-explore-public-transport,Benzinga Newsdesk,,,,,,,positive,0.7330478429794312
568143,2018-07-31 00:00:00+00:00,Market Appears More Optimistic Following Tech-Led Selloff,GOOGL,https://www.benzinga.com/news/earnings/18/07/12108437/market-appears-more-optimistic-following-tech-led-selloff,JJ Kinahan,,,,,,,positive,0.9258990287780762
568144,2018-07-31 00:00:00+00:00,Cramer's 'Clear Winners' From Earnings Season So Far,GOOGL,https://www.benzinga.com/news/earnings/18/07/12107331/cramers-clear-winners-from-earnings-season-so-far,Jayson Derrick,,,,,,,positive,0.94159734249115
568145,2018-07-31 00:00:00+00:00,Pro: FAANG Stocks Could Have 30-40% Downside Potential,GOOGL,https://www.benzinga.com/tech/18/07/12106597/pro-faang-stocks-could-have-30-40-downside-potential,Jayson Derrick,,,,,,,negative,0.8281712532043457
568146,2018-07-30 00:00:00+00:00,"Watching Self-Driving Fleet Players, Uber Partners For Self-Driving Truck Segment Amid Earlier Report Uber To Stop Development Of Self-Driving Trucks, Will Only Proceed With Cars",GOOGL,https://www.benzinga.com/news/18/07/12103379/watching-self-driving-fleet-players-uber-partners-for-self-driving-truck-segment,Benzinga Newsdesk,,,,,,,neutral,0.7477356195449829
568147,2018-07-30 00:00:00+00:00,"Stocks Which Set New 52-Week High Friday, July 27th",GOOGL,https://www.benzinga.com/trading-ideas/technicals/18/07/12099824/stocks-which-set-new-52-week-high-friday-july-27th,Benzinga Newsdesk,,,,,,,positive,0.7903768420219421
568148,2018-07-30 00:00:00+00:00,"CAT Climbs Into Driver's Seat To Start Earnings Parade, With Fed Meeting Ahead",GOOGL,https://www.benzinga.com/news/earnings/18/07/12098741/cat-climbs-into-drivers-seat-to-start-earnings-parade-with-fed-meeting-,JJ Kinahan,,,,,,,neutral,0.7924681901931763
568149,2018-07-29 00:00:00+00:00,"Barron's Picks And Pans: Amazon, Eli Lilly, Fiat Chrysler And More",GOOGL,https://www.benzinga.com/media/18/07/12095539/barrons-picks-and-pans-amazon-eli-lilly-fiat-chrysler-and-more,Nelson Hem,,,,,,,neutral,0.9450547099113464
568150,2018-07-27 00:00:00+00:00,"Stocks Which Set New 52-Week High Yesterday, July 26th:",GOOGL,https://www.benzinga.com/trading-ideas/technicals/18/07/12091145/stocks-which-set-new-52-week-high-yesterday-july-26th,Benzinga Newsdesk,,,,,,,positive,0.5779475569725037
568151,2018-07-26 00:00:00+00:00,"Stocks Which Set New 52-Week High Yesterday, July 25th",GOOGL,https://www.benzinga.com/trading-ideas/technicals/18/07/12082507/stocks-which-set-new-52-week-high-yesterday-july-25th,Benzinga Newsdesk,,,,,,,positive,0.7763751149177551
568152,2018-07-26 00:00:00+00:00,"Nasdaq, Tech Names Might Come Under Pressure Following Facebook's Weak Results",GOOGL,https://www.benzinga.com/news/earnings/18/07/12081933/nasdaq-tech-names-might-come-under-pressure-following-facebooks-weak-re,JJ Kinahan,,,,,,,negative,0.9609665870666504
568153,2018-07-26 00:00:00+00:00,"Google Releases Its ASIC AI Infrastructure Called Edge TPU, Watch Shares of NVIDIA On This News",GOOGL,https://www.benzinga.com/news/18/07/12081617/google-releases-its-asic-ai-infrastructure-called-edge-tpu-watch-shares-of-nvidi,Benzinga_Newsdesk,,,,,,,neutral,0.9423642754554749
568154,2018-07-26 00:00:00+00:00,Google Cloud Next Event Concludes Today,GOOGL,https://www.benzinga.com/news/18/07/12079232/google-cloud-next-event-concludes-today,Hal Lindon,,,,,,,neutral,0.9274941086769104
568155,2018-07-25 00:00:00+00:00,"Social Media, FANG Stocks Taking A Big Hit In After-Hours Trading",GOOGL,https://www.benzinga.com/news/earnings/18/07/12077301/social-media-fang-stocks-taking-a-big-hit-in-after-hours-trading,Jason Shubnell,,,,,,,positive,0.6138482689857483
568156,2018-07-25 00:00:00+00:00,"Social Stocks Following Facebook Lower After Hours After Its Mixed Q2 Report: Facebook -16.8%, Twitter -5.9%, Snap -3.1%; FANG Stocks Also Lower: Amazon -2.2%, Netflix -2.9%, Alphabet -1%",GOOGL,https://www.benzinga.com/trading-ideas/movers/18/07/12077248/social-stocks-following-facebook-lower-after-hours-after-its-mix,Benzinga Newsdesk,,,,,,,negative,0.9707870483398438
568157,2018-07-25 00:00:00+00:00,Pro: Why Alphabet Is A Better Pick Than Facebook,GOOGL,https://www.benzinga.com/analyst-ratings/analyst-color/18/07/12073806/pro-why-alphabet-is-a-better-pick-than-facebook,Jayson Derrick,,,,,,,neutral,0.8246269226074219
2923335,2020-06-02 00:00:00+00:00,Bill Nygren Adds 4 Stocks to Portfolio in –st Quarter,GOOGL,http://www.gurufocus.com/news/1153868/bill-nygren-adds-4-stocks-to-portfolio-in-1st-quarter,GuruFocus,,,,,,,neutral,0.9174683690071106
2923336,2020-06-02 00:00:00+00:00,American Pie,GOOGL,https://talkmarkets.com/content/american-pie?post=264167,TalkMarkets,,,,,,,neutral,0.91547429561615
2923337,2020-06-02 00:00:00+00:00,Stocks Are Ready To Climb Once Again On June 2,GOOGL,https://talkmarkets.com/content/stocks-are-ready-to-climb-once-again-on-june-2?post=264130,TalkMarkets,,,,,,,positive,0.8303257822990417
2923338,2020-06-02 00:00:00+00:00,MoneyGram Shares Jump 50% As Western Union Reportedly Looks For Acquisition,GOOGL,https://talkmarkets.com/content/moneygram-shares-jump-50-as-western-union-reportedly-looks-for-acquisition?post=264127,TalkMarkets,,,,,,,positive,0.8697507977485657
2923339,2020-06-01 00:00:00+00:00,The 5 Most-Sold Guru Stocks of the –st Quarter,GOOGL,http://www.gurufocus.com/news/1153115/the-5-mostsold-guru-stocks-of-the-1st-quarter,GuruFocus,,,,,,,neutral,0.8382688760757446
2923340,2020-05-31 00:00:00+00:00,The New Work-From-Home Economy,GOOGL,https://talkmarkets.com/content/the-new-work-from-home-economy?post=263803,TalkMarkets,,,,,,,neutral,0.8241388201713562
2923341,2020-05-31 00:00:00+00:00,Buybacks Are Back: Here's Who Is Repurchasing The Most Stocks,GOOGL,https://talkmarkets.com/content/buybacks-are-back-heres-who-is-repurchasing-the-most-stocks?post=263915,TalkMarkets,,,,,,,neutral,0.880588173866272
2923342,2020-05-31 00:00:00+00:00,Covered Call Backtest,GOOGL,https://talkmarkets.com/content/covered-call-backtest?post=263897,TalkMarkets,,,,,,,neutral,0.9154635071754456
2923343,2020-05-30 00:00:00+00:00,Splunk: Almost Unaffected,GOOGL,http://www.gurufocus.com/news/1151867/splunk-almost-unaffected,GuruFocus,,,,,,,neutral,0.7740317583084106
2923344,2020-05-30 00:00:00+00:00,"A Confused Goldman No Longer Expects S&P To Drop To 2,400 But Sees No Market Upside Either",GOOGL,https://talkmarkets.com/content/a-confused-goldman-no-longer-expects-sp-to-drop-to-2400-but-sees-no-market-upside-either?post=263854,TalkMarkets,,,,,,,negative,0.9660698771476746
2923345,2020-05-30 00:00:00+00:00,"Week In Review: How Trump's Policies Moved Stocks - Saturday, May 30",GOOGL,https://talkmarkets.com/content/week-in-review-how-trumps-policies-moved-stocks-saturday-may-30?post=263835,TalkMarkets,,,,,,,neutral,0.894507646560669
2923346,2020-05-30 00:00:00+00:00,Market Setup With Phenomenal Risk/Reward,GOOGL,https://talkmarkets.com/content/market-setup-with-phenomenal-riskreward?post=263820,TalkMarkets,,,,,,,neutral,0.5978370308876038
2923347,2020-05-29 00:00:00+00:00,"Michael Burry's Firm Axes Alphabet, Buys 5 Stocks in the –st Quarter",GOOGL,http://www.gurufocus.com/news/1151574/michael-burrys-firm-axes-alphabet-buys-5-stocks-in-the-1st-quarter,GuruFocus,,,,,,,neutral,0.8868386149406433
2923348,2020-05-29 00:00:00+00:00,Technical Stock Chart Analysis: Alphabet (GOOGL),GOOGL,https://talkmarkets.com/content/technical-stock-chart-analysis-alphabet-googl?post=263769,TalkMarkets,,,,,,,neutral,0.9412959218025208
2923349,2020-05-29 00:00:00+00:00,"4 Stocks to Watch as Dow Breezes Past 25,000 Points",GOOGL,http://www.zacks.com/stock/news/951452/4-stocks-to-watch-as-dow-breezes-past-25000-points?cid=CS-BENZ-FT-analyst_blog|industry_focus-951452,Zacks,,,,,,,neutral,0.8595423102378845
2923350,2020-05-28 00:00:00+00:00,Tweedy Browne's —…—… Annual Letter to Shareholders,GOOGL,http://www.gurufocus.com/news/1149923/tweedy-brownes-2020-annual-letter-to-shareholders,GuruFocus,,,,,,,neutral,0.8421238660812378
2923351,2020-05-28 00:00:00+00:00,"Mario Cibelli Adds — Stocks to Portfolio, Gives Alphabet the Boot",GOOGL,http://www.gurufocus.com/news/1149844/mario-cibelli-adds-2-stocks-to-portfolio-gives-alphabet-the-boot,GuruFocus,,,,,,,neutral,0.9233214259147644
2923352,2020-05-28 00:00:00+00:00,"Trump Is Mad At Social Media Networks, Should You Care?",GOOGL,http://www.zacks.com/stock/news/950414/trump-is-mad-at-social-media-networks-should-you-care?cid=CS-BENZ-FT-analyst_blog|company_news_tech_sector-950414,Zacks,,,,,,,neutral,0.60711669921875
2923353,2020-05-28 00:00:00+00:00,"Tredje AP-fonden Buys Microsoft Corp, Amazon.com Inc, Apple Inc, Sells iShares U.S. ...",GOOGL,http://www.gurufocus.com/news/1149522/tredje-apfonden-buys-microsoft-corp-amazoncom-inc-apple-inc-sells-ishares-us-healthcare-exxon-mobil-corp-chevron-corp,GuruFocus,,,,,,,neutral,0.9005613327026367
2923354,2020-05-28 00:00:00+00:00,Alphabet (GOOGL) Up 5.8% Since Last Earnings Report: Can It Continue?,GOOGL,http://www.zacks.com/stock/news/949642/alphabet-googl-up-58-since-last-earnings-report-can-it-continue?cid=CS-BENZ-FT-realtime_blog-949642,Zacks,,,,,,,positive,0.9497502446174622
2923355,2020-05-28 00:00:00+00:00,"The Zacks Analyst Blog Highlights: Alphabet, Visa, Bank of America, JPMorgan Chase and NVIDIA",GOOGL,http://www.zacks.com/stock/news/950069/the-zacks-analyst-blog-highlights-alphabet-visa-bank-of-america-jpmorgan-chase-and-nvidia?cid=CS-BENZ-FT-press_releases-950069,Zacks,,,,,,,neutral,0.945785641670227
2923356,2020-05-28 00:00:00+00:00,"NetApp (NTAP) Q4 Earnings Beat Estimates, Revenues Fall Y/Y",GOOGL,http://www.zacks.com/stock/news/950034/netapp-ntap-q4-earnings-beat-estimates-revenues-fall-y-y?cid=CS-BENZ-FT-analyst_blog|earnings_article-950034,Zacks,,,,,,,negative,0.9712570309638976
2923357,2020-05-28 00:00:00+00:00,Growth Stocks for 2020: Trading Tech Stocks + FANG Stocks,GOOGL,https://talkmarkets.com/content/growth-stocks-for-2020-trading-tech-stocks--fang-stocks?post=263627,TalkMarkets,,,,,,,neutral,0.9392164349555968
2923358,2020-05-28 00:00:00+00:00,Swiss National Bank Ready To Buy Much More Tech Stocks To Weaken The Franc,GOOGL,https://talkmarkets.com/content/swiss-national-bank-ready-to-buy-much-more-tech-stocks-to-weaken-the-franc?post=263588,TalkMarkets,,,,,,,positive,0.671759307384491
2923359,2020-05-27 00:00:00+00:00,The Topsy-Turvy S&P 500 Earnings Picture,GOOGL,https://talkmarkets.com/content/the-topsy-turvy-sp-500-earnings-picture?post=263549,TalkMarkets,,,,,,,neutral,0.5167572498321533
2923360,2020-05-27 00:00:00+00:00,FANG Stocks Update: The Whole Lot is Losing Out to.... Small Caps?,GOOGL,https://talkmarkets.com/content/fang-stocks-update-the-whole-lot-is-losing-out-to-small-caps?post=263545,TalkMarkets,,,,,,,negative,0.9322380423545836
2923361,2020-05-27 00:00:00+00:00,FANG Stocks Update: The Whole Lot is Losing Out to... Small Caps?,GOOGL,https://talkmarkets.com/content/fang-stocks-update-the-whole-lot-is-losing-out-to-small-caps?post=263545,TalkMarkets,,,,,,,negative,0.9320983290672302
2923362,2020-05-27 00:00:00+00:00,Seth Klarman's 5 Largest Holdings as of the March Quarter,GOOGL,http://www.gurufocus.com/news/1148545/seth-klarmans-5-largest-holdings-as-of-the-march-quarter,GuruFocus,,,,,,,neutral,0.9421474933624268
2923363,2020-05-27 00:00:00+00:00,"Rainier Group Investment Advisory LLC Buys Colgate-Palmolive Co, 'M Co, CSX Corp, Sells ...",GOOGL,http://www.gurufocus.com/news/1148256/rainier-group-investment-advisory-llc-buys-colgatepalmolive-co-3m-co-csx-corp-sells-ishares-core-sp-500-ishares-russell-midcap-slack-technologies-inc,GuruFocus,,,,,,,neutral,0.8576608896255493
2923364,2020-05-27 00:00:00+00:00,"Amazon Interest In Zoox Seen Opening Door For Potential Uber, Tesla Competition",GOOGL,https://talkmarkets.com/content/amazon-interest-in-zoox-seen-opening-door-for-potential-uber-tesla-competition?post=263482,TalkMarkets,,,,,,,positive,0.7059842944145203
2923365,2020-05-27 00:00:00+00:00,Tech – Hitherto Leaders – Witness Interesting Reversal Tue; Traders Probably Do Not Find Encouraging How Top Five Traded,GOOGL,https://talkmarkets.com/content/tech--hitherto-leaders--witness-interesting-reversal-tue-traders-probably-do-not-find-encouraging-how-top-five-traded?post=263447,TalkMarkets,,,,,,,neutral,0.6348773241043091
2923366,2020-05-27 00:00:00+00:00,Stocks Soar Despite Pharma Giant CEO Questioning Vaccine Timelines,GOOGL,https://talkmarkets.com/content/stocks-soar-despite-pharma-giant-ceo-questioning-vaccine-timelines?post=263427,TalkMarkets,,,,,,,negative,0.5402367115020752
2923367,2020-05-24 00:00:00+00:00,Hedge Funds Have Never Been More Concentrated Into The Same Handful Of Stocks,GOOGL,https://talkmarkets.com/content/hedge-funds-have-never-been-more-concentrated-into-the-same-handful-of-stocks?post=263174,TalkMarkets,,,,,,,neutral,0.928311288356781
2923368,2020-05-24 00:00:00+00:00,"""A Market Of Just 5 Stocks"": Earnings Season Confirmed ""Winner-Take-All"" Phenomenon Is Accelerating",GOOGL,https://talkmarkets.com/content/a-market-of-just-5-stocks-earnings-season-confirmed-winner-take-all-phenomenon-is-accelerating?post=263160,TalkMarkets,,,,,,,neutral,0.7706742882728577
2923369,2020-05-24 00:00:00+00:00,Year-To-Date Performance Of 5 Largest Companies In U.S.,GOOGL,https://talkmarkets.com/content/year-to-date-performance-of-5-largest-companies-in-us?post=263150,TalkMarkets,,,,,,,positive,0.8677979707717896
2923370,2020-05-24 00:00:00+00:00,Dazed And Confused: The World According To Covid-19,GOOGL,https://talkmarkets.com/content/dazed-and-confused-the-world-according-to-covid-19?post=263133,TalkMarkets,,,,,,,neutral,0.9175254106521606
2923371,2020-05-22 00:00:00+00:00,Top –st-Quarter Buys of the Bill & Melinda Gates Foundation Trust,GOOGL,http://www.gurufocus.com/news/1145272/top-1stquarter-buys-of-the-bill--melinda-gates-foundation-trust,GuruFocus,,,,,,,neutral,0.840205729007721
2923372,2020-05-22 00:00:00+00:00,"David Abrams Sells O'Reilly Automotive, Buys TransDigm and Energy Transfer",GOOGL,http://www.gurufocus.com/news/1145149/david-abrams-sells-oreilly-automotive-buys-transdigm-and-energy-transfer,GuruFocus,,,,,,,neutral,0.9483303427696228
2923373,2020-05-22 00:00:00+00:00,"Ethic Inc. Buys Healthpeak Properties Inc, Ecolab Inc, Procter & Gamble Co, Sells Discover ...",GOOGL,http://www.gurufocus.com/news/1144811/ethic-inc-buys-healthpeak-properties-inc-ecolab-inc-procter--gamble-co-sells-discover-financial-services-american-international-group-inc-bancolombia-sa,GuruFocus,,,,,,,neutral,0.9148029685020448
2923374,2020-05-21 00:00:00+00:00,Leon Cooperman Sells Fiserv and United Airlines During –st Quarter,GOOGL,http://www.gurufocus.com/news/1144247/leon-cooperman-sells-fiserv-and-united-airlines-during-1st-quarter,GuruFocus,,,,,,,neutral,0.9415314197540284
2923375,2020-05-21 00:00:00+00:00,Bear Markets Bounce Before They Pounce Some More,GOOGL,https://talkmarkets.com/content/bear-markets-bounce-before-they-pounce-some-more?post=262908,TalkMarkets,,,,,,,neutral,0.8253186345100403
2923376,2020-05-20 00:00:00+00:00,FAANG Still Leading,GOOGL,https://talkmarkets.com/content/faang-still-leading?post=262766,TalkMarkets,,,,,,,neutral,0.8179009556770325
2923377,2020-05-20 00:00:00+00:00,5 AI Stocks to Put on Your Watch List Amid Coronavirus Pandemic,GOOGL,http://www.zacks.com/stock/news/934572/5-ai-stocks-to-put-on-your-watch-list-amid-coronavirus-pandemic?cid=CS-BENZ-FT-analyst_blog|investment_ideas-934572,Zacks,,,,,,,negative,0.7498411536216736
2923378,2020-05-19 00:00:00+00:00,Gruesome Stocks,GOOGL,http://www.gurufocus.com/news/1141616/gruesome-stocks,GuruFocus,,,,,,,neutral,0.5184658765792847
2923379,2020-05-19 00:00:00+00:00,The Economy Is Coming Back,GOOGL,https://talkmarkets.com/content/the-economy-is-coming-back?post=262630,TalkMarkets,,,,,,,positive,0.6430230736732483
2923380,2020-05-18 00:00:00+00:00,Small Caps Leading The Way?,GOOGL,https://talkmarkets.com/content/small-caps-leading-the-way?post=262515,TalkMarkets,,,,,,,neutral,0.8736786246299744
2923381,2020-05-18 00:00:00+00:00,"Wedgewood Partners Cuts Fastenal, Alphabet, Visa",GOOGL,http://www.gurufocus.com/news/1140237/wedgewood-partners-cuts-fastenal-alphabet-visa,GuruFocus,,,,,,,neutral,0.8488792777061462
2923382,2020-05-18 00:00:00+00:00,Alphabet-Vodacom Tie-Up to Provide Internet in Mozambique,GOOGL,http://www.zacks.com/stock/news/931296/alphabet-vodacom-tie-up-to-provide-internet-in-mozambique?cid=CS-BENZ-FT-analyst_blog|company_news_tech_sector-931296,Zacks,,,,,,,neutral,0.7632442116737366
2923383,2020-05-18 00:00:00+00:00,Amazon's (AMZN) New Fire HD 8 Family Expands Tablet Portfolio,GOOGL,http://www.zacks.com/stock/news/931283/amazons-amzn-new-fire-hd-8-family-expands-tablet-portfolio?cid=CS-BENZ-FT-analyst_blog|company_news_tech_sector-931283,Zacks,,,,,,,neutral,0.6747430562973022
2923384,2020-05-18 00:00:00+00:00,Solid Data-Center Demand to Aid NVIDIA (NVDA) Q1 Earnings,GOOGL,http://www.zacks.com/stock/news/931013/solid-data-center-demand-to-aid-nvidia-nvda-q1-earnings?cid=CS-BENZ-FT-analyst_blog|earnings_preview-931013,Zacks,,,,,,,positive,0.951795220375061
2923385,2020-05-18 00:00:00+00:00,"Otter Creek Advisors, LLC Buys Alphabet Inc, Ameresco Inc, Blackrock Municipal —…—… ...",GOOGL,http://www.gurufocus.com/news/1140055/otter-creek-advisors-llc-buys-alphabet-inc-ameresco-inc-blackrock-municipal-2020-term-trust-sells-flir-systems-inc-aon-plc-newmont-corp,GuruFocus,,,,,,,neutral,0.9220828413963318
2923386,2020-05-18 00:00:00+00:00,"Stocks Will Try To Climb On May 18, Making It Three In A Row",GOOGL,https://talkmarkets.com/content/stocks-will-try-to-climb-on-may-18-making-it-three-in-a-row?post=262447,TalkMarkets,,,,,,,positive,0.8348374962806702
2923387,2020-05-17 00:00:00+00:00,"Market Briefing For Monday, May 18",GOOGL,https://talkmarkets.com/content/market-briefing-for-monday-may-18?post=262292,TalkMarkets,,,,,,,neutral,0.868726372718811
2923388,2020-05-17 00:00:00+00:00,7 Monster Stock Market Predictions For The Week Of May 18,GOOGL,https://talkmarkets.com/content/7-monster-stock-market-predictions-for-the-week-of-may-18?post=262366,TalkMarkets,,,,,,,neutral,0.8994476795196533
2923389,2020-05-16 00:00:00+00:00,S&P 500 Technical Analysis + FANG Stocks,GOOGL,https://talkmarkets.com/content/sp-500-technical-analysis--fang-stocks?post=262329,TalkMarkets,,,,,,,neutral,0.9087416529655457
2923390,2020-05-15 00:00:00+00:00,"Aristides Capital LLC Buys Visa Inc, Highland Income Fund, Amazon. ...",GOOGL,http://www.gurufocus.com/news/1139137/aristides-capital-llc-buys-visa-inc-highland-income-fund-amazoncom-inc-sells-tilray-inc-texas-pacific-land-trust-the-timken-co,GuruFocus,,,,,,,neutral,0.8689360618591309
2923391,2020-05-15 00:00:00+00:00,Sawgrass Asset Management Llc Buys Amazon. ...,GOOGL,http://www.gurufocus.com/news/1139109/sawgrass-asset-management-llc-buys-amazoncom-inc-microsoft-corp-broadcom-inc-sells-comcast-corp-amgen-inc-expeditors-international-of-washington-inc,GuruFocus,,,,,,,neutral,0.9003685116767883
2923392,2020-05-15 00:00:00+00:00,"Shanda Payment Holdings Ltd. Buys Alphabet Inc, Lockheed Martin Corp, BlackRock Inc, Sells ...",GOOGL,http://www.gurufocus.com/news/1139073/shanda-payment-holdings-ltd-buys-alphabet-inc-lockheed-martin-corp-blackrock-inc-sells-lendingclub-corp-kkr-inc,GuruFocus,,,,,,,neutral,0.8993589878082275
2923393,2020-05-15 00:00:00+00:00,"American Trust Investment Advisors, LLC Buys Hasbro Inc, Archer-Daniels Midland Co, Nielsen ...",GOOGL,http://www.gurufocus.com/news/1138998/american-trust-investment-advisors-llc-buys-hasbro-inc-archerdaniels-midland-co-nielsen-holdings-plc-sells-viacomcbs-inc-occidental-petroleum-corp-southwest-airlines-co,GuruFocus,,,,,,,neutral,0.8864094614982605
2923394,2020-05-15 00:00:00+00:00,"Kensico Capital Management Corp Buys International Business Machines Corp, The Walt Disney Co, ...",GOOGL,http://www.gurufocus.com/news/1139021/kensico-capital-management-corp-buys-international-business-machines-corp-the-walt-disney-co-yum-china-holdings-inc-sells-arconic-corp-cheniere-energy-inc-marathon-petroleum-corp,GuruFocus,,,,,,,neutral,0.9165269136428832
2923395,2020-05-15 00:00:00+00:00,"Odey Holdings AG Buys Regeneron Pharmaceuticals Inc, Amazon. ...",GOOGL,http://www.gurufocus.com/news/1138814/odey-holdings-ag-buys-regeneron-pharmaceuticals-inc-amazoncom-inc-facebook-inc-sells-barrick-gold-corp-the-stars-group-inc,GuruFocus,,,,,,,neutral,0.8729417324066162
2923396,2020-05-15 00:00:00+00:00,"Bill & Melinda Gates Foundation Trust Buys Schrodinger Inc, Apple Inc, Amazon.com Inc",GOOGL,http://www.gurufocus.com/news/1138702/bill--melinda-gates-foundation-trust-buys-schrodinger-inc-apple-inc-amazoncom-inc,GuruFocus,,,,,,,neutral,0.930426061153412
2923397,2020-05-15 00:00:00+00:00,Prem Watsa's Top 5 Buys in the –st Quarter,GOOGL,http://www.gurufocus.com/news/1138698/prem-watsas-top-5-buys-in-the-1st-quarter,GuruFocus,,,,,,,neutral,0.6326041221618652
2923398,2020-05-15 00:00:00+00:00,"ProShare Advisors LLC Buys Microsoft Corp, Apple Inc, Amazon.com Inc",GOOGL,http://www.gurufocus.com/news/1138683/proshare-advisors-llc-buys-microsoft-corp-apple-inc-amazoncom-inc,GuruFocus,,,,,,,neutral,0.912876546382904
2923399,2020-05-15 00:00:00+00:00,"Capital Counsel Llc Buys Microsoft Corp, Alphabet Inc, Akamai Technologies Inc, Sells Cigna ...",GOOGL,http://www.gurufocus.com/news/1138567/capital-counsel-llc-buys-microsoft-corp-alphabet-inc-akamai-technologies-inc-sells-cigna-corp-cocacola-co-ch-robinson-worldwide-inc,GuruFocus,,,,,,,neutral,0.9224504828453064
2923400,2020-05-15 00:00:00+00:00,Selling Into Strength Paid Off For Google Stock,GOOGL,http://www.investors.com/research/swing-trading/google-stock-reversal-set-up-swing-trading-profit/?src=A00237A&ven=BenzingaCP&src=AURLAAM,Investor's Business Daily,,,,,,,positive,0.9410935044288636
2923401,2020-05-15 00:00:00+00:00,"Parallax Volatility Advisers, LLC Buys Facebook Inc, Alphabet Inc, Colfax Corp, Sells ...",GOOGL,http://www.gurufocus.com/news/1138411/parallax-volatility-advisers-llc-buys-facebook-inc-alphabet-inc-colfax-corp-sells-powershares-qqq-trust-ser-1-ishares-msci-emerging-index-fund-nvidia-corp,GuruFocus,,,,,,,neutral,0.906185507774353
2923402,2020-05-15 00:00:00+00:00,Big Tech On The Ropes?,GOOGL,https://talkmarkets.com/content/big-tech-on-the-ropes?post=262267,TalkMarkets,,,,,,,neutral,0.894861102104187
2923403,2020-05-15 00:00:00+00:00,Abrams Capital Management Buys Moats in March Selloff,GOOGL,http://www.gurufocus.com/news/1138016/abrams-capital-management-buys-moats-in-march-selloff,GuruFocus,,,,,,,neutral,0.9325377345085144
2923404,2020-05-15 00:00:00+00:00,Google Shares Tumble On Reports Of Imminent Antitrust Lawsuit,GOOGL,https://talkmarkets.com/content/google-shares-tumble-on-reports-of-imminent-antitrust-lawsuit?post=262264,TalkMarkets,,,,,,,negative,0.9499502778053284
2923405,2020-05-15 00:00:00+00:00,Seth Klarman's Top 5 New Buys in the –st Quarter,GOOGL,http://www.gurufocus.com/news/1138367/seth-klarmans-top-5-new-buys-in-the-1st-quarter,GuruFocus,,,,,,,neutral,0.8741370439529419
2923406,2020-05-15 00:00:00+00:00,"Permit Capital, LLC Buys CVS Health Corp, Qurate Retail Inc, MGIC Investment Corp, Sells ...",GOOGL,http://www.gurufocus.com/news/1138065/permit-capital-llc-buys-cvs-health-corp-qurate-retail-inc-mgic-investment-corp-sells-goldman-sachs-group-inc-equinix-inc-american-express-co,GuruFocus,,,,,,,neutral,0.8881455063819885
2923407,2020-05-15 00:00:00+00:00,"Kamunting Street Capital Management, L.P. ...",GOOGL,http://www.gurufocus.com/news/1137991/kamunting-street-capital-management-lp-buys-marriott-international-inc-simon-property-group-inc-facebook-inc-sells-alphabet-inc-american-airlines-group-inc-energy-transfer-lp,GuruFocus,,,,,,,neutral,0.9490184783935548
2923408,2020-05-15 00:00:00+00:00,"Greenlea Lane Capital Management, Llc Buys Alphabet Inc, Salesforce. ...",GOOGL,http://www.gurufocus.com/news/1137809/greenlea-lane-capital-management-llc-buys-alphabet-inc-salesforcecom-inc-brookfield-asset-management-inc-sells-kkr-inc-netflix-inc-stitch-fix-inc,GuruFocus,,,,,,,neutral,0.8055022358894348
2923409,2020-05-15 00:00:00+00:00,"Keenan Capital, LLC Buys SVMK Inc, Ping Identity Holding Corp, Alphabet Inc",GOOGL,http://www.gurufocus.com/news/1137808/keenan-capital-llc-buys-svmk-inc-ping-identity-holding-corp-alphabet-inc,GuruFocus,,,,,,,neutral,0.897392988204956
2923410,2020-05-15 00:00:00+00:00,"Beaton Management Co. Inc. Buys O'Reilly Automotive Inc, General Mills Inc, Alphabet Inc, Sells ...",GOOGL,http://www.gurufocus.com/news/1137827/beaton-management-co-inc-buys-oreilly-automotive-inc-general-mills-inc-alphabet-inc-sells-clorox-co-phillips-66-citigroup-inc,GuruFocus,,,,,,,neutral,0.929802656173706
2923411,2020-05-15 00:00:00+00:00,"Marathon Capital Management Buys World Wrestling Entertainment Inc, Uber Technologies Inc, ...",GOOGL,http://www.gurufocus.com/news/1137748/marathon-capital-management-buys-world-wrestling-entertainment-inc-uber-technologies-inc-performance-food-group-co-sells-elf-beauty-inc-paypal-holdings-inc-alphabet-inc,GuruFocus,,,,,,,neutral,0.928067684173584
2923412,2020-05-15 00:00:00+00:00,"Like There Was Enough To Deal With Already, Now We Have To Deal With Trade?",GOOGL,https://talkmarkets.com/content/like-there-was-enough-to-deal-with-already-now-we-have-to-deal-with-trade?post=262212,TalkMarkets,,,,,,,neutral,0.8064362406730652
2923413,2020-05-14 00:00:00+00:00,"Stewart Asset Management, LLC Buys Intuitive Surgical Inc, The Walt Disney Co, UnitedHealth ...",GOOGL,http://www.gurufocus.com/news/1137642/stewart-asset-management-llc-buys-intuitive-surgical-inc-the-walt-disney-co-unitedhealth-group-inc-sells-martin-marietta-materials-inc-dominos-pizza-inc-fastenal-co,GuruFocus,,,,,,,neutral,0.9119012355804444
2923414,2020-05-14 00:00:00+00:00,"Lee Capital Holdings LLC Buys Amazon.com Inc, Alphabet Inc, Nasdaq Inc, Sells Boeing Co, SPDR ...",GOOGL,http://www.gurufocus.com/news/1137618/lee-capital-holdings-llc-buys-amazoncom-inc-alphabet-inc-nasdaq-inc-sells-boeing-co-spdr-select-sector-fund--technology-spdr-select-sector-fund--health-care,GuruFocus,,,,,,,neutral,0.8878529667854309
2923415,2020-05-14 00:00:00+00:00,"Hudson Bay Capital Management LP Buys Allergan PLC, GCI Liberty Inc, Tesla Inc, Sells Amazon. ...",GOOGL,http://www.gurufocus.com/news/1137303/hudson-bay-capital-management-lp-buys-allergan-plc-gci-liberty-inc-tesla-inc-sells-amazoncom-inc-discovery-inc-hca-healthcare-inc,GuruFocus,,,,,,,neutral,0.91572242975235
2923416,2020-05-14 00:00:00+00:00,"Ursa Fund Management, LLC Buys Match Group Inc, ANGI Homeservices Inc, PG&E Corp, Sells ...",GOOGL,http://www.gurufocus.com/news/1137313/ursa-fund-management-llc-buys-match-group-inc-angi-homeservices-inc-pge-corp-sells-amazoncom-inc-iacinteractivecorp-alphabet-inc,GuruFocus,,,,,,,neutral,0.8918399214744568
2923417,2020-05-14 00:00:00+00:00,"Ally Financial Inc. Buys SPDR S&P 5……, Facebook Inc, iShares Select Dividend ETF, Sells ...",GOOGL,http://www.gurufocus.com/news/1137325/ally-financial-inc-buys-spdr-sp-500-facebook-inc-ishares-select-dividend-etf-sells-ishares-core-sp-smallcap-berkshire-hathaway-inc-goldman-sachs-group-inc,GuruFocus,,,,,,,neutral,0.8424975872039795
2923418,2020-05-14 00:00:00+00:00,"O'Shares Investment Advisers, LLC Buys Healthpeak Properties Inc, CrowdStrike Holdings Inc, ...",GOOGL,http://www.gurufocus.com/news/1137326/oshares-investment-advisers-llc-buys-healthpeak-properties-inc-crowdstrike-holdings-inc-pinduoduo-inc-sells-healthpeak-properties-inc-grubhub-inc-herman-miller-inc,GuruFocus,,,,,,,neutral,0.910116732120514
2923419,2020-05-14 00:00:00+00:00,"Skye Global Management LP Buys Microsoft Corp, Amazon. ...",GOOGL,http://www.gurufocus.com/news/1137228/skye-global-management-lp-buys-microsoft-corp-amazoncom-inc-verizon-communications-inc-sells-workday-inc-netflix-inc-instructure-inc,GuruFocus,,,,,,,neutral,0.9296263456344604
2923420,2020-05-14 00:00:00+00:00,"American Century Companies Inc Buys Microsoft Corp, Amazon.com Inc, Apple Inc",GOOGL,http://www.gurufocus.com/news/1137070/american-century-companies-inc-buys-microsoft-corp-amazoncom-inc-apple-inc,GuruFocus,,,,,,,neutral,0.8925079107284546
2923421,2020-05-14 00:00:00+00:00,"Marietta Investment Partners Llc Buys Amedisys Inc, NICE, Yum China Holdings Inc, Sells Stryker ...",GOOGL,http://www.gurufocus.com/news/1137084/marietta-investment-partners-llc-buys-amedisys-inc-nice-yum-china-holdings-inc-sells-stryker-corp-jpmorgan-chase-lululemon-athletica-inc,GuruFocus,,,,,,,neutral,0.9116873145103456
2923422,2020-05-14 00:00:00+00:00,Cisco's 'rd-Quarter Earnings and Revenue Surpass Projections,GOOGL,http://www.gurufocus.com/news/1136557/ciscos-3rdquarter-earnings-and-revenue-surpass-projections,GuruFocus,,,,,,,positive,0.9253197908401488
2923423,2020-05-14 00:00:00+00:00,Billionaires Are Very Bearish - Druckenmiller & Tepper,GOOGL,https://talkmarkets.com/content/billionaires-are-very-bearish-druckenmiller--tepper?post=262134,TalkMarkets,,,,,,,neutral,0.8797908425331116
2923424,2020-05-14 00:00:00+00:00,"International Value Advisers, LLC Buys Berkshire Hathaway Inc, LKQ Corp, The Western Union Co, ...",GOOGL,http://www.gurufocus.com/news/1136547/international-value-advisers-llc-buys-berkshire-hathaway-inc-lkq-corp-the-western-union-co-sells-bank-of-america-corp-ishares-gold-trust-goldman-sachs-group-inc,GuruFocus,,,,,,,neutral,0.9055899381637572
2923425,2020-05-14 00:00:00+00:00,"Immersion Capital LLP Buys Nike Inc, Credit Acceptance Corp, Ryanair Holdings PLC",GOOGL,http://www.gurufocus.com/news/1136551/immersion-capital-llp-buys-nike-inc-credit-acceptance-corp-ryanair-holdings-plc,GuruFocus,,,,,,,neutral,0.8929477334022522
2923426,2020-05-13 00:00:00+00:00,"Blacksheep Fund Management Ltd Buys KKR Inc, Alphabet Inc, Amazon.com Inc",GOOGL,http://www.gurufocus.com/news/1136170/blacksheep-fund-management-ltd-buys-kkr-inc-alphabet-inc-amazoncom-inc,GuruFocus,,,,,,,neutral,0.8945639729499817
2923427,2020-05-13 00:00:00+00:00,"Cheviot Value Management, LLC Buys Sprott Physical Gold and Silver Trust, Comcast Corp, ...",GOOGL,http://www.gurufocus.com/news/1135883/cheviot-value-management-llc-buys-sprott-physical-gold-and-silver-trust-comcast-corp-medtronic-plc-sells-anheuserbusch-inbev-sanv-apple-inc-fairfax-financial-holdings,GuruFocus,,,,,,,neutral,0.9052961468696594
2923428,2020-05-13 00:00:00+00:00,David Tepper: This Is the Most Overvalued Stock Market Since '99,GOOGL,http://www.gurufocus.com/news/1135627/david-tepper-this-is-the-most-overvalued-stock-market-since-99,GuruFocus,,,,,,,neutral,0.7284007668495178
2923429,2020-05-13 00:00:00+00:00,"GFS Advisors, LLC Buys SPDR S&P 5……, SPDR Dow Jones Industrial Average, PowerShares QQQ ...",GOOGL,http://www.gurufocus.com/news/1135653/gfs-advisors-llc-buys-spdr-sp-500-spdr-dow-jones-industrial-average-powershares-qqq-trust-ser-1-sells-cemex-sab-de-cv-amazoncom-inc-ishares-sp-100,GuruFocus,,,,,,,neutral,0.8232162594795227
2923430,2020-05-13 00:00:00+00:00,"Horiko Capital Management LLC Buys Alphabet Inc, Brighthouse Financial Inc, Sells Raytheon Co",GOOGL,http://www.gurufocus.com/news/1135678/horiko-capital-management-llc-buys-alphabet-inc-brighthouse-financial-inc-sells-raytheon-co,GuruFocus,,,,,,,neutral,0.9238554239273072
2923431,2020-05-13 00:00:00+00:00,"Georgetown University Buys SPDR S&P 5……, Sells Alphabet Inc",GOOGL,http://www.gurufocus.com/news/1135679/georgetown-university-buys-spdr-sp-500-sells-alphabet-inc,GuruFocus,,,,,,,neutral,0.9296297430992126
2923432,2020-05-13 00:00:00+00:00,"Altarock Partners Llc Buys TransDigm Group Inc, Moody's Corporation, Alphabet Inc, Sells ...",GOOGL,http://www.gurufocus.com/news/1135583/altarock-partners-llc-buys-transdigm-group-inc-moodys-corporation-alphabet-inc-sells-oreilly-automotive-inc,GuruFocus,,,,,,,neutral,0.8990827202796936
2923433,2020-05-13 00:00:00+00:00,"Achmea Investment Management B.V. Buys Alphabet Inc, Merck Inc, Visa Inc, Sells Apple Inc, ...",GOOGL,http://www.gurufocus.com/news/1135577/achmea-investment-management-bv-buys-alphabet-inc-merck-inc-visa-inc-sells-apple-inc-microsoft-corp-amazoncom-inc,GuruFocus,,,,,,,neutral,0.9196869134902954
2923434,2020-05-13 00:00:00+00:00,"Eubel Brady & Suttman Asset Management Inc Buys AmerisourceBergen Corp, Steel Dynamics Inc, ...",GOOGL,http://www.gurufocus.com/news/1135573/eubel-brady--suttman-asset-management-inc-buys-amerisourcebergen-corp-steel-dynamics-inc-discovery-inc-sells-allergan-plc-servisfirst-bancshares-inc-air-industries-group,GuruFocus,,,,,,,neutral,0.8895817995071411
2923435,2020-05-13 00:00:00+00:00,"Investec Asset Management (PTY) Ltd Buys Nike Inc, Walmart Inc, Alphabet Inc, Sells PayPal ...",GOOGL,http://www.gurufocus.com/news/1135119/investec-asset-management-pty-ltd-buys-nike-inc-walmart-inc-alphabet-inc-sells-paypal-holdings-inc-digital-realty-trust-inc-perspecta-inc,GuruFocus,,,,,,,neutral,0.8931484222412109
2923436,2020-05-13 00:00:00+00:00,Alphabet's Loon and Vodacom partner to increase rural internet access in Mozambique,GOOGL,http://www.gurufocus.com/news/1135034/alphabets-loon-and-vodacom-partner-to-increase-rural-internet-access-in-mozambique,GuruFocus,,,,,,,positive,0.8832700252532959
2923437,2020-05-13 00:00:00+00:00,"SP Asset Management Buys Vanguard Mid-Cap, Alphabet Inc, Alphabet Inc, Sells iShares Nasdaq ...",GOOGL,http://www.gurufocus.com/news/1134953/sp-asset-management-buys-vanguard-midcap-alphabet-inc-alphabet-inc-sells-ishares-nasdaq-biotechnology-index-fund-proshares-ultrapro-qqq-ishares-russell-1000-growth,GuruFocus,,,,,,,neutral,0.9136834144592284
2923438,2020-05-12 00:00:00+00:00,"BFAM Partners (Cayman) Ltd Buys Alibaba Group Holding, NIO Inc, China Biologic Products ...",GOOGL,http://www.gurufocus.com/news/1134819/bfam-partners-cayman-ltd-buys-alibaba-group-holding-nio-inc-china-biologic-products-holdings-inc-sells-alphabet-inc-bilibili-inc-baidu-inc,GuruFocus,,,,,,,neutral,0.774179220199585
2923439,2020-05-12 00:00:00+00:00,"Fishman Jay A Ltd Buys Apple Inc, Amazon. ...",GOOGL,http://www.gurufocus.com/news/1134567/fishman-jay-a-ltd-buys-apple-inc-amazoncom-inc-alphabet-inc-sells-blackstone-group-inc-splunk-inc-tjx-inc,GuruFocus,,,,,,,neutral,0.8952416181564331
2923440,2020-05-12 00:00:00+00:00,"Silicon Valley Capital Partners Buys Vanguard Information Tech, Alphabet Inc, Amazon. ...",GOOGL,http://www.gurufocus.com/news/1134473/silicon-valley-capital-partners-buys-vanguard-information-tech-alphabet-inc-amazoncom-inc-sells-ishares-edge-msci-min-vol-usa-broadcom-inc-the-walt-disney-co,GuruFocus,,,,,,,neutral,0.911093771457672
2923441,2020-05-12 00:00:00+00:00,"Glassman Wealth Services Buys Vanguard S&P 5……, NVR Inc, SPDR S&P 5……, Sells ...",GOOGL,http://www.gurufocus.com/news/1134305/glassman-wealth-services-buys-vanguard-sp-500-nvr-inc-spdr-sp-500-sells-schwab-us-largecap-value-maximus-inc-eagle-bancorp-inc,GuruFocus,,,,,,,neutral,0.9254979491233826
2923442,2020-05-12 00:00:00+00:00,"Marvin & Palmer Associates Inc Buys Adobe Inc, Vertex Pharmaceuticals Inc, Alphabet Inc, ...",GOOGL,http://www.gurufocus.com/news/1134308/marvin--palmer-associates-inc-buys-adobe-inc-vertex-pharmaceuticals-inc-alphabet-inc-sells-the-walt-disney-co-ingersoll-rand-inc-ametek-inc,GuruFocus,,,,,,,neutral,0.9222254753112792
2923443,2020-05-12 00:00:00+00:00,Mitsubishi UFJ Securities International PLC Buys Amazon. ...,GOOGL,http://www.gurufocus.com/news/1134220/mitsubishi-ufj-securities-international-plc-buys-amazoncom-inc-apple-inc-shopify-inc-sells-enbridge-inc-microsoft-corp-procter--gamble-co,GuruFocus,,,,,,,neutral,0.878049910068512
2923444,2020-05-11 00:00:00+00:00,"Fieldpoint Private Securities, LLC Buys Vanguard FTSE Emerging Markets, Vanguard S&P ...",GOOGL,http://www.gurufocus.com/news/1133197/fieldpoint-private-securities-llc-buys-vanguard-ftse-emerging-markets-vanguard-sp-500-raytheon-technologies-corp-sells-ishares-msci-emerging-index-fund-keycorp-spdr-sp-regional-banking,GuruFocus,,,,,,,neutral,0.912312924861908
2923445,2020-05-11 00:00:00+00:00,Is Global Diversification Still Worth It? The Case For Investing Beyond The U.S.,GOOGL,https://talkmarkets.com/content/is-global-diversification-still-worth-it-the-case-for-investing-beyond-the-us?post=261719,TalkMarkets,,,,,,,neutral,0.8090429306030273
2923446,2020-05-11 00:00:00+00:00,"Pekin Singer Strauss Asset Management Buys Evercore Inc, Ituran Location and Control, TPI ...",GOOGL,http://www.gurufocus.com/news/1132927/pekin-singer-strauss-asset-management-buys-evercore-inc-ituran-location-and-control-tpi-composites-inc-sells-criteo-sa-embraer-sa-weibo-corp,GuruFocus,,,,,,,neutral,0.9285294413566588
2923447,2020-05-11 00:00:00+00:00,"Mirador Capital Partners LP Buys ProShares Short S&P5……, Invesco BulletShares ...",GOOGL,http://www.gurufocus.com/news/1132940/mirador-capital-partners-lp-buys-proshares-short-sp500-invesco-bulletshares-2021-high-yield-corporate-bon-amazoncom-inc-sells-vanguard-ftse-emerging-markets-invesco-bulletshares-2020-corporate-bond-etf-vanguard-largec,GuruFocus,,,,,,,neutral,0.8586695194244385
2923448,2020-05-11 00:00:00+00:00,"MainStreet Investment Advisors LLC Buys Microsoft Corp, Apple Inc, Amazon. ...",GOOGL,http://www.gurufocus.com/news/1132957/mainstreet-investment-advisors-llc-buys-microsoft-corp-apple-inc-amazoncom-inc-sells-booking-holdings-inc-union-pacific-corp-xtrackers-msci-eafe-hedged-equity,GuruFocus,,,,,,,neutral,0.8997761607170105
2923449,2020-05-11 00:00:00+00:00,"Greenwoods Asset Management Ltd Buys JD.com Inc, Baidu Inc, Microsoft Corp, Sells New Oriental ...",GOOGL,http://www.gurufocus.com/news/1132559/greenwoods-asset-management-ltd-buys-jdcom-inc-baidu-inc-microsoft-corp-sells-new-oriental-education--technology-group-inc-tesla-inc-weibo-corp,GuruFocus,,,,,,,neutral,0.904731273651123
2923450,2020-05-11 00:00:00+00:00,"Tredje AP-fonden Buys Microsoft Corp, Amazon.com Inc, Apple Inc, Sells iShares U.S. ...",GOOGL,http://www.gurufocus.com/news/1132509/tredje-apfonden-buys-microsoft-corp-amazoncom-inc-apple-inc-sells-ishares-us-healthcare-exxon-mobil-corp-chevron-corp,GuruFocus,,,,,,,neutral,0.9005613327026367
2923451,2020-05-11 00:00:00+00:00,"Shell Asset Management Co Buys Apple Inc, Microsoft Corp, Alibaba Group Holding",GOOGL,http://www.gurufocus.com/news/1132507/shell-asset-management-co-buys-apple-inc-microsoft-corp-alibaba-group-holding,GuruFocus,,,,,,,neutral,0.9178802967071532
2923452,2020-05-11 00:00:00+00:00,"Mitsubishi UFJ Asset Management Co., Ltd. ...",GOOGL,http://www.gurufocus.com/news/1132327/mitsubishi-ufj-asset-management-co-ltd-buys-alphabet-inc-vanguard-sp-500-sp-global-inc-sells-alphabet-inc-goldman-sachs-group-inc-truist-financial-corp,GuruFocus,,,,,,,neutral,0.9372954964637756
2923453,2020-05-10 00:00:00+00:00,"Be Creative When Searching For Growth, Lest You Just Wind Up With Empty Glamour",GOOGL,https://talkmarkets.com/content/be-creative-when-searching-for-growth-lest-you-just-wind-up-with-empty-glamour?post=261572,TalkMarkets,,,,,,,neutral,0.8760508894920349
2923454,2020-05-09 00:00:00+00:00,"NASDAQ Goes Positive, Malone's Deal, Berkshire's Meeting, And Political War",GOOGL,https://talkmarkets.com/content/nasdaq-goes-positive-malones-deal-berkshires-meeting-and-political-war?post=261508,TalkMarkets,,,,,,,neutral,0.8637142777442932
2923455,2020-05-09 00:00:00+00:00,"Nasdaq Goes Positive, Malone's Deal, Berkshire's Meeting, And Political War",GOOGL,https://talkmarkets.com/content/nasdaq-goes-positive-malones-deal-berkshires-meeting-and-political-war?post=261508,TalkMarkets,,,,,,,neutral,0.8637142777442932
2923456,2020-05-08 00:00:00+00:00,"As Markets Crashed, The Swiss National Bank Went On A FAAMG Buying Spree",GOOGL,https://talkmarkets.com/content/as-markets-crashed-the-swiss-national-bank-went-on-a-faamg-buying-spree?post=261466,TalkMarkets,,,,,,,neutral,0.5015113949775696
2923457,2020-05-08 00:00:00+00:00,Value Screeners Identify Opportunities as Markets Rebound From March Lows,GOOGL,http://www.gurufocus.com/news/1131384/value-screeners-identify-opportunities-as-markets-rebound-from-march-lows,GuruFocus,,,,,,,positive,0.8586872816085815
2923458,2020-05-08 00:00:00+00:00,"CORDA Investment Management, LLC. Buys 'M Co, Charles Schwab Corp, CME Group Inc, Sells Total ...",GOOGL,http://www.gurufocus.com/news/1131443/corda-investment-management-llc-buys-3m-co-charles-schwab-corp-cme-group-inc-sells-total-sa-loews-corp-corning-inc,GuruFocus,,,,,,,neutral,0.9288635849952698
2923459,2020-05-08 00:00:00+00:00,"Chase Investment Counsel Corp Buys Apple Inc, Microsoft Corp, PepsiCo Inc, Sells Euronet ...",GOOGL,http://www.gurufocus.com/news/1131461/chase-investment-counsel-corp-buys-apple-inc-microsoft-corp-pepsico-inc-sells-euronet-worldwide-inc-jabil-inc-autozone-inc,GuruFocus,,,,,,,neutral,0.9077173471450806
2923460,2020-05-08 00:00:00+00:00,Tech Rally Helps Nasdaq Turn Positive for 2020: ETFs to Play,GOOGL,http://www.zacks.com/stock/news/918317/tech-rally-helps-nasdaq-turn-positive-for-2020-etfs-to-play?cid=CS-BENZ-FT-etf_news_and_commentary-918317,Zacks,,,,,,,positive,0.9151906371116638
2923461,2020-05-08 00:00:00+00:00,"Academy Capital Management Inc Buys Anheuser-Busch InBev SA/NV, Elanco Animal Health Inc, ...",GOOGL,http://www.gurufocus.com/news/1131289/academy-capital-management-inc-buys-anheuserbusch-inbev-sanv-elanco-animal-health-inc-liberty-global-plc-sells-heineken-nv-heineken-nv-visa-inc,GuruFocus,,,,,,,neutral,0.8866503834724426
2923462,2020-05-08 00:00:00+00:00,"RV Capital GmbH Buys Carvana Co, Alphabet Inc",GOOGL,http://www.gurufocus.com/news/1131272/rv-capital-gmbh-buys-carvana-co-alphabet-inc,GuruFocus,,,,,,,neutral,0.9092347621917723
2923463,2020-05-08 00:00:00+00:00,"Oakview Capital Management, L.p. Buys Sysco Corp, JB Hunt Transport Services Inc, Alphabet Inc, ...",GOOGL,http://www.gurufocus.com/news/1131198/oakview-capital-management-lp-buys-sysco-corp-jb-hunt-transport-services-inc-alphabet-inc-sells-tmobile-us-inc,GuruFocus,,,,,,,neutral,0.9288548827171326
2923464,2020-05-08 00:00:00+00:00,"Mandatum Life Insurance Co Ltd Buys Facebook Inc, Alphabet Inc, Coca-Cola Co, Sells Caterpillar ...",GOOGL,http://www.gurufocus.com/news/1130974/mandatum-life-insurance-co-ltd-buys-facebook-inc-alphabet-inc-cocacola-co-sells-caterpillar-inc-fastenal-co-rockwell-automation-inc,GuruFocus,,,,,,,neutral,0.9072389602661132
2923465,2020-05-08 00:00:00+00:00,"Summit Asset Management, LLC Buys iShares Core U.S. ...",GOOGL,http://www.gurufocus.com/news/1130839/summit-asset-management-llc-buys-ishares-core-us-aggregate-bond-vanguard-sp-smallcap-600-growth-vanguard-sp-500-growth-sells-truist-financial-corp-vanguard-mortgagebacked-securities-etf-phillips-66,GuruFocus,,,,,,,neutral,0.9208007454872132
2923466,2020-05-08 00:00:00+00:00,"United Bank Buys Truist Financial Corp, Sells Microsoft Corp, JPMorgan Chase, Alphabet Inc",GOOGL,http://www.gurufocus.com/news/1130840/united-bank-buys-truist-financial-corp-sells-microsoft-corp-jpmorgan-chase-alphabet-inc,GuruFocus,,,,,,,neutral,0.9282421469688416
2923467,2020-05-08 00:00:00+00:00,"Transcend Wealth Collective, Llc Buys SPDR Series Trust Portfolio S&P 5…… Growth, ...",GOOGL,http://www.gurufocus.com/news/1130705/transcend-wealth-collective-llc-buys-spdr-series-trust-portfolio-sp-500-growth-alphabet-inc-microsoft-corp-sells-spdr-portfolio-developed-world-exus-alphabet-inc-royal-dutch-shell-plc,GuruFocus,,,,,,,neutral,0.8504012823104858
2923468,2020-05-08 00:00:00+00:00,"Frontier Wealth Management LLC Buys Microsoft Corp, Apple Inc, VanEck Vectors Gold Miners, ...",GOOGL,http://www.gurufocus.com/news/1130687/frontier-wealth-management-llc-buys-microsoft-corp-apple-inc-vaneck-vectors-gold-miners-sells-jpmorgan-diversified-return-international-equity-umb-financial-corp-ishares-core-sp-500,GuruFocus,,,,,,,neutral,0.9119786620140076
2923469,2020-05-07 00:00:00+00:00,"Comgest Global Investors S.a.s. Buys Alibaba Group Holding, Facebook Inc, Alphabet Inc, Sells ...",GOOGL,http://www.gurufocus.com/news/1129933/comgest-global-investors-sas-buys-alibaba-group-holding-facebook-inc-alphabet-inc-sells-oracle-corp-infosys-raytheon-technologies-corp,GuruFocus,,,,,,,neutral,0.9162748456001282
2923470,2020-05-07 00:00:00+00:00,"Capital Management Associates Buys Flowers Foods Inc, Medtronic PLC, American Express Co, ...",GOOGL,http://www.gurufocus.com/news/1129658/capital-management-associates-buys-flowers-foods-inc-medtronic-plc-american-express-co-sells-ishares-core-sp-smallcap-bank-of-america-corp-pimco-enhanced-short-maturity-active-exchangetrad,GuruFocus,,,,,,,neutral,0.9066634774208068
2923471,2020-05-07 00:00:00+00:00,"Jensen Investment Management Inc Buys Automatic Data Processing Inc, Alphabet Inc, Stryker ...",GOOGL,http://www.gurufocus.com/news/1129659/jensen-investment-management-inc-buys-automatic-data-processing-inc-alphabet-inc-stryker-corp-sells-oracle-corp-ecolab-inc-waters-corp,GuruFocus,,,,,,,neutral,0.9410805106163024
2923472,2020-05-07 00:00:00+00:00,"Wellington Shields & Co., LLC Buys Personalis Inc, DraftKings Inc, ConnectOne Bancorp Inc, ...",GOOGL,http://www.gurufocus.com/news/1129661/wellington-shields--co-llc-buys-personalis-inc-draftkings-inc-connectone-bancorp-inc-sells-wells-fargo-lockheed-martin-corp-palo-alto-networks-inc,GuruFocus,,,,,,,neutral,0.9207622408866882
2923473,2020-05-07 00:00:00+00:00,"SCP Investment, LP Buys Berry Global Group Inc, Eldorado Resorts Inc, Air Lease Corp, Sells ...",GOOGL,http://www.gurufocus.com/news/1129666/scp-investment-lp-buys-berry-global-group-inc-eldorado-resorts-inc-air-lease-corp-sells-revolve-group-inc-spdr-gold-trust-netflix-inc,GuruFocus,,,,,,,neutral,0.9172403812408448
2923474,2020-05-07 00:00:00+00:00,"Central Securities Corp Buys Alphabet Inc, Charles Schwab Corp, Cree Inc, Sells Alphabet Inc, ...",GOOGL,http://www.gurufocus.com/news/1129302/central-securities-corp-buys-alphabet-inc-charles-schwab-corp-cree-inc-sells-alphabet-inc-tri-pointe-group-inc,GuruFocus,,,,,,,neutral,0.9302012324333192
2923475,2020-05-07 00:00:00+00:00,"Gladstone Capital Management LLP Buys Sea, Alphabet Inc, Alibaba Group Holding, Sells The Walt ...",GOOGL,http://www.gurufocus.com/news/1128938/gladstone-capital-management-llp-buys-sea-alphabet-inc-alibaba-group-holding-sells-the-walt-disney-co-activision-blizzard-inc-medallia-inc,GuruFocus,,,,,,,neutral,0.942974328994751
2923476,2020-05-07 00:00:00+00:00,The 3 Safest Stocks to Buy in 2020,GOOGL,https://talkmarkets.com/content/the-3-safest-stocks-to-buy-in-2020?post=261210,TalkMarkets,,,,,,,neutral,0.8691303730010986
2923477,2020-05-06 00:00:00+00:00,"Md Sass Investors Services Inc Buys Charles Schwab Corp, Perrigo Co PLC, Facebook Inc, Sells ...",GOOGL,http://www.gurufocus.com/news/1128372/md-sass-investors-services-inc-buys-charles-schwab-corp-perrigo-co-plc-facebook-inc-sells-norwegian-cruise-line-holdings-gildan-activewear-inc-webster-financial-corp,GuruFocus,,,,,,,neutral,0.8990136981010437
2923478,2020-05-06 00:00:00+00:00,"Elite Wealth Management, LLC Buys ProShares UltraShort S&P5……, Microsoft Corp, Amazon. ...",GOOGL,http://www.gurufocus.com/news/1128286/elite-wealth-management-llc-buys-proshares-ultrashort-sp500-microsoft-corp-amazoncom-inc-sells-powershares-qqq-trust-ser-1-spdr-sp-500-accenture-plc,GuruFocus,,,,,,,neutral,0.8705101013183594
2923479,2020-05-06 00:00:00+00:00,"Alta Capital Management Llc Buys Alphabet Inc, Apple Inc, Fiserv Inc, Sells The Middleby Corp, ...",GOOGL,http://www.gurufocus.com/news/1127980/alta-capital-management-llc-buys-alphabet-inc-apple-inc-fiserv-inc-sells-the-middleby-corp-berkshire-hathaway-inc-check-point-software-technologies,GuruFocus,,,,,,,neutral,0.925883173942566
2923480,2020-05-06 00:00:00+00:00,"Sawyer & Company, Inc Buys AmerisourceBergen Corp, Ecolab Inc, Crown Castle International ...",GOOGL,http://www.gurufocus.com/news/1127972/sawyer--company-inc-buys-amerisourcebergen-corp-ecolab-inc-crown-castle-international-corp-sells-analog-devices-inc-toll-brothers-inc-union-pacific-corp,GuruFocus,,,,,,,neutral,0.870333194732666
2923481,2020-05-06 00:00:00+00:00,Time to Sign Into Social Media ETF on Upbeat Q1 Earnings?,GOOGL,http://www.zacks.com/stock/news/915968/time-to-sign-into-social-media-etf-on-upbeat-q1-earnings?cid=CS-BENZ-FT-etf_news_and_commentary-915968,Zacks,,,,,,,neutral,0.7830297350883484
2923482,2020-05-06 00:00:00+00:00,"Redwood Investments, LLC Buys Horizon Therapeutics PLC, NovoCure, Tetra Tech Inc, Sells Funko ...",GOOGL,http://www.gurufocus.com/news/1127917/redwood-investments-llc-buys-horizon-therapeutics-plc-novocure-tetra-tech-inc-sells-funko-inc-the-simply-good-foods-co-vericel-corp,GuruFocus,,,,,,,neutral,0.9066983461380004
2923483,2020-05-06 00:00:00+00:00,How Long Can Tech Hold This Market Together?,GOOGL,https://talkmarkets.com/content/how-long-can-tech-hold-this-market-together?post=261157,TalkMarkets,,,,,,,neutral,0.9158514142036438
2923484,2020-05-06 00:00:00+00:00,Appian (APPN) to Report Q1 Earnings: What's in the Cards?,GOOGL,http://www.zacks.com/stock/news/915234/appian-appn-to-report-q1-earnings-whats-in-the-cards?cid=CS-BENZ-FT-analyst_blog|earnings_preview-915234,Zacks,,,,,,,neutral,0.9329201579093932
2923485,2020-05-06 00:00:00+00:00,BANG: Making FANG Look Tame,GOOGL,https://talkmarkets.com/content/bang-making-fang-look-tame?post=261143,TalkMarkets,,,,,,,neutral,0.9105483889579772
2923486,2020-05-06 00:00:00+00:00,S&P 500 Dividend Aristocrats Lag In This Down Market,GOOGL,https://talkmarkets.com/content/sp-500-dividend-aristocrats-lag-in-this-down-market?post=261109,TalkMarkets,,,,,,,negative,0.7185478806495667
2923487,2020-05-05 00:00:00+00:00,"Beacon Investment Advisory Services, Inc. ...",GOOGL,http://www.gurufocus.com/news/1126924/beacon-investment-advisory-services-inc-buys-ishares-russell-2000-vertex-pharmaceuticals-inc-adobe-inc-sells-tiffany-brownforman-corp-ishares-core-sp-smallcap,GuruFocus,,,,,,,neutral,0.9268141388893129
2923488,2020-05-05 00:00:00+00:00,"Nkcfo Llc Buys Amazon.com Inc, Newmont Corp, VanEck Vectors Gold Miners, Sells The Walt Disney ...",GOOGL,http://www.gurufocus.com/news/1126796/nkcfo-llc-buys-amazoncom-inc-newmont-corp-vaneck-vectors-gold-miners-sells-the-walt-disney-co-ebay-inc-tjx-inc,GuruFocus,,,,,,,neutral,0.9127341508865356
2923489,2020-05-05 00:00:00+00:00,"Big Tech, Stocks At New Highs And Your Weekly Plan",GOOGL,https://talkmarkets.com/content/big-tech-stocks-at-new-highs-and-your-weekly-plan?post=261006,TalkMarkets,,,,,,,neutral,0.9050353765487672
2923490,2020-05-05 00:00:00+00:00,"Lineweaver Wealth Advisors, LLC Buys iShares …-5 Year High Yield Corporate Bond, Invesco ...",GOOGL,http://www.gurufocus.com/news/1126733/lineweaver-wealth-advisors-llc-buys-ishares-05-year-high-yield-corporate-bond-invesco-bulletshares-2021-high-yield-corporate-bon-costco-wholesale-corp-sells-ishares-core-sp-total-us-stock-market-ishares-mbs-etf-ishare,GuruFocus,,,,,,,neutral,0.7827440500259399
2923491,2020-05-05 00:00:00+00:00,"GFS Advisors, LLC Buys SPDR S&P 5……, Byline Bancorp Inc, SPDR Dow Jones Industrial ...",GOOGL,http://www.gurufocus.com/news/1126760/gfs-advisors-llc-buys-spdr-sp-500-byline-bancorp-inc-spdr-dow-jones-industrial-average-sells-cemex-sab-de-cv-amazoncom-inc-ishares-sp-100,GuruFocus,,,,,,,neutral,0.8721680045127869
2923492,2020-05-05 00:00:00+00:00,Buy 5 Solid Tech ETFs At Least 10% Away From 52-Week High,GOOGL,http://www.zacks.com/stock/news/914604/buy-5-solid-tech-etfs-at-least-10-away-from-52-week-high?cid=CS-BENZ-FT-etf_news_and_commentary-914604,Zacks,,,,,,,positive,0.6762911081314087
2923493,2020-05-05 00:00:00+00:00,QQQ: Outperforming In Bull And Bear Markets,GOOGL,https://talkmarkets.com/content/qqq-outperforming-in-bull-and-bear-markets?post=260994,TalkMarkets,,,,,,,negative,0.7416239380836487
2923494,2020-05-05 00:00:00+00:00,"Menora Mivtachim Holdings Ltd. Buys PayPal Holdings Inc, Micron Technology Inc, Marvell ...",GOOGL,http://www.gurufocus.com/news/1126260/menora-mivtachim-holdings-ltd-buys-paypal-holdings-inc-micron-technology-inc-marvell-technology-group-sells-visa-inc-valero-energy-corp-cme-group-inc,GuruFocus,,,,,,,neutral,0.8996284604072571
2923495,2020-05-05 00:00:00+00:00,Revisiting The Fed's Balance Sheet,GOOGL,https://talkmarkets.com/content/revisiting-the-feds-balance-sheet?post=260983,TalkMarkets,,,,,,,neutral,0.9238895177841188
2923496,2020-05-05 00:00:00+00:00,"Electronic Arts, Boot Barn, Alphabet, Facebook and Twitter highlighted as Zacks Bull and Bear of the Day",GOOGL,http://www.zacks.com/stock/news/913942/electronic-arts-boot-barn-alphabet-facebook-and-twitter-highlighted-as-zacks-bull-and-bear-of-the-day?cid=CS-BENZ-FT-press_releases-913942,Zacks,,,,,,,neutral,0.8860065340995789
2923497,2020-05-05 00:00:00+00:00,6 Tech Giants Setting the Northbound Trajectory of Wall Street,GOOGL,http://www.zacks.com/stock/news/913797/6-tech-giants-setting-the-northbound-trajectory-of-wall-street?cid=CS-BENZ-FT-analyst_blog|industry_focus-913797,Zacks,,,,,,,neutral,0.8614303469657898
2923498,2020-05-05 00:00:00+00:00,3 Sector ETFs Gaining Momentum in May,GOOGL,http://www.zacks.com/stock/news/913679/3-sector-etfs-gaining-momentum-in-may?cid=CS-BENZ-FT-etf_news_and_commentary-913679,Zacks,,,,,,,positive,0.9488589763641356
2923499,2020-05-05 00:00:00+00:00,"Hohimer Wealth Management, Llc Buys Robert Half International Inc, Prudential Financial Inc, ...",GOOGL,http://www.gurufocus.com/news/1126072/hohimer-wealth-management-llc-buys-robert-half-international-inc-prudential-financial-inc-alibaba-group-holding-sells-truist-financial-corp-carnival-corp-splunk-inc,GuruFocus,,,,,,,neutral,0.8936725854873657
2923500,2020-05-05 00:00:00+00:00,3 ETFs For Disney Earnings,GOOGL,https://talkmarkets.com/content/3-etfs-for-disney-earnings?post=260940,TalkMarkets,,,,,,,neutral,0.921536922454834
2923501,2020-05-04 00:00:00+00:00,"Congress Park Capital LLC Buys Blackrock Muniyield Fund Inc, Apple Inc, EnerSys, Sells The Walt ...",GOOGL,http://www.gurufocus.com/news/1125563/congress-park-capital-llc-buys-blackrock-muniyield-fund-inc-apple-inc-enersys-sells-the-walt-disney-co-ubs-group-ag-accenture-plc,GuruFocus,,,,,,,neutral,0.9279545545578004
2923502,2020-05-04 00:00:00+00:00,"Private Wealth Strategies, L.L.C. Buys Vanguard Intermediate-Term Bond, Alphabet Inc, New York ...",GOOGL,http://www.gurufocus.com/news/1125363/private-wealth-strategies-llc-buys-vanguard-intermediateterm-bond-alphabet-inc-new-york-mortgage-trust-inc-sells-spdr-portfolio-long-term-treasury-jpmorgan-chase-exxon-mobil-corp,GuruFocus,,,,,,,neutral,0.9118147492408752
2923503,2020-05-04 00:00:00+00:00,"Post-Earning, Which Is Better: Alphabet or Facebook?",GOOGL,http://www.zacks.com/stock/news/913341/post-earning-which-is-better-alphabet-or-facebook?cid=CS-BENZ-FT-analyst_blog|investment_ideas-913341,Zacks,,,,,,,neutral,0.909510374069214
2923504,2020-05-04 00:00:00+00:00,"Pachira Investments Inc. Buys Amazon.com Inc, Sells SPDR MidCap Trust Series I, Vanguard ...",GOOGL,http://www.gurufocus.com/news/1125054/pachira-investments-inc-buys-amazoncom-inc-sells-spdr-midcap-trust-series-i-vanguard-sp-500-ishares-core-sp-midcap,GuruFocus,,,,,,,neutral,0.8627951741218567
2923505,2020-05-04 00:00:00+00:00,"Fundamentun, LLC Buys WisdomTree U.S. Dividend Growth Fund, iShares Core S&P Total U.S. ...",GOOGL,http://www.gurufocus.com/news/1125032/fundamentun-llc-buys-wisdomtree-us-dividend-growth-fund-ishares-core-sp-total-us-stock-market-alphabet-inc-sells-vanguard-total-stock-market-pimco-enhanced-short-maturity-active-exchangetrad-ishares-core-sp-500,GuruFocus,,,,,,,neutral,0.8679056167602539
2923506,2020-05-04 00:00:00+00:00,"The Zacks Analyst Blog Highlights: Microsoft, Amazon, Alphabet and Facebook",GOOGL,http://www.zacks.com/stock/news/912835/the-zacks-analyst-blog-highlights-microsoft-amazon-alphabet-and-facebook?cid=CS-BENZ-FT-press_releases-912835,Zacks,,,,,,,neutral,0.9436326026916504
2923507,2020-05-04 00:00:00+00:00,"Zacks Investment Ideas feature highlights: Google, Facebook, Apple, Microsoft and Amazon",GOOGL,http://www.zacks.com/stock/news/912746/zacks-investment-ideas-feature-highlights-google-facebook-apple-microsoft-and-amazon?cid=CS-BENZ-FT-press_releases-912746,Zacks,,,,,,,neutral,0.940105676651001
2923508,2020-05-04 00:00:00+00:00,"BT Investment Management Ltd Buys Atmos Energy Corp, Micron Technology Inc, Alphabet Inc, Sells ...",GOOGL,http://www.gurufocus.com/news/1124838/bt-investment-management-ltd-buys-atmos-energy-corp-micron-technology-inc-alphabet-inc-sells-check-point-software-technologies-atlassian-corporation-plc-raytheon-technologies-corp,GuruFocus,,,,,,,neutral,0.8810885548591614
2923509,2020-05-02 00:00:00+00:00,Tech Companies Gun for Zoom; Video Conferencing Race,GOOGL,https://talkmarkets.com/content/tech-companies-gun-for-zoom-video-conferencing-race?post=260631,TalkMarkets,,,,,,,neutral,0.9191254377365112
