Stock_symbol,Date,Headlines,Headline_count
AAPL,2020-03-09,"['Crude Awakening: Energy Sector Takes A 20% Spill As Crude Price War Sends Oil To 4-Year Low', 'Investor Movement Index Summary: February 2020', ""101 Stocks Moving In Monday's Mid-Day Session""]",3
AAPL,2020-03-10,"[""Peloton Shares Tick To Session Low As Hearing Report Apple Working On 'Guided Workout' Fitness App"", 'Morning Market Stats In 5 Minutes', 'The Main Challenges Faced By The Upcoming EV Era', 'Jedi Wars Between Amazon And Microsoft Are Still Very Much On', 'Airlines Continue Suffering As Delta, American Announce Schedule Cuts, But Crude Bounces', ""Shares of several technology companies are trading higher as markets look to rebound from Monday's selloff. The technology sector has been highly impacted by the coronavirus due to its China exposure and sensitivity to economic conditions."", 'UBS Maintains Buy on Apple, Lowers Price Target to $335', '123 Biggest Movers From Yesterday']",8
AAPL,2020-03-11,"['CME To Shut Down Chicago Trading Floor Over Coronavirus Concerns', ""Here's How Large Option Traders Are Playing High-Yield AT&T As Market Falls"", 'Apple To Close All Italy Stores Until Further Notice', 'Despite Volatility, FANG Continues to Prove Its Popularity', ""UPDATE: BofA Securities On Apple Notes 'We reiterate Buy on large cash balance/optionality, expected new buyback authorization in April and upcoming 5G cycle'"", ""UPDATE: BofA Securities Reiterates Buy On Apple, Lowers Target To $320 As Firm Notes 'Lowering estimates on weaker global demand, some delay in product launches'"", 'BofA Lowers Apple Price Target Due To Potential Delay In Product Launches', 'As Market Gyrates, Investors Seek Direction From Large Stocks Including Apple, Microsoft', 'Only Technology Can Save And Lead The Automotive Industry Forward', 'Coronavirus – Another Severe Hit To The Automotive Industry', 'B of A Securities Reiterates Buy on Apple, Lowers Price Target to $320', 'Hearing B of A Securities Maintains Buy On Apple, Lowers Target From $350 to $320', 'Shares of several companies in the technology, software and semiconductor space are trading lower as equities sell off amid coronavirus fears. The virus spread has disrupted economic activity across sectors and caused global macro uncertainty.', 'Google Asks All North American Employees To Work From Home As Coronavirus Spreads']",14
AAPL,2020-03-12,"['Selling Picks Up In Worst Day Since 1987 As Fear Continues To Drive Markets Lower', ""Financial Pro Says Trump 'Solidified' Fears Of Economic Slowdown"", 'E-Commerce Is Among The Lucky Ones With The Tools To Amortize The Coronavirus Blow', ""Technical Pro: Apple A 'Great Company,' Not A 'Great Stock' Right Now"", 'Shares of several technology, software and semiconductor companies are trading lower as equities sell off amid continued global coronavirus concerns. The virus has caused global economic disruption and negatively impacted stocks across sectors.']",5
AAPL,2020-03-13,"[""Canopy Growth's Storz & Bickel Bypasses Apple's Vaping App Ban With New Web App"", ""88 Stocks Moving In Friday's Mid-Day Session"", 'VirnetX Receives ~$454M Payment In Apple Suit', ""Apple's Worldwide Developers Conference 2020 To Be Held In Online Format"", 'Regulators Aiming To Break Of Big Tech Are Receiving ""Help"" From COVID-19', 'Apple Gets Upgrade, Futures Reverse Downward Course As Washington Stimulus Awaited', 'Oracle Might Not Challenge Cloud Providers But Investors Are Pleased', ""Apple shares are trading higher after Wells Fargo upgraded the stock from Equal-Weight to Overweight and announced a $315 price target. NOTE: The overall market is also rebounding from Thursday's crash."", 'Apple Reopens All China Stores As Coronavirus Cases Drop In Country', 'Apple Still Looks to Ship 90M AirPods in 2020', 'Wells Fargo Upgrades Apple to Overweight, Announces $315 Price Target']",11
AAPL,2020-03-14,"[""Barron's Picks And Pans: Roundtable Picks, Airline And Oil Stocks, And More"", 'All Apple Stores Outside Of China To Temporarily Close']",2
AAPL,2020-03-15,"[""Starbucks Switches To 'To Go' Model As Coronavirus Spreads, Closes Some Stores"", ""Loup Ventures' Munster Says Apple 'Is Doing It Right' With Coronavirus Response"", 'Bulls And Bears Of The Week: Apple, Boeing, FANGs And More', 'Nike Stores Across The World To Temporarily Close']",4
AAPL,2020-03-16,"[""McDonald's Switches To 'Walk-In-Take-Out' Model In All Company-Owned Restaurants Due To Coronavirus"", 'Amazon Hiring 100,000 Workers To Meet Increased Demand As Coronavirus Forces Social Distancing', ""Apple Analyst Says 'Uncertainty Remains Too High' To Buy The Dip"", ""95 Stocks Moving In Monday's Mid-Day Session"", ""5 Reasons Why Amazon Is Morgan Stanley's Top Pick"", 'Banks, Airlines, Apple Among Stocks Being Hit Hard Despite Fed Cutting Rates To Zero', ""22 Stocks Moving in Monday's Pre-Market Session"", 'Apple shares are trading lower following a report suggesting the company was fined €1.1B by the French Competition Authority for anti-competitive behavior in its distribution network.', 'Apple Fined €1.1B byFrench Competition Authority for Anti-competitive Behaviour in Its Distribution Network', '144 Biggest Movers From Friday', 'Walmart Shortens Store Operating Hours In Response To Coronavirus Outbreak']",11
AAPL,2020-03-17,"[""UPDATE: Apple Previously Announced Closing Of Retail Locations Til Mar. 27, Now Says 'Until Further Notice'"", 'Hearing Apple To Close All Retail Stores Until Further Notice', ""Apple shares are trading higher as tech stocks rebound following Monday's crash. Morgan Stanley analysts today maintained an overweight rating on the stock."", 'Trump Says Will Expand Medicare Telehealth Service Offers, Working With Skype, Apple For FaceTime', 'Jefferies Reiterates Buy on Apple, Lowers Price Target to $320', '10 Biggest Price Target Changes For Tuesday', 'Morgan Stanley Maintains Overweight on Apple, Lowers Price Target to $328', 'A Peek Into The Markets: US Stock Futures Gain Ahead Of Economic Reports', 'Apple Hit With $1.2B Fine By French Antitrust Authorities', '110 Biggest Movers From Yesterday', ""So-Called 'MAGA' Stocks Lose $1T Market Value In A Single Day"", 'NBCUniversal Releases Movies On-Demand Same Time As Theaters Due To Coronavirus']",12
AAPL,2020-03-18,"['Oil Giants Persist In Paradoxical Behavior, But They Can Afford It', 'Travel, Airline Stocks In Focus Amid Fresh Weakness; Amazon To Hire 100,000 Workers', 'Shares of several technology, software and semiconductor companies are trading lower as equities sell off amid continued global coronavirus concerns. The virus has caused global economic disruption and negatively impacted stocks across sectors.', 'Apple Unveils New iPad Pro And New MacBook Air']",4
AAPL,2020-03-19,"['Will Big Tech Come To The Rescue Against COVID-19?', 'Canaccord Genuity Maintains Buy on Apple, Lowers Price Target to $300']",2
AAPL,2020-03-20,"['Shares of several technology companies are trading higher. Market strength has been attributed to strong containment measures taken by California, rebound in oil, central bank actions and expectations of increased technology usage amid the virus outbreak.', 'Apple Limits Online iPhone Purchases To Two After Closing All Stores Outside China']",2
AAPL,2020-03-21,"[""Barron's Picks And Pans: Big Tech Picks, Bank Stocks Large and Small And More""]",1
AAPL,2020-03-23,"['Twitter Expects Q1 Operating Loss As Pandemic Hurts Ad Sales', ""Foxconn Has Secured Enough Workers To Meet 'Seasonal Demand' At All Major Chinese Plants"", ""Shares of some technology companies are trading lower amid market volatility. Sunday's fiscal stimulus bill failed a procedural senate vote while the Fed on Monday announced stimulus measures. NOTE: Sector is mixed, with some names up for the session."", 'Nomura Instinet Maintains Neutral on Apple, Lowers Price Target to $225', 'How Tim Cook, Mark Zuckerberg And Other Tech CEOs Are Helping Fight The Global Pandemic', '3 ETFs To Short The Dow', 'Apple Dropped Two-device Limit on Online Purchases of iPhones', 'Cisco Pledges $225M To Fight Global Coronavirus Pandemic']",8
AAPL,2020-03-24,"[""'Apple Expects to Start Reopening Stores in First Half of April' -Bloomberg"", 'Apple Expects Stores To Start Re-Opening In First Half On April', 'Apple Store Closures Could Leave Some Device Owners In The Lurch: Report', ""75 Stocks Moving In Tuesday's Mid-Day Session"", 'Rise In Semiconductor, Cloud Computing Stocks Could Set Tone For Broader Economy', 'Shares of several technology companies are trading higher amid market strength on hopes of a US economic stimulus package agreement.', ""26 Stocks Moving in Tuesday's Pre-Market Session""]",7
AAPL,2020-03-25,"['Tim Cook Announces Apple 10M Masks Donation To US Health Workers', 'Apple Shares Tank As Report Says New iPhone Launch Could Be Moved To Next Year', ""'Apple weighs delaying 5G iPhone launch by months, sources say' -Nikkei"", ""Apple's Tim Cook Says Has Been Able To 'Source 10M masks for the US and millions more' For Regions In Europe, Says ' Our ops teams are helping to find and purchase masks from our supply chain in coordination with governments around the world.'"", 'COVID-19 Crisis Could Make Big Tech Even Stronger', 'Tesla, Wayfair And Other Profitable Short Trades Could Get A Short Covering Boost', ""'Huawei is set to release its #P40 phone series on Thursday, a move that analysts predicted could help push up its phone shipments and even surpass major counterpart @Apple in the short term' -Tweet From China's Global Times Biz"", 'Airline Shares Jump As Stimulus Agreement Offers Relief, While Nike Up On Earnings', 'A Peek Into The Markets: US Stock Futures Surge After Senate, White House Strike Deal On Coronavirus Stimulus Package', 'Apple Said to be Accelerating Production Relocation Outside China', 'Deutsche Bank Upgrades Apple to Buy, Announces $270 Price Target', '120 Biggest Movers From Yesterday']",12
AAPL,2020-03-26,['Roku Or Netflix – Which One Is Better In The Near Term?'],1
AAPL,2020-03-27,"[""Loup Ventures Says Believes Demand For 5G iPhone Will Be Initially Muted 'as it will reflect overall consumer demand in the fall which we expect to be soft'; Says Believes Apple Is 'One Of The Best Ways' To Invest In 5G Transformation"", ""Loup Ventures Says 'Taking the view that China production will remain stable (which can quickly change), the supply chain should be positioned to supply several million iPhones by the end of September, in line with supply for previous launches.'"", 'Loup Ventures Says Believes It Is Still Likely Apple Will Host A Fall 5G iPhone Launch; Notes China Manufacturing And Assembly, Including Some Apple Partners Are Starting To Ramp Up Production', 'For Some Companies, A Sliver Of Good News During COVID-19', ""'New #COVID19 screening app developed by @Apple, in partnership with @CDCgov, @fema and the @WhiteHouse #coronavirus task force.' -VOA's Steve Herman"", 'Regional Banks, Other Cyclicals Saw Buying Interest Yesterday Amid Stimulus Hopes', ""'Apple iPhone demand destruction 'intensifying,' says Cleveland Research' - Walter Bloomberg"", ""Shares of several technology, semiconductor, and software companies are trading lower as a potential sell-off from this week's strength. While US stimulus legislation has boosted economic optimism, demand concerns still exist amid the coronavirus."", ""1,000 Google Employees Volunteer To Help Expand Sister Company's Coronavirus Testing Program"", 'Apple PCB Suppliers Dismiss Speculation about 5G iPhone Delay', 'Huawei Releases Latest Flagship Phone Amid Global Coronavirus Lockdown', ""Trump Lashes Out At Washington, Michigan Governors For Pandemic Response: 'We Don't Like To See The Complaints'""]",12
AAPL,2020-03-28,['Options Trading: What Is It And How To Do It?'],1
AAPL,2020-03-29,['8 Best Investment Strategies During A Recession'],1
AAPL,2020-03-30,"['Ad Sales Decrease With Covid-19 But Digital Holds The Key', ""Shares of several technology companies are trading higher as equities continue to rise following last week's rebound amid US stimulus measures."", 'UBS Maintains Buy on Apple, Lowers Price Target to $290', ""Apple Supplier Foxconn's Profit Falls Nearly 25% Year-Over-Year: Report""]",4
AAPL,2020-03-31,"['Apple Acquires DarkSky, Weather App To Be Pulled From Android', 'What Google And Is Doing To Fight The Coronavirus', 'Apple Acquires Dark Sky Weather App', 'Strategist Channels His Inner Elsa, Says Apple Investors Need To Let It Go', 'Japan Display to Raise $200M by Selling Display Production Equipment to Overseas Client Said to be Apple']",5
AAPL,2020-04-01,"['Is Roku Above Other Streamers – A SWOT Approach', 'Hearing Apple, Goldman To Let Card Holders Defer April Payments', ""Apple Analyst Projects 'Multi-Quarter Impact' On iPhone Shipments From COVID-19 Pandemic"", 'Some Staples Stocks Bouncing Back After Sliding In Recent Rally As Caution Tightens Grip', 'Shares of several technology, semiconductor, and software companies are trading lower amid market weakness as macro concerns continue to grow as a result of the coronavirus pandemic. The White House said it expects a surge in cases over the next 2 weeks.', 'A Peek Into The Markets: US Stock Futures Tumble Ahead Of ADP, Manufacturing Reports', ""Here's How The 'MAGA' Tech Giant Stocks Performed In Q1""]",7
AAPL,2020-04-02,"['Coronavirus Outbreak Updated: Keep Up With The Latest Headlines', 'Credit Suisse Compiles List Of Corporations With Most And Least Cash', 'A Peek Into The Markets: US Stock Futures Gain, Jobless Claims In Focus', 'Amazon Offers Prime Video Purchases On iOS As Apple Foregoes 30% Third-Party Tax']",4
AAPL,2020-04-03,"['Roland Garros Is Giving Us Hope – Shall We Dare to Dream?', 'Morgan Stanley Maintains Overweight on Apple, Lowers Price Target to $298', 'Credit Suisse Maintains Neutral on Apple, Lowers Price Target to $260', 'Apple Accidentally Confirms Unreleased Product That Helps Users Find Lost Items', 'Apple Tells Staff U.S. Stores to Remain Closed Until Early May']",5
AAPL,2020-04-04,"['Apple Said to be Likely Buyer of AR/VR Company NextVR for ~$100M', ""Barron's Picks And Pans: Post-Pandemic Ideas, Safe Dividends And More""]",2
AAPL,2020-04-05,['Apple To Make 1M Face Shields Per Week For Coronavirus Health Workers'],1
AAPL,2020-04-06,"['3M, Trump Strike Deal To Import 166.5M Masks From China, Company To Continue To Supply Abroad', 'Investor Movement Index Summary: March 2020', ""Apple's iPhone 9 Launch Could Be Imminent"", 'Apple Rumored To Be Eyeing $100M Acquisition Of AR, VR Company NextVR', 'Apple shares are trading higher potentially due to the company announcing it would produce 1 million face shields per week for healthcare workers.']",5
AAPL,2020-04-07,"['Shares of several technology, semiconductor, and software companies are trading higher amid optimism that coronavirus cases in Asia are potentially easing. Global slowing cases could raise hopes of a sooner return to spending and economic activity.', 'Microsoft Hires ex-Apple Exec Caballero in Charge of Wireless for Hardware']",2
AAPL,2020-04-08,"['Disney Shares Climb 7% As Video On Demand Service Crosses 50M Subscribers', 'Netflix, YouTube, Disney+: Which Video Streaming Platform Do Teens Watch The Most?', 'The Show Must Go On – Event Industry Rising To The Challenge Of COVID-19', 'Global Payments Firm Papaya Global Publishes International COVID-19 Crisis Guides For Employers', 'Watching Apple Shares; Hearing Traders Circulating Word Of Earlier Article From China Publication Suggesting Apple Cut Orders From China Suppliers', 'Shares of several technology companies are trading higher amid overall market strength on optimism that US coronavirus cases could soon leveling off. NOTE: Some names in the sector have potentially benefited from recent work-at-home trends.', '10 Biggest Price Target Changes For Wednesday', 'JP Morgan Maintains Overweight on Apple, Lowers Price Target to $335', 'Hearing Piper Sandler Raised Apple Price Target From $260 To $300; Unconfirmed', 'iPhone Maker Foxconn To Produce Ventilators In US']",10
AAPL,2020-04-09,"['Communications Services Sector Earnings: When Staying In Becomes The Trend', 'Will FANG Lead The Market Rebound?', ""Apple At A 'Fork In The Road' As Disney+ Reports 50M Subscribers"", 'Nomura Maintains Neutral on Apple, Raises Price Target to $240', '2 Companies Well Positioned To Weather The Coronavirus Storm']",5
AAPL,2020-04-11,"[""Benzinga's Bulls And Bears Of The Week: Apple, Disney, Intel And More""]",1
AAPL,2020-04-12,"[""Apple's Stock Will Outperform Other FAANG Stocks In 2020, Long-Term Future 'Among The Brightest', Munster Says""]",1
AAPL,2020-04-13,"[""IDC Issues PC Report For Q1, Shows 'Sharp Decline in Q1 2020 Despite Increased Demand to Meet Remote Work and School Needs'"", 'Commentary: Why Supply Chains Are Weaker Than Their Weakest Link', 'Apple Reportedly Planning Major iPhone Design Overhaul For Fall Launches', 'Raymond James Maintains Outperform on Apple, Lowers Price Target to $305', 'Apple And Google Team Up To Build Bluetooth Solution To Tackle COVID-19 Pandemic', 'Bloomberg Reports iPhone 12 to Feature Redesigned Stainless Steel Chasis, Cheaper Homepod to be Out Later This Year']",6
AAPL,2020-04-14,"['Apple Makes Available Its Mobility Data To Aid In Coronavirus Efforts, Says Trends Tool From Apple Maps Can Help Mitigate Spread Of Virus', 'Apple shares are trading higher after it was reported the company shipped 2.5 million iPhones in China in March.', 'JPMorgan, Wells Fargo Earnings Lower Than Expected, But Positive Tone Helps Shares', 'Apple And Google Give Details On Their Joint Coronavirus Contact Tracing Tool', 'Apple Shipped 2.5M iPhones in China in March']",5
AAPL,2020-04-15,"['Software Rises Above Semiconductors And Hardware As Tech Heads Into Earnings Season', ""US Senator Blumenthal Says Apple, Google Have A 'Lot Of Work To Do' To Convince People Coronavirus Contact Tracing Will Not Violate Privacy"", ""Apple Ready To Launch 'iPhone 9'; Analyst Says Initial Sales Could Reach 25M Units"", ""Every Member Of Trump's 'Great American Economic Revival' Industry Groups"", ""BioXcel Therapeutics CEO Says Wearable Devices Are Another Tool To Combat Alzheimer's Agitation"", 'Apple Shares Unaffected Following Co. Press Release Highlighting Second-Generation iPhone SE, Starting At $399']",6
AAPL,2020-04-16,"[""Big Stocks Moving After Hours As Market Cheers Gilead, 'Reopening' Updates"", 'S&P 500 Futures Up 3.2% After Hours; Many Other Stocks Moving Higher With Futures; Investors Reacting Favorably To White Phase Guidelines On Reopening Economy', ""Apple's Tim Cook Tells Staff Mgmt. Is Unclear When Employees Will Be Able To Return To Offices, Says Offices Will Likely Have Temperature Checks, Social Distancing Efforts"", ""Comcast's Peacock Takes Well-Timed Flight"", 'Apple shares are trading higher after Deutsche Bank maintained its Buy rating on the stock and raised its price target from $270 to $285 per share.', 'Deutsche Bank Maintains Buy on Apple, Raises Price Target to $285', 'Morgan Stanley Misses On EPS, But Shows Strong Trading Results For Q1 As Banks Wrap Up', ""'Apple's only retail store in South Korea reopening April 18' -9to5Mac""]",8
AAPL,2020-04-17,"[""Gene Munster Dismisses Goldman's Apple Downgrade, Says Cupertino Has Long-Term Earnings Power"", 'Goldman Turns Bearish On Apple, Qualcomm, Projects 36% Drop In Q2 iPhone Sales', 'Big Earnings Day As Honeywell, Procter & Gamble, Schlumberger Among Those Reporting', ""'Apple supplier Foxconn steps up semiconductor plans with deal to build a new base in Qingdao' -South China Morning Post"", ""Benzinga's Top Upgrades, Downgrades For April 17, 2020"", ""UPDATE: Goldman Sachs Downgrades Apple To Sell, Lowers Target To $233 'as COVID-19 downturn drives reduced 2021 forecasts'"", '10 Biggest Price Target Changes For Friday', 'A Peek Into The Markets: US Stock Futures Signal Higher Start On Wall Street', 'Goldman Sachs Downgrades Apple to Sell, Lowers Price Target to $233', 'Apple Reopening Store In Seoul, First Outside China']",10
AAPL,2020-04-18,"[""'Options Action' Traders Weigh In On Apple, S&P 500, Crude Oil"", ""Smart Option Trading CEO On Gaining An Edge With Options: 'They Show The Overall Sentiment'""]",2
AAPL,2020-04-19,"['Bulls And Bears Of The Week: Caterpillar, Facebook, Microsoft And More']",1
AAPL,2020-04-20,"['Jerremy Newsome Shares The Rules For His Options Strategy', 'Coronavirus Sell-Off A Major Opportunity For Activist Investors', 'Halliburton, United, Among Key Names Reporting Results, With More Airlines Due Later In Week']",3
AAPL,2020-04-21,"['How Stable Are Their Networks? AT&T And Verizon Set To Release Q1 Earnings', 'Shares of several technology companies are trading lower amid overall market weakness following a collapse in oil prices. Oil has been negatively impacted by excess supply and low demand amid the coronavirus pandemic.', ""Tuesday's Market Minute: The Streaming Comeback Kid: Netflix"", 'Apple Shares Spike 1.5% Amid Nikkei Report Co. Aiming To Increase iPhone Output By 4% Through Mar.', 'Apple Likely to Defer New Airpods Pro Launch', 'Apple Services Now Available in More Countries Around the World']",6
AAPL,2020-04-22,"['Another Autonomous Trucking Startup Announces Layoffs', 'These Companies Could Rebound Sharply After The COVID-19 Crisis', 'Little Things Count: After Selloff To Start Week, A Bit of Light Arrives With Positive Earnings', 'Gene Munster Sees Apple And Tesla As Biggest Winners This Earnings Season']",4
AAPL,2020-04-23,"[""Apple Analyst Braces For 'Friday The 13th'-Like Q2, Says iPhone On Track"", 'Apple Reportedly Shifting Away From Intel, Will Make Its Own Mac Chips', ""Intel Shares Unaffected Following NY Post Article 'Apple to reportedly use its own chips for Macs instead of Intel's next year'"", '10 Biggest Price Target Changes For Thursday', 'Daiwa Capital Downgrades Apple to Outperform, Lowers Price Target to $297', 'Apple Acknowledges Security Flaw in iPhone, iPads That Hackers May Have Used To Steal Data For Years']",6
AAPL,2020-04-24,"['Nvidia Reportedly Eyeing 5nm Chips Even As Apple, AMD Ramp Up Orders', 'Apple Shares Unaffected As Hearing Trump Says He Spoke With Tim Cook, Trump Says Cook Believes Economy Will See V-Shaped Recovery', '10 Biggest Price Target Changes For Friday', 'Hearing Credit Suisse Asia Sees Apple Cutting iPhone Jul. To Sept. Production By 30% Given A Delay In Production Ramp For 2020 Models', 'Apple Says No Evidence That Hackers Exploited Vulnerability In iPhones, iPads To Steal Data', 'Apple Says No Evidence iPhone Mail Flaw Used Against Customers']",6
AAPL,2020-04-25,"['Bulls And Bears Of The Week: Amazon, Boeing, Disney, Netflix And More']",1
AAPL,2020-04-26,['Amazon Pilots Online Screening Of New Sellers During Pandemic'],1
AAPL,2020-04-27,"['How Large Apple Option Traders Are Positioning Ahead Of Earnings', ""3 Sector ETFs For This Week's Earnings Parade"", ""Raymond James Says 'We lowered our iPhone estimates 2 weeks ago to take into account the likelihood of slower sales, and we don't see a reason to change our estimates at this time'"", ""Raymond James On Reports Of Apple iPhone Delays Says 'Apple suppliers we spoke with hadn't seen changes yet'; Says 'Our conclusion is that AAPL is likely selectively notifying suppliers.'"", 'Will COVID-19 Accelerate The Adoption Of Autonomous Vehicles?', ""UPDATE: B of A Securities On Apple Notes 'Although AAPL could choose to not provide any guidance,we think AAPL could also provide a much wider than normal range to encapsulate the uncertainty of COVID-19'"", ""UPDATE: B of A Securities Reiterates Buy On Apple, Raises Target To $310 Notes 'To guide or not guide; that is the question'; Firm Expects 'AAPL to report F2Q well below consensus (not fully adjusted) and to guide well below consensus as well'"", 'SpotlightNews Informs Communities, Extends Helping Hand To Small Publishers', 'B of A Securities Earlier Reiterated Buy on Apple, Raised Price Target to $310', 'Morning Market Stats in 5 Minutes', 'Apple And Amazon Earnings, Fed Meeting Among Highlights In Busy Week Ahead', 'UPDATE: Apple Cut Number Of Flagship iPhone Units Being Produced Over Jul. To Dec. Period By As Much As 20%', 'Apple Shares Down 0.9% Since Earlier Dow Jones Report Co. Has Delayed Its Production Ramp Up For Flagship iPhones By About 1 Month', 'Apple Is Pushing Back New iPhone Production, WSJ Reports', ""Carter Worth And Mike Khouw's Apple Trade"", 'Global Smartphone Shipments to Fall to 1.15B Units in 2020']",16
AAPL,2020-04-28,"['Apple Earnings Ahead: Rough Quarter, iPhone Expectations And Getting Back To Business', 'Earnings Feast: Bring a Plate With Healthcare and Caterpillar in Morning, GOOGL And AMD Later']",2
AAPL,2020-04-29,"[""Shares of several technology companies are trading higher amid market strength following positive data from a study of Gilead's Remdesivir, which is being evaluated for coronavirus. A successful treatment could mean a sooner return to economic activity. NOTE: Some names may also be moving in sympathy following recent earnings from Google and some semiconductor companies."", 'Alphabet, Boeing Shares Get A Lift Following Earnings, While GE Falls Short', 'AT&T Is Hoping HBO Max Will Turn The Tide', 'Apple Adds Coronavirus Testing Sites To Maps In US']",4
AAPL,2020-04-30,"['TikTok Considers Launching Reality TV Show', 'Apple CEO Tim Cook: Store Traffic Not Back To Pre-COVID-19 Levels In China', 'Apple CFO Says Advertising Also To Be Affected By June Quarter', 'Apple CFO Says Apple Care And Advertising Will Be Affected In June Quarter', 'Apple CFO Expects Digital Services To Continue To Grow At Same Level Of Performance Seen In Mar., Qtr.; Says Expects Apple Care To Be Impacted During Jun. Qtr.', 'Apple CEO Tim Cook Says Austria, Australia Apple Stores To Reopen In 1 To 2 Weeks', 'Apple CEO, On TV+, Says Have Seen A Significant Uptick In Number Of People Who Are Viewing The Content As Well As The Engagement With Content', 'Apple CEO Tim Cook Sees Remote Work Sector Accelerating', ""Apple CEO: Our Products Are Even More Important In 'These Times'"", 'Apple CFO: The Core Of The Company Is Innovation, Will Continue To Invest In Product Pipeline', 'Apple CFO Says Due To Reduced Level Of Economic Activity, Services Like Apple Care And Advertising Have Been Impacted', 'Apple CFO Says Expects YoY Revenue Performance To Improve In Jun. Qtr', 'Apple CFO Says Liquidity Has Not Been Issue', 'Apple CEO Tim Cook: We Will Not Be Issuing Guidance For The Following Quarter', 'Apple CEO Tim Cook: We Envision iPad And Mac To Have Improving Year-Over-Year Performances In This Current Quarter', 'Apple CEO Tim Cook: Apple To Work With Google To Improve COVID-19 Contact Tracing', 'Apple CEO Tim Cook: Apple News Had 125M Users', 'Apple CEO Tim Cook: We Are Sourcing More Than 30M Masks For Employees Around The World', ""12 Stocks Moving In Thursday's After-Hours Session"", 'Apple Reports Big Q2 Earnings Beat, Driven By Record Services Revenue', 'Apple shares are trading higher after the company reported better-than-expected Q2 EPS and sales results. UPDATE: Shares have since reversed.', 'Apple CEO Tim Cook ""We are confident in our future and continue to make significant investments in all areas of our business to enrich our customers\' lives ... including our five-year commitment to contribute $350 billion to the United States Economy""', 'Apple Shares Trading Higher 2.3% Following Q2 Earnings', 'Apple Q2 iPhone Sales $28.962B, Mac Sales $5.351B, iPad $4.368B, Wearables, Home, Accessories $6.284B', 'Apple Q2 Americas Sales $25.473B, Europe $14.294B, Greater China $9.455B, Japan $5.206B, Rest Of Asia Pacific $3.885B', 'Apple Reports Q2 Service Revenue $13.348B, Up From $11.45B YoY', 'Apple CEO Tim Cook ""Despite COVID-19\'s unprecedented global impact, we\'re proud to report that Apple grew for the quarter, driven by an all-time record in Services and a quarterly record for Wearables""', 'Apple Q2 EPS $2.550 Beats $2.260 Estimate, Sales $58.300B Beat $54.540B Estimate', 'Watching Apple Shares Decline At Least 1% Head Of Earnings, Expected At 4:30', 'Morning Market Stats in 5 Minutes', 'Apple And Amazon Up To Bat this Afternoon As Investors Ponder Microsoft, Facebook Results', 'Mike Khouw Sees Unusual Options Activity In Apple', ""Benzinga Pro's Top 5 Stocks To Watch For Thurs., Apr. 30, 2020: AAPL, LVS, MRNA, IMKTA, CAPR"", 'A Peek Into The Markets: US Stock Futures Edge Higher Ahead Of Apple Earnings', '10 Stocks To Watch For April 30, 2020', 'Earnings Scheduled For April 30, 2020']",36
AAPL,2020-05-01,"['Amazon, Exxon Mobil Earnings Weigh On Market To Start New Month As Caution Steers The Wheel', 'VirnetX Shares Dip; Hearing Judge Has Ordered Retrial Regarding Damages In VirnetX vs Apple VPN On Demand Lawsuit', ""Apple Shows Signs Of Recovery From Coronavirus, Doesn't Shake Bulls With Lack Of Guidance"", ""UPDATE: Raymond James On Apple Notes 'and those who don't buy a phone this year will have a strong incentive to buy one next year, particularly with more complete 5G networks and our belief of a stronger 2021 iPhone feature set'"", ""UPDATE: Raymond James Maintains Outperform On Apple, Raises Target To $340 Notes 'our optimism for the stock is about 2021. We think upgrades to 5G are inevitable'"", ""UPDATE: Morgan Stanley On Apple Notes 'With increased confidence in the 5G iPhone launch and stretched iPhone replacement cycles, Apple remains top pick'"", ""UPDATE: Morgan Stanley Maintains Overweight On Apple, Raises Tgt To $326 Notes 'While Apple pulled guidance, qualitative commentary leads us to raise our F3Q revenue estimate as demand improved in 2H of April and more stores will open before quarter-end'"", ""UPDATE: Cascend Reiterates Buy On Apple, Lowers Target To $325 Notes 'not providing guidance is worrying even as the company performs solidly in a difficult environment"", 'DA Davidson Maintains Buy on Apple, Lowers Price Target to $355', 'Canaccord Genuity Maintains Buy on Apple, Raises Price Target to $310', 'Nomura Instinet Maintains Neutral on Apple, Raises Price Target to $250', 'Disappointment From Amazon, Apple Weighs On Market As Investors Also Consider Energy Earnings', 'Apple shares are trading lower after the company reported revenue growth, which remained flat year over year.', 'UBS Maintains Buy on Apple, Raises Price Target to $325', '10 Biggest Price Target Changes For Friday', 'B of A Securities Reiterates Buy on Apple, Raises Price Target to $320', 'Raymond James Maintains Outperform on Apple, Raises Price Target to $340', 'Morgan Stanley Maintains Overweight on Apple, Raises Price Target to $326', ""32 Stocks Moving in Friday's Pre-Market Session"", 'JP Morgan Maintains Overweight on Apple, Raises Price Target to $350', 'Piper Sandler Maintains Overweight on Apple, Raises Price Target to $310', 'Cascend Maintains Buy on Apple, Lowers Price Target to $325', ""Hearing JP Morgan Added Apple Shares To Its Bullish 'Focus List'"", 'A Peek Into The Markets: US Stock Futures Point To A Lower Open', ""Apple, Huawei Each Captured a Higher Share of China's Smartphone Market in Q1, Says Canalys"", '8 Stocks To Watch For May 1, 2020', 'Apple Increased Smartphone Market Share In China In Q1 During Pandemic: Report', ""Apple Has 'Better Days Ahead,' Analysts Say After Q1 Earnings Beat""]",28
AAPL,2020-05-02,"[""Tim Cook On Warren Buffett: 'I Don't Think There's A Better Teacher'""]",1
AAPL,2020-05-04,"['Apple And Google Say No To Location Tracking In Coronavirus Contact Tracing Apps', ""'Apple raises more than $8 billion in bond offering' -Tweet From CNBC Now"", 'Apple Grows Smartphone Market Share Even As Overall Market Declines At Record Pace', 'Hearing Apple To Reopen Stores Starting Friday, Region Not Specified', ""GM, Disney In Focus Along With Friday's Payrolls Data As Stocks Appear Shaky To Start New Week"", 'Apple Announces Updated MacBook Pro Offering 10th Generation Processor For Up To 80% Faster Graphics Performance; Starting At $1,299 And $1,199 For Education', 'Apple Inc Files Prospectus Supplement Related To A Potential Four-Part Notes Offering']",7
AAPL,2020-05-05,"[""What Apple's WWDC 2020 Invite Says About This Year's Virtual Presentation"", 'Charles Schwab Launches Fractional Shares, The Ability To Gift Stock', 'Apple to Host Virtual Worldwide Developers Conference Beginning June 22', 'Disney, Beyond Meat And Video Game Makers All Set To Report As Firm Tone Continues', 'Apple Capitalizes On Plunge In Yields, Issues Cheapest Bonds In Years', 'Apple Files Final Pricing Term Sheet For Offering Of $2B 0.750% Notes Due 2023']",6
AAPL,2020-05-06,"['A Low-Cost, FAAMNG-Heavy ETF For May', 'A Recap Of Social Media Earnings', 'GM, Disney, Beyond Meat Results In Focus, With GM And BYND Getting Early Lift', ""'Microsoft is releasing its new AirPods rival after months of delays — and it's even cheaper than expected' -Recent Business Insider Article"", 'Apple Chassis Maker Catcher Said to be Considering Leaving China to Open Factories in SouthEast Asia']",5
AAPL,2020-05-08,"['Apple Option Alert: May 15 $315 Calls Sweep (52) near the Ask: 354 @ $2.154 vs 6982 OI; Ref=$309.45', 'Apple To Give Masks To Customers Inside Retail Stores, Company To Let Customers Choose Product Pick Up Times Online', 'Apple Says Social-Distancing Guidelines Will Limit Number Of Customers In Stores, May Create Delays For Walk-In Customers', 'Apple To Reopen Small Number Of U.S. Stores In Idaho, South Carolina, Alabama And Alaska Starting Next Week; Says It Will Require Customers To Wear Masks, Undergo Temperature Checks Before Entering Stores', 'Apple To Reopen Germany Retail Stores May 11', 'Along With Dramatic Jobs Data, Investors Scrutinize Recent Earnings From Uber, Square', ""Spotify CEO's Apple Barb Backfires As Sonos Points Out The 'Solid Irony'""]",7
AAPL,2020-05-09,"[""Barron's Picks And Pans: Boyd Gaming, Domino's Pizza, Exxon And More""]",1
AAPL,2020-05-11,"['Cruise Line Earnings Later This Week Could Provide Insight On Brutal Quarter For Industry', ""Trump, Intel, TSMC Plan US 'Self-Sufficiency' In Semiconductors As Coronavirus Gives Supply-Chain Scare""]",2
AAPL,2020-05-12,"['Apple Plans for More Workers to Go Back to Offices Over Months', '""Stay at Home"" Stocks Still Rule the Roost as Nvidia, Microsoft, Apple Start Week Firmly', 'Caution Ahead: Biggest Blue-Chips Seek Change, Innovation Post-COVID-19', ""Analyst Polishes Apple Price Target On 'Teflon-Like' Services, iPhone 12 Outlook"", 'Wedbush Maintains Outperform on Apple, Raises Price Target to $350', 'Apple Unveils Update To Logic Pro', 'Not Just Fun And Games: How Esports Could Offer Potential Investment Opportunities', 'Disney Plans Another Bonds Offering With A Six-Part Deal']",8
AAPL,2020-05-13,"['Apple Plans To Bring Employees Back To Office Even As Tech Peers Hold Off', ""Retail Pro Says Giants Like Amazon, Walmart Will Prevail After Coronavirus: 'It's Not Fair'"", 'Apple Encourages Chinese Tech Company To Rival Foxconn, Aims To Foster Competition']",3
AAPL,2020-05-14,"['Taiwanese Apple Supplier TSMC To Build $12B US Chip Factory After Months Of Pressure From Trump Administration', 'Apple Confirms Acquisition Of Virtual Reality Startup NextVR', ""'Apple supplier TSMC is reportedly building an Arizona chip plant' -The Verge"", ""'Apple's computerized glasses won't be ready until 2022 'at the earliest,' top analyst says' -CNBC Article"", 'The Mixed Sony Effect', ""Report: FBI Seizes Sen. Richard Burr's Phone In Investigation Of Coronavirus Stock Sell-Off""]",6
AAPL,2020-05-15,"[""13F From Buffett's Berkshire Shows Maintained Stake In Apple"", 'US To Block Shipments Of Semiconductors To Huawei: Report', 'Quick Retreat: Impressive Thursday Turnaround Halted in Its Tracks Amid Fresh Trade Tiff', 'Apple shares are trading lower on reports the company is among those China could retaliate against after the US announced it will block chip shipments from Huawei.', ""China's Global Times Mentions Qualcomm, Cisco, Apple And Boeing As 'four companies named by Chinese sources as possible targets for retaliation amid US moves against China's Huawei'"", 'A Peek Into The Markets: US Stock Futures Up Ahead Of Economic Reports', 'Amazon To Manufacture Face Shields And Sell Them At Cost']",7
AAPL,2020-05-16,"['Ubisoft Sues Apple, Google Over Alibaba\'s Rainbow Six ""Ripoff""']",1
AAPL,2020-05-17,"[""Barron's Picks And Pans: Cisco, Gilead, Netflix, Wayfair And More""]",1
AAPL,2020-05-18,"[""Here's How Much Investing $1,000 In The 2015 Fitbit IPO Would Be Worth Today"", 'More Than 25 US Apple Stores To Reopen, 100 Now Open Around The World']",2
AAPL,2020-05-19,"['Telemedicine A COVID-19 Winner', 'Walmart Earnings Look Strong Across the Board, But Home Depot Down After Missing on EPS', 'Sony To Convert Its Financial Subsidiary Into Wholly Owned Unit Through $3.7B Tender Offer', ""'Apple buys older shows for TV+, stepping up Netflix challenge' -Earlier SCMP Report""]",4
AAPL,2020-05-20,"[""Apple's Face ID Will Allow Mask Wearing Users To Unlock Their Phones Quickly"", ""'COVID-19 exposure notification settings begin to go live for iOS users with new update' -TechCrunch"", 'Facebook Plans To Resume Work In Office In July At 25% Capacity And Safety Measures In Place', 'A Peek Into The Markets: US Stock Futures Climb Ahead Of Earnings, Fed Minutes', 'Why Sony Sold Streaming Rights For Tom Hanks Movie To Apple Instead Of Waiting Out The Pandemic', 'Smartphone Sales Picking up in China', 'Apple Looking To Diversify Its Manufacturing Base, Will Make Headphones In Vietnam']",7
AAPL,2020-05-21,"['Apple Is Seeking An Executive To Lead Original Podcast Effort, Is Buying Original Podcasts That Would Be Exclusive; New Podcasts Will Help Promote TV+ Video Service', 'Evercore ISI Analyst Amit DAryanani Says Apple Can Exceed $100 Billion In Services Revenue In The Fiscal Year Ending In September 2024', 'Apple Vs. Tesla: Morgan Stanley Breaks Down The Parallels', 'As The Global Economy Weighs Fears Of A Recession, Travel Is Already In A Depression', 'Hearing Evercore ISI Raises Price Target On Apple From $330 To $345']",5
AAPL,2020-05-22,"[""The Secret to Tech's Resilience to COVID-19- Infrastructure Expansion""]",1
AAPL,2020-05-25,['Apple Expected to Incorporate Ambient Light Sensors in Next-generation Airpods Devices'],1
AAPL,2020-05-26,"[""Study: 34% Of Americans Report Looking Through Their Partner's Phone Without Permission"", 'Apple To Reopen ~100 More US Stores This Week', ""'FAANG Stocks Are Strong Once Again,' Facebook, Amazon, Netflix Hit Record Highs Last Week""]",3
AAPL,2020-05-27,"['Leidos Awarded $84.6M Payment from VirnetX Lawsuit vs Apple', 'The Most Popular Smartphone Model Of Q1', 'This New Tool Will Tell You Whether Or Not An Options Spread Is A Good Deal', 'B of A Securities Maintains Buy on Apple, Raises Price Target to $340', ""3 Apple Analysts Lift Price Targets: Why They're Optimistic On iPhone's Trajectory"", ""'LG reportedly supplying 20 million OLED panels for 'iPhone 12 Max'' -AppleInsider"", 'Same Old Leadership Song Lifts These Leveraged ETFs', 'Deutsche Bank Maintains Buy on Apple, Raises Price Target to $320', 'YouTube Makes Its Dedicated Children App Available On Apple TV', 'Samsung Display Secures Majority of Panel Orders for Next-gen iPhone', 'The Topsy-Turvy S&P 500 Earnings Picture']",11
AAPL,2020-05-28,"[""Trump's Executive Order To Expose Social Media To Lawsuits Over Content Policies"", 'Costco Earnings On Tap After Close As Investors Mull Strong Toll Brothers Results', ""Martin Scorsese's Next Movie Will Be Financed By Apple: Report"", ""Tech Companies Aren't 'State Actors,' Judge Dismisses Conservative Bias Lawsuit Against Facebook, Twitter, Google, Apple"", 'The Momentum Trade Driving Stocks Higher May Be About To Snap', ""Tweedy Browne's —…—… Annual Letter to Shareholders"", 'Kroger: Capital Preservation and More at a Good Price', 'Tredje AP-fonden Buys Microsoft Corp, Amazon.com Inc, Apple Inc, Sells iShares U.S. ...', 'The Zacks Analyst Blog Highlights: Apple, Exxon Mobil, Cisco System and Chevron', 'Growth Stocks for 2020: Trading Tech Stocks + FANG Stocks', 'Stocks Are Struggling To Post Gains On May 28 Ahead Of Initial Claims', 'Swiss National Bank Ready To Buy Much More Tech Stocks To Weaken The Franc']",12
AAPL,2020-05-29,"['Costco Shares Come Under Pressure Despite Strong Earnings, Same-Store Sales', 'DXC Technology (DXC) Q4 Earnings Top Estimates, Revenues Miss', ""Marvell's (MRVL) Q1 Earnings & Revenues Surpass Estimates"", 'Dolby (DLB) Rolls Out Interactive Platform for Developers', 'Remote Working Boosts Peripherals, PC Sales: 4 Stocks to Buy', '4 Stocks to Watch as Dow Breezes Past 25,000 Points']",6
AAPL,2020-05-30,"['A Confused Goldman No Longer Expects S&P To Drop To 2,400 But Sees No Market Upside Either', 'Market Breaks Above 200-DMA - Is The Bull Back?', 'Market Setup With Phenomenal Risk/Reward', 'The ""Smart Money"" Continues To Sell Stocks And Buy Gold, As Retail Investors Go Berserk', 'Casino Closed', 'Casino Closed, Markets Open']",6
AAPL,2020-05-31,"['Amazon, Apple, Walmart, Other Retailers Shutter Stores, Scale Back Operations In Areas Worst Hit With Protests', 'Apple Says With Health and Safety of Its Teams in Mind, Decided to Keep Number of Its Stores in the U.S. Closed on Sunday', ""Apple CEO Writes To Employees About George Floyd Death, Urges For 'Better, More Just World For Everyone'"", 'First the Deflationary Deluge of Assets Crashing, Then the Tsunami of Inflation', 'Market Briefing For Monday, June 1', 'Five Monster Stock Market Predictions For The Week Of June 1', ""Buybacks Are Back: Here's Who Is Repurchasing The Most Stocks"", 'Covered Call Backtest']",8
AAPL,2020-06-01,"['Apple Cuts iPhone Prices in China To Push Sales As Country Reopens Economy', 'Gun, Security Stocks Trade Higher After Weekend Protests Turn Violent And Destructive', ""Carter Worth And Mike Khouw's Apple Trade"", ""Apple Pays Hacker From India $100,000 For Discovering Serious 'Sign In With Apple' Vulnerability"", 'Volume Production of New iPhone Models to Begin in Q3 2020', ""Apple CEO Writes To Employees About George Floyd Death, Urges For 'Better, More Just World For Everyone'"", 'All Eyes on Market Volatility', ""Warren Buffett's Berkshire Hathaway Turns Up Stake in Liberty SiriusXM"", 'COVID 2.0?']",9
AAPL,2020-06-02,"[""'Apple is tracking iPhones stolen by looters' -Earlier NY Post Article"", 'MoneyGram Shares Jump 50% As Western Union Reportedly Looks For Acquisition', ""Hearing Susquehanna Check Suggests Total iPhone 12 Builds Tracking To 10M, Below Firm's Expectation Of 25M; Unconfirmed"", ""Tesla CEO Musk Says Other Three Officers Should Be Charged In Floyd's Murder Case"", 'A Peek Into The Markets: US Stock Futures Up; Crude Oil Rises Over 2%', ""Pepper Spray, Books On Racism, 'I Can't Breathe' Merchandise Are Top Sellers On Amazon As Protests Rage"", 'American Pie', 'Tech Giants Dare Antitrust Deal Watchdogs', 'MoneyGram Shares Jump 50% As Western Union Reportedly Looks For Acquisition']",9
AAPL,2020-06-09,"['Big Tech Reaches New Record Heights At The Stock Market', ""Why Apple's Stock Is Trading Higher Today"", 'Apple Could Announce In-House Chips For Macs At WWDC: Report', 'Apple shares are trading higher despite market weakness, not currently seeing company-specific news. It was reported the company is expected to begin iPhone 12 production in July.', ""Sonos Shares Spike To Session High, Now Up 9.5%, As Citron's Andrew Left, Currently Interviewing On FOX Business, Said Co. Could Be Acquired By Apple Or Amazon""]",5
AAPL,2020-06-10,"['Tech Stocks And FAANGS Strong Again To Start Day As Market Awaits Fed', '10 Biggest Price Target Changes For Wednesday', ""Benzinga Pro's Top 5 Stocks To Watch For Wed., Jun. 10, 2020: AAPL, BAC, NIO, SONO, GLW"", 'Deutsche Bank Maintains Buy on Apple, Raises Price Target to $350', 'Apple To Let Users Trade In Their Mac Computers For Credit At US, Canada Stores: Report']",5
AMZN,2020-04-27,"[""'Fast Money' Traders Share Their Thoughts On Alibaba, Peloton And More"", ""3 Sector ETFs For This Week's Earnings Parade"", 'Amazon Statement Shows Co. Extends Closure Of French Warehouses Til May 5', 'Will COVID-19 Accelerate The Adoption Of Autonomous Vehicles?', 'SunTrust Robinson Humphrey Maintains Buy on Amazon.com, Raises Price Target to $2770', 'Apple And Amazon Earnings, Fed Meeting Among Highlights In Busy Week Ahead']",6
AMZN,2020-04-28,"[""Netflix Working On 'Social Distance,' A New Show From The Maker Of 'Orange Is The New Black'"", 'UPS Faces Mix/Margin Challenges As COVID-19 Skews Shipping Choices', 'A Coronavirus Department Store Pair Trade Idea To Mitigate Risk', 'Oscar Organizers To Allow Films Released On Streaming Platforms To Be Eligible For 2021 Academic Awards', ""Amazon, Walmart Shares Unaffected Following Earlier Article From The Intercept 'As Amazon, Walmart, Others Profit Amid Coronavirus Crisis, Their Essential Workers Plan Unprecedented Strike'"", 'Amazon shares are trading lower. Weakness potentially related to selloff following recent momentum, reopening of physical stores in some US states and potential US anti-competition investigation into co.', 'UPDATE: Feinseth Also Notes Anticompetition Concerns With Allegations Of Co. Potentially Using Sales Data To Create Preferred Pricing, Mentions News Of Judiciary Committee Calling For Investigation Into Co.', ""UPDATE: Feinseth Tells Benzinga 'There are also concerns that the results may not be strong enough and could be risk to guidance that could cause a selloff when the company reports its results after the close on Thursday'"", ""Tigress Financial Analyst Ivan Feinseth On Amazon Weakness Notes 'The stock has had an incredible run making new all-time highs in a difficult market' as Co. 'has benefited from being the place to go to during the shelter in place lockdown'"", 'Blue Chip Stocks Resisting COVID-19', 'Earnings Feast: Bring a Plate With Healthcare and Caterpillar in Morning, GOOGL And AMD Later', 'Amazon Introduces One-Year Free Subscription For Its Food Network Kitchen App', 'Amazon May Have Violated Labor And Whistleblower Laws, New York Preliminary Investigation Says', 'Seeing Reports Of Sheeting Investigation Outside Amazon Fulfillment Center', 'Senator Josh Hawley Is Requesting the DOJ Open a Criminal Antitrust Investigation Into Amazon', ""New York AG Raises Concerns about Amazon's Pandemic Safety Practices""]",16
AMZN,2020-04-29,"[""Twitch's New Esports Directory Will Highlight Live Tournaments"", 'Overwatch Champion Sinatraa Retires From League, Joins Sentinels VALORANT Roster', ""Amazon Responds To 'Wrongful Inclusion' On Notorious Markets List"", 'Today Pickup: Canadian Freight Recovers Off Lows', 'PreMarket Prep Stock Of The Day: Blue Apron', 'Locked Down, Demand Up: Amazon Shines As Virus Economy Plays To Its Strengths', 'US Places 5 Amazon Foreign Web Sites On List Of Platforms Blamed For Facilitating Piracy, Action Being Sought By US Apparel, Footwear Trade Group', 'Ford Terminates Electric Vehicle Program With Rivian', 'Alphabet, Boeing Shares Get A Lift Following Earnings, While GE Falls Short', 'Amazon, NFL Report Renewal Of Exclusive Multi-Year Partnership To Delivery Live Digital Stream Of Thursday Night Football, Will Stream 11 Thursday Night Football Games By FOX', 'AT&T Is Hoping HBO Max Will Turn The Tide', ""Amazon Bought Cameras to Take Temperatures of Workers from U.S. Blacklisted China's Zhejiang Dahua Technology Co"", 'Three High-Quality Companies To Bet On In A Post-Coronavirus World', 'Poland Plans to Introduce a 1.5% Surcharge on the Revenue of Video-on-demand Platforms Such as Netflix', ""Zoom Uses Oracle's Cloud Computing Services To Handle Demand Surge During Pandemic""]",15
AMZN,2020-04-30,"['Fortnite World Cup 2020 Canceled, Hopes For Return Next Year', 'Amazon Says Seeing More Use Of Prime Video Benefits, Says Video Rentals Have Been Up', 'Amazon Says Increased Grocery Delivery Capacity By More Than 60%', 'Amazon Says Has Seen Lower Demand For Discretionary Products Such As Apparel, Shoes And Wireless Products', ""12 Stocks Moving In Thursday's After-Hours Session"", 'From Amazon Earnings Conference Call: Saw Big Increase In Grocery Sales In Mar.', 'From Amazon Earnings Conference Call: Large Portion Of $4B Will Be Spent On Impact To Productivity Of Social Distancing Practices In Warehouses, Increased Wages, Overtime For Workers', 'From Amazon Earnings Conference Call: Sees Investing $1B In Coronavirus-Testing Capability In 2020', ""3 Analyst Takes On eBay After 'Big Improvement' In Q1"", 'Amazon Reports Mixed Q1 Earnings, Plans To Spend $4B On Coronavirus-Related Expenses', '\'If you\'re a shareowner of Amazon, you may want to take a seat,"" Jeff Bezos says in earnings release. We expect to spend $4 billion on COVID-related expenses.""\' -Tweet From Bloomberg\'s Jon Erlichman', ""After Hours Stocks We're Watching: AMZN, WDC, AMGN, GILD, V, SKY, LOCO"", 'Amazon shares are trading lower after the company reported worse-than-expected Q1 EPS results.', 'Amazon Sees Q2 Sales $75B-$81B', 'Amazon.com Q1 EPS $5.010 Misses $6.250 Estimate, Sales $75.500B Beat $73.610B Estimate', 'Blue Origin, SpaceX Land NASA Deal', ""'Jeff Bezos and Elon Musk win contracts for spacecraft to land NASA astronauts on the moon'"", ""Amazon shares are trading higher, potentially in anticipation of the company's Q1 earnings report after the close today. The coronavirus outbreak has been seen as a potential positive catalyst for online retailers due to physical store closings globally."", ""FaZe Clan's Ewok Partners With HyperX As Brand Ambassador"", 'Morning Market Stats in 5 Minutes', 'Apple And Amazon Up To Bat this Afternoon As Investors Ponder Microsoft, Facebook Results', 'Express Shares Rebound From Session Low, Spike ~25% Following Circulation Of TheDeal.com Chatter Amazon Could Be Interested In Co.', 'Citigroup Maintains Buy on Amazon.com, Raises Price Target to $2700', ""3 ETFs To Buy For Amazon's Earnings"", 'A Peek Into The Markets: US Stock Futures Edge Higher Ahead Of Apple Earnings', '10 Stocks To Watch For April 30, 2020', 'Earnings Scheduled For April 30, 2020']",27
AMZN,2020-05-01,"['Amazon, Exxon Mobil Earnings Weigh On Market To Start New Month As Caution Steers The Wheel', 'Mid-Afternoon Market Update: Dow Tumbles Over 600 Points; International Money Express Shares Climb', ""Today's Pickup: Amazon, Walmart, Instacart Workers To Hold May Day Walkout"", 'SunTrust Robinson Humphrey Maintains Buy on Amazon.com, Lowers Price Target to $2700', ""58 Stocks Moving In Friday's Mid-Day Session"", 'Mid-Day Market Update: Hub Group Slides On Downbeat Q1 Results; Medigus Share Jump', 'Amazon Analysts React To Q1 Earnings: Stock Sell-Off Is Short-Sighted', 'JMP Securities Maintains Market Outperform on Amazon.com, Raises Price Target to $2850', 'UPDATE: Raymond James Maintains Outperform On Amazon, Raises Target To $2,525 As Firm Cites 4 Reasons:', 'Canaccord Genuity Maintains Buy on Amazon.com, Raises Price Target to $2750', 'Guggenheim Maintains Buy on Amazon.com, Raises Price Target to $2700', ""UPDATE: Morgan Stanley On Amazon Notes 'Moreover, efficiency/scale gains are driving EBIT too, which AMZN is wisely investing in safety, a next competitive edge. PT to $2,600, Bull case $3,200. Remains top pick'"", ""UPDATE: Morgan Stanley Maintains Overweight On Amazon, Raises Target To $2,600 Notes 'Accelerating growth and consumer demand still outpacing AMZN's network capacity speak to the structural share gains afoot'"", 'Benchmark Maintains Buy on Amazon.com, Raises Price Target to $2650', 'BMO Capital Maintains Outperform on Amazon.com, Raises Price Target to $2850', ""UPDATE: Judiciary Panel Says Will Investigate Related To Amazon 'Possibly Criminally False, Perjurious' Statements By Co. About Business Practices"", ""UPDATE: Judiciary Panel Says Will Investigate Related To Amazon 'Possibly Criminally False, Perjurious' Statements By Co. About Business Practices"", 'Morning Market Stats in 5 Minutes', ""UPDATE: House Judiciary Panel Wants To Know About Amazon's Private-Label Practices"", 'Amazon Shares Largely Unaffected As House Judiciary Committee Has Called On Jeff Bezos To Testify After Co. Reportedly Mislead Congress', 'Mid-Morning Market Update: Markets Open Lower; Amazon Posts Mixed Q1 Results', 'Disappointment From Amazon, Apple Weighs On Market As Investors Also Consider Energy Earnings', 'US Billionaires Add $406B To Collective Wealth While More Than 30M People Lose Jobs During Pandemic', 'UBS Maintains Buy on Amazon.com, Raises Price Target to $3000', 'MKM Partners Maintains Buy on Amazon.com, Raises Price Target to $2525', '10 Biggest Price Target Changes For Friday', 'B of A Securities Reiterates Buy on Amazon.com, Raises Price Target to $2600', 'Credit Suisse Maintains Outperform on Amazon.com, Lowers Price Target to $2760', 'Cramer Weighs In On Cracker Barrel, UPS And More', 'Susquehanna Maintains Positive on Amazon.com, Raises Price Target to $3000', 'Raymond James Maintains Outperform on Amazon.com, Raises Price Target to $2525', 'Morgan Stanley Maintains Overweight on Amazon.com, Raises Price Target to $2600', 'Amazon shares are trading lower after the company reported worse-than-expected Q1 EPS results. The company also expects to spend $4 billion on COVID-related expenses.', ""32 Stocks Moving in Friday's Pre-Market Session"", 'Pivotal Research Maintains Buy on Amazon.com, Raises Price Target to $2700', 'Mizuho Maintains Buy on Amazon.com, Raises Price Target to $2550', 'RBC Capital Maintains Outperform on Amazon.com, Raises Price Target to $2700', 'KeyBanc Maintains Overweight on Amazon.com, Raises Price Target to $2700', 'A Peek Into The Markets: US Stock Futures Point To A Lower Open', '8 Stocks To Watch For May 1, 2020', ""Apple Has 'Better Days Ahead,' Analysts Say After Q1 Earnings Beat""]",41
AMZN,2020-05-02,"[""How Amazon Web Services Stacked Up Against Microsoft's Azure"", ""Warren Buffett Says There's No Bubble In FANG Stocks, But He's Still Not Buying""]",2
AMZN,2020-05-03,"[""Benzinga's Bulls And Bears Of The Week: Ford, Gilead, Microsoft, Intel And More""]",1
AMZN,2020-05-04,"['YouTube Signs Gamer PewDiePie To Exclusive Streaming Deal', 'YouTube Signs Gamer PewDiePie to Live Streaming Deal', 'Amazon Plans To Extend Closure Of French Warehouses Until May 8', ""GM, Disney In Focus Along With Friday's Payrolls Data As Stocks Appear Shaky To Start New Week"", '4 Sector ETFs For May: 2 To Buy, 2 To Avoid', '98 Biggest Movers From Friday']",6
AMZN,2020-05-05,"['Stifel Downgrades Wayfair After Q1 Print, Says Coronavirus Sales Surge Will Dissipate', ""'An Amazon warehouse worker in New York has died of COVID-19' -The Verge"", 'Charles Schwab Launches Fractional Shares, The Ability To Gift Stock', ""Today's Pickup: Idelic Integrates Samsara ELD, Camera Data Into Platform"", 'PreMarket Prep Stock Of The Day: Chegg Inc.', 'U.S. Immigration And Customs Working With 3M, Amazon, Pfizer & Others To Curtail Imports Of Counterfeit Masks, Coronavirus Tests, Other Gear', 'Retail Sector Preview: Pandemic Pits E-Commerce Giant Amazon Against Big Box Stores, Mall Outlets', 'Disney, Beyond Meat And Video Game Makers All Set To Report As Firm Tone Continues']",8
AMZN,2020-05-06,"['A Low-Cost, FAAMNG-Heavy ETF For May', 'Webull Leverages Crisis To Spur Innovation, Financial Wellness', 'Coronavirus Drives Surge In Online Grocery Penetration For Players Like Amazon Prime Now, Walmart', ""Amazon's Brokerage Operation Goes National"", 'eBay Reported An Amazing Quarter, But Is It Enough?', 'Amazon Emerges As The Winner Of The COVID-19 Outbreak', 'A Recap Of Social Media Earnings', 'GM, Disney, Beyond Meat Results In Focus, With GM And BYND Getting Early Lift', 'Amid COVID Outbreak, Freighter Demand Boosts ATSG In Q1']",9
AMZN,2020-05-07,"['Former XPO Executive Tapped To Head US Postal Service', 'Amazon Says Planning To Prolong Closure Of French Warehouses Until May 13', ""'Cramer: Coronavirus could propel plant-based Beyond Meat into a giant like Amazon or Facebook' -CNBC Article"", ""Amazon Weighs Direct Investment in India's Future Retail""]",4
AMZN,2020-05-08,"['Along With Dramatic Jobs Data, Investors Scrutinize Recent Earnings From Uber, Square', ""Vista Equity Invests $1.5B In India's Jio Platforms, Joining Facebook, Silver Lake As Stakeholders""]",2
AMZN,2020-05-09,"[""Barron's Picks And Pans: Boyd Gaming, Domino's Pizza, Exxon And More""]",1
AMZN,2020-05-10,"['Amazon Worker Claims At Least 600 Employees Struck By COVID-19, Six Dead']",1
AMZN,2020-05-11,"['3 Soaring Cloud Computing ETFs', ""'A Movie Studio Could Buy AMC, Even if Amazon Isn't Interested' -Barron's Article"", ""'Amazon needs movies more than a multiplex' -BNN Bloomberg; Mentions 'Lions Gate Entertainment Corp., ViacomCBS Inc.'s Paramount Pictures, Sony Pictures and Metro-Goldwyn-Mayer Inc. are all options and may be willing sellers'"", 'PreMarket Prep Stock Of The Day: AMC Entertainment', 'Amazon Might Be Looking To Buy Struggling AMC Theaters: Report', 'AMC Shares Fall To Session Low, Still Up 30% For Session; Traders Circulate Deadline Article Suggesting Co. Sources Say No Talks With Amazon Happening', ""AMC Shares Largely Unaffected As Traders Circulate Word CNBC's David Faber Questioned Amazon Rumor"", 'Shares Of AMC Up 71% Pre-Market After Traders Circulate Daily Mail Report That Amazon Is In Talks With Odeon Cinemas, Which AMC Owns', ""Benzinga Pro's Top 5 Stocks To Watch For Mon., May 11, 2020: SNE, CNK, MRNA, WORK, KMX"", ""Daily Mail, Citing Sources, Reports Amazon Is 'Circling' AMC Theaters, Says 'The duo are said to have held talks about a potential takeover of AMC by Amazon'"", 'Former Google CEO Eric Schmidt Cut Last Ties With The Company: Report']",11
AMZN,2020-05-12,"[""Here's What Kara Swisher And Chamath Palihapitiya Think About Elon Musk's Threats To Leave California"", 'Caution Ahead: Biggest Blue-Chips Seek Change, Innovation Post-COVID-19', ""AMC's Stock Still In The Spotlight As Wall Street Digests Amazon Rumor"", 'PreMarket Prep Stock Of The Day: Simon Property Group', 'Amazon Shares Unaffected Amid Report Coalition Of 13 US Attorney Generals Have Asked Co. To Provide Data About Infections, Deaths Among Its Workers, Evidence Co Is In Compliance With State Paid Sick Leave Laws', 'Amazon Air Picks San Bernardino Airport For Western Hub', 'Not Just Fun And Games: How Esports Could Offer Potential Investment Opportunities', ""With This NASDAQ-100 Soaring, Don't Forget This ETF"", 'Amazon Releases AI-Based Enterprise Search Solution Kendra']",9
AMZN,2020-05-13,"[""Investor 'Bill Miller doesn't see market as 'dramatically overvalued,' says Amazon could double in 3 years' -Tweet From CNBC"", ""Retail Pro Says Giants Like Amazon, Walmart Will Prevail After Coronavirus: 'It's Not Fair'"", 'Amazon Extended Increased Hourly Pay Through May 30', 'Amazon To Extend Double Overtime Pay In US, Canada', 'What To Know About The Conflicting AMC Entertainment-AMC Networks Rumors', 'Financial Stocks Could Be In Focus Today After Powell Speech; Cisco Reports This Afternoon', '3 ETFs To Order Out With If Uber Buys GrubHub', 'Amazon to Extend France Warehouse Closures to May 18', 'Amazon Says One-Day Deliveries Of Non-Essential Goods To Restart In Coming Weeks']",9
AMZN,2020-05-14,"[""Today's Pickup: COVID-19 Gives Smaller e-Commerce Firms A Chance Against Amazon"", 'Commentary: Trade Flow And The Warning Flares It Signals', 'P/E Ratio Insights for Amazon.com', 'Hearing KeyBanc Saying Amazon Launched Common Threads Vogue Thurs. Morning', 'Amazon Calls For Federal Law Against Price Gouging During National Crises']",5
AMZN,2020-05-15,"[""13F For Buffett's Berkshire Shows Cut Stake In Amazon From 537.3K To ~533.3K Shares"", '13F From Appaloosa Shows Cut Stake In Amazon From 291.5K To 250K Shares', 'How Supply Chain Partners Can Help Drive The Triple Bottom Line', 'Hedge Fund Duquesne 13F Shows Increased Stakes In Facebook, Alibaba, Netflix, Amazon, Google, Alnylman', 'USPS on horns of dilemma as it weighs parcel rate hikes', ""Here's How Much Investing $1,000 In Amazon's IPO Would Be Worth Today"", 'Quick Retreat: Impressive Thursday Turnaround Halted in Its Tracks Amid Fresh Trade Tiff', '3 ETFs With Big-Time Shopify Exposure', 'Mark Cuban On Consumer Demand, Small Businesses Dilemma And Market Uncertainty', 'A Peek Into The Markets: US Stock Futures Up Ahead Of Economic Reports', 'Amazon Said to be Looking at Additional Fairway Locations', 'Amazon To Manufacture Face Shields And Sell Them At Cost']",12
AMZN,2020-05-16,"['Q1 13F Roundup: How Buffett, Einhorn, Ackman And Others Adjusted Their Portfolios', ""Seth 'Scump' Abner Slams 'Call Of Duty: Modern Warfare,' Claims 'Warzone' Saved It""]",2
AMZN,2020-05-17,"[""Barron's Picks And Pans: Cisco, Gilead, Netflix, Wayfair And More""]",1
AMZN,2020-05-18,"['Walmart Earnings Ahead: Sales Figures May Offer Outlook For Spending During Coronavirus Lockdown', ""Does Amazon's Jeff Bezos Smoke Weed?"", 'Walmart, Target And Home Depot Among Major Retailers Set To Report Earnings In Days Ahead', 'Morning Market Stats in 5 Minutes', 'Already Soaring, This Online Retail ETF Has E-Commerce Trends In Its Favor', ""General Atlantic To Invest $871M In India's Jio Platform, Joining Facebook, Vista, Silver Lake As Stakeholders""]",6
AMZN,2020-05-19,"['Opinion: Is Amazon Really A Winner Of The Pandemic?', 'Amazon Announces New Fulfillment Center In Wilmington, Delaware', 'Walmart Earnings Look Strong Across the Board, But Home Depot Down After Missing on EPS', ""Women's Wear Daily On Monday Published Article 'Hear Amazon in Talks With Penney's'"", ""'Hear Amazon in Talks With Penney's' -Yesterday WWD Report"", ""Amazon Warehouse Workers In Seattle Area Can Now Have Access To Company's Virtual Medical Clinic""]",6
AMZN,2020-05-20,"[""Amazon Issues Press Release Highlighting 'Crucible,' Its Free-To-Play Shooter Game"", 'A Challenge To Amazon, As Microsoft And FedEx Enter Multiyear Collaboration', ""'Crucible' Is Out: Here's Everything You Need To Know About Amazon's First Video Game"", ""Facebook's New Shopping Feature Lifts Stock To All-Time Highs"", 'Stocks That Hit 52-Week Highs On Wednesday', ""'Amazon launches its first big-budget game, a shooter called Crucible' -Tweet From CNBC"", 'Facebook Plans To Resume Work In Office In July At 25% Capacity And Safety Measures In Place', 'Alibaba Invests $1.4B In AI And Internet of Things Systems For Its Smart Speakers', ""McDonald's Faces Class Action Over Lack Of Worker Protection Against Coronavirus""]",9
AMZN,2020-05-21,"[""Here's How Much Investing $1,000 In The 2015 Shopify IPO Would Be Worth Today"", ""Making Sense Of Walmart's Decision To Close Jet.com: 'Mission Accomplished'"", 'COVID-19 Has Dimmed The Magic Of e-Commerce', 'New Investors Pile In, Fuel Record Rise In Account Openings, Trading Volumes', '3 Ways Small Businesses Can Get Emergency Help Right Now', 'Stocks That Hit 52-Week Highs On Thursday', ""Target And Walmart Prove There's Still Some Life In Retail"", 'Climate Change: Up And Down Pattern Continues As Week Advances And Powell Awaited', 'Amazon Pushes Prime Day To To September']",9
AMZN,2020-05-22,"['3 Tips To Make Money In The Stock Market', ""The Secret to Tech's Resilience to COVID-19- Infrastructure Expansion"", 'A Peek Into The Markets: US Stock Futures Down Ahead Of Three-Day Weekend', 'Amazon Reschedules Prime Day to September As It Tries To Restore Pre-Pandemic Operations', ""KKR To Invest $1.5B In India's Jio Platforms, Joins Facebook, Three Other US Firms As Stakeholders""]",5
AMZN,2020-05-23,"[""Barron's Picks And Pans: Dropbox, Slack, Starbucks And More""]",1
AMZN,2020-05-26,"['Amazon in Advanced Talks to Buy Self-Driving-Car Tech Company Zoox; Deal Expected to Value Zoox at Less Than Its Private Valuation', 'Amazon Expects To Invest $4B Apr.-June On Covid Initiatives', 'Aircraft Prices, E-Commerce Conditions Are Ripe For Amazon Air, Says Bullish BofA', ""'Amazon is looking to invest in localized podcast content, like news and sports' -Axios, Citing Sources"", 'In Consumers We Trust: 3 Leveraged ETFs That Surged In April', ""'FAANG Stocks Are Strong Once Again,' Facebook, Amazon, Netflix Hit Record Highs Last Week"", 'Amazon Shareholders Demand Disclosures On COVID-19 Worker Safety']",7
AMZN,2020-05-27,"['E-commerce Drives Multi-Pronged Expansion At UPS Airlines', 'Amazon Is Serious About Self-Driving Technology, Eyeing Multi-Billion Dollar Acquisition', ""Bezos Says Amazon's Strategy Is To Undercharge For Prime Membership Relative TO ITs value For Customers"", 'Same Old Leadership Song Lifts These Leveraged ETFs', 'These 10 Stocks Have Surged During The Coronavirus Pandemic', 'A Peek Into The Markets: US Stock Futures Surge Ahead Of HP Earnings, Beige Book Report', '6 Stocks To Watch For May 27, 2020', ""11 Local News Stations Ran Amazon Produced Content Praising Company's Health And Safety Efforts"", 'Amazon Looks To Double-Down On Self-Driving Tech With Zoox Acquisition: WSJ', 'Trump Gets Mad Over Fact Check Warning On Twitter, Claims Election Interference']",10
AMZN,2020-05-28,"[""'Amazon's website is down for many users across the US' -Tweet From Business Insider; BZ NOTE: Benzinga Reporters In NYC, Detroit Not Experiencing Issues"", ""Here's How Amazon Could Become A Threat To Tesla, Ford And More With Zoox Buy"", ""'Rivian reopens factory, delays electric pickup/SUV, but Amazon delivery van is still on time' -Electrek Report"", 'Hearing Amazon Has Said It Will Keep 125K Of 175K Jobs Added During Pandemic As Permanent Positions']",4
AMZN,2020-05-29,"['FedEx named as suitor for German parcel company', ""Fandom, America's Navy Partner For Warzone Tournament To Celebrate National Military Appreciation Month"", 'Amazon Offers Full-Time Employment To 125,000 Workers Hired To Meet Increased Demand During Pandemic', ""UPS Slaps 'Peak' Surcharge On Amazon, Walmart, Others, As Delivery Requests Balloon Post Lockdown Ease""]",4
AMZN,2020-05-30,"[""Benzinga's Bulls And Bears Of The Week: Amazon, Disney, Netflix And More""]",1
AMZN,2020-05-31,"['Amazon, Apple, Walmart, Other Retailers Shutter Stores, Scale Back Operations In Areas Worst Hit With Protests', 'Amazon Company Spokesperson Says Adjusted Routes or Scaled Back Typical Delivery Operations to Ensure Safety of Its Teams in Handful of U.S. Cities', 'Jeff Bezos Buying Stake in UK Startup Beacon']",3
AMZN,2020-06-01,"['Amazon Looks To Establish Supply Chain Trust With New Blockchain Patent', 'Making Sense Of Why Consumers Are Switching Their Grocery Store Habits', 'Amazon Curtails Some Service, Highways Closed, As Protests Impact Freight And Driver Safety', 'How Social Media Stocks Fared During The Pandemic', 'Gun, Security Stocks Trade Higher After Weekend Protests Turn Violent And Destructive', '10 Biggest Price Target Changes For Monday', 'Amazon Files for Mixed Shelf Offering, Size Not Disclosed', 'Morgan Stanley Maintains Overweight on Amazon.com, Raises Price Target to $2800', ""The 'Real' S&P 500 And Why The Current Rally Makes Sense"", 'UK Supply Chain Startup Beacon Raises $15M From Amazon CEO, Others', ""Apple CEO Writes To Employees About George Floyd Death, Urges For 'Better, More Just World For Everyone'""]",11
AMZN,2020-06-02,"['4 Blue Chips That Lived Up To Their Title During the Pandemic', 'How Cameo, Facebook And Peloton Are Embracing Coronavirus Disruption', ""Tesla CEO Musk Says Other Three Officers Should Be Charged In Floyd's Murder Case"", ""Pepper Spray, Books On Racism, 'I Can't Breathe' Merchandise Are Top Sellers On Amazon As Protests Rage""]",4
AMZN,2020-06-09,"['Big Tech Reaches New Record Heights At The Stock Market', 'Twitter, Square Will Mark Juneteenth As Holiday To Honor African-American Culture', ""'Inside Amazon's plan to test warehouse workers for Covid-19 every two weeks' -Earlier CNBC Report"", 'BofA Raises Amazon Target On Sales Upside, Accelerating Unit Growth', 'Amazon shares are trading higher despite market weakness. Not currently seeing company-specific news.', 'IRS Alerts Against Criminals Profiteering From Fake Coronavirus Treatments, Charities, Phishing, Other Financial Fraud']",6
AMZN,2020-06-10,"['How Cannabis Company Cannaphyll Is Marketing On Mass-Consumer Platforms, Google And Amazon', 'Tech Stocks And FAANGS Strong Again To Start Day As Market Awaits Fed', ""Benzinga Pro's Top 5 Stocks To Watch For Wed., Jun. 10, 2020: AAPL, BAC, NIO, SONO, GLW"", ""Hearing Vertical Group Out Positive On Amazon, Saying Co.'s Ad Spend Revenues Are Increasing As Shipping Bottleneck Issues Begin To Abate""]",4
GOOGL,2018-07-25,"['Social Media, FANG Stocks Taking A Big Hit In After-Hours Trading', 'Social Stocks Following Facebook Lower After Hours After Its Mixed Q2 Report: Facebook -16.8%, Twitter -5.9%, Snap -3.1%; FANG Stocks Also Lower: Amazon -2.2%, Netflix -2.9%, Alphabet -1%', 'Pro: Why Alphabet Is A Better Pick Than Facebook']",3
GOOGL,2018-07-26,"['Stocks Which Set New 52-Week High Yesterday, July 25th', ""Nasdaq, Tech Names Might Come Under Pressure Following Facebook's Weak Results"", 'Google Releases Its ASIC AI Infrastructure Called Edge TPU, Watch Shares of NVIDIA On This News', 'Google Cloud Next Event Concludes Today']",4
GOOGL,2018-07-27,"['Stocks Which Set New 52-Week High Yesterday, July 26th:']",1
GOOGL,2018-07-29,"[""Barron's Picks And Pans: Amazon, Eli Lilly, Fiat Chrysler And More""]",1
GOOGL,2018-07-30,"['Watching Self-Driving Fleet Players, Uber Partners For Self-Driving Truck Segment Amid Earlier Report Uber To Stop Development Of Self-Driving Trucks, Will Only Proceed With Cars', 'Stocks Which Set New 52-Week High Friday, July 27th', ""CAT Climbs Into Driver's Seat To Start Earnings Parade, With Fed Meeting Ahead""]",3
GOOGL,2018-07-31,"[""Watching Capital One, Microsoft Shares Following The Information Article 'Google Inks Cloud Apps Deal With Capital One'"", ""Alphabet's Waymo Says Is Partnering With Valley Metro To Explore Public Transportation Solutions"", 'Market Appears More Optimistic Following Tech-Led Selloff', ""Cramer's 'Clear Winners' From Earnings Season So Far"", 'Pro: FAANG Stocks Could Have 30-40% Downside Potential']",5
GOOGL,2018-08-01,"[""Craig-Hallum Upgrades Synaptics After Dialog Semi Deal Collapses: 'Give This Cheap Stock Another Look'"", 'Strong Apple Results Compete With Trade Worries For Investor Sentiment Ahead Of Fed', 'Senior Execs From Facebook, Twitter, And Google To Testify To U.S. Senate Intel Committee On Sept. 5th According To The Committee Vice Chairman', 'ChannelAdvisor Reports Expansion Of Strategic Alliance With Google To Support Shopping Actions Program, No Terms Disclosed', 'Baidu Shares Trading Down ~6.6% Following Q2 Beat But Worse-Than-Expected Guidance; Could Be Trading Down Related To The Intercept Report Google Is Planning To Launch A Censored Search Engine In China', ""'Google Plans To Launch Censored Search Engine In China, Leaded Documents Reveal'-The Intercept""]",6
GOOGL,2018-08-02,"['FBI Director Wray Says Progress Is Being Made In Terms Of Working With Social Media Companies On Election Interference', ""Social, Tech Stocks Unaffected As FBI Director Christopher Wray Says 'Tech Cos. Have Their Own Responsibilities To Secure Their Own Platforms'""]",2
GOOGL,2018-08-03,"['Google In China Cloud Talks With Tencent, Inspur', 'More Leveraged FANG ETNs Are Here']",2
GOOGL,2018-08-05,"[""Barron's Picks And Pans: Alphabet, Apple, CBS, Synchrony And More""]",1
GOOGL,2018-08-06,['Trading What You Know: Finding Your Diversification Center'],1
GOOGL,2018-08-07,['The End Of The FANG Era? Gene Munster Makes The Case'],1
GOOGL,2018-08-10,"[""Analysts React To Trade Desk's Blowout Quarter""]",1
GOOGL,2018-08-13,"['Twitter Says Twitter Lite Will Be Available In The Google Play Store In Over 45 Countries', ""No Surprise: FAANG's A Big Deal For Growth Indexes, ETFs"", 'India Reportedly Seeking New Rules For American Tech Companies Operating In The Country, To Shelter Homegrown Startups; Potential Negative For Amazon, Alphabet, Facebook, and Apple', ""13F Late Friday From Dan Loeb's Third Point Shows New Stake In Camping World, Exited Stake In Alphabet""]",4
GOOGL,2018-08-14,"['13F From Soros Fund Shows Reduced Stake In Alphabet From 25.4K to 12.4K Shares', '13F Filing From Tiger Global Shows Reduced Stake In Adobe, Alphabet, Bank of America, Boot Barn, Cisco, JP Morgan, Ooma, & Norwegian Cruise Lines (from 435.1K Shares to 42.1K Shares);Raised Stake In Alibaba, Amazon, Delta Airlines, & Pure Storage', 'The Most Searched Questions About Jeff Bezos', 'Google Says Users Can Ask Google Home Assistant, Mini And Max To Play Music With Pandora Premium And Deezer', ""'DC Entertainment's New Streaming And Digital Comics Service Pops Up On Google Play'-TechCrunch Reports"", '13F Filing Shows Jana Partners Took New Stakes In Facebook (651.5K Shares), Alphabet (44.4K Shares), and Alibaba (439.5K Shares)']",6
GOOGL,2018-08-15,"['Fabulous Fundamentals In A New Virtual Reality ETF', 'Q2 13F Roundup: How Buffett, Einhorn, Loeb And Others Adjusted Their Portfolio']",2
GOOGL,2018-08-16,"[""'Google to release display-equipped speaker in time for holidays'-Nikkei Asian Review""]",1
GOOGL,2018-08-20,"[""'Google and Imax's VR Camera Project Canceled'-Variety Reports""]",1
GOOGL,2018-08-21,['5G Smartphones Not Likely to Ship in Large Quantities until 2021'],1
GOOGL,2018-08-22,"['Cramer: The Bull Run Survived These 10 Challenges', ""Forward Industries Up ~4% At $1.57/Share As Forward's Subsidiary IPS Announces A New Deal With Google Over Twitter"", '10 Biggest Price Target Changes For Wednesday']",3
GOOGL,2018-08-23,"['FireEye Shares Spike 4.6% Higher Following Report Google Hired Co. To Complement Internal Cybersecurity Work; Stock Now Up 7.8% For Session', ""Cybersecurity Stocks Spike To Afternoon Highs Following Report Google Hired FireEye To Complement Its Work By Internal Teams Following Termination Of Accounts Linked To The Islamic Republic Of Iran's Broadcasting Network"", ""Google's YouTube Terminated 39 Channels It Said Are Linked To Iranian State Media Influence Operation"", 'Hearing Alphabet Mentioned Positively By M Science, Unconfirmed']",4
GOOGL,2018-08-28,"['Hearing That Trump Warns Social Media Names Such As Google, Twitter, And Facebook That They Had Better Be Careful', ""'JUST IN: JPMorgan Chase poaches Google's head of product management for cloud-based artificial intelligence'-CNBC Now Tweet"", ""Trump Goes After Google's Algorithms"", ""UPDATE: Google's Statement In Response To President Trump Says That 'Search Is Not Used To Set A Political Agenda And We Don't Bias Our Results Toward Any Political Ideology'"", ""'Breaking: Google statement in response to Trump tweet'-CNN Reporter Hadas Gold Tweets; BZ NOTE: Statement From Twitter Post Is In The Body"", ""'Waymo's Big Ambitions Slowed by Tech Trouble'-The Information Reports"", '\'Asked Larry Kudlow about Trump comments on Google. He said they are ""looking into it"" and doing some ""investigations"" and ""analysis""\'-Bloomberg\'s Shannon Pettypiece Tweets', 'Alphabet Shares Down Just Slightly Premarket After Pres. Trump Earlier Accused The Search Giant Of Being ""RIGGED"" Against Him And Others, Suppressing Conservatives, Adding: \'Will be addressed!\'']",8
GOOGL,2018-08-29,"['REMINDER: Jack Dorsey, Sheryl Sandberg To Appear Before Congressional Committee September 5th To Discuss Content Policing Methods; Alphabet Offered To Send SVP Kent Walker But Senate Rejected This Offer', 'Trump Says Google, Twitter And Facebook Trying To Silence People', '10 Biggest Price Target Changes For Wednesday', ""Morgan Stanley Lifts Amazon's Price Target To $2,500, Bullish On Waymo's Prospects For Alphabet"", 'Morgan Stanley Maintains Overweight on Alphabet, Raises Price Target to $1.515K']",5
GOOGL,2018-08-30,"[""Trump Highlights Many People See Antitrust Issue With Google, Facebook, Amazon; Declines To Say If Co.'s Should Be Broken Up"", ""US Senate Finance Committee Chairman Hatch Expresses Concern About Google's Search Practices In Letter to U.S. FTC Chairman"", ""Gene Munster: What To Expect From Facebook, Twitter, Google's Congressional Testimony"", 'Following Successive Market Gains, Investors Appear To Be Taking Some Profits', 'Google, Xiaomi in Talks to Invest in Where is My Train', 'Google to Launch Mid-tier Pixel Smartphone in India']",6
GOOGL,2018-08-31,['Infographic: A Journey To The Cloud'],1
GOOGL,2018-09-02,"[""Benzinga's Bulls & Bears Of The Week: Amazon, Chipotle, Lululemon And More""]",1
GOOGL,2018-09-03,"['Google Maintains Small Lead over Facebook in Competition for Digital Ad Dollars in India', 'Amazon to Take on Google and Facebook in $88B Online Ad Market']",2
GOOGL,2018-09-04,"[""Google Will Not Have an Executive Present At Wednesday's Senate Intel Committee Hearings"", ""Analyst: Waymo Is Worth 10 Times Tesla's Ride-Sharing Business"", 'The Week Ahead: Mr. Dorsey Goes To Washington, Employment And Wage Data On Tap', 'Hearing Report A Russian Telecom Watchdog Has Warned Google Against Circulating Info Which Violates Russian Law On Elections -Interfax']",4
GOOGL,2018-09-05,"['Tech Stocks Fall Amid Twitter, Facebook Senate Testimonies', ""U.S. Justice Dept. Says It's Probing Social Media Companies To Determine If They Hurt Competition, Intentionally Stifle Free Exchange Of Idea"", ""The $1-Trillion Club: Who's Next?"", 'Major tech and social media stocks trading down as executives from Twitter and Facebook testify in front of US Congress; Facebook down 1.7%, Alphabet down 2.4%, Netflix down 4.3%, Snap down 4.6%, Twitter down 5.1%.', 'Infographic: Google Through The Years', 'German finance Ministry Abandons Tax Plan for Google, Amazon, Facebook, Apple']",6
GOOGL,2018-09-06,"[""Google Could Reportedly Unveil Pixel 3 And Pixel 3 XL At 'Made By Google' Event In NYC On Oct. 9"", 'Major tech and social media stocks appear to be modestly rebounding after closing down Wednesday amid Congressional hearings with Facebook and Twitter; Netflix up 2.1%, Snap up 0.4%, Twitter up 0.4%, Facebook up 0.2%, Alphabet up 0.2%.']",2
GOOGL,2018-09-11,['Google Ready to Comply With Reserve Bank of India Norms for Payment Services'],1
GOOGL,2018-09-12,"[""Detroit Startup StockX, In 'Hypergrowth' Phase, Closes On Record $44M Series B Funding Round"", 'The Communication Services Sector Is Almost Here', 'Market Appears To Be in Wait-and-See Mode Ahead of Apple, Central Bank Events', 'U.S. Senate Commerce Committee To Hold Hearing On Consumer Data Privacy On Sept. 26th, Say Invited Witnesses Include Reps From AT&T, Twitter, Google, Amazon, Apple, And Charter Communications']",4
GOOGL,2018-09-13,"[""Bipartisan Group Of US House Members In Letter Question Alphabet's Google About Whether It Will Re-Enter Chinese Market; House Members Tell Co. They Have 'Serious Concerns' About Whether It Would Comply With Chinese Censorship Rules""]",1
GOOGL,2018-09-14,['Apple Launches New iPhones As Smartphone Battle Continues'],1
GOOGL,2018-09-18,"['Needham: Google Private Cloud Reports Create Nutanix Buying Opportunity', ""Nutanix Shares Up 6%; Traders Attributing To Report 'Google 'Won't Compete With Partners' By Building Private Cloud Offering, Company Says'""]",2
GOOGL,2018-09-19,"['Stock Market Appears To Focus On US-China Tariff News As US, Canada Continue Talks']",1
GOOGL,2018-09-20,"['These 2 Problems Are Holding The AI Industry Back', 'WSJ Reports Google Says It Continues To Allow Apps To Scan Data From Gmail Accounts']",2
GOOGL,2018-09-21,"['\'Infosys Partners With Google Cloud To Develop ""Data Native Intelligent Enterprise""\'-The Times Of India Reports', ""From Facebook To Netflix: The S&P's Big Sector Shakeup, Explained""]",2
GOOGL,2018-09-24,"['Google Names Privacy Lawyer, Keith Enright, as its Chief Privacy Officer', 'Google Home Is Gaining Ground On Amazon Echo', ""Antitrust Investigation Of Big Tech Ordered By Trump Would 'Act As A Cover' For Election Loss, Says Height Capital Markets"", 'Google Says Users Can Book Attractions and Activities From Search and Maps in a Blog Post']",4
GOOGL,2018-09-25,"['10 Years Of Android: How The Operating System Reached 86% Market Share', ""Waymo's Path To $50B In Annual Revenue"", ""Nomura's Case For Adding Square To The FANG Trade"", 'Google Says Ads Policy On Financial Products, Services To Be Updated In Oct To Allow Regulated Cryptocurrenty Exchanges To Advertise In US, Japan', 'Google Ends Cryptocurrency Ad Ban', 'Having Some Ups And Downs: Market See-Saw Ride Seen Likely To Continue']",6
GOOGL,2018-09-26,"['Crypto Climb: Why XRP Is Soaring Today', ""From WW To Dunkin': A Look At Some Of The Biggest Corporate Name Changes"", 'Salesforce CEO Marc Benioff Talks Apple, Amazon And Alphabet', 'Why This Popular Equal-Weight ETF Could Outperform', 'Tech Companies Agreed To Voluntary Code Of Practice To Tackle Fake News; European Commission Says It Will Pay Attention To Effective Implementation Of Code']",5
GOOGL,2018-09-27,['Google CEO Sundar Pichai To Meet With NEC Director Larry Kudlow Friday'],1
GOOGL,2018-09-28,"['This Week In Cryptocurrency: Google Lifts Ad Ban, Bitcoin Cash Soars', 'Google CEO Sundar Pichai Will Testify At US House Hearing In November', 'As Wall Street Awaits Main Earnings Season, Trade, Tesla Appear To Be In Focus']",3
GOOGL,2018-10-01,"[""Censorship, Regulation 'Pretty Big Concerns' For Alphabet, Says WSJ Reporter"", 'YouTube to Announce New Tools to Collect Data for Advertisers']",2
GOOGL,2018-10-02,"[""Google To Begin Beta Testing Of Project Stream, Starting With 'Assassin's Creed Odyssey'"", 'Customer Service Automation Startup, Onward, Says Google Has Bought Co., Terms Not Disclosed', 'White House Advisor Says White House Will Likely Host Tech Meeting In Oct.; Google CEO, Representatives From Other Big Internet, Social Media Cos. Will Be Attending']",3
GOOGL,2018-10-03,"[""Alphabet, GM, Xilinx And A Retail ETF: 'Fast Money' Picks For October 3""]",1
GOOGL,2018-10-04,"['Kabbage Co-Founder On Lending $1B While The Banks Were Closed: Expectations With Financial Services Is Changing', 'DoJ Could Investigate Google over Android OS']",2
GOOGL,2018-10-05,"[""Elastic's IPO: What You Need To Know""]",1
GOOGL,2018-10-08,"[""Google Won't Pursue Pentagon Cloud Contract"", ""Google's Hardware Event: What To Look For, How To Watch"", ""'Some advertisers are moving half of their search budget from Google to Amazon, say ad industry sources' -CNBC, Citing Sources"", 'Report: Google Tried To Cover Up A Data Breach', 'Google Says Shutting Down Google+ For Consumers, Says Launching More Granular Google Account Permission That Will Show In Individual Dialog Boxes', ""'Project Strobe: Protecting your data, improving our third-party APIs, and sunsetting consumer Google+' -Google Blog Post"", ""'Google Exposed User Data, Feared Repercussions of Disclosing to Public' -WSJ"", 'Google Exposed Private Data Of At Least Hundreds Of Thousands Of Google+ Users To Potential Misuse; Google+ Social Network Users Were Exposed To Software Glitch Between 2015 And March 2018', ""What's Next For FANG Stocks After Recent Weakness?"", 'The Week Ahead: Google Unveils New Pixel Phones, Big Bank Earnings Begin', 'UK Court Blocked Attempt to Bring Legal Action against Google over iPhone Data Collection Claims']",11
GOOGL,2018-10-09,"['Google Says Has Filed Appeal In EU Court Against EU Antitrust Fine In Android Case', 'DA Davidson Out Bullish On Yext, Trade Desk', 'From Google Product Launch Event: Unveils Pixel 3 Smartphone; BZ NOTE: The Launch/Unveiling Of Pixel 3 Was Something Investors Knew Would Happen Tues.', 'Investors Seem To Be Fretting About Rising Yields, Global Economic Growth', 'REMINDER: Made By Google Pixel Phone Launch Event Today at 11am ET']",5
GOOGL,2018-10-10,"[""Cannabis Production Consumes Less Energy Than McDonald's"", 'On The Rate Watch: Yields Still Driving Action As Inflation Data Roll In']",2
GOOGL,2018-10-11,"['Huawei Technologies And Samsung Electronics Say Demand For Smartphones Look Sluggish Going Into Christmas Season', 'Infographic: Google Diversifies With Growing Non-Ad Revenue', 'After Wednesday Wash-Out, Comeback Might Be In Store As Rates Ease, Data Support']",3
GOOGL,2018-10-12,"[""Hearing Alphabet CEO Tell Senators That Censored Chinese Search Engine Could Provide 'Broad Benefits'"", 'Shares of tech stocks moving higher as market rebounds from mid-week lows, strength could be related to rotation back into growth names; Netflix up 5.3%, NVIDIA up 5.8%, Salesforce Up 5.1%, PayPal Up 4.4%, Apple up 3.2%, VMWare up 3.0%.', 'Positive Vibes: Bank Results Shift Focus Back To Earnings as Overseas Stocks Rise', 'Orange, Google Collaborate on New Submarine Cable Across the Atlantic Ocean']",4
GOOGL,2018-10-15,['FANG Weakness Drags New Communication Services ETFs'],1
GOOGL,2018-10-16,"['YouTube Was Down For Many Users Tuesday Night', 'YouTube Is Down For Some Users', 'Facebook Shares Up 0.8% After Hours Following Netflix Earnings, Subsequent Move Higher In NFLX; Amazon Up 1%, Apple Up 0.4%, Google Shares Unchanged', 'Google Says It Will Charge Smartphone Makers Licensing Fees For Google Play, Gmail, YouTube And Other Apps In Europe; Says Licensing Fees Will Offset Revenue Lost As A Result Of Its Compliance Efforts With EU Antitrust Order']",4
GOOGL,2018-10-17,['10 Companies Distancing Themselves From Saudi Arabia'],1
GOOGL,2018-10-18,"[""Wedbush's 7 Reasons To Like Alphabet"", 'As Pentagon Cloud Computing Bid Deadline Nears, Google Drops Out, IBM Protests', ""The 'Fab 5' Stocks — And Why They're So Important To The Rally"", ""Benzinga's Top Upgrades, Downgrades For October 18, 2018"", 'Wedbush Initiates Coverage On Alphabet with Outperform Rating, Announces $1.35K Price Target', ""'China's JD Will Launch Flagship U.S. Store on Google This Year' -Bloomberg""]",6
GOOGL,2018-10-19,"[""From Earlier: 'Google app suite costs as much as $40 per phone under new EU Android deal' -The Verge"", ""'Broadcasters such as Gannett spinoff company Tegna, Sinclair Broadcasting, Tribune and the station division of Disney's ABC are now creating shows specifically for Facebook and YouTube' -The Information""]",2
GOOGL,2018-10-22,"[""Benzinga's Week Ahead: Can Tech Earnings Restore The Rally? Amazon, Google To Report"", ""Aptoide Says Court Has Ruled Against Google, Will Order Google To Stop Removing Aptoide's App Store From Users' Phone; Aptoide Says Will Fil Suit For Damages Against Google Next Week"", 'Upcoming Earnings: Telecom Giants Verizon And AT&T Report This Week', 'Tug-of-War: Volatile October Continues As Bulls, Bears Duke It Out']",4
GOOGL,2018-10-23,"['Podcast: FAANG Stocks In The Spotlight As Earnings Season Trudges Along', 'Why It Might Be Time To Buy The Dip In Tech ETFs', 'Wall Street Starts The Day In Risk-off Mood As Global Sentiment Weakens']",3
GOOGL,2018-10-24,"['Facebook And Google Seek Assurance From UK About Impact Of Brexit Deal', ""Apple's Tim Cook Takes On Silicon Valley, Bloomberg"", ""Two US Senate Democrats Say Google+ Data Exposures Raise 'Serious Questions' About Whether Alphabet Inc. Violated 2011 FTC Consent Decree"", ""UPDATE: 'Google is talking with Xilinx about integrating its chips into its data center' -The Information"", ""'Making it easier to control your data, directly in Google products' -Google Search Blogpost""]",5
GOOGL,2018-10-25,"['From Alphabet Inc. Conference Call; CFO Says Waymo Has Begun Charging Riders, Testing Pricing', 'From Alphabet Inc. Conference Call; Co. Says Google Cloud To Add ING, Broadcom As Customers', ""'How Google Protected Andy Rubin, the 'Father of Android'' -NY Times Earlier"", 'Google Q3 EPS $13.06 Beats $10.46 Estimate, Sales $33.74B Miss $34.03B Estimate', 'Alphabet Inc. To Report Q3 Earnings After The Closing Bell; Co. Historically Issues Its Report At Or Before 4:05 p.m. ET', 'Loup Ventures Finds Phoneless Experiment Freeing, Frustrating', 'Alphabet Kicks Off EU Appeals Ahead Of Third Quarter Earnings', 'Snapping Back, But Can Rally Attempt Last? Strong Earnings Might Power Market', 'UPDATE: Volkswagen Said to be in Talks With Waymo About Partnering on Mobility Service in Europe', '15 Stocks To Watch For October 25, 2018', 'Earnings Scheduled For October 25, 2018']",11
GOOGL,2018-10-26,"['Twitter Flies After Q3 Earnings; Analysts Weigh In On What To Do With The Stock', ""The Street Debates Alphabet's Q3: Buy The Dip Or Sell Into Weakness?"", ""Gene Munster's 6 Takeaways From Alphabet's Q3"", 'Bank of America Maintains Buy on Alphabet, Lowers Price Target to $1,390', ""Benzinga Pro's Top 10 Most-Searched Tickers For Morning Of Fri., Oct. 26, 2018"", 'Barclays Maintains Overweight on Alphabet, Lowers Price Target to $1.4K', 'Stock Rally Looks Poised To Falter After Amazon, Alphabet Results Disappoint', 'Canaccord Genuity Maintains Hold on Alphabet, Lowers Price Target to $1.14K', 'Alphabet shares are trading lower after Q3 sales of $33.74B missed the $34.03B analyst estimate.']",9
GOOGL,2018-10-28,"[""Barron's Picks And Pans: Bank Of America, Caterpillar, Sensata And More""]",1
GOOGL,2018-10-29,"[""CNBC Tweet: Red Hat gave Google and other buyers a chance to bid before IBM's $34 billion offer, sources say"", 'Correction And Bounce: SPX Off 10% From Highs Intraday As Weak Earnings, Outlooks Crush Stocks', 'IBM To Buy Red Hat In $34B Deal, IT Stocks Surge']",3
GOOGL,2018-10-30,"[""'Red Hat gave Google and other buyers a chance to bid before IBM's $34 billion offer, sources say' -CNBC"", ""Volkswagen CFO Says in Talks with Relevant Players in Autonomous Driving; Sees Google's Waymo as Leader""]",2
GOOGL,2018-10-31,"['Trick-Or-Treating With GM: Big Earnings Beat Could Help Provide A Halloween Lift', 'iRobot And Google Collaborate To Develop Smart Home']",2
GOOGL,2018-11-01,"['Ethos Aims To Improve Life Insurance With $35M Funding Round', 'UPDATE: Google CEO Sundar Pichai Will Be Appearing At The Dealbook Conference Today at 3:40pm ET', 'Google Employees Currently Staging Walk Out In Protest Of Allegedly Lenient Corporate Response To Allegations Of Sexual Misconduct By Executives', 'Spotify Reports Partnership With Google For Spotify To Offer Google Home Mini Speakers To Family Plan Master Account Holders In US During Holiday Season']",4
GOOGL,2018-11-02,"[""Google Confirms Its Top DC Lobbyist Susan Molnari Is Leaving As Head Of America's Policy But Will Remain At Company"", ""'Google's top Washington lobbyist is leaving' -Axios"", 'JMP Securities Maintains Market Outperform on Alphabet, Lowers Price Target to $1.375K']",3
GOOGL,2018-11-04,['Why Apple Will Likely Remain Sole Member Of $1 Trillion Club For A While'],1
GOOGL,2018-11-06,['Long Wait Is Over: Election Day Dawns With Markets Under Light Pressure'],1
GOOGL,2018-11-07,"['Samsung Unveils New Screen Technology For Foldable Phones: Infinity Flex', ""Tune In To Livestream Presentations From Google's Android Developers Summit"", ""Google At Conference Says Expect 'Foldable Products' From Several Android Device Makers; Says Working Closely With Samsung Electronics On Foldable Phone For Early 2019"", 'OpenText Reports Partnership With Google Cloud For Enterprise Information Management On Google Cloud Platform']",4
GOOGL,2018-11-08,"[""'A note to our employees' -Blog Post From Google CEO Sundar Pichai""]",1
GOOGL,2018-11-13,"['Startup Point Of Sale Operating System Poynt Raises $100M', 'Day After Selloff, Earnings, Trade News Seem To Offer Lift']",2
GOOGL,2018-11-14,"['Moderate Inflation, Positive Retail Earnings Offer Lift In Back-And-Forth Market', 'UPDATE: JANA Partners 13F Shows Fund Liquidated Stakes In Alphabet, Facebook, Wells Fargo, Grubhub', 'Hearing Barclays Has Removed Google From Top Pick List; Unconfirmed', 'Morgan Stanley Maintains Overweight on Alphabet, Lowers Price Target to $1.5K']",4
GOOGL,2018-11-15,"['Tablet Boom Fades As Smartphones, Sleek Laptops Take Over', 'Rock Holdings To Buy Dictionary.com, Thesaurus.com From IAC/InterActiveCorp', 'Q3 13F Roundup: How Buffett, Einhorn, Ackman And Others Adjusted Their Portfolio', ""Loup's Munster Calls Google 'the oxygen of the internet,' Says Believes In The Co. Because They Are Changing The World"", ""Loup's Munster On Alphabet/Google Notes Short-Term For Stock/Co. Will Be Up And Down Amid Questions About Data, Privacy, But Says For An Investor With Greater Than A 1-Year View, 'this is a great story to own'"", ""Alphabet's Wing to Launch Drone Delivery in Australia in 2019""]",6
GOOGL,2018-11-16,"[""Munster: There's Something 'Fundamentally Wrong' With Facebook"", ""'Google Cloud CEO Diane Greene is out, to be replaced by former Oracle exec Thomas Kurian' -CNBC"", 'Loud And Clear: Sonos Boasts High Demand In Q4 Print']",3
GOOGL,2018-11-17,"['Pot Stocks, ETFs, Top News And Data From The Cannabis Industry This Week']",1
GOOGL,2018-11-19,"['Several tech and tech-related stocks moving lower despite no company-specific news; Move may be linked to reports Apple cut iPhone production orders, as well as sell off in the overall market.']",1
GOOGL,2018-11-20,"['Tech Shares, Retailer Earnings Roil Markets In Continuing Sell-Off']",1
GOOGL,2018-11-21,"['A Perspective On The Recent Meltdown In FAANG Stocks', 'The Daily Biotech Pulse: Mylan Recalls Blood Pressure Drug, Heat Biologics Offering, New Novelion CEO', 'iQIYI Partners with Google to Incorporate Google Widevine DRM into Multi-Digital Rights Management System']",3
GOOGL,2018-11-22,['Google Says Supporting the EU Parliamentary Elections'],1
GOOGL,2018-11-26,"[""KeyBanc Sees 'Significant Runway' For AMD In Cloud Data Processors"", ""A Black Friday Recap: Holiday Season 'Off To A Mixed Start'"", '5 Biggest Price Target Changes For Monday', 'A Russian Communications Watchdog Has Opened An Administrative Case Against Google', 'Russia Plans Fines of 1% of Russian Revenue for Tech Firms That Break Rule']",5
GOOGL,2018-11-27,"['Analyst: FANG Stocks Growth Fundamentals Remain Relatively Strong', ""YouTube Unit Of Alphabet Inc's Google Says Aims To Make All Future Original Programming Ad-Supported; Say Strategy Shift Follows Global User And Advertiser Demand"", 'Waymo Says Deborah Hersman Will Join Co. As Chief Safety Officer And Amee Chande Will Join As Chief Commercial Officer', ""Insider Response To Tech's Volatile Autumn"", 'Upbeat Sentiment On Retail Wanes After Trump Comments On Trade', 'Some Google Employees Calling On The Company To Cancel Project Dragonfly']",6
GOOGL,2018-11-28,"['US House Judiciary Committee To Hold Dec. 5 Hearing With Google CEO Pichai On Social Media Practices', 'Google CEO Sundar Pichai Ready to Testify Before Congress in December']",2
GOOGL,2018-11-29,"[""'White House to Hold Roundtable With Tech Executives' -WSJ""]",1
GOOGL,2018-11-30,['How Google Is Driving Apple Services Revenue Growth'],1
GOOGL,2018-12-03,"['EU To Review New Digital Tax Plan From France, Germany', 'Market Experts React To G20 Summit']",2
GOOGL,2018-12-04,"[""FreightTech 25: Waze's Contributors All Work Very Cheap, And They've Got A Winning Technology As A Result"", ""Alphabet's Wing to Launch Drone Delivery in Finland in Spring 2019""]",2
GOOGL,2018-12-05,"['Apple to Launch HomePod in China in 2019, Ahead of Google, Amazon Devices', 'A Bullish View On A New Sector ETF']",2
GOOGL,2018-12-06,"[""3 Reasons To Like Alphabet's Stock"", ""Benzinga's Top Upgrades, Downgrades For December 6, 2018"", 'Guggenheim Initiates Coverage On Alphabet with Buy Rating, Announces $1.33K Price Target', ""France's Finance Minister Says France will Tax Companies Like Google and Facebook if No EU Agreement""]",4
GOOGL,2018-12-07,"[""'Google and Tencent Secretly Explore Cloud-Computing Cooperation' -The Information""]",1
GOOGL,2018-12-09,"[""Australian Competition & Consumer Commisssion Report Includes Proposal To Prevent Google's Search Engine Being Installed As A Default Search Engine On Internet Browsers""]",1
GOOGL,2018-12-10,"['Most FAANG Stocks Are In Bear Territory — But Still A Good Bet For Long-Term Investors', 'Google Issues Statement Highlighting Bug Impacted ~52.5M Users Using Google+ API; Bug Was Fixed Within A Week Of Being Introduced']",2
GOOGL,2018-12-11,"['Google CEO Sundar Pichai Addresses Search Bias, Data Security In Capitol Hill Testimony', 'Google CEO Sundar Pichai, Giving Testimony In Front Of Senate Judiciary Committee, Says Co. Has No Plans To Launch In China', 'Google Shares Up 0.9% As CEO Sundar Pichai Currently Giving Testimony Before House Judiciary Committee']",3
GOOGL,2018-12-12,"[""Red Hat Shares Volatile Here As Traders Circulate 'IBM's $34 billion Red Hat acquisition came after deal talks with Microsoft, Google and Amazon, sources say' -Business Insider"", 'Google Considering Steps to Open Representative Office in Vietnam']",2
GOOGL,2018-12-13,"['Why The Chinese Market Is Attractive To Google', ""Google, Facebook Push Back on Vietnam's Sweeping Cyber Laws"", 'MediaTek Collaborates with Google to Bring AR and Lens Visual Search Experiences to Mid-Range Smartphones', 'Google Announces Partnership in India to Use AI To Improve Diabetic Eye Disease Screening']",4
GOOGL,2018-12-17,"['\'Google\'s Secret China Project ""Effectively Ended"" After Internal Confrontation\' -The Intercept', 'Will Oracle Earnings Put Analyst Cloud Concerns to Rest?']",2
GOOGL,2018-12-18,"['Facebook Takes Heat From NAACP, Muslim Advocates And Trump', 'Trump Tweet: Facebook, Twitter and Google are so biased toward the Dems it is ridiculous! Twitter, in fact, has made it much more difficult for people to join @realDonaldTrump. They have removed many names & greatly slowed the level and speed of increase. They have acknowledged-done NOTHING!']",2
GOOGL,2018-12-20,"['Hearing Dealreporter Says Atlassian Is Being Speculated As A Potential Google Target; Unconfirmed', ""Twitter Sinks After Citron Calls It 'The Harvey Weinstein Of Social Media'""]",2
GOOGL,2018-12-23,"['Losing Its FAANG: Market Struggles In 2018 As Tech Rally Slows', ""Barron's Picks And Pans: Unicorns, European Treasures, Health Care Bargains And More""]",2
GOOGL,2018-12-24,"[""Holiday Cheer Hard To Find Following Wall Street's Worst Week In A Decade""]",1
GOOGL,2018-12-26,"[""'Why Alphabet Will Make a Big Acquisition to Help Google Cloud -The Information""]",1
GOOGL,2018-12-27,"[""The Year In Cryptocurrency: Bitcoin's Burst, Hackers, Rejections, Regulations And More"", 'Stocks across sectors are trading lower, reversing course after strong gains on Wednesday.', 'In The December Bloodbath, These Hidden Factors Might Be Prompting Traders To Buy']",3
GOOGL,2018-12-28,['12 Tech Trends To Watch Over The Next 12 Months'],1
GOOGL,2018-12-30,"[""Benzinga's Bulls & Bears Of The Week: Amazon, Apple, Disney, Facebook, GM And More""]",1
GOOGL,2019-01-02,['Tech stocks shares are trading lower after Apple cut Q1 sales guidance drastically.'],1
GOOGL,2019-01-03,"[""Alphabet's Verily Life Sciences Unit Reports $1B Investment Round Led By Silver Lake To Advance Plans On Business Strategies Which Are Additive, Complementary To Its Current Life Sciences Portfolio"", 'Canaccord Genuity Upgrades Alphabet to Buy', 'Immersion Reports Deal With Google To Develop Next-Gen Haptic Devices, No Terms Disclosed']",3
GOOGL,2019-01-04,"['Google Expects Google Assistant To Be On 1 Billion Devices By The End Of January', ""Robert Kricheff Discusses Changing Valuation Models In New Book 'That Doesn't Work Anymore'"", ""RBC's Mahaney: Tech 'Reckoning' Already Occurred"", 'Goldman Sees Amazon, Alphabet, PayPal, GrubHub, Netflix As Best Risk/Reward In US Internet Space, Sees Spotify, Twitter As Stocks Which Offer Most Upside From Current Levels']",4
GOOGL,2019-01-06,"[""Benzinga's Bulls & Bears Of The Week: Amazon, CBS, Intel, Nike, Tesla And More""]",1
GOOGL,2019-01-07,"['As Sports Broadcasters See Some Viewers Return, Experts Predict Another Year Of Streaming Transition', 'Pivotal Forecasts Good Year For Online Ads, Upgrades Adobe, Alphabet, Salesforce', 'Google Announces Launch Of Smart Displays For Google Assistant', '10 Biggest Price Target Changes For Monday', ""Benzinga's Top Upgrades, Downgrades For January 7, 2019"", 'Pivotal Research Upgrades Alphabet to Buy, Raises Price Target to $1.24K']",6
GOOGL,2019-01-09,['Fintech APIs Consolidate As Plaid Buys Quovo In $200M Deal'],1
GOOGL,2019-01-10,"['BofA Upgrades Twitter After Internet User Survey, Finds Falling Snapchat Usage', 'Alphabet, Inc. Board Sued On Thursday In California State Court By Shareholder; Lawsuit Alleges Board Breached Fiduciary Duty By Covering Up Sexual Misconduct By Top Execs, Cites Meeting Minutes From 2024-2016', ""Morgan Stanley Posts Negative Yelp Review: 'We Question The Sustainability Of This Pricing Umbrella'"", 'EU Court Adviser Says Google Can Limit Right to be Forgotten to EU']",4
GOOGL,2019-01-14,"[""UPDATE: Global Equities' Chowdhry Warns Could Take Another 2 Qtrs. For Amazon's AWS, Microsoft's Azure, Google's GCP To Clean Their Workloads From Crypto Miners Abuse"", ""UPDATE: Global Equities' Chowdhry Sees Recent Crackdown On Crypto Miners As Creating A Temporary Compute Overcapacity In The 'Super Cloud' Cos., Sees Intel Datacenter Business Experiencing Temporary Issues"", ""'Google employees are launching a social media blitz to pressure tech giants on workplace harassment issues' -Recode""]",3
GOOGL,2019-01-16,"[""Alphabet, McDonald's, Netflix, Xilinx: 'Fast Money' Picks For January 16""]",1
GOOGL,2019-01-17,"['Google Buys Smartwatch Tech And Know-How From Fossil', ""The EU is Preparing a Third Antitrust Fine for Google's Adsense, According to Bloomberg""]",2
GOOGL,2019-01-22,"[""'Elliott Thinks Walmart, Google And Private Equity Could Be Interested In Buying Ebay's Core Marketplace Business For About $15 Billion' -CNBC"", 'Waymo Looks To The Motor City For Autonomous Vehicle Plant', 'Pivotal Makes No Changes To Google Model As Big Brands Flock Back To YouTube']",3
GOOGL,2019-01-23,"['Google Signs Long-term Agreement To Purchase The Output Of A 10-megawatt Solar Array In Tainan City, Taiwan']",1
GOOGL,2019-01-24,"[""Oracle Comments on Google's Petition For Review By Supreme Court; Says Petition Presents a 'Rehash Of Arguments That Have Already Been Thoughtfully And Thoroughly Discredited'"", 'Google Has Asked Supreme Court To Reverse Its Ruling Which Revived Oracle Copyright Case', ""Analyst Says Apple's App Store Spending Is Likely To Slow In 2019""]",3
GOOGL,2019-01-25,"[""'Continuing our work to improve recommendations on YouTube' -YouTube Blog""]",1
GOOGL,2019-01-26,['Breaking Down The Incredible Rise Of Esports'],1
GOOGL,2019-01-28,"['Podcast: Nike Continues To Expand With MLB Deal, Streaming War Heats Up', 'Inuvo Announced Its Vertro Subsidiary Entered Into Amendment Number One To Google Services Agreement; Pursuant To Agreement, Among Other Things, Payment Terms Were Modified And Term Of Agreement Was Extended To Feb 28, 2021']",2
GOOGL,2019-01-29,"['Google Will Post Solid Revenues, But Expenses May Weigh On Margins, BofA Says In Q4 Preview']",1
GOOGL,2019-01-30,"[""'YouTube Music comes to Sonos' -YouTube Blog"", ""Koch Industries' Subsidiary Invests In Metal 3D Printing""]",2
GOOGL,2019-01-31,"[""'Apple blocks Google from running its internal iOS apps' -The Verge"", 'Hearing Apple Taking Actions On Google Apps Following Facebook Initative', 'BATs Bounce Back, Lift This ETF']",3
GOOGL,2019-02-01,"[""This Day In Market History: Alphabet Briefly Becomes World's Most Valuable Company""]",1
GOOGL,2019-02-04,"[""From Alphabet Earnings Conference Call: Feedback On 'Project Stream' Video Game Service Has Been 'Super Positive'"", 'From Alphabet Earnings Conference Call Q&A Section: CEO Says To Expect Cloud Unit To, In 2019, Focus On Geographies, 6 Verticals, 5 Product Areas Where It Is Seeing Returns', ""'Pichai says YouTube now has nearly 2B monthly logged-in users. It had 1.8B as of last May.' -Tweet From TheStreet"", ""'Pichai: Over the last year, the number of active users for Google Assistant has quadrupled. Assistant now supports 30 languages, up from 8 a year ago' -Tweet From TheStreet"", ""From Alphabet Earnings Conference Call: Number Of Daily Active Users On Co.'s Shopping Doubled On Year-Over-Year Basis During Holiday Season"", 'From Alphabet Earnings Conference Call: Board Has Authorized Added $12.5B Buyback', 'From Alphabet Earnings Conference Call: Sees Capex Growth In 2019 To Moderate Quite Significantly', 'From Alphabet Earnings Conference Call: Sees Traffic Acquisition Costs Continuing To Increase Year Over Year As Mobile Search Grows', 'From Alphabet Earnings Conference Call: Forex To Remain A Headwind', 'Alphabet Blows Away Q4 Earnings Estimates, Shares Fall', 'Alphabet Q4 Net Sales Excluding Traffic Acquisition Costs $31.84B', 'Alphabet Q4 EPS $12.77 Beats $10.86 Estimate, Sales $39.276B Beat $38.98B Estimate', ""Apple Is The 'Better Mind' In The Tech Space, Pro Says"", 'How The FANG Stocks Trade With Each Other And The Rest Of The Market', 'A Peek Into The Markets: US Stock Futures Edge Higher, Alphabet Earnings In Focus', '8 Stocks To Watch For February 4, 2019', 'Earnings Scheduled For February 4, 2019']",17
GOOGL,2019-02-05,"[""'Waymo reportedly in talks with Renault-Nissan Alliance on self-driving partnership' -Electrek"", ""'Protecting your data, no matter where you go on the web' -Google"", 'Google Says Rolling Out Password Checkup And Cross Account Protection', '8 Biggest Price Target Changes For Tuesday', ""Wall Street Reacts To Alphabet's Q4 Earnings"", 'Survey Hints At Strong Quarter For Spotify', 'Citigroup Maintains Buy on Alphabet, Lowers Price Target to $1.325K', ""32 Stocks Moving In Tuesday's Pre-Market Session"", 'BMO Capital Maintains Market Perform on Alphabet, Lowers Price Target to $1.1K', 'Nomura Maintains Buy on Alphabet, Lowers Price Target to $1.31K', 'Barclays Maintains Overweight on Alphabet, Lowers Price Target to $1.35K', 'A Peek Into The Markets: US Stock Futures Surge Ahead Of Earnings', '12 Stocks To Watch For February 5, 2019']",13
GOOGL,2019-02-06,['Survey: Smart Speakers Quickly Becoming Ubiquitous In American Households'],1
GOOGL,2019-02-07,"['Google Blog Post Highlights Co. Belief EU Copyright Draft Rules Are Not Carefully Balanced And Would Harm Creative Economy In Europe', 'Equinix Reports Google Has Selected Co. For Its LA Area Cable Landing Station, No Terms Disclosed', 'Google Removes Sites Banned in Russia from Search']",3
GOOGL,2019-02-11,['Softbank Invests In Autonomous Grocery Delivery Startup Nuro'],1
GOOGL,2019-02-12,"[""Some Traders Attributing Recent Weakness In Tech Stocks To Comment In California Governor Newsom's State Of The State Address 'I've asked my team to develop a proposal for a new Data Dividend for Californians'"", ""Sonos CEO: 'We Are Paying For Sins Of The Past'""]",2
GOOGL,2019-02-13,"[""'...Google to spend $13B to build new data centers in Nevada, Ohio, Texas, and Nebraska; tech giant will also double its Virginia-based workforce with expanded offices and more data center space and will also expand its New York City campus' -CNBC Tweets"", 'Japan Plans Government Watchdog To Examine Big Tech Companies']",2
GOOGL,2019-02-14,"[""Big Tech Stocks Appear Unaffected Following Report From India's Business Standard 'Google, Facebook, Twitter, Amazon stare at 30-40% digital tax blow in India'"", ""'Google in Middle of Fight Over 5G Spectrum' -The Information"", ""Cooperman's Omega 13F Shows Cut Stake In Alphabet From 130K Shares To ~82K Shares"", 'How Truck Stops Could Drive The Electric Revolution']",4
GOOGL,2019-02-15,"[""''SpongeBob' Spinoffs Planned as Nickelodeon Chief Brian Robbins Tries to Win Back Young Viewers (EXCLUSIVE)' -Variety"", 'Q4 13F Roundup: How Buffett, Einhorn, Ackman And Others Adjusted Their Portfolios', 'Reuters Report From Earlier Shows Germany IS Looking At Possibility Of A 15% Special Tax On Online Advertise Revenue Collected By Foreign Companies', 'Analysts Downgrade TrueCar, Forecast Weak Fundamentals', 'Soros Fund Management Dissolves Stakes in Apple, Pinduoduo; Raises Stake in Alphabet, Cuts Stakes in Amazon, Disney, Bank of America, AT&T; Takes Stake in Conagra']",5
GOOGL,2019-02-19,"[""'We're excited to announce our intent to acquire data migration leader @aloomainc, expanding our ability to give enterprise customers an easy and secure way to migrate their data to Google Cloud' -Tweet From Google Cloud"", ""'Alooma signs an agreement to join the Google Cloud family' -Alooma Blog Post""]",2
GOOGL,2019-02-20,"['Google Spokesperson Says On-Device Microphone On Google Nest Was Never Intended To Be A Secret And Should Have Been Listed In Tech Specifications; Says On-Device Microphone Has Never Been On, Is Only Activated When Users Specifically Enable Option', 'Google Says the Microphone on its Nest Device Was Not Intended to be a Secret and is Only On When Users Turn it On']",2
GOOGL,2019-02-21,"[""'Under pressure, Google to end mandatory arbitration for employees' -Axios"", 'AT&T Says It Has Removed Its Advertising From Youtube, One Month After Announcing It Was Returning To The Platform', '#YouTubewakeup: What You Need To Know', ""'YouTube axes hundreds of channels over child exploitation concerns' -Engadget""]",4
GOOGL,2019-02-22,"['Wedbush Downgrades Fitbit Ahead Of Q4 Print, Says Medtech Opportunity Priced Into Stock']",1
GOOGL,2019-02-23,"[""'Little League' Of Esports Is Going Public""]",1
GOOGL,2019-02-26,"[""Detroit To Host Forbes Under 30 Summit Through 2021: 'A Place For Innovation'""]",1
GOOGL,2019-02-28,['YouTube Disables Comments On Videos Featuring Minors'],1
GOOGL,2019-03-01,['Lyft Says Entities Affiliated With Alphabet Beneficially Owned 5.33% Of Class A Common Stock For IPO'],1
GOOGL,2019-03-04,"[""'Google to sell 500 products from JD.com, deepening partnership' -Nikkei Asian Review"", ""Google Rejects Australia's Findings on Market Influence""]",2
GOOGL,2019-03-05,"['Google Says Will Not Allow Political Ads In 2019 Canadian Election', ""Benzinga's Top Upgrades, Downgrades For March 5, 2019"", 'Needham Initiates Coverage On Alphabet with Buy Rating, Announces $1.35K Price Target']",3
GOOGL,2019-03-06,"[""'Waymo Starts Selling Sensors to Lower Cost of Self-Driving Cars' -Earlier Bloomberg Article""]",1
GOOGL,2019-03-08,"[""'Elizabeth Warren Proposes Breaking Up Tech Giants Like Amazon' -NY Times"", 'Samsung Display Said to have Delivered Samples of Flexible Displays for Foldable Phones to Apple and Google']",2
GOOGL,2019-03-11,"[""'Alphabet's Waymo Seeks Outside Investors' -The Information""]",1
GOOGL,2019-03-12,"['EU States Ditch Digital Tax Plan To Work For Global Reform', 'Senior U.S. Treasury Official Says Proposed Digital Tax from France Could Be Highly Discriminatory Against U.S. Businesses', ""News Corp's Australian Unit Calls for Breakup of Google""]",3
GOOGL,2019-03-13,"['This Day In Market History: The Microsoft IPO', 'Google Says Introducing YouTube Music in India With Ad-Supported Free Version and Ad-Free Paid Version']",2
GOOGL,2019-03-14,"['Uber And Waymo Seeking Outside Funding For Autonomous Tech', ""S. Korea's Antitrust Regulator Asks Google to Change Some of its Terms of Service""]",2
GOOGL,2019-03-15,"['US State Attorney Generals Are Taking First Steps Toward An Alphabet/Google Probe', ""'A Bit Scrappier': How Cannabis Marketers Navigate Social Media Restrictions"", 'Google May be Working on Foldable Pixel Phones']",3
GOOGL,2019-03-19,"[""'JUST IN: Chairman of House Homeland Security Committee summons chiefs of Twitter, YouTube, Facebook & Microsoft to Capitol Hill over their response to the New Zealand attack.' -CNBC"", 'AMD Radeon GPUs And Developer Tools Tapped For New Generation Gaming Platform, Google Stadia', ""Trump Says He Sees 'Collusion' Related To Content On Social Media Platforms, Cites Facebook, Google, Twitter"", 'Google Using AMD Created Chip For Gaming Service', 'Google Announces Public Launch Of Stadia Video Game Service', ""'Google Console Reveal - Game Developers Conference 2019 (GDC2019) Livestream' -YouTube"", ""AMD Analyst Says Cloud Gaming A Good Opportunity, But Stock Is 'Ahead Of Itself'"", 'Google Expected To Make Gaming-Related Announcement At 1:00 p.m. ET', ""Analysts Dissect Nvidia's Product Announcements: 'Evolutionary Rather Than Game-Changing'"", ""A New Look For The Barron's 400 ETF"", 'Taiwan Semiconductor Sees Chip Orders for Android Devices Ramp Up']",11
GOOGL,2019-03-20,"['Shares of several tech stocks are trading higher in sympathy with the overall market after the Federal Reserve announced they will leave rates unchanged.', ""How Google's Stadia Video Game Streamer Will Be 'Highly Disruptive'"", ""UPDATE: Alphabet Says EC Decision Will Impose €1.49B Fine, Directs Action Related To AdSense For Search Deal; Co. Sees Accruing Fine In Q1'19"", 'Alphabet 8-K Shows EC Announced Decision Certain Contractual Provisions In Deals Google Had With AdSense For Search Partners Infringed European Competition Law', 'EU Antitrust Regulators Fine Google €1.49B For Restricting Rival Online Search Advertisers', 'EU Antitrust Head Vestager to Hold News Conference at 10.30 GMT; Expected to Focus on Google']",6
GOOGL,2019-03-21,['eBay To Begin Rolling Out Google Play On Its Marketplace Platform'],1
GOOGL,2019-03-25,"[""Apple Arcade Is The Company's Newest Subscription Gaming Service"", 'YouTube Said to Cancel Plans for High-end Series']",2
GOOGL,2019-03-26,"[""'McClatchy and Google partner on an experimental lab for local news' -Google 'The Keyword' Blog"", 'KeyBanc Downgrades Criteo On Google Cookie Policy Overhang', ""Google Sees EU Copyright Directive As 'Improved' But Will Still Lead To Legal Uncertainty""]",3
GOOGL,2019-03-27,"[""'Just met with @sundarpichai, President of @Google, who is obviously doing quite well. He stated strongly that he is totally committed to the U.S. Military, not the Chinese Military....' -Tweet From Pres Trump"", 'Oppenheimer: Trade Desk Shares Unduly Punished For Possible Cookie Restrictions By Google']",2
GOOGL,2019-03-28,"['HUD Looking Into Twitter And Google Ad Targeting Practices', ""'Mr. Google' Goes To Washington To Chat With Trump"", 'M&C Saatchi Backs Calls for Competition Watchdog Investigation of Facebook and Google']",3
GOOGL,2019-03-29,"[""Memes Survive EU's Internet Copyright Laws — For Now""]",1
GOOGL,2019-04-01,"[""Credit Suisse Thinks Spotify's Expectations Are Too High"", ""'Hitting send on the next 15 years of Gmail' -Google The Keyword Blog""]",2
GOOGL,2019-04-02,"['Google Strengthens Presence In Cuba With ETECSA Team Up', 'Walmart Unveils Voice-Activated, Google-Powered Grocery Shopping']",2
GOOGL,2019-04-04,['FANG Stocks Flying As Nirvana Spreads In The Tech Sector'],1
GOOGL,2019-04-05,['Switching Sides: Google AI Expert Accepts Job At Apple'],1
GOOGL,2019-04-08,"['Mckesson Announces Move To Google Cloud', ""Canada's Democratic Institutions Minister Says Believes Facebook, Twitter, Google Has Not Yet Done Enough To Help Safeguard The Oct. Election"", 'Citi Downgrades Roku To Sell On Increased Competition, Valuation']",3
GOOGL,2019-04-09,"['March IMX Reveals Value Is Making A Comeback', 'UPDATE: Google Cloud Announced 33 New Partners, Including JP Morgan Chase, DISH, USA Today, Sprint, Viacom, P&G, Tyson Foods, Unilever, Samsung, UPS', ""'Google Cloud Next '19: Welcome to the future of digital transformation' -Google Cloud Blogpost"", 'Intel And Google Cloud Will Collaborate On Anthos']",4
GOOGL,2019-04-10,"[""'Discovery Lands Nine Networks on YouTube TV' -Broadcasting Cable"", ""'Updates to YouTube TV: More content and a new price' -YouTube Blog"", 'YouTube TV Membership Which Will Be Billed Through Apple Will Be $54.99/Month', ""Avaya Highlights Further Integration With Google Cloud 'to fully leverage the AI and cloud capabilities of both companies'""]",4
GOOGL,2019-04-11,['A Look At The Dow And FANG Stocks In 2019'],1
GOOGL,2019-04-15,"[""Longbow Turns Bullish On Western Digital, Projects 'A Line Of Sight To Cyclical Recovery'"", 'EU Countries Back Copyright Reforms Targeting Google, Facebook']",2
GOOGL,2019-04-16,"['Zoom Video Communications IPO: What You Need To Know', ""Waymo Says Waymo's Ride-Hailing App Is Now Available On Google Play"", 'Hearing Google Mentioned Positively At OTR Global']",3
GOOGL,2019-04-17,"[""'Big Tech to face antitrust law on user data in Japan' -Nikkei"", ""Google Cloud Says Former SAP Cloud President Robert Enslin Named President Of Global Customer Operations; Says Current President Paul-Henri Ferrand 'To Take On New Challenge' At Google""]",2
GOOGL,2019-04-18,"['Amazon, Google Reports Official YouTube Apps Will Launch On Fire TV, Prime Video App Coming To Chromecast, Android TV', 'StockTwits To Launch Commission-Free Trading App']",2
GOOGL,2019-04-19,['Google Drones May Soon Fly Commercially Over Virginia'],1
GOOGL,2019-04-22,"[""Ex-Uber Exec Talks Company's Roots, Path To Profitability""]",1
GOOGL,2019-04-23,"['Facebook Q1 Earnings Preview: What The Street Expects', ""Google's Waymo To Build Autonomous Vehicles In Detroit"", ""American Axle Shares Spike 5% Amid Report Google's Waymo To Partner With Co. For Factory In Detroit Which Will Mass Produce Self-Driving Cars"", ""Google's Spinoff Wing Is First To Receive FAA Approval To Deliver By Drone""]",4
GOOGL,2019-04-24,"['Investor Survey Shows Bullish Sentiment On The Rise, But Not For FAANG Stocks']",1
GOOGL,2019-04-25,"[""'Boringly Excellent': Street Gushes Over Microsoft's Quarter, Feather In Cap For Nadella"", 'BMO Capital Maintains Market Perform on Alphabet Inc. - Class A Common Stock, Raises Price Target to $1.2K']",2
GOOGL,2019-04-29,"[""7 Stocks Moving In Monday's After-Hours Session"", 'Alphabet Shares Fall After Q1 Sales Miss', 'Alphabet shares are trading lower after the company reported worse-than-expected Q1 sales results.', 'Alphabet Q1 GAAP EPS $9.50, Adj. $11.90 Beats $10.58 Estimate, Sales $36.43B Miss $37.34B Estimate, Sales Excluding Traffic Acquisition Costs $29.48B', 'Alphabet, Inc. To Report Q1 Results After The Closing Bell; Co. Historically Issues Its Report Before 4:05 p.m. ET', 'Spotify Hits 100M Premium Subs; Buckingham Sees 20% Upside', ""Raymond James Maintains Outperform, $1.3K Target On Alphabet Ahead Of Co's Q1 'given solid continued advertising growth for both Search and YouTube, increasing Google Cloud traction, and an attractive valuation (~20.5x 2020 core EPS ex cash)'"", 'US Supreme Court Has Asked Trump Admin. To Weigh In On Whether To Hear Google Appeal In Copyright Dispute With Oracle']",8
GOOGL,2019-04-30,"[""Gilead Reports CFO Robin Washington To Step Down; Was Named To Alphabet's Board"", 'Joe Montana-Backed Herb Relaunches Website To Focus On Education, Information', ""Investors Punish Alphabet's Stock After Concerning Quarter"", 'On CNBC Dan Niles Says Reducing His Exposure To Alphabet', '10 Biggest Price Target Changes For Tuesday', ""KeyBanc Reiterates Overweight, $1.43K Target On Alphabet As Firm Maintains Co's 'overall revenue growth prospects remain excellent and see the prospect for improved EBITDA and FCF margins through 2020'"", ""Benzinga Pro's Top 10 Most-Searched Tickers For Morning of Tue., Apr. 30, 2019"", ""Benzinga's Top Upgrades, Downgrades For April 30, 2019"", 'Stalled Revenue Growth Inspires Stifel To Downgrade Google', ""UPDATE: Stifel Downgrades Alphabet To Hold As Firm Believes Co's 'multiple is likely to remain range bound over the next twelve months as a potential deceleration digestion period lies ahead with lower visibility into near-term revenue growth rates'"", 'Nomura Maintains Buy on Alphabet Inc. - Class A Common Stock, Lowers Price Target to $1.3K', 'Morgan Stanley Maintains Overweight on Alphabet Inc. - Class A Common Stock, Lowers Price Target to $1.425K', 'Alphabet shares are trading lower after the company reported worse-than-expected Q1 sales.', 'Stifel Nicolaus Downgrades Alphabet Inc. - Class A Common Stock to Hold, Announces $1,287 Price Target']",14
GOOGL,2019-05-01,"[""Alphabet, Marriott, Starbucks And More: 'Fast Money Halftime Report' Picks For May 1"", 'FireEye Analysts Have Tepid Reaction To Mixed Q1', 'Cuomo Calls For Investigation Of Companies That Allegedly Used Google Ads Website Features To Hide Additional Tax Filing Options From Low-Income Individuals', 'Google Says Auto-Delete Controls Are Coming First To Location History And Web & App Activity And Will Roll Out In The Coming Weeks', 'Cramer Blasts Alphabet Earnings, Praises Apple', ""Benzinga's Top Upgrades, Downgrades For May 1, 2019"", ""Alphabet's Eric Schmidt, Diane Greene To Leave Board This June"", 'DZ Bank Downgrades Alphabet Inc. - Class A Common Stock to Hold']",8
GOOGL,2019-05-02,"['Google Says Will Political Advertising In Transparency Report To Show Voters Who Is Purchasing Election Ads In EU, How Much Money Is Being Spent', ""UPDATE: Google's YouTube Manually Reviewed 1M+ Suspected Terrorist Videos In First 3 Months Of 2019, Said 90K Videos Manually Reviewed Violated Its Terrorism Policy"", ""Letter To Congress Shows Alphabet's Google Spends Hundreds Of Millions Of Dollars Annually On Content Review Policies"", ""'Great Technology' Is How AMD Differentiates Itself, CEO Tells Cramer""]",4
GOOGL,2019-05-05,"[""Benzinga's Bulls & Bears Of The Week: Apple, Disney, GE, Sprint And More""]",1
GOOGL,2019-05-06,"['Stocks Chopped Around Last Week As The Intermediate Market Cycle Winds Down', ""UBS Says Alphabet 'Well-Positioned' For Local Ads""]",2
GOOGL,2019-05-07,"['Google Pixel 3A And Google Pixel 3A Xl Will Be Available From Sprint Beginning Wednesday, May 8', 'Opinion | The Risks Facing Uber Ahead Of Its IPO', 'Google Launches Pixel 3A Smartphone, Starts At $399, Will Be Sold At Verizon, T-Mobile, Sprint, US Cellular Stores, Co. Continues To Talk With AT&T About Selling The Phone', ""Alphabet's Google To Launch 3D, Augmented Reality Effects In Mobile Search Results""]",4
GOOGL,2019-05-08,"['Google CEO Says Privacy Should Be Equally Available To All In NYT Op-Ed', ""'Google's subscription music services are struggling to grow, almost a year into a revamp of its flagship YouTube Music'"", 'Rosenblatt Ambivalent On Pinterest, Waits To Compare To Leading Ad Platforms', 'Criteo 8-K Shows Comment On Recent Google Chrome News']",4
GOOGL,2019-05-09,"[""Roku's Q1 Inspires 23% Stock Pop, Higher Price Targets Across The Board"", 'Shares of several technology stocks are trading lower on continued concern of China trade negotiations; China has become firmer in its stance and negotiations are set to continue next Thursday with expectations now being more uncertain.']",2
GOOGL,2019-05-10,"[""'Exclusive: India orders anti-trust probe of Google for alleged Android abuse - sources' -Earlier Article From Reuters""]",1
GOOGL,2019-05-14,"[""'Fast Money' Traders Share The Stocks To Buy On The Dip""]",1
GOOGL,2019-05-15,"['13F From Soros Shows New Stake In Adobe, Lyft, Liquidated Positions In Amazon, Alphabet, Kraft Heinz', 'Google Says Become Aware Of An Issue That Affects The Bluetooth Low Energy Version Of The Titan Security Key Available In The U.S.', 'Shares of several important consumer technology mega cap companies trading higher with the broader stock market. These stocks were under pressure over the last couple weeks as concerns with US, China trade talks weighed.', 'Cooperman 13F Shows New 109K Share Stake In Alphabet', ""Deutsche Bank More Bullish On Google With New 'Blockbuster' Ad Possibilities""]",5
GOOGL,2019-05-16,['Shares of many technology companies are trading higher after President Trump signed an executive order giving the government the authority to block technology companies deemed a national security threat from selling to the U.S.'],1
GOOGL,2019-05-17,"['Google Has Agreed To Refund Advertisers Following Suite Related To Fraud Scheme', 'Q1 13F Roundup: How Buffett, Einhorn, Ackman And Others Adjusted Their Portfolios', ""Google Reviewing Italy's Antitrust investigation; Will Work to Resolve Issues""]",3
GOOGL,2019-05-18,"['Bulls And Bears Of The Week: Apple, Chevron, FedEx, Uber And More']",1
GOOGL,2019-05-19,['Google Suspends Some Business with Huawei after Trump Blacklist'],1
GOOGL,2019-05-20,"['Ann Arbor-Based Fintech Startup Clinc Raises $52M, Aims For 2022 IPO', ""'Glass Enterprise Edition 2: faster and more helpful' -Earlier Blog Post From Google's The Keyword"", ""Chips Stocks Rattled As Companies Halt Supplying China's Huawei"", 'Google Is Shutting Down Its Jump VR Video Program']",4
GOOGL,2019-05-21,"['Uber Seeks Approval For San Diego Drone Deliveries', ""Huawei Will Consider Rivals To Google's Android System"", 'A Huawei Senior Exec Says Co. Working Closely With Google To Resolve US Ban', 'Google, on U.S. Easing Restrictions on Trade With Huawei, Says License Allows Co to Provide Software Updates & Security Patches too Existing Models for Next 90 Days']",4
GOOGL,2019-05-22,"[""'EU regulator launches probe into Google over data privacy' -CNBC"", ""Cannabis Still Can't Be Sold, Promoted On Facebook Or Instagram"", 'Qualcomm Reports Snapdragon XR1 Platform Will Power Glass Enterprise Edition 2 From Google']",3
GOOGL,2019-05-23,"['Shares of technology companies are trading lower with the overall market, which has been relatively rangebound over the last 13 sessions. The technology sector is the second worst performing today.', ""'Facebook and Google are America's 'biggest competitive advantage,' says Mark Cuban' -Yahoo Finance"", 'Google Announces Users Can Use Google Search, Maps, Or Assistant To Order Food From Services Like Doordash, Postmates, Delivery.com, Slice, Chownow', ""Turtle Beach Continues Partnership With Ali-A, The 'Most-Watched' Gamer On YouTube""]",4
GOOGL,2019-05-24,"['Analyst: Huawei Blacklist Is $400M Risk For Google', 'Leveraged Chip ETFs Embody Trade War Volatility']",2
GOOGL,2019-05-27,"[""Alphabet, Apple And More: 'Fast Money' Picks For May 28""]",1
GOOGL,2019-05-28,"['Incoming Walmart CTO Kumar Has Google, Amazon On Résumé', ""'Walmart poaches ex-Google, Amazon exec Suresh Kumar for new CTO role' -CNBC""]",2
GOOGL,2019-05-29,"[""Charlotte's Web Says Friday TSX Listing 'A Milestone For The Overall Industry'"", 'Shares of several technology companies are trading lower with the overall US market as US-China trade tensions continue to concern investors.', 'China Renaissance Initiates Coverage On Alphabet with Hold Rating, Announces $1,270 Price Target', ""Benzinga's Top Upgrades, Downgrades For May 29, 2019"", 'Pivotal Research Initiates Coverage On Alphabet with Hold Rating, Announces $1.25K Price Target']",5
GOOGL,2019-05-30,['Google Takes Measures To Restrict Marijuana Sales'],1
GOOGL,2019-05-31,"[""Cowen's Pascarelli: CBD Market Shows 'Encouraging Signs'"", 'Many mega-cap stocks trading lower following a tweet from President Trump late Thursday the US will impose a 5 percent tariff on goods from Mexico.']",2
GOOGL,2019-06-01,"['DoJ Preparing Antitrust Investigation of Google; Expected to Examine Google Practices Related to Search, Other Businesses']",1
GOOGL,2019-06-02,"['Google Cloud Reported High Levels of Network Congestion in Eastern U.S. Affecting Multiple Service in Google Cloud, GSuite and YouTube', ""Alphabet's Google Braces For Antitrust Investigation From The Justice Department""]",2
GOOGL,2019-06-03,"[""'House Democrats plan sweeping antitrust investigation of Facebook, Google and other technology giants' -Washington Post"", 'All The Updates, Features Apple Showed Off At WWDC 2019: Dark Mode, MacOS Catalina And More', ""'Google to Hold First Ever Stadia Connect Livestream' -Variety Earlier Reported"", 'UBS: Despite Regulatory Risk, Alphabet Is A Buy', 'Apple Falls As Justice Department Given Jurisdiction For Possible Antitrust Probe', 'Apple Highlighting Enhanced Privacy Features On iOS 13', 'Facebook Falls Following Reports Of Potential FTC Probe', ""51 Stocks Moving In Monday's Mid-Day Session"", ""Trader Idea Feed: '$SPY breaking the ema support, room lower into the 275.9 area. Range bounce today. Facebook, Google, Amazon ready for next legs down, bear flagging uptrends broken from the bounce.' @SpartanTrading Via Twitter"", 'With Looming Federal Antitrust Probe Over Google, Bank Of America Still Likes Alphabet', 'UPDATE: Antitrust Jurisdiction Split: Facebook Received FTC Probe, Dept. Of Justice On Alphabet/Google', ""'Big tech's time of reckoning: It looks like Trump is making good on his threat to take on Google and Amazon' -Business Insider"", 'Bank Of America Says Dept. Of Justice Probe Of Alphabet/Google Could Include Regulations On Business Practices, Or Antitrust Probe Leading To Breakup', ""30 Stocks Moving In Monday's Pre-Market Session"", 'Alphabet shares are trading lower after the Justice Department announced an antitrust investigation into Google.']",15
GOOGL,2019-06-04,"[""Apple's WWDC 2019 Was All About Apps, Security"", ""Benzinga's Top Upgrades, Downgrades For June 4, 2019"", 'Loop Capital Initiates Coverage On Alphabet with Hold Rating, Announces $1.25K Price Target', '66 Biggest Movers From Yesterday']",4
GOOGL,2019-06-05,"['Cramer Says He Understands The Case For Breaking Up Big Tech', 'Munster Gives His Quick Take On Netflix, Livent And More']",2
GOOGL,2019-06-06,"[""Google's Stadia Video Game Platform Announces Pricing, Games Structure"", 'Google Livestreaming Stadia Event (Link)', 'Google Buys Intelligence Company Looker For $2.6B In Cash', 'Google Reports Purchase Of Looker For $2.6B In All-Cash Deal']",4
GOOGL,2019-06-07,"['Analyst Likes Google After More Details From Stadia', 'Bitcoin Vs. Apple Pay And Alipay', ""Russia's RIA Says Russian Watchdog Has Not Ruled Out A New Case Against Google""]",3
GOOGL,2019-06-08,"['Ready Trader One: Events, Stocks To Watch At E3', ""Bulls & Bears Of The Week: GameStop, McDonald's, Tesla, Tilray And More""]",2
GOOGL,2019-06-10,"['DOJ Demands Google Hand Over Data Pertinent To Roger Stone', ""'Sources say @Google gearing up for epic battle w Trump DOJ over antitrust issues; Unclear if Google has been contacted by DOJ; $GOOGL believes it has a strong counterargument given past successful skirmishes with FTC any case could take years more now' -FBN's Charlie Gasparino"", 'Shares of several technology companies are trading higher after the U.S. and Mexico signed part of an immigration deal. If reached, Mexico would avoid previously announced tariffs; if not reached, President Trump stated tariffs would be reinstated.', 'Trump Talks China, Mexico And Big Tech In CNBC Interview', ""Whitney Tilson: 'I Think We Are In An IPO Bubble'"", 'Trump, Speaking About Big US Technology Firms, Says There Is Something Going On In Terms Of Monopoly', 'Trump Says EU Is Attacking US Companies', ""Whitney Tilson On Antitrust Concerns On Amazon, Google, Facebook, Says Thinks Cos. Will Not Be Broken Up, Says Might Be Fines, But 'Still Gonna Be Dominate Cos.'""]",8
GOOGL,2019-06-11,"[""'Fmr #Google Engineer @m_wacker says he was FIRED just days after he appeared on 'Trish Regan Primetime' to expose the company's bias and 'outrage mobs'' -Tweet From FOX Business Anchor Trish Regan"", ""From Earlier: 'Antitrust Chief Rips Google and Amazon, Citing Historic Breakups' -Bloomberg"", ""YouTube's Account Purges Spark A Cannabis Content Alternative"", 'Dept. Of Justice Antitrust Chief Touts Importance Of Protecting Competition In Digital Economy', 'Shares of Shares of several semiconductor and technology companies are trading higher on continued trade optimism. The recent US-Mexico deal boosted confidence that the US could also strike a deal with China.', ""Morgan Stanley Says The Market Is Underappreciating Tesla's AV Business"", 'Hearing Needham Out Saying A Breakup Of Google Would Yield Investors ~50%']",7
GOOGL,2019-06-12,"[""Nomura: AMD's Upcoming Products Can Drive Revenue Momentum, Operating Leverage"", 'Vietnam Asked Companies Not to Advertise on YouTube Videos Containing Anti-state Propaganda']",2
GOOGL,2019-06-13,"[""Netflix, Next Games To Develop 'Stranger Things' Game Similar To Pokemon Go"", 'Google CEO Sundar Pichai Was In Oklahoma To Announce A $600M Investment To Expand Data Center In Mayes County', 'Legal Expert Breaks Down Antitrust Risk For Big US Tech Stocks', 'From Kyrgyzstan To London: How This CEO Is Trying To Revolutionize Productivity In Financial Services']",4
GOOGL,2019-06-14,"['Huawei Delays Foldable Phone Launch', ""E3: Morgan Stanley's 6 Takeaways""]",2
GOOGL,2019-06-17,"['Chinese Brands Are Taking The Global Economy By Storm', ""'Alphabet is worth 50% more if broken up, but not Facebook, analyst says' -CNBC"", 'Internet Trends Report: Why Immigration Is Critical To The US Tech Industry']",3
GOOGL,2019-06-18,"[""'Google has confirmed that they have resolved the Google Calendar issue. All Salesloft features that integrate with calendar are now operational' -SalesLoft Status"", 'Google To Invest Additional $1B In Housing In The Bay Area', 'Google Says Announcing An Additional $1 Bln Investment In Housing Across The Bay Area', 'Sanofi, Google Partner On Health Care-Focused Virtual Innovation Lab', ""'Our team is aware of this issue and working on a fix. Appreciate your patience.' -Tweet From Google Calendar"", 'Sanofi, Google to Establish New Virtual Innovation Lab Focusing on Healthcare']",6
GOOGL,2019-06-19,"['Report: YouTube Exploring Standalone App For Kids Content', ""'YouTube, Under Fire, Considers Major Changes to Kids' Content' -WSJ""]",2
GOOGL,2019-06-20,"['Leveraging Instagram To Build Cannabis Businesses', ""'Google is giving up on competing with Apple's iPad as it ends its tablet business and cancels two unreleased devices' -Business Insider"", 'This CEO Thinks Big Tech Enables Data Breaches', 'Shares of several technology companies are trading higher amid renewed hopes of a Federal Reserve rate cut this year and in sympathy with Oracle reporting strong Q4 earnings.']",4
GOOGL,2019-06-21,"['Senate Democrats Ask FTC, Justice Department About Status Of Possible Anti-Trust Probes Into Apple, Amazon.Com, Facebook And Alphabet']",1
GOOGL,2019-06-24,"['Google Will Invest An Added $1.1B In Dutch Data Centers', 'Google Will Invest Added €1B In Dutch Data Centers; Will Build New Data Center In Middenmeer, Netherlands', 'Hearing Moffett Nathanson Out Saying Alphabet Q1 Earnings May Show Core Search Growth Has Slowed Such That Other Google Businesses Could No Longer Prop Up Results; Unconfirmed', 'Hearing Cleveland Research Out With Negative Checks On Alphabet, Checks Show Search Business Trending Weak As Major Customers Appear Increasingly Reluctant To Add Spend; Unconfirmed']",4
GOOGL,2019-06-25,"[""'UPDATE: Youtube DELETES Video Exposing Google Plan to Interfere in 2020 Election' -The Dan Bongino Show""]",1
GOOGL,2019-06-26,"[""Trump: Social Media Companies 'Trying To Rig The Election'"", ""'The White House is hosting a social media summit as Trump continues to assail tech companies' -CNBC"", 'White House To Hold Social Media Summit On Thurs., Jul. 11, 2019', ""Trump Says Google Is 'Totally Biased', Says Tech Companies Should Be Sued"", 'Trump Says We Should Be Suing Google And Facebook, Perhaps We Will', ""Instagram's Mosseri On Deepfakes: 'If It Takes Too Long To Identify It...The Damage Is Done'""]",6
GOOGL,2019-06-27,"['Google Maps Launching Live Traffic Delays For Buses In Places Where Real-Time Information Direct From Local Transit Agencies Is Not Available', ""Alphabet's Cybersecurity Firm, Chronicle, Will Become Part Of Google Cloud""]",2
GOOGL,2019-07-01,"[""Huawei Says it's Awaiting Guidance from U.S. Commerce Dept on Using Google Android After President Trump's G20 Comments"", ""'Retailers Eager to Lodge Antitrust Complaints Against Amazon and Google' -Bloomberg"", ""Google Shares Unaffected As Following Post From Co.'s 'The Keyword' Blog: 'Breaking ground in Nevada'""]",3
GOOGL,2019-07-02,"[""'Waymo is now allowed to transport passengers in its self-driving vehicles on California roads'""]",1
GOOGL,2019-07-07,"['Google, Dish in Talks to Create 4th Mobile Carrier']",1
GOOGL,2019-07-09,"[""'IRS Allegedly Hopes to Make Tech Giants Release User Crypto Activity' -Coin Telegraph"", 'Apple, Google, Facebook To Testify At Judiciary Committee', ""What To Know About Google's Acquisition Of Elastifile"", ""'Google to acquire Elastifile' -Google Cloud Blog Post""]",4
GOOGL,2019-07-11,"['4 Apps To Help You Save For A Down Payment', ""'Google admits partners leaked more than 1,000 private conversations with Google Assistant' -CNBC"", ""Facebook Shares Unaffected Following UK Sun Article 'Google secretly building NEW Facebook rival called Shoelace that's like 'Tinder for making friends''"", ""Breaking Down 3 Of The Year's Most Intriguing Cybersecurity Stocks"", 'Billionaire Woos Amazon and Google With Indian Data Hubs']",5
GOOGL,2019-07-12,"['3 Apps To Help You Transfer Money Between Banks', 'Munster Talks Growth Outlook For Amazon, Google']",2
GOOGL,2019-07-15,"[""'Google accused of ripping off digital ad technology in U.S. lawsuit' -Yahoo Finance"", 'Morgan Stanley Maintains Overweight on Alphabet, Lowers Price Target to $1.4K']",2
GOOGL,2019-07-16,"[""Trump Says He Would Recommend That US Attorney General And Various Agencies Take A Look At Google's Involvement In China To See If There Is Truth To Allegations"", ""Today's Pickup: Drone App Wants To Control The Skies"", ""Google, In Response To Peter Thiel's Accusation Of Co.'s Ties With Chinese Govt Says 'We Do Not Work With The Chinese Military'"", '4 Ways To Avoid ATM Fees If You Have An Online Bank']",4
GOOGL,2019-07-17,"[""UPDATE: KeyBanc On Google, Facebook, Twitter Sees 'advertisers gaining greater appreciation for the quality of impression, reach, frequency that is available, which is driving strong demand for quality video ad inventory'"", ""KeyBanc Previews Google, Facebook, Twitter Q2 Earnings, Continues 'to see strong growth in the volume and quality of available video ad inventory across the major platforms'"", ""CooTek Sales From Google's Admob May Be Adversely Affected Amid Play Store Removal"", 'Stock Wars: GM Vs. Ford Vs. Tesla Vs. Toyota', 'Google CEO Tells U.S. Senator Co has Ended Some Partnerships in China', 'Google Banned Major Chinese App Developer CooTek from Play Store and Ad Platforms']",6
GOOGL,2019-07-18,"['4 Great Finance Apps for On-The-Go Professionals', 'Huawei Will Continue Using Android OS For Its Phones', 'Russia Fines Google For Refusing To Filter Traffic']",3
GOOGL,2019-07-19,"['FaceApp Is A Reminder That Our Data Is More Vulnerable Than We Realize', ""'Israeli security company reportedly has tool that spies on Apple, Google and Facebook cloud data' -CNBC""]",2
GOOGL,2019-07-21,['Google to Pay $13M to End 2010 Privacy Lawsuit'],1
GOOGL,2019-07-22,"['Trump Is Expected To Drop In On White House Meeting With Tech Giants Including Google And Micron', 'TD Ameritrade Moves One Step Closer Towards Making Trading Through Your Car Possible']",2
GOOGL,2019-07-23,"['WSJ: More Government Scrutiny Coming For Big Tech Companies', '\'DOJ anti-trust chief in a statement says: ""Without the discipline of meaningful market-based competition, digital platforms may act in ways that are not responsive to consumer demands...\' -CNBC Now Tweet', ""UPDATE: Dept. Of Justice Review 'Is Different, Broader Than Upcoming Google Probe'"", 'Facebook, Amazon, Apple Shares Sharply Lower Following Dept. Of Justice Probe Headline, Google Shares Indicated Lower, Twitter Shares Down Modestly']",4
GOOGL,2019-07-24,"['Wedbush: Antitrust Interest In Tech Companies Mostly Noise, Breakups Unlikely', ""Treasury Secretary Mnuchin Says Does Not See Any Area In Which Google Is Working With Chinese Gov't. Which Raises Concerns""]",2
GOOGL,2019-07-25,"['Alphabet CFO Says Annual Run Rate For Cloud In Q2 Was Over $8B', 'Alphabet CFO Says Cloud Third-Largest Driver Of Alphabet Revenue Growth', ""Alphabet CFO Ruth Porat, On Huawei's Operating System, Says Co. Focused On Protecting Users, Those Using Huawei Devices; Porat, On Huawei's Operating System, Says It Is Still An Open Item"", 'Alphabet Surges After Q2 Earnings, Revenue Beats', 'Alphabet shares are trading higher after the company reported better-than-expected Q2 EPS and sales results.', 'Alphabet Q2 Adj. EPS $14.21 Beats $11.3 Estimate, Sales $38.944B Beat $38.17B Estimate', ""Will Google's Earnings Finally Give Investors Reason To Cheer?"", 'How This Investor Passed On 100,000% Returns']",8
GOOGL,2019-07-26,"[""'Australia to 'lift veil' on Facebook, Google algorithms to protect privacy' -Reuters From Earlier"", ""'We Continue To Like The Company's Fundamentals': Investors, Analysts Cheer Alphabet's Q2 Rebound"", ""'Fast Money' Traders Share Their Thoughts On Alphabet After Earnings"", ""Analysts Aren't Shaken By Amazon's Q2 Earnings"", ""A Look At Benzinga Pro's Most-Searched Tickers For July 26, 2019"", ""UPDATE: Wedbush Maintains Outperform On Alphabet, Raises Target To $1.5K As Firm Believes 'that an OUTPERFORM rating is warranted given valuation upside and an unrivalled collection of high-profile and omnipresent core products and platforms'"", ""UPDATE: Canaccord Genuity On Google Continues: 'which coupled with other growth vectors (Cloud, Other Bets), ongoing buyback to offset dilution, and reasonable valuation, create an attractive investment case in the large-cap tech universe'"", ""UPDATE: Canaccord Genuity Maintains Buy On Google, Raises Target To $1.35K As Firm Thinks 'several product changes introduced earlier this year will likely drive accelerating advertising growth in 2H'"", 'Trump Tweets On China Issues For Apple, Google', 'Stock Wars: Intel Vs. AMD Vs. Nvidia', ""Benzinga Pro's Top 10 Most-Searched Tickers For Morning of Friday, July 26, 2019"", ""UPDATE: KeyBanc On Google Continues: 'which along with other significant growth opportunities suggest the potential for solid revenue and profit growth for the foreseeable future'"", ""UPDATE: KeyBanc Reiterates Overweight On Google, Raises Target To $1.516K As Firm Notes '2Q results showed stability in core Sites ad revenue and likely acceleration in GCP'"", ""'There may or may not be National Security concerns with regard to Google and their relationship with China. If there is a problem, we will find out about it...' -Tweet From Trump"", '10 Biggest Price Target Changes For Friday', 'Stifel Nicolaus Maintains Hold on Alphabet, Raises Price Target to $1.299K', 'Wedbush Maintains Outperform on Alphabet, Raises Price Target to $1.5K', 'Credit Suisse Maintains Outperform on Alphabet, Raises Price Target to $1,500', 'Alphabet shares are trading higher after the company reported better-than-expected Q2 EPS and sales results.', 'Mizuho Maintains Buy on Alphabet, Raises Price Target to $1.4K', 'Morgan Stanley Maintains Overweight on Alphabet, Raises Price Target to $1.45K', 'Canaccord Genuity Maintains Buy on Alphabet, Raises Price Target to $1.35K', ""Alphabet Reported With Thurs.'s Earnings Report Addition Of $25B To Buyback Plan"", 'Citigroup Maintains Buy on Alphabet, Raises Price Target to $1.45K', 'Nomura Maintains Buy on Alphabet, Raises Price Target to $1.4K', 'KeyBanc Maintains Overweight on Alphabet, Raises Price Target to $1.516K', ""36 Technology Stocks Moving In Thursday's After-Market Session""]",27
GOOGL,2019-07-27,"['Report: Verizon Hiring Blockchain Engineers', ""Dan Nathan's Apple Options Trade"", 'This Analyst Sees Upside Potential In Alphabet, Twitter and Amazon']",3
GOOGL,2019-07-28,"['Bulls And Bears Of The Week: Coca-Cola, Intel, Mattel, Starbucks And More', '@elonmusk Tweet Ability to stream YouTube & Netflix when car is stopped coming to your Tesla soon! Has an amazingly immersive, cinematic feel due to the comfy seats & surround sound audio.']",2
GOOGL,2019-07-29,"[""'Huawei and Google Were Working On New Smart Speaker Before Trump's Ban' -The Information"", ""VMware Shares Relatively Unaffected Following The Information Report 'The People With Power at Google Cloud,' Suggesting Google Cloud Discussing Partnership With VMware""]",2
GOOGL,2019-07-30,"[""Welcome To Minority Report: See The Pixel 4's Gesture Control Technology"", 'Analyst: Google Cloud Could Drop Intel For AMD', ""Apple On Today's Menu, With Starring Roles From China Talks, Fed Meeting"", 'AMD Shares Spike 1.5%, Intel Shares Fall 0.8% As Hearing Lynx Equity Out With A Call Suggesting Google Cloud Could Switch From Intel To AMD Chips', ""4 Banks That Don't Charge Month Fees For Checking Accounts"", 'Google Cloud, VMware Highlight Launch Of Google Cloud VMware Solution By CloudSimple', 'Huawei Chairman Says Small Amount of Non-essential Supplies Has Resumed, but Not Key Ones Such as Google Android']",7
GOOGL,2019-07-31,"[""Amgen, Alphabet And More 'Fast Money Halftime Report' Picks From July 31"", ""'I Didn't Want To Die': Why One Woman Turned To Trading Options To Fund Life-Extending Stem Cell Treatments"", ""How Does Apple's iPhone Loyalty Compare To Samsung And Google?"", ""'Fastest Crypto Exchange In The World' Released To Retail Market""]",4
GOOGL,2019-08-01,"[""'Google suspends transcriptions of recordings from its voice assistant in Europe' -CNBC""]",1
GOOGL,2019-08-02,"['Analysts Share Their View On FANG Stocks And Apple', 'MKM Partners Assumes Alphabet at Buy, Announces $1.45K Price Target']",2
GOOGL,2019-08-05,['Shares of several large-cap companies are trading lower with the overall market on renewed US-China trade tensions. President Trump announced an additional 10% tariff on $300 billion worth of Chinese goods. China is manipulating its currency and announced they are not buying any agricultural products from the U.S.'],1
GOOGL,2019-08-06,"['From Disney Q3 Earnings Conference Call: Expect Co. To Conclude Deals With Apple, Amazon, Google, Other Distribution Partners', ""Series Of Trump Tweets Emphasizes 'We are watching Google very closely!'"", ""Hearing Cowen Says AMD May Announce Google As A CPU Customer At tomorrow's Event""]",3
GOOGL,2019-08-07,"['CNBC Tweet: AMD lands Google, Twitter as customers with newest server chip.', ""AT&T, Disney And More 'Fast Money' Picks For August 7""]",2
GOOGL,2019-08-08,"['Amazon Seeks FAA Approval For Its Prime Air Drone', 'Shares are several consumer technology companies are trading higher in sympathy with the overall market.', 'Chinese Cloud Services Rivalry Heats Up As Alibaba, Tencent Face Off']",3
GOOGL,2019-08-09,"[""The Lesson From The Capital One Data Breach: The Cloud Is Vulnerable, And We Shouldn't Forget It"", ""Huawei To Google: We Don't Need You Anymore""]",2
GOOGL,2019-08-11,['Russia Tells Google Not to Advertise Illegal Events Following Protest in Moscow'],1
GOOGL,2019-08-13,"['SunTrust: Internet Stocks Outperforming S&P 500', 'Watching Facebook, Alphabet, Other Major Tech Names Amid Report FTC Chair Says Prepared To Break Up Major Tech Platforms By Undoing Past Mergers If Necessary', 'Shares of several large-cap companies are trading higher in sympathy with the overall market after the U.S. announced it is excluding and delaying the additional 10% tariff on certain products.', ""Google's Jobs Search Draws Antitrust Complaints From Rivals""]",4
GOOGL,2019-08-14,"['Appaloosa 13F Shows Raised Stakes In Google, UnitedHealth, Cut Stakes In Vistra Energy, T-Mobile, Facebook, Took New Stake In Intelsat']",1
GOOGL,2019-08-15,"[""'The Trump administration has urged Congress to make permanent the expiring legal authority that empowers the National Security Agency to gain access to logs of Americans' domestic communications...' -Tweet From NY Times"", 'Q2 13F Roundup: How Buffett, Einhorn, Ackman And Others Adjusted Their Portfolios']",2
GOOGL,2019-08-16,"['What Analysts Have To Say About Nvidia Following Earnings Beat', 'Shares of several large-cap companies are trading higher with the broader market on renewed optimism surrounding US-China trade talks after Donald Trump announced earlier in the week that he would delay additional tariffs on Chinese goods until December.']",2
GOOGL,2019-08-19,"['State Attorneys General to Move Forward With Antitrust Probe Of Big Tech Companies; State Effort Could Dovetail With Justice Dept. Probe', 'Shares of several large-cap companies are trading higher on renewed optimism for a solution to the U.S.-China trade war.', ""'Wow, Report Just Out! Google manipulated from 2.6 million to 16 million votes for Hillary Clinton in 2016 Election! This was put out by a Clinton supporter, not a Trump Supporter! Google should be sued. My victory was even bigger...' -Tweets Trump"", 'Google Shuts Down Service Provided to Wireless Carriers Globally That Showed Weak Spots in Their Network Coverage', 'This Day In Market History: The Google IPO']",5
GOOGL,2019-08-20,"[""DXC Technology and Google Cloud Announce Global Partnership To 'Drive Innovation For Enterprises At Scale'""]",1
GOOGL,2019-08-21,"['Loup Ventures Analyzes Voice Assistants: Google Bests Siri And Alexa, But All Are Improved']",1
GOOGL,2019-08-22,"[""Hearing Germany Planning 'Gaia-X' Cloud Rival To Google And Amazon; Unconfirmed"", 'EU Officials Want To Set Up A €100 Billion Wealth Fund To Bolster ""European Champions"" Against American And Chinese Business Rivals Like Google, Apple And Alibaba', 'Microsoft The Latest To Be Criticized For Using Humans To Listen To User Audio', ""Kohl's, Snap And More 'Fast Money' Picks For August 22"", ""Google Collaborates with Telangana Government in India for 'Digital Telangana'""]",5
GOOGL,2019-08-23,['Shares of several large-cap companies are trading lower in sympathy with the overall market on escalated trade tensions after China announced it plans to impose a 5% to 10% tariff rate on $75 billion worth of U.S. goods.'],1
GOOGL,2019-08-26,"[""'Arbutus Biopharma Corp - Co Expects To Record A Charge Of About $5.8 Mln, Excluding The Amount Of Any Potential Award Of Attorneys' Fees In Q3' -Bloomberg"", ""'Baidu replaces Google to become number two in smart speaker market in Q2 2019' -Canalys"", 'Shares of several large-cap companies are trading higher amid easing trade tensions. President Trump said China is ready to come back to the negotiating table.', ""French, US Finance Officials Agree on a Draft Proposal on France's Digital Tax; Will Submit to Heads of State on Monday""]",4
GOOGL,2019-08-27,"['Central Figure Charged With Theft In Autonomous Vehicle Trade Secrets Case', 'Former Google, Uber Self-Driving Tech Engineer Levandowski Indicted On IP Theft Charges', 'Department Of Justice Files Criminal Charges Against Anthony Levandowski Alleging Theft Of Alphabet Trade Secrets; Justice Department Says Levandowski Stole Engineering Details For Lidar Technology Before Eventually Working At Uber', ""Morgan Stanley Maintains Overweight On Google, Maintains $1,450 Target As Firm Notes 'our bottom up sizing of Google Maps monetization, Discover Feed,and GOOGL's new eCommerce products shows the potential to add ~$5bn (~450bp) to '20 Websites'""]",4
GOOGL,2019-08-28,"['Report: US Officials Move To Block Trans-Pacific Cable', 'US Officials Are Seeking To Block An Undersea Cable Backed By Google, Facebook Inc. And A Chinese Partner, WSJ Reports', ""'Google to move Pixel smartphone production to Vietnam' -Nikkei""]",3
GOOGL,2019-08-29,"[""'Google is facing another EU antitrust probe — this time over its jobs search tool' -CNBC From Yesterday""]",1
GOOGL,2019-08-30,"[""'Google to pay up to $200M to settle FTC YouTube investigation' -POLITICO"", 'Reasons To Investigate This Internet ETF', 'Google To Pay Up To $200M To Settle FTC Youtube Investigation']",3
GOOGL,2019-09-03,"[""'Google emerges as target of a new state attorneys general antitrust probe' -Washington Post"", ""It's All In The Cloud: Tech Investor Reveals Her Top Picks""]",2
GOOGL,2019-09-04,"['Facebook, Google, Twitter Meeting With US Security Officials At Facebook HQ Wed. To Discuss 2020 US Election', ""'Tech company sources say they've heard the big state AG tech crackdown on @Google and possibly others will be led by AGs in @MississippiAGO @TXAG @UtahAG and Nebraska...' -Tweet From Charlie Gasparino"", 'Google Fined $170M By FTC Over Accusations Of Child Privacy Violations By YouTube', 'TD Ameritrade Rolls Out New Hands-Free Google Assistant Integration', ""'F.T.C. Fines Google $170 Million for Violating Children's Privacy on YouTube' NY Times"", 'TD Ameritrade Customers Can Use Google Assistant to Access Accounts']",6
GOOGL,2019-09-05,"['Analyst: Why Google Could Buy Nutanix', 'GM Will Deploy Google System Over Time, No Lightswitch Change', 'Shares of several large-cap companies are trading higher with the broader stock market after the Chinese Minister of Commerce said the leaders of the U.S. and China are set to meet in Washington D.C in early October.', ""Trefis Research Report Suggests 'Google Could Acquire Nutanix For $9 BillionTo Further Its Cloud Ambitions'""]",4
GOOGL,2019-09-06,"['Google Parent Alphabet Received Civil Investigative Demand from DoJ on Aug. 30; Seeks Information and Documents Related to Prior Antitrust Investigations in U.S. and Elsewhere', ""'Google files patent for using A.I. to track a baby's body and eye movements ' -CNBC"", 'Texas Attorney General To Announce Launch Of Multistate Investigation Into Whether Big Tech Companies Broke Antitrust Law On Monday', ""'States to Launch Google, Facebook Antitrust Probes' -WSJ"", 'New York AG Confirms Antitrust Investigation Into Facebook, Google Is Reportedly Next', 'Russian Watchdog Says It Has Sent Requests To Google And Facebook Asking For Ban On Political Ads During Upcoming Local Election; Says If Facebook And Google Do Not Comply With Political Ads Ban, Russia Will Consider This Election Interference', 'Telenav Says GM Contact Unaffected By Deal Between Automaker, Google', 'States Launching Google, Facebook Antitrust Probes; Google Probe to Be Announced Monday']",8
GOOGL,2019-09-07,['Facebook Dating Vs. Match.com Vs. Tinder'],1
GOOGL,2019-09-09,"['App Auto Generates Google Shopping Ads For Shopify', 'Analysts React To Heavy Selling Pressure In The Tech Sector', 'Texas Attorney General Says Formal Doc Request Has Been Sent To Google Today', 'Tennessee Attorney General Says Attorney Generals Will Be Looking Into Alphabet/Google Acquisitions, Cos. Google Took Stakes In Then Rolled Out Similar Products', ""'.@Huawei confirmed at #IFA2019 in Berlin that #Mate30 series will be installed with #Android10, but will not carry any #Google apps when launched on Sept. 19. ' -China's National Business Daily"", 'Treasury Secretary Says Meeting With Digital Companies This Week To Discuss France Digital Tax Issue', 'Google Says It Supports Responsible Political Ads That Comply With Local Legislation, Following Russian Accusation It Distributed Political Advertising During Sunday Elections']",7
GOOGL,2019-09-10,"['Google About to Launch Google Play Pass', 'Smart Speaker Shipments Growing Slowly in 2019']",2
GOOGL,2019-09-12,"[""Todd Gordon's Alphabet Options Trade"", ""CVS, Shake Shack And More 'Fast Money Halftime Report' Picks From September 12"", 'Hearing Google Has Agreed To €500M Fine By French Authorities, Will Settle Fiscal Fraud Probe', 'NLRB Says Google Must Tell Employees They Are Free to Speak Out About Work Conditions, Other Topics', 'Google to Build Second Data Center in Taiwan', 'EU Court Says Germany Must Notify EU of Copyright Law Targeting Google']",6
GOOGL,2019-09-13,"[""'House Committee Requests Tech Executives' Emails in Antitrust Probe' -WSJ""]",1
GOOGL,2019-09-15,"[""Dan Nathan's Alphabet Options Trade""]",1
GOOGL,2019-09-16,"[""'Drug dealers are peddling steroids on Facebook and YouTube' -Earlier Washington Post Article $"", ""'Here's what Google got from Fossil in its $40 million deal' -Wareable"", ""'Google will announce its answer to iPhone 11 on Oct. 15' -Tweets CNBC""]",3
GOOGL,2019-09-19,"['Senator Mark Warner Says Google Must Be Accountable For China Work', 'Google Says Google Pay India Monthly Users at 67M']",2
GOOGL,2019-09-20,['Google CEO Says Co to Invest €3B to Expand European Data Centers'],1
GOOGL,2019-09-23,"['Winners And Losers From Nomura CIO Spending Survey', ""Alphabet, Chipotle And More 'Fast Money Halftime Report' Picks From September 23"", ""'Google Play Pass is Here: $4.99/Mo for Access to 350+ Apps and Games' -Droid Life"", '10 Stocks Where Short Sellers Are Throwing In The Towel', ""Google Says By Default, Co Does Not Retain Users' Google Assistant Audio Recordings; This Has Been The Case, And Will Remain Unchanged; Says To Store User Audio Data, They Can Opt In To Voice & Audio Activity (Vaa) Setting When They Set Up Assistant""]",5
GOOGL,2019-09-24,"['United Steelworkers Says Workers At Google Contractor HCL Vote To Join USW', 'Starbucks, Google Score Legal Victories In Europe; Fiat Has To Pay Up', 'Google Wins Right-to-be Forgotten Fight With France']",3
GOOGL,2019-09-25,['Oracle Received Requests from Congressional and State Investigator for Information about Google'],1
GOOGL,2019-09-26,"[""Analyst: Apple's Services Narrative Is Largely Priced In; Stock No Longer Attractive""]",1
GOOGL,2019-09-29,['Analyst: Facebook Next To Face Antitrust Scrutiny'],1
GOOGL,2019-09-30,"['Looking At The Newest S&P 500 Sector One Year Later', ""'Alphabet taps former FDA commissioner to oversee health strategy and policy' -CNBC""]",2
GOOGL,2019-10-02,"['Cloud Competition: Is Digital Ocean The Next AWS?', ""Here's How Large Option Traders Reacted To Microsoft's Surface Event"", 'Microsoft To Partner With Google For Android On The Surface Duo', 'Google Announces Incognito Mode in Google Maps', ""Huawei Phones Lose Access to Install Google's Apps""]",5
GOOGL,2019-10-03,"[""Delta, Ulta And More 'Fast Money' Picks For October 3""]",1
GOOGL,2019-10-04,"['Google to Build a Data Center in Nebraska', 'Google Considering Purchase Of Rival To Video App TikTok']",2
GOOGL,2019-10-07,"[""Investors Sell FANG To Buy IPOs In September's IMX""]",1
GOOGL,2019-10-08,['Survey Shows Teens Prefer YouTube Over Netflix'],1
GOOGL,2019-10-09,"['What To Expect From Q3 Internet Earnings', 'Why This Cannabis Social Media Platform Was Just Removed From The App Store']",2
GOOGL,2019-10-10,"[""Google Spokesperson Says 'The Revolution Of Our Times' App Was Found To Be Violating Policy Which Prohibits Developers From Capitalizing On Sensitive Events, Has Suspended It""]",1
GOOGL,2019-10-11,"['Mortgage Industry Disruptor Better.com Expands Business Lines, Eyes $1B Valuation', 'Trader Toolkit: Cash Flow']",2
GOOGL,2019-10-14,"[""Apple, Microsoft Battle For Position As World's Most Valuable Company By Market Cap""]",1
GOOGL,2019-10-15,"['From Google Pixel 4 Event: Smartphone Starts At $799', 'From Google Pixel 4 Event: Has Launched New Nest Wifi Router 2 Pack For $269', 'From Google Pixel 4 Event: Has Launched Nest Mini Smart Speaker With A Mall Mount For $49', 'Survey: Teens Spend More Time On YouTube Than Netflix', 'From Google Pixel 4 Event: Highlighting Updates For Google Nest', 'From Google Pixel 4 Event: New Pixel Earbuds Will Be Coming In Spring 2020', ""'Stadia arrives on November 19' -Google Blog"", 'CenturyLink Expands On-Demand Network Connectivity to Google Cloud Platform']",8
GOOGL,2019-10-16,"['Trump Says Not Happy With EU Digital Tax On American Companies', ""'Panasonic poaches Google robotic expert for smart-home tech' -Recent Nikkei Article""]",2
GOOGL,2019-10-17,"[""Public: The Investment App Connecting Millennials With 'One Of The Biggest Drivers Of Prosperity'"", 'Google Snubs WeWork, Signs Toronto Lease With Co-Working Rival', 'Google Says Adding Ability For People To Report Crashes, Speed Traps & Traffic Slowdowns On Google Maps From Their iPhone; Feature Is Expanding To iOS']",3
GOOGL,2019-10-18,['Positioning CBD Businesses For Success'],1
GOOGL,2019-10-21,"['Google Names Javier Soltero VP For G Suite Productivity Apps', 'Veem Leverages Blockchain, Bitcoin In Global Payments Space', 'Cramer: Is FAAMG The New FAANG?']",3
GOOGL,2019-10-22,"[""U.S. State AG's Probing Antitrust Concerns at Google Plan to Meet Next Month in Colorado to Discuss Investigation"", ""KeyBanc Notes 'Conversations with advertisers remained quite positive around Facebook and Google, with signs of continued growth in demand across the platforms aided by rapidly expanding use of publisher automation tools'"", 'Options Trader Danielle Shay On Increasing Awareness, Opportunity In the Markets']",3
GOOGL,2019-10-23,"[""Google Announces Changes to Search Engine 'Choice Screen' On Android Phones In EU"", 'Google Bows To EU Pressure Over Android Remedy', 'More US State Attorneys General Join Facebook Antitrust Probe']",3
GOOGL,2019-10-25,"['WeTrader Competition: Round Three Wrap-up', 'Faster Internet = Bigger Paycheck?', 'Amazon Misses Wall Street Profit Estimates Sending The Stock Tumbling', 'BMO Capital Maintains Market Perform on Alphabet, Raises Price Target to $1,245']",4
GOOGL,2019-10-28,"['Alphabet shares are trading lower after the company reported Q3 EPS of $10.12 versus the $12.38 estimate.', 'Alphabet Shares Fall On Q3 Earnings', 'Alphabet Q3 EPS $10.12 May Not Compare To $12.38 Estimate, Sales $40.499B Beat $40.32B Estimate', ""Alphabet shares are trading higher ahead of the company's Q3 earnings report, which is expected to be released after the close today."", ""UPDATE: Alphabet Held Secret 'Logistics Summit' With Representatives From FedEx, Other Shipping Cos."", 'FedEx Shares Volatile As Hearing Google Held Secret Meetings With Representatives From FedEx', 'Report: Google Looking To Acquire Fitbit', 'More Earnings And A Fed Decision In Week Four Of The WeTrader Competition', 'Fitbit Shares Resume Trade, Continue Higher, Now Up 29%', 'Apple Shares Tick Very Slightly Lower (~0.1-0.2%) Following Report Alphabet Made Offer To Buy Fitbit', 'Fitbit Shares Halted On Circuit Breaker, Up 18.6%, As Hearing Alphabat Made Offer To Buy Co.', 'Q3 Earnings Outlook For Alphabet', 'Bloomberg Reports Apple is Hiring a Team to Bolster its Smart Home Devices']",13
GOOGL,2019-10-29,"[""Sony To Shutter PlayStation Vue Amid 'Competitive Pay TV Industry'"", ""'Fast Money' Picks For October 29"", ""Cramer: $10B Pentagon Contract Validates Microsoft's Cloud Business"", 'The Head Of Fidelity Institutional Outlines The 4 Macro Trends Taking Over Financial Services Right Now', ""Hey Google! Sell-Side Sentiment Solid After Alphabet's Q3 Earnings Disappoint"", '3 Reasons Fitbit Could Be An Attractive M&A Target', 'BMO Capital Maintains Market Perform on Alphabet, Raises Price Target to $1,250', 'Barclays Maintains Overweight on Alphabet, Raises Price Target to $1,400', 'Canaccord Genuity Maintains Buy on Alphabet, Raises Price Target to $1,450', 'KeyBanc Maintains Overweight on Alphabet, Raises Price Target to $1.546K', ""Australia's ACCC Says Google Allegedly Misled Consumers on Collection and Use of Location Data""]",11
GOOGL,2019-10-30,"['SiriusXM Reports Will Now Be Available On Google Nest Smart Speakers, Displays Via Google Assistant, No Terms Disclosed']",1
GOOGL,2019-10-31,"['Court Filing Shows Google, Alphabet Have Sued Texas State Attorney General To Ensure Protection For Confidential Business Info', 'Facebook Perseveres Against Pressures With Yet Another Strong And Better Than-Expected Quarter']",2
GOOGL,2019-11-01,"['WeTrader Competition: Round Four Wrap-up', ""Google Invades Apple's Wearables Territory With Fitbit Acquisition"", 'Google Will Buy Fitbit For $2.1B', 'Fitbit To Be Acquired By Google At $7.35/Share In Cash']",4
GOOGL,2019-11-03,"['Bulls And Bears Of The Week: Apple, Facebook, Starbucks, Wayfair And More']",1
GOOGL,2019-11-05,"['Photoshop Goes Mobile: Top Announcements From The Adobe MAX Show', 'Analyst: Snap, Twitter Off To Strong Starts In Q4', 'This Day In Market History: Writer Strike Cripples Hollywood']",3
GOOGL,2019-11-06,"['Alphabet Is Investigating Sexual Misconduct Allegations Against Execs', 'Google Considering Changes to Political Ad Policy', ""Google Says As Part Of App Defense Alliance, Co Is Integrating Google Play Protect Detection Systems With Eset, Lookout, Zimperium's Scanning Engines""]",3
GOOGL,2019-11-07,"[""Alibaba, FedEx And More 'Fast Money Halftime Report' Picks For November 7"", 'Google Shares Unaffected As Hearing Co. In Talks With Telecom Italia Related To A Datacenter Deal', 'Stocks That Hit 52-Week Highs On Thursday']",3
GOOGL,2019-11-08,"['Facebook, Google Considering Changes In Political Ad Policies']",1
GOOGL,2019-11-11,"['Ascension Issues Press Release Confirming Working With Google On Healthcare', 'UPDATE: Patients And Doctors Not Yet Informed About Data Being Shared With Google', 'UPDATE: Search Giant Is Amassing Health Records From Ascension Facilities In 21 States', 'Google\'s Secret ""Project Nightingale"" Aims To Gather And Crunch Personal Health Data On Millions Of Americans', 'InterDigital And Google Close Licensing Deal Through A New Platform', 'The Verge Article Highlights New YouTube Policy Stating That Co. Has No Obligation To Host Content Or Keep Videos Up']",6
GOOGL,2019-11-12,"[""Experts Discuss Google's Secretive Project Nightingale"", 'Disney+ Goes Live, Creates Promise For The Distributor But Risk For The Producer']",2
GOOGL,2019-11-13,"['Palo Alto Networks Shares Spike, Hearing CTFN Says Google Looking To Acquire Co.', 'Google Spokesperson Says Co. Is Exploring How It Can Partner With Banks, Credit Unions In US To Offer Smart Checking Accounts Through Google Pay', 'Tech Giants Continue To Find New Competition In The Online Calendar Space', 'Google Wants To Be Your Bank Account', ""Democratic US Senator Warner Says Google's Fitbit Deal Needs Lots Of Scrutiny"", 'Google To Offer Checking Accounts Through Google Pay; Accounts Would Be Offered By Citigroup, Stanford Federal Credit Union', 'Twitch Launches Software For Live Streaming', ""Department of Health and Human Services to Investigate Google's 'Project Nightingale'""]",8
GOOGL,2019-11-14,"[""'States' massive Google antitrust probe will expand into search and Android businesses' -CNBC"", 'Governments And Banks Are Trying To Reduce Their Reliance On Big Tech', ""Apple Exec: Key To Success Is Not Using 'Cheap' Chromebooks"", 'What Wall Street Thinks Of Google Cache']",4
GOOGL,2019-11-15,"[""US Supreme Court Will Hear Google's Bid To End Oracle's Software Copyright Suit Related To Android OS"", 'Nvidia Impresses Analysts With Datacenter Resurgence, Expanding Margins', 'Stocks That Hit 52-Week Highs On Friday']",3
GOOGL,2019-11-17,"[""Barron's Picks And Pans: Medtronic, Tesla, Walmart And More""]",1
GOOGL,2019-11-18,"[""Boeing, Intel And More 'Fast Money Halftime Report' Picks From Nov. 18"", 'Stocks That Hit 52-Week Highs On Monday', ""How Google's Fitbit Acquisition Is Already Posing Some Problems""]",3
GOOGL,2019-11-19,"[""Google Stadia Launch Update: Stadia Codes Being Sent Out 'Throughout The Day'""]",1
GOOGL,2019-11-20,"[""Vietnam's Vingroup in Deal with Google to Develop Smart TVs""]",1
GOOGL,2019-11-21,"[""Alphabet's Loon Subsidiary Has Agreed With Internet Para Todos Peru To Use High-Altitude Balloons To Expand Internet Access To Parts Of Peruvian Amazonia"", 'Hearing YouTube Creators Now Required to Indicate Whether Content Is Made for Kids', 'Google Restricts Political Advertising On Its Platform']",3
GOOGL,2019-11-25,"['Black Friday For Gamers: The Biggest Video Game Deals This Holiday Season', 'What You Should Know About Viagogo, The Company That Just Bought StubHub']",2
GOOGL,2019-11-26,"['Trump Campaign Says Google Policy Disproportionately Hurts GOP', '15 Highest-Rated Analyst Stock Picks In The S&P 500', ""Fitbit Shares Up 3% Premarket; Proxy Filing From Late Mon. Showed Details Of Co.'s Bidding Process Over Aug., Sept., Oct."", ""Google Fires Four Employee Activists For 'Data Security Breach'""]",4
GOOGL,2019-11-29,['Bitcoin Vs FANG: A Pseudo-Analysis Of Traditional Equity Assets Compared To Emerging Crypto Assets'],1
GOOGL,2019-11-30,"[""EU Antitrust Regulators Say They're Investigating Google's Data Collection""]",1
GOOGL,2019-12-01,['This Industry ETF Is Usually A December Winner'],1
GOOGL,2019-12-02,"['US Wants To Put 100% Tariffs On $2.4B French Imports', 'Infographic: What Would It Take To Break Up The FAAMG Stocks?', ""Alphabet's YouTube and Google Took Down More Than 300 Trump Ads""]",3
GOOGL,2019-12-03,"['Alphabet CEO Larry Page To Step Down; Google CEO Sundar Pichai Will Assume Dual Roles', ""Mastercard, Wynn And More 'Fast Money Halftime Report' Picks From Dec. 3"", 'Larry Page To Step Down From Alphabet. Pichai To Be Ceo', 'Genius Media Group Inc. Sues Google Over Alleged Lifted Content; Genius Claims Lyrics Transcriptions on Google Search Contain Secret Watermark', ""French President Macron Says French Digital Tax Doesn't Target United States Specifically; Says Digital Companies Whatever Their Nationality Compete Unfairly With Real Businesses"", ""Benzinga's Top Upgrades, Downgrades For December 3, 2019"", '10 Biggest Price Target Changes For Tuesday', 'Piper Jaffray Initiates Coverage On Alphabet with Overweight Rating, Announces $1.5K Price Target', 'Citigroup Assumes Alphabet at Buy, Raises $1,500 Price Target', 'French Finance Minister Le Maire Say Digital Tax Proposal Remains Valid', ""Macron's Comments On NATO 'Very, Very Nasty,' Trump Says""]",11
GOOGL,2019-12-04,"['American Airlines Says Google Had A Brief Technical Issue That Impacted Multiple Carriers, Including American; Issue Now Resolved', ""Bank Of America On Alphabet Notes 'but we think initiatives with new advertising formats, Cloud traction, and YouTube content (what is YouTube in 5 years?), and any regulatory changes are much bigger factors in 2020'"", ""Bank Of America On Alphabet Notes 'Also, there may be an opportunity for change in Alphabet's super-voting control stock structure over time. This could result in a slightly higher multiple'"", 'Bank Of America Maintains Buy, $1.45K Target On Alphabet Notes \'With the founders taking a step back, we think Google is more likely to evolve its corporate philosophy to be more ""Street friendly"" over time\'', ""'Congrats on the move, Larry Page! Quick reminder: We do still expect you to testify before Congress. And changing your title while staying on the board and retaining effective control of it will not exempt you from accountability' -Elizabeth Warren"", ""Did Alphabet's CEO Shuffle Come As A Surprise?"", 'Boris Johnson Affirms Plan To Tax Facebook, Google Despite Trump Retaliation', 'Sequoia Capital To Invest $3.4B In US And China']",8
GOOGL,2019-12-05,"['Bank Of America Downgrades F5 Networks, Negative Secular Trends Too Large To Ignore', ""Benzinga's Top Upgrades, Downgrades For December 5, 2019"", '10 Biggest Price Target Changes For Thursday', 'Stifel Nicolaus Upgrades Alphabet to Buy, Raises Price Target to $1,525']",4
GOOGL,2019-12-06,"[""EA, Cloudera And More 'Fast Money Halftime Report' Picks From Dec. 6"", 'Stocks That Hit 52-Week Highs On Friday', 'Next Decade Could Belong To Cryptocurrency As Fiat System Crumbles: Deutsche Bank Research', 'Smart AR Glasses Shipments to Rise Significantly in 2023']",4
GOOGL,2019-12-08,"['Big Tech Firms Pose Global Financial Stability Risks: FSB Report', ""6 Ways To Control Your Child's Screen Time Around The Holidays"", ""Barron's Picks And Pans: Alphabet, Capital One, Macy's, Skechers And More""]",3
GOOGL,2019-12-09,"['Huawei Ban Is Hurting Other Smartphone Makers, Including Apple', 'eBay Leaving Investors Bruised – Is It In Trouble?', 'Jorjin Chairman Says Smart Glasses May Replace Smartphones']",3
GOOGL,2019-12-10,"['Citi CFO, Currently Speaking At Goldman US Financial Services Conference, Says, Referring To Partnership With Google, Google Will Not Have Underyling Banking Data', 'Walmart Testing Driverless Grocery Delivery', 'Fitbit Shares Dip To Session Low, Down 1.9% Over Last Min. As Hearing Alphabet Deal For Fitbit Is Facing A Dept. Of Justice Probe']",3
GOOGL,2019-12-11,"[""'An update to our harassment policy' -YouTube Blog"", ""There's A New Trading Tool That Allows Traders To Trade Cannabis With Leverage""]",2
GOOGL,2019-12-12,"['Facebook, Google Are No Longer The Best Places To Work: Glassdoor']",1
GOOGL,2019-12-13,"[""FTC's Look Into Facebook A 'Negative Development,' Says RBC's Mahaney"", 'Angela Merkel The Most Powerful Woman On Forbes 2019 List, Thunberg The Youngest', ""YouTube's Music App Outpaces Spotify and Local Rivals in India""]",3
GOOGL,2019-12-16,"['Google Cloud And Palo Alto Networks Expand Strategic Partnership', 'PewDiePie Says He Will Take A Break From YouTube In 2020']",2
GOOGL,2019-12-17,['Stocks That Hit 52-Week Highs On Tuesday'],1
GOOGL,2019-12-18,"['Why Alexa, Siri Are Teaming Up', 'Google Resolves Long-Running Tax Dispute With Australia', ""'Google and Amazon to create common tech platform for smart home devices' -AFP"", 'Blockchain Startup Raises $15M From Stanford And LinkedIn, Yahoo Co-Founders', ""UK's CMA Says There Is 'A Strong Argument For Development Of New Regulatory Regime' For Digital Markets; It Is Also Concerned About Lack Of Transparency In Way That Business Work On Platforms Such As Facebook And Google""]",5
GOOGL,2019-12-19,"['Google Announces Independent Game Developer Typhoon Studios Has Joined Stadia', ""Google Shares Unaffected Following Earlier Bloomberg Article 'Facebook Pursues Music Video Rights in Challenge to YouTube'"", ""'Something Wrong With The Silicon Valley Propaganda': Peter Thiel Talks About Tech And Trump""]",3
GOOGL,2019-12-20,['Google Fined 150M Euros by France'],1
GOOGL,2019-12-21,['Can Google Ever Catch Amazon And Microsoft In The Cloud?'],1
GOOGL,2019-12-23,"['AFP Tweets: Apple told AFP that ToTok was removed from its App Store pending a review, while Google said it was taken down from the Play Store ""for a policy issue""', 'Google Buys Typhoon Studios To Bolster Stadia']",2
GOOGL,2019-12-25,['Google Announces Pricing for First Stadia Games'],1
GOOGL,2019-12-26,"['Federal Aviation Administration Suggests Remote Tracking For Drones', ""Gene Munster Talks Tesla's Opportunity, Apple's Valuation, Netflix's Headwinds"", ""White House Says FAA Proposal Is 'Critical Step To Safely Integrate Commercial Drones Into The National Airspace'"", 'FAA Says It Expects All Drones Would Be In Compliance Within Three Years Of Finalizing Rule', 'U.S. Federal Aviation Administration Proposes Requiring Nearly All U.S. Drones To Be Equipped With Remote Tracking Technology', 'YouTube Allegedly Taking Down Cryptocurrency-Related Videos From Its Platform']",6
GOOGL,2019-12-27,"['Stocks That Hit 52-Week Highs On Friday', ""YouTube Calls Crypto Video Removal An 'Error,' But Many Still Not Reinstated""]",2
GOOGL,2019-12-30,"['YouTube To Limit Data It Collects On Kids Videos', '34 CEOs Who Resigned Or Were Fired In 2019', 'Amazon Pays 13 Times More In Taxes With Hopes To Expand Business In Japan']",3
GOOGL,2019-12-31,"['10 Things You Stopped Using This Decade', 'Google Will Scrap Dutch, Irish IP Licensing System, Will Return IP To US', 'Uber May Need to Curtail or Shut Down its Food Ordering Business in 2020 Due to Competition from Google, Others Says Analyst']",3
GOOGL,2020-01-01,"[""New Horizons: Virgin Galactic Debuts, China's Moon Landing, Female Space Walk And More""]",1
GOOGL,2020-01-02,"[""12 Stocks That Have Been The World's Most Valuable Company"", 'Nomura Internet Stock Preview For The Year: Buy Google, Activision Blizzard', 'Google Says Its AI Sometimes Outperforms Human Doctors In Detecting Cancer']",3
GOOGL,2020-01-03,"[""Benzinga's Top Upgrades, Downgrades For January 3, 2020"", ""'@Xiaomi said Friday it had fixed a bug and communicated with @Google n response to the US firm disabling #Xiaomi link to Assistant and Google Home after a user reported seeing footage from other cameras.' -China's Global Times"", 'Amazon To Employee Climate Activists: Toe The Line Or Get Fired']",3
GOOGL,2020-01-05,"[""Barron's Picks And Pans: Amazon, Dine Brands, Walgreens And More""]",1
GOOGL,2020-01-06,['Alphabet shares are trading higher after Pivotal Researched upgraded the stock from Hold to Buy and raised the price target from $1.445k to $1.65k per share.'],1
GOOGL,2020-01-07,"[""'Sonos sues Google for allegedly swiping speaker tech' -Washington Post""]",1
GOOGL,2020-01-09,"['Bernstein Initiates Coverage On Facebook And Google With Outperform Ratings; Firm Also Initiates Coverage On Amazon At Market Perform, Citing Exposure To Retail And Regulatory Concerns', 'Stocks That Hit 52-Week Highs On Thursday', ""Billionaire Gives Away $9M As 'Social Experiment,' Breaks Twitter Records"", ""Google's Travel Site Updated To Provide More Info""]",4
GOOGL,2020-01-10,"['Stocks That Hit 52-Week Highs On Friday', ""Benzinga's Top Upgrades, Downgrades For January 10, 2020"", 'Bernstein Initiates Coverage On Alphabet with Outperform Rating, Announces $1.6K Price Target', 'Facebook Refuses To Limit Political Ads But Gives Users More Control Over Them', 'Spotify, YouTube, Other Streaming Platforms Exceed Trillion In 2019']",5
GOOGL,2020-01-13,"['Evercore ISI Group Maintains Outperform on Alphabet, Raises Price Target to $1.6K']",1
GOOGL,2020-01-14,"['Bears Fawning For FANG With A Newly Upsized ETN', 'Google Purchases Appsheet, No Terms Disclosed', '10 Most Trusted Brands In America: US Postal Service, Amazon Top The List', ""Are You Ready For Some Esports? League Of Legends Will Add 'Monday Night League' Games On Website, YouTube, Twitch"", 'Cramer Weighs In On Whether Alphabet Is Worth $1 Trillion', ""'Google is buying an Irish retail search startup called Pointy' -Business Insider"", ""Microsoft CEO Criticizes India's Exclusionary Citizenship Law, Compares To US Experience""]",7
GOOGL,2020-01-15,"['Criteo Comments on Google Chrome Privacy Enhancements', 'Grindr, Tinder, OkCupid, Makeup, Kids And Prayer Apps Spreading User Data: Report']",2
GOOGL,2020-01-16,"['Google Parent Company Alphabet Joins The $1 Trillion Club With Apple, Microsoft, Aramco', 'Alphabet Inc. Market Cap Hits $1 Trillion', 'Analyst: Amazon, Wayfair Big Winners From Impressive Online Holiday Sales Growth', 'Stocks That Hit 52-Week Highs On Thursday', 'AirAsia Partners With Google To Reskill Staff, Launches Tech Academy']",5
GOOGL,2020-01-17,"['9 Takeaways From The JPMorgan Healthcare Conference', 'Stocks That Hit 52-Week Highs On Friday', ""UPDATE: UBS Maintains Buy on Alphabet, Raises Price Target to $1.675K As Firm Continues 'to see Cloud as an area where GOOG management will continue heavy levels of investment to maintain/build upon recent end market success'"", ""Twitch's Viewership Declined In Q4 After Popular Streamers Left The Platform: Report"", ""Microsoft Commits To Go 'Carbon Negative' By 2030, Creates $1B Fund For Climate Innovation""]",5
GOOGL,2020-01-19,"[""4 ETFs For Alphabet's Ascent Into The Four Comma Club""]",1
GOOGL,2020-01-20,"['Macron, Trump Declare Truce on Digital Tax Dispute']",1
GOOGL,2020-01-21,"['Stocks That Hit 52-Week Highs On Tuesday', 'Macron, Trump Agree To Hold Off Tit-For-Tat Tariffs', 'Morgan Stanley Maintains Overweight on Alphabet, Raises Price Target to $1,560', 'Huawei Partners With TomTom To Develop Google Maps Alternative']",4
GOOGL,2020-01-22,"[""Researchers In Google's Cloud Team Identified 5 Different Types Of Potential Attack Allowing Third Parties To Obtain Sensitive Private Information"", ""Apple's Privacy Software Allowed Users To Be Tracked, Says Google"", 'Stocks That Hit 52-Week Highs On Wednesday', ""GM-Backed Cruise's Self-Driving Robo-Taxi Revealed""]",4
GOOGL,2020-01-23,"[""Today's Pickup: Waymo To Run Self-Driving Trucks In Texas, New Mexico"", 'French Finance Minister Le Maire Says Has Reached Agreement With U.S on the Basis for Discussions on Digital Tax', 'UK Business Minister Leadsom Says We Are Going Ahead With the Digital Tax but We Need a Global Solution', 'University Of Minnesota Student Imprisoned In China For Tweets Critical Of Chinese Government']",4
GOOGL,2020-01-24,"['Activision Blizzard Announces Google Cloud Will Serve As Preferred Provider For Co., Youtube Will Serve As Its Exclusive Streaming Partner Worldwide, Excluding China', '10 Biggest Price Target Changes For Friday', 'Is The Drone Industry Finally Ready To Take Off?', 'KeyBanc Maintains Overweight on Alphabet, Raises Price Target to $1.769K']",4
GOOGL,2020-01-26,"['Justice Department And State AGs To Share Information In Google Antitrust Probe', '3 Classic Tech ETFs to be Tested by Earnings Reports This Week', ""State Attorneys General to Meet With Justice Officials to Coordinate on Investigation into Google's Dominance in Advertising, Online Search""]",3
GOOGL,2020-01-27,"['Activision Blizzard, Google Partnership Will Put Call Of Duty, Overwatch League Streaming On YouTube', ""'Google App Maker will be shut down on January 19, 2021' -Blogpost From Google's G Suite Updates Blog"", '8 Cloud Stocks To Own In 2020', '10 Biggest Price Target Changes For Monday', 'Shares of several communication companies are trading lower as the Wuhan coronavirus continues to spread throughout the country, prompting travel bans in multiple Chinese cities. Reports say the death toll rose to 80 as of the end of Sunday with more than 2,700 people now infected.', 'Mizuho Securities Maintains Buy on Alphabet, Raises Price Target to $1650', ""Amazon Employees Publicly Condemn Company's Communications, Climate Policies""]",7
GOOGL,2020-01-28,"[""'Google Developing New 'Unified' Communications App for Businesses' -The Informatin"", '8 Stocks To Buy For This 2020 Presidential Election Year', 'Accenture, Google Cloud To Collaborate To Help Life Sciences Cos. Advance Discovery, Development, Delivery Of Therapies, No Terms Disclosed', '7 Video Game, Esports Themes Investors Should Watch In 2020']",4
GOOGL,2020-01-29,"['Google Confirms That Is Temporarily Shutting Down All China Offices Due To Coronavirus Outbreak', ""'Google is temporarily shutting down all China offices due to coronavirus outbreak' -The Verge"", 'February Market Outlook: Coronavirus, D.C. Proceedings, Earnings Season Could Mean Volatility']",3
GOOGL,2020-01-30,"['Alphabet Earnings Ahead: Analysts Eyeing These 3 Growth Drivers At Google', 'Microsoft Analysts See 20% Upside Following Across-The-Board Q2 Beat', ""3 Things That Move Alphabet's Stock""]",3
GOOGL,2020-01-31,"[""13 Super Bowl 54 Commercials You Won't Want To Miss"", 'MAGA: A Look At The Trillion Dollar Market Cap Club', 'Position Scrimmage: Coronavirus, End-Of-Month Profit Taking Influencing Markets', ""Benzinga Pro's Top 5 Stocks To Watch For Fri., Jan. 31, 2020: AMZN, IBM, GOOGL, WWE, UBER"", ""7 Communication Services Stocks Moving In Friday's Pre-Market Session""]",5
GOOGL,2020-02-02,['Stephen King Quits Facebook Over Political Ads And Security Concerns Controversy'],1
GOOGL,2020-02-03,"['Amazon Testing Online Platform To Let Merchants Shop For Loans: Report', 'Alphabet CEO Says Youtube Has 20 Million Paid Music And Premium Subscribers, Says YouTube Has 2M Paid YouTube TV Subscribers', 'Alphabet Reports Mixed Q4 Earnings', 'Alphabet CFO Says No Impact Currently From Coronovirus, Could Impact Hardware Products If Protracted', ""7 Stocks Moving In Monday's After Hours"", 'Alphabet shares are trading lower after the company reported worse-than-expected Q4 sales results.', 'Alphabet Reports Google Cloud Revenue 2.61B Up From 1.7B YoY', 'Alphabet Q4 Total Traffic Acquisition Cost $8.501B vs $7.436B in Same Qtr. Last Year', 'Alphabet Reports Q4 Operating Margin 20%, Down From 21% YoY', 'Alphabet Q4 EPS $15.35 Beats $12.53 Estimate, Sales $46.075B Miss $46.94B Estimate', ""Here's How Much Investing $100 In Google Stock Back In 2010 Would Be Worth Today"", '3 Sector ETFs To Play Ahead Of Alphabet, Disney Earnings', ""Alphabet Inc. shares are trading higher, potentially in anticipation of the company's Q4 earnings release after the close today."", 'Surprise, Surprise: Stocks Wearing Their Rally Hats Despite China Market Tanking', 'Google Addresses Stadia Users Complaints About Lack Of Info For Upcoming Games', 'A Peek Into The Markets: US Stock Futures Gain Ahead Of Manufacturing Data', '8 Stocks To Watch For February 3, 2020', 'Earnings Scheduled For February 3, 2020']",18
GOOGL,2020-02-04,"['Nvidia GeForce Now Game Streaming Is Now Available', ""Group Of State Attorney Generals Say Meeting With US Justice Department Officials To Discuss Alphabet's Google Anti-Trust Probe Has Concluded"", ""Twitter Analyst Sees Risk To Q1 Guidance, But Expects 'Buying Opportunity Ahead'"", 'Mid-Afternoon Market Update: NASDAQ Rises Over 2%; Myomo Shares Spike Higher', ""OK Google, How Is The Street Reacting To Alphabet's Q4 Earnings?"", 'Mid-Day Market Update: Allot Surges After Q4 Results; Rockwell Medical Shares Plunge', 'PreMarket Prep Recap, Feb. 4, 2020: TSLA Continues Its Unbelievable Move', 'UPDATE: Needham Maintains Buy On Alphabet, Raises Target To $1,800 Notes \'There were several key ""firsts"" now that Sundar Pichai is CEO:\'', 'Mid-Morning Market Update: Markets Open Higher; Alphabet Reports Mixed Q4 Results', 'China Reportedly Considering Further Stimulus To Help Economy Weather Coronavirus', ""Tuesday's Market Minute: REVIEWING THE FAANG 4Q"", 'Credit Suisse Maintains Outperform On Alphabet, $1700 Price Target As Firm Notes 3 Factors:', ""Benzinga Pro's Top 5 Stocks To Watch For Tues., Feb. 4, 2020: GOOGL, DIS, EBAY, F, IBIO"", ""KeyBanc On Alphabet Notes 'Further, new disclosures and commentary helped highlight the magnitude of investments in opportunities beyond Search, which we believe can create substantial value for GOOGL over time'"", ""KeyBanc Reiterates Overweight, $1,769 Target On Alphabet As Firm Notes 'We recommend owning GOOGL. 4Q results showed excellent core Search ad revenue growth that appears sustainable for the foreseeable future'"", ""UPDATE: Raymond James Maintains Outperform On Alphabet, Raises Target To $1,580 'given solid advertising growth (Search, YouTube), increasing Google Cloud momentum, and an attractive valuation (~22x 2020E core EPS ex cash)'"", ""UPDATE:Piper Sandler On Alphabet Notes Co's 'Cloud Segment & YouTube Ads Growing Faster Than Core, But Too Small to Offset Broader Deceleration'; 'cloud segment is 6% and YouTube ads is 9% of '19 revenue'; 'Online Ad Spend is Ongoing Secular Tailwind'"", ""UPDATE: Piper Sandler Maintains Overweight On Alphabet, Raises Target To $1,600 Notes 'The core advertising business is decelerating, while cloud is accelerating and YouTube growth is outpacing the core'"", '10 Biggest Price Target Changes For Tuesday', ""12 Communication Services Stocks Moving In Tuesday's Pre-Market Session"", 'Raymond James Maintains Outperform on Alphabet, Raises Price Target to $1580', ""4 Internet Content & Information Stocks Moving In Tuesday's Pre-Market Session"", 'Piper Sandler Maintains Overweight on Alphabet, Raises Price Target to $1600', 'Alphabet shares are trading lower after the company reported worse-than-expected Q4 sales results.', 'Needham Maintains Buy on Alphabet, Raises Price Target to $1800', 'A Peek Into The Markets: US Stock Futures Jump; Alphabet Posts Downbeat Q4 Sales', 'Nomura Maintains Buy on Alphabet, Raises Price Target to $1680', 'Pivotal Research Maintains Buy on Alphabet, Raises Price Target to $1700', ""Facebook Co-Founder's Asana Files To Go Public Via Direct Listing"", '12 Stocks To Watch For February 4, 2020', 'Google Discloses YouTube Revenue For The First Time Ever']",31
GOOGL,2020-02-05,"['Shorts In A Twist: Tesla Shares Seem To Be Going Through A Classic ""Squeeze""', 'Earnings Bonanza: Results Keep Pouring In, With Investors Looking Over Merck, Disney', '10 Biggest Price Target Changes For Wednesday', 'Argus Research Maintains Buy on Alphabet, Raises Price Target to $1620']",4
GOOGL,2020-02-06,"[""BitTorrent CEO Justin Sun's $4.5-Million Dinner With Warren Buffett"", 'Everything You Need To Know About The Overwatch League 2020', ""Alphabet, Sonos Shares Appear Unaffected Following Recent Reuters Article 'U.S. trade panel opens patent probe into Google speakers after Sonos complaint'"", 'Alphabet shares are trading higher after CFRA maintained a Strong Buy on the company and raised the price target from $1737 to $1761.', 'Facebook At Key Inflection Point', ""Why Company Culture Is Critical for a Small Business' Bottom Line"", 'Facebook Sends Cease And Desist Letter To AI Startup, Joins Twitter, Venmo, YouTube', ""China's Xiaomi, Huawei Technologies, Oppo and Vivo are Jointly Creating a Rival to Google App Store""]",8
GOOGL,2020-02-07,"['Hearing the US Has Blocked a Planned Data Cable Connecting LA and Hong Kong', 'Citigroup Maintains Buy on Alphabet, Raises Price Target to $1700', 'Job Market Heats Up In January, As Warmer Weather Might Have Helped Add Positions', ""Google's Former Head of Pixel Smartphone Division, Mario Queiroz, has Left the Company""]",4
GOOGL,2020-02-10,"['Stocks That Hit 52-Week Highs On Monday', ""'Google Could Acquire Tesla For $1,500 Per Share On Its Way To $2 Trillion Stock' -Forbes Contributor Article From Trefis, Great Speculations"", ""'Big Google Search Ranking Algorithm Update - Currently Unconfirmed' -Search Engine Roundtable"", 'Google Accused of Competition Abuse in Holiday Rentals']",4
GOOGL,2020-02-11,"['WhatsApp Payments To Launch In India, BofA Says Monetization Will Take Time', 'Federal Trade Commission Chairman Says Number Of Deals Made By Big Tech Companies It Wants To Study Is In The Hundreds', 'Piper Sandler Remains Bullish On Slack On Broader Enterprise Adoption', ""Hearing FTC To Examine Past Acquisitions By Large Technology Companies, Wants Information On Past Deals That Weren't Scrutinized; Unconfirmed"", 'Stocks That Hit 52-Week Highs On Tuesday', 'Youtube In Talks To Follow Amazon And Apple Into Video Subscriptions Market', 'Deutsche Bank Seeking Bids From Microsoft, Google, Amazon to Overhaul Its Technology', ""Google 'People Operations' Head Steps Down As Company Faces Mounting Employee Protests""]",8
GOOGL,2020-02-12,"[""Google Joins Blockchain Startup Hedera Hashgraph's Governing Council"", 'FTC Asks Tech Giants To Hand Over Details Of Every Single Acquisition They Made Last Decade', ""Trump Gives New Definition To 'Make America Great Again,' And It Involves Tech Giants""]",3
GOOGL,2020-02-13,"['Streaming Is Now 20% Of TV Viewing, Netflix Clings To Top Spot', ""UK's CMA Clears Deal Between Google and Looker""]",2
GOOGL,2020-02-14,"['Tiger Global Management Takes Share Stake Of 106,360 Shares Of Class A Capital Stock In Alphabet', 'YouTube Says in a Blog it Paid $3B to the Music Industry in 2019 via Ads and Subscriptions', 'Google In Talks To Pay Publishers For Content In Premium News Product']",3
GOOGL,2020-02-18,"['Q4 13F Roundup: How Buffett, Einhorn, Ackman And Others Adjusted Their Portfolios', 'Stocks That Hit 52-Week Highs On Tuesday', 'Global Stocks Drop As Apple, Others Share Grim Outlook Due To Coronavirus Outbreak', 'EU Rejects Facebook Proposal On Content Moderation, Suggests To Adapt To Local Regulations']",4
GOOGL,2020-02-19,"['Google Says Removed More Than 75M Policy-violating Reviews and 4M Fake Business Profiles in 2019', 'Stocks That Hit 52-Week Highs On Wednesday', 'Yandex Revenues Topped Estimates In Q4, But Earnings Are Lacking', 'Expedia Group Seems Unable To Reach The Promised Land', 'Calendar Apps Can Do Wonders And Not Only For Your Schedule', 'Elon Musk Thinks All Artificial Intelligence Needs To Be Better Regulated, Including At Tesla', 'A Peek Into The Markets: US Stock Futures Up Ahead Of Economic Data, Fed Minutes', 'Google Parent Alphabet To Quit Power Generating Kite Company']",8
GOOGL,2020-02-20,"['Global Cloud Infrastructure Market Reached Sky High $107B In 2019', 'Hearing WarnerMedia, YouTube TV Have Agreed On Distribution Deal', ""Google Shares Unaffected Wed., Thurs. Following News 'Google Cloud acquires Cornerstone Technology to help you migrate your mainframe'"", 'Cheetah Mobile Shares Fall To Session Low On Spike In Volume; Traders Attribute Downside To BuzzFeed Article \'Google Has Banned Almost 600 Apps For Pushing ""Disruptive"" Ads\'', 'No More Immunity? Justice Department Wants Tech Companies To Have Legal Responsibility For Content Posted On Their Platforms', 'Sling TV Starts Losing Subscribers As Streaming Wars Intensify']",6
GOOGL,2020-02-21,"['Bezos Is Creating A $10 Billion ""We Can Save Earth"" Fund. Will Amazon Follow?', '4 Coronavirus Myths Causing Unnecessary Alarm', 'Ark Invest Says Autonomous Ride-Hailing Now Looks Even More Profitable Than Previously Estimated', ""Cheetah Mobile Reports It Has Been Informed By Google That Co.'s Google Play Store, Google AdMob, Google AdManager Accounts Have Been Disabled On Feb. 20, 2020, Associated Contracts Will Be Terminated"", ""New Mexico Accuses Google Of Violating Children's Data Privacy, Files Lawsuit"", 'Facebook To Pay Users $5 For Their Voice Recordings', 'Fitbit Shares Plummet On Q4 Earnings Miss']",7
GOOGL,2020-02-24,"['Why Partnerships Are The Lifeblood Of The Cannabis Industry', ""Fitbit's Weak Results Amid Pending Acquisition Keeps Longbow On The Sidelines"", 'Shares of several technology companies are trading lower amid continued spread of coronavirus including notable upticks in Iran and Italy. NOTE: The virus has raised fear of a global economic slowdown.', ""20 Communication Services Stocks Moving In Monday's Pre-Market Session"", ""KFC Canada Begins Use of Google's Food Ordering Service"", 'Google Warns New Huawei Phone Owners Against Sideloading Gmail And YouTube']",6
GOOGL,2020-02-25,"['BlackRock Leads $250M Funding In AI Computing Startup', 'Streaming Platform Like Spotify, YouTube Contributed To 80% Of All Music Sales In 2019', ""UPDATE: Morgan Stanley On Alphabet Notes 'Our new SoTP shows how GOOGL is worth $1,650 with no value for Cloud, Waymo, Verily, Stadia and investments...and $1,850 if the market just starts to put value on Cloud and Waymo'"", ""UPDATE: Morgan Stanley Maintains Overweight On Alphabet, Raises Target To $1.65K Notes 'New disclosure has arrived, which we see enabling investors to better value the growth/durability of GOOGL's assets'"", '3 Reasons Why Top Hedge Funds Have Changed Their Minds On Uber', 'Sada Extends Relationship With Google Cloud, Announces Multi-Year, $500m Agreement To Drive Cloud Adoption', 'Morgan Stanley Maintains Overweight on Alphabet, Raises Price Target to $1650']",7
GOOGL,2020-02-26,"['Google, Facebook And Others Not Bound By First Amendment, Judge Rules', 'Why The Coronavirus Might Be Presenting A Buying Opportunity']",2
GOOGL,2020-02-27,"[""Today's Pickup: Four In Five Americans View Foreign Trade As An Opportunity"", 'Shares of several communication companies are trading lower as growing coronavirus fears hamper economic outlook.', 'Microsoft Keen On Investing In Indonesia, Says The President, Promises Simpler Regulations', ""15 Communication Services Stocks Moving In Thursday's Pre-Market Session""]",4
GOOGL,2020-02-28,"['Key Stocks Like Apple, Disney Close To Or Already In Bear Territory As Selloff Continues', ""Gene Munster On Apple's Future, Tesla's Valuation And The 2020 Election"", 'Shares of several communication companies are trading lower as the global coronavirus spread continues to cause equities across sectors to sell off amid worsened economic outlook.']",3
GOOGL,2020-03-02,"['Alphabet Self-Driving Subsidiary Waymo Raises $2.25B In First External Funding', ""The Coronavirus Outbreak's Impact On Global Stocks, Commodities, ETFs"", 'Tech Industry Being Smashed By Coronavirus']",3
GOOGL,2020-03-03,"['Google Halts International Travel For Employees', 'Google Cancels Annual Conference Due To Coronavirus', '5 Reasons Why Tesla Is Way Ahead Of Traditional Automakers', 'Self-Driving Vehicle Company Waymo Announces First Outside Investment: $2.25 Billion']",4
GOOGL,2020-03-04,"[""Google Announces Second Stadia Games Studio, 'Division 2' Launch"", 'Google Cloud Says Will Launch Four Additional Cloud Regions In Delhi, Doha, Melbourne And Toronto']",2
GOOGL,2020-03-05,"[""Google's Exposure To Travel Will Impact Revenue, BofA Says"", 'Alphabet shares are trading lower in sympathy with the overall market amid coronavirus fears.', 'Google Internal Memo Shows Mgmt. Has Sold Its Seattle-Area Employees To Stay Home', 'Coronavirus Has Now Spread To Healthy Corporations, Set To Affect The Global Economy', 'Google Cloud Reports Partnership With AT&T To Enable Network Edge 5G Computing Solutions For Enterprises', ""Judge Quashes Tulsi Gabbard's Case Against Google Alleging Free Speech Violation""]",6
GOOGL,2020-03-06,"['FMCSA Vs ELDs, Airlines Lose $113 Billion, And Why ""This Is The Delay"" For Baby Yoda', 'Former Uber Exec Files For Bankruptcy After Losing $179M Dispute With Google', 'Shares of several technology companies are trading lower. Movement appears market related as markets continue to dip amid the global coronavirus outbreak.', 'Lipper Award Winners Pick Healthcare and Technology Stocks Amidst Coronavirus Downturn', ""15 Communication Services Stocks Moving In Friday's Pre-Market Session"", 'Tech Giants Ask Seattle Employees To Work Remotely As Coronavirus Cases Rise', 'Lyft San Francisco-Based Employees Told To Stay Home Over Coronavirus Fears']",7
GOOGL,2020-03-09,"['FANG Stocks Lose Nearly $150B In A Day As Coronavirus Fears Rise Even More, Oil Crashes', 'Tech Companies Lend A Hand To Help Organizations During Coronavirus Outbreak', ""38 Communication Services Stocks Moving In Monday's Pre-Market Session"", ""Twitter Marks Trump Campaign Video As 'Manipulated Media' In One Of The First Enforcements Of Updated Policy"", 'Bill Gates Foundation To Fund Coronavirus Testing Kits In Seattle, Aims At Checking Spread Of Disease In The Region']",5
GOOGL,2020-03-10,"['Google Recommends All North America Employees Work From Home', ""Shares of several technology companies are trading higher as markets look to rebound from Monday's selloff. The technology sector has been highly impacted by the coronavirus due to its China exposure and sensitivity to economic conditions.""]",2
GOOGL,2020-03-11,"['CME To Shut Down Chicago Trading Floor Over Coronavirus Concerns', 'YouTube Blog Shows Co. To Enable Ads For Content Discussing Coronavirus On A Limited Number Of Channels', 'Despite Volatility, FANG Continues to Prove Its Popularity', 'As Market Gyrates, Investors Seek Direction From Large Stocks Including Apple, Microsoft', 'Shares of several companies in the technology, software and semiconductor space are trading lower as equities sell off amid coronavirus fears. The virus spread has disrupted economic activity across sectors and caused global macro uncertainty.', 'Alphabet Creates Coronavirus Fund To Give Paid Sick Leaves To Affected Workers Globally', 'Amazon Announces $5M Fund To Help Small Seattle Businesses Tackle Coronavirus Impact', 'US Commerce Department Extends Huawei Temporary License, Asks Public For Comments On Future Extensions', 'Google Asks All North American Employees To Work From Home As Coronavirus Spreads']",9
GOOGL,2020-03-12,"['Shares of several communications companies are trading lower as equities sell off amid continued global coronavirus concerns. The virus has caused global economic disruption and negatively impacted stocks across sectors.', 'YouTube To Allow Ads On Coronavirus Videos After Suspending Them Earlier']",2
GOOGL,2020-03-13,"['Trump Declares National Emergency Over Coronavirus Pandemic, Promises More Tests Next Week', 'Birx Says New Coronavirus Testing Will Start Online Via Google Website, Will Guide To Drive Thru If Online Questionnaire Returns A Positive Answer, Then To Labs', 'Trump Thanks Google For Developing New Coronavirus-Related Website', 'Adobe Beats Q1 Targets, But Expects A Coronavirus-Caused Hit In Q2', 'Regulators Aiming To Break Of Big Tech Are Receiving ""Help"" From COVID-19', ""Shares of several communication and media companies are trading higher as the market rebounds following Thursday's selloff. NOTE: Since the coronavirus outbreak the healthcare sector has been extremely volatile."", ""Coronavirus, Oil Crash Are 'One-Two Punch' To Stock Market, Says Warren Buffett""]",7
GOOGL,2020-03-16,"['White House Says Microsoft, Google, Others Make Machine-Readable Database Of Coronavirus Research; Says Database Of 29,000 Scholarly Articles Aimed At Fostering Machine Learning Research', 'Shares of several communications companies are trading lower as equities sell off amid continued global coronavirus concerns. The virus has caused global economic disruption and negatively impacted stocks across sectors.', 'Google Accused by Rival of Fundamental GDPR Breaches', 'US Dollar, Futures Tumble As Fed Cut Fails To Boost Investor Sentiments', ""Google's Sister Verily Is Developing A Site To Help US Test Coronavirus Cases""]",5
GOOGL,2020-03-17,"['Two Pros Discuss The $1K Stocks Worth Buying', ""Mark Tepper Says 'DAWN' Is The New 'FANG'"", 'Dept. Of Justice, FTC Could Seek Extensions To Complete Probes For Merger Reviews, Allergan, Raytheon, Google Deals Mentioned', 'All The Major Events Canceled By Coronavirus (Updated)', 'Apple Hit With $1.2B Fine By French Antitrust Authorities', ""So-Called 'MAGA' Stocks Lose $1T Market Value In A Single Day"", 'NBCUniversal Releases Movies On-Demand Same Time As Theaters Due To Coronavirus']",7
GOOGL,2020-03-18,"['Waymo Shuts Safety Driver-Monitored Autonomous Taxis Citing Coronavirus Fears', 'Travel, Airline Stocks In Focus Amid Fresh Weakness; Amazon To Hire 100,000 Workers', 'Shares of several media and communications companies are trading lower as equities dip amid the ongoing coronavirus outbreak.', ""Greta Thunberg Among Europe's 30 Under 30 Forbes List"", ""Toyota Partners With China's Momenta To Commercialize HD Maps For Self-Driving Vehicles""]",5
GOOGL,2020-03-19,['Will Big Tech Come To The Rescue Against COVID-19?'],1
GOOGL,2020-03-20,"['Shares of several technology companies are trading higher. Market strength has been attributed to strong containment measures taken by California, rebound in oil, central bank actions and expectations of increased technology usage amid the virus outbreak.', ""Ex-Uber Executive Pleads Guilty To Stealing Google's Trade Secrets""]",2
GOOGL,2020-03-23,"['Benzinga CEO Talks Hedging Bets, Dividend Plays On PreMarket Prep', ""Shares of some technology companies are trading lower amid market volatility. Sunday's fiscal stimulus bill failed a procedural senate vote while the Fed on Monday announced stimulus measures. NOTE: Sector is mixed, with some names up for the session."", 'Stocks That Hit 52-Week Lows On Monday', 'How Tim Cook, Mark Zuckerberg And Other Tech CEOs Are Helping Fight The Global Pandemic']",4
GOOGL,2020-03-24,"['Youtube To Reduce Video Quality Worldwide To Ease Strain On Internet Networks Due To Coronavirus', 'Rise In Semiconductor, Cloud Computing Stocks Could Set Tone For Broader Economy', 'Shares of several communication services companies are trading higher as equities gain amid hopes of a US stimulus agreement.', '2020 Summer Olympics Likely To Be Postponed Until 2021 Due To Global Pandemic', 'Google Surveys Users For Coronavirus Symptoms To Help Researchers Forecast Spread']",5
GOOGL,2020-03-25,"['COVID-19 Crisis Could Make Big Tech Even Stronger', 'Alphabet shares are trading lower, not currently seeing company news. NOTE: Equities have begun moving lower following Tuesday strength. The stock has since reversed and are trading higher.', 'Google Gives 60-Day Extension To All Contractors Due To Pandemic', 'Microsoft, Facebook, Twitter Partner With WHO To Launch Coronavirus Hackathon']",4
GOOGL,2020-03-26,"['SunTrust Robinson Humphrey Maintains Buy on Alphabet, Lowers Price Target to $1350']",1
GOOGL,2020-03-27,"['Regional Banks, Other Cyclicals Saw Buying Interest Yesterday Amid Stimulus Hopes', '10 Stocks To Buy With Low Debt And High Liquidity', ""1,000 Google Employees Volunteer To Help Expand Sister Company's Coronavirus Testing Program"", 'Huawei Releases Latest Flagship Phone Amid Global Coronavirus Lockdown']",4
GOOGL,2020-03-30,"['Morgan Stanley Maintains Overweight on Alphabet, Lowers Price Target to $1310', ""Benzinga's Top Upgrades, Downgrades For March 30, 2020"", 'BMO Capital Upgrades Alphabet to Outperform']",3
GOOGL,2020-03-31,"['What Google And Is Doing To Fight The Coronavirus', 'The Prize No One Wanted: Dow On Pace For Steepest Q1 Loss Ever As Quarter Finally Ends']",2
GOOGL,2020-04-01,"['Some Staples Stocks Bouncing Back After Sliding In Recent Rally As Caution Tightens Grip', ""Here's How The 'MAGA' Tech Giant Stocks Performed In Q1""]",2
GOOGL,2020-04-02,"['Google To Donate $6.5M to Help Fight Coronavirus Misinformation', 'Coronavirus Outbreak Updated: Keep Up With The Latest Headlines', ""'Google to lift advertising ban on coronavirus topics' -Axios"", 'Credit Suisse Compiles List Of Corporations With Most And Least Cash', 'Self-Driving Car Engineer Demands $180M Compensation From Uber For Google Trade-Secret Theft Case']",5
GOOGL,2020-04-03,"['Alphabet shares are trading lower, weakness appears market related as equities move lower for the session.']",1
GOOGL,2020-04-05,['Ty Cobb: The Greatest Pro Athlete Investor Of All Time?'],1
GOOGL,2020-04-06,"['Shares of several semiconductor and large technology stocks are trading higher with the broader market on optimism that coronavirus cases in several US hotspots appear to be reaching their peak.', ""9 Communication Services Stocks Moving In Monday's Pre-Market Session""]",2
GOOGL,2020-04-07,['Facebook Surveys Users To Help Researchers Identify Coronavirus Clusters'],1
GOOGL,2020-04-08,"['Google Gets Federal Approval To Operate Under Sea Cable Between US and Taiwan To Boost Network Capacity', 'Netflix, YouTube, Disney+: Which Video Streaming Platform Do Teens Watch The Most?', ""UPDATE: Google Will Still Allow Use Of Zoom's Mobile App, Browser App"", 'UPDATE: Google Spokesperson Says Co. Has Banned Zoom Video Conferencing Desktop Client On Work Laptops', ""UPDATE: 'Google Bans Zoom Software From Employee Computers, Fearing Security Vulnerabilities' -BuzzFeed"", 'Google Has Banned Zoom Video Communications Software From Employee Computers, Fearing Security Vulnerabilities', 'The Show Must Go On – Event Industry Rising To The Challenge Of COVID-19', ""Alphabet Shares Unaffected Amid Report US Dept. Of Justice Recommends Approval of Google's Request To Use Part Of US-Asia Undersea Telecom Cable"", 'Google G Suite Shows Uptick In Business Users As Meet Use Explodes']",9
GOOGL,2020-04-09,"['Communications Services Sector Earnings: When Staying In Becomes The Trend', 'Will FANG Lead The Market Rebound?', 'French Regulator Says Google Must Pay French News and Publishing Firms for Using Their Content']",3
GOOGL,2020-04-12,"[""Apple's Stock Will Outperform Other FAANG Stocks In 2020, Long-Term Future 'Among The Brightest', Munster Says""]",1
GOOGL,2020-04-13,"[""Leon Cooperman Doesn't See Big Upside Potential For The Market Right Now"", 'YouTube Exec Talks Entertainment, Combatting Coronavirus Fake News', 'Apple Reportedly Planning Major iPhone Design Overhaul For Fall Launches', 'Apple And Google Team Up To Build Bluetooth Solution To Tackle COVID-19 Pandemic']",4
GOOGL,2020-04-14,"['Zoom Shares Fall Amid Headline Standard Chartered CEO Tells Staff Not To Use Zoom Or Google Hangouts For Video Communications, Cites Cybersecurity Risk', 'Alphabet shares are trading higher as the tech sector gains on positive coronavirus outlook. Optimism surrounding the virus has led to hopes of an upcoming return to economic activity, which would benefit the sector.', 'Apple And Google Give Details On Their Joint Coronavirus Contact Tracing Tool']",3
GOOGL,2020-04-15,"[""Google Parent Company To 'Significantly' Limit New Hiring In 2020, CEO Pichai Says"", 'Software Rises Above Semiconductors And Hardware As Tech Heads Into Earnings Season', 'Google CEO Tells Staff They Will Slow Hiring In 2020', ""US Senator Blumenthal Says Apple, Google Have A 'Lot Of Work To Do' To Convince People Coronavirus Contact Tracing Will Not Violate Privacy"", ""Every Member Of Trump's 'Great American Economic Revival' Industry Groups"", 'Startup Zoox Acknowledges Some Employees Were In Possession Of Tesla Confidential Information']",6
GOOGL,2020-04-16,"['S&P 500 Futures Up 3.2% After Hours; Many Other Stocks Moving Higher With Futures; Investors Reacting Favorably To White Phase Guidelines On Reopening Economy', ""Why The Pandemic Could Prove Amazon Is The 'Greatest Thing That Ever Happened To The American Consumer'"", ""'$GOOGL, $FB on Watch as Barry Diller Sees 80% Drop in Ad Spend' -Tweet"", 'Robinhood Said To Be Raising $250M In New Funding']",4
GOOGL,2020-04-17,"['Mizuho Maintains Buy on Alphabet, Lowers Price Target to $1500']",1
GOOGL,2020-04-20,"['Making Most Of Lockdowns, Facebook Gaming Launches Earlier Than Planned', 'Google To Roll Out 100K Wi-Fi Hotsports In CA In First Week Of May', 'With Live Sports On Hold, Esports Continue Stepping Up To The Plate']",3
GOOGL,2020-04-21,"['Shares of several technology companies are trading lower amid overall market weakness following a collapse in oil prices. Oil has been negatively impacted by excess supply and low demand amid the coronavirus pandemic.', '3 ETFs For Netflix Earnings']",2
GOOGL,2020-04-22,"['Zoom Unveils Version 5 With Updated Security Measures Following Backlash', 'Another Autonomous Trucking Startup Announces Layoffs', 'Wedbush Maintains Outperform on Alphabet, Lowers Price Target to $1375', 'Little Things Count: After Selloff To Start Week, A Bit of Light Arrives With Positive Earnings', 'Facebook Bowed Down To Vietnamese Censorship After Local Servers Brought Down: Reuters', 'Shares of several social media and internet communication companies are trading higher, potentially in sympathy with Snap, which reported strong Q1 financial results and user engagement numbers.', 'A Peek Into The Markets: US Stock Futures Gain Ahead Of Earnings', 'YouTube Sued By Cryptocurrency Firm For Allegedly Allowing Giveaway Scams']",8
GOOGL,2020-04-23,"['Google To Cut Marketing Budgets By As Much As Half, Directors Warned Of Hiring Freezes', 'Eli Lilly Kicks Off Earnings Day With A Beat And Investors Prepare For Intel After Close', ""'Increasing transparency through advertiser identity verification' -Google's Ads Blog""]",3
GOOGL,2020-04-24,"['Virtual Productivity: Google Cloud, YouTube in Focus As Alphabet Releases Q1 Earnings', 'Google Announces Further Hiring And Marketing Budget Cuts', 'Crude Oil Bounce Gives Energy Stock A Lift As Market Volatility Ebbs']",3
GOOGL,2020-04-27,"['Google Says Google Pixel Buds Available Today, Priced At $179', 'SpotlightNews Informs Communities, Extends Helping Hand To Small Publishers', ""'Google in talks to acquire D2iQ' -Axios"", 'Apple And Amazon Earnings, Fed Meeting Among Highlights In Busy Week Ahead']",4
GOOGL,2020-04-28,"[""23 Stocks Moving In Tuesday's After-Hours Session"", 'Alphabet CEO Says 30% More Downloads From Feb To March On Play Store; Says Delayed Some Ad Launches As Impact Of Coronavirus Became Clear', 'Alphabet CFO Says No Change With Buyback Program', 'Alphabet Reports Q1 Sales Beat', 'Alphabet shares are trading higher after the company reported better-than-expected Q1 sales results.', 'Alphabet Q1 EPS $9.870 May Not Compare To $10.330 Estimate, Sales $41.160B Beat $40.380B Estimate', 'Stadia Announces PUBG Available To Play Today For Free, Will Be Cross Platform With Other Consoles', ""Electronic Arts Reports Partnership With Google To Bring Google's Stadio Platform To EA Games"", 'Event Reminder: Google Stadia To Hold Stadia Connect Event At 12 p.m. EDT (Live Stream Link)', ""'In an internal memo, CEO Sundar Pichai says Google will 'stagger' a return to offices and tells employees they should expect to work from home until at least June 1' -Tweet From Business Insider Tech Reporter"", 'Morning Market Stats in 5 Minutes', 'Earnings Feast: Bring a Plate With Healthcare and Caterpillar in Morning, GOOGL And AMD Later', '4 Geared ETFs for Alphabet Earnings', ""Tuesday's Market Minute: This Week's Big Market Test"", 'A Peek Into The Markets: US Stock Futures Up Ahead Of Earnings, Economic Reports', 'Earnings Scheduled For April 28, 2020', '10 Stocks To Watch For April 28, 2020']",17
GOOGL,2020-04-29,"[""Analysts Applaud Alphabet Earnings: 'An Incredible Advertising Business'"", ""82 Stocks Moving In Wednesday's Mid-Day Session"", 'SunTrust Robinson Humphrey Maintains Buy on Alphabet, Raises Price Target to $1550', 'B of A Securities Maintains Buy on Alphabet, Raises Price Target to $1420', ""UPDATE: Mizuho On Alphabet Notes 'Despite the slowdown, we are encouraged by strong underlying usage of YouTube and its continued path to gain share against TV advertising, affirming our LT thesis'"", ""UPDATE: Mizuho Maintains Buy On Alphabet, Raises Target To $1560 Notes 'Although advertising business came under pressure in March and April, trends were modestly better than expectations'"", 'Mizuho Maintains Buy on Alphabet, Raises Price Target to $1560', ""UPDATE: Morgan Stanley On Alphabet Notes 'But EBIT still falls (higher deleverage) which shows how outperformance from here likely to require a confirmed turn in ad trends'"", ""UPDATE: Morgan Stanley Maintains Overweight On Alphabet, Raises Target To $1,400 Notes 'Ad declines are likely to be somewhat less severe than expected and GOOGL is focused on efficiency/innovation to emerge stronger post downturn'"", ""UPDATE: Nomura On Alphabet Notes 'and management noted the first two months of the quarter were strong followed by a significant slowdown in advertising revenue in March (consistent with SNAP's commentary last week'"", ""UPDATE: Nomura Maintains Buy On Alphabet, Raises Tgt To $1,700 Notes Co. 'reported relatively solid results led by an acceleration at YouTube and continued Cloud momentum. Total advertising revenue growth slowed to +10% YoY, but was better than expected'"", 'Morning Market Stats in 5 Minutes', ""UPDATE: JP Morgan Maintains Overweight On Alphabet, Raises Target To $1,505 Notes '2QTD Sigh of Relief, w/Slight Early Search Uptick;More Importantly, GOOGL Should Come Out Stronger'"", 'Barclays Maintains Overweight on Alphabet, Raises Price Target to $1400', 'BMO Capital Maintains Outperform on Alphabet, Raises Price Target to $1550', 'Alphabet, Boeing Shares Get A Lift Following Earnings, While GE Falls Short', 'Stifel Maintains Buy on Alphabet, Raises Price Target to $1400', 'RBC Capital Maintains Outperform on Alphabet, Raises Price Target to $1500', '10 Biggest Price Target Changes For Wednesday', 'MKM Partners Reiterates Buy on Alphabet, Raises Price Target to $1500', 'Alphabet Shares Rise During Earnings Call As Q1 Advertising Revenue Better Than Expected', ""Loup Ventures' Munster On Alphabet's Q1: 'Hats Off To Them' For Ad Performance"", 'Morgan Stanley Maintains Overweight on Alphabet, Raises Price Target to $1400', ""11 Communication Services Stocks Moving In Wednesday's Pre-Market Session"", ""Alphabet shares are trading higher after the company reported better-than-expected Q1 sales results. Several firms also maintained their bullish ratings on the company's stock following its Q1 earnings results."", ""35 Stocks Moving in Wednesday's Pre-Market Session"", 'Credit Suisse Maintains Outperform on Alphabet, Raises Price Target to $1600', 'Nomura Instinet Maintains Buy on Alphabet, Raises Price Target to $1700', 'JP Morgan Maintains Overweight on Alphabet, Raises Price Target to $1505', 'A Peek Into The Markets: US Stock Futures Rise Ahead Of Earnings, Fed Decision', 'Apple Adds Coronavirus Testing Sites To Maps In US', 'YouTube Extends Fact Checking To The US To Combat Fake Coronavirus Information', '10 Stocks To Watch For April 29, 2020', ""Zoom Uses Oracle's Cloud Computing Services To Handle Demand Surge During Pandemic""]",34
GOOGL,2020-04-30,"['Apple CEO Tim Cook: Apple To Work With Google To Improve COVID-19 Contact Tracing', ""Thursday's Market Minute: Stocks Rally As GDP Plummets"", '108 Biggest Movers From Yesterday']",3
GOOGL,2020-05-01,"['Amazon, Exxon Mobil Earnings Weigh On Market To Start New Month As Caution Steers The Wheel', 'Zoom Corrects Blog Saying It Had 300M Daily Active Users, Admits It Was Wrong']",2
GOOGL,2020-05-02,"[""Here's What Warren Buffett Thinks About Tesla And Elon Musk"", ""Warren Buffett Says There's No Bubble In FANG Stocks, But He's Still Not Buying"", 'Tech Companies Gun for Zoom; Video Conferencing Race']",3
GOOGL,2020-05-04,"['Apple And Google Say No To Location Tracking In Coronavirus Contact Tracing Apps', 'YouTube Signs Gamer PewDiePie To Exclusive Streaming Deal', 'YouTube Signs Gamer PewDiePie to Live Streaming Deal', ""'Google Engineers Flirted With a Zoom Acquisition—Before a Push to Beat It' -UK's The Information"", 'Congress Park Capital LLC Buys Blackrock Muniyield Fund Inc, Apple Inc, EnerSys, Sells The Walt ...', 'Private Wealth Strategies, L.L.C. Buys Vanguard Intermediate-Term Bond, Alphabet Inc, New York ...', 'Post-Earning, Which Is Better: Alphabet or Facebook?', 'Pachira Investments Inc. Buys Amazon.com Inc, Sells SPDR MidCap Trust Series I, Vanguard ...', 'Fundamentun, LLC Buys WisdomTree U.S. Dividend Growth Fund, iShares Core S&P Total U.S. ...', 'The Zacks Analyst Blog Highlights: Microsoft, Amazon, Alphabet and Facebook', 'Zacks Investment Ideas feature highlights: Google, Facebook, Apple, Microsoft and Amazon', 'BT Investment Management Ltd Buys Atmos Energy Corp, Micron Technology Inc, Alphabet Inc, Sells ...']",12
GOOGL,2020-05-05,"[""Business Insider Reports Google-Fitbit Deal Under 'Intense Scrutiny'"", 'Charles Schwab Launches Fractional Shares, The Ability To Gift Stock', ""'A new edition of the P30 could let Huawei offer Google apps again' -SCMP"", 'Google Cloud, Splunk Report Strategic Partnership to Help Organizations Drive Insights From Data; Splunk Cloud Will Soon Be Available On Google Cloud', '3 ETFs For Disney Earnings', 'Beacon Investment Advisory Services, Inc. ...', 'Nkcfo Llc Buys Amazon.com Inc, Newmont Corp, VanEck Vectors Gold Miners, Sells The Walt Disney ...', 'Big Tech, Stocks At New Highs And Your Weekly Plan', 'Lineweaver Wealth Advisors, LLC Buys iShares …-5 Year High Yield Corporate Bond, Invesco ...', 'GFS Advisors, LLC Buys SPDR S&P 5……, Byline Bancorp Inc, SPDR Dow Jones Industrial ...', 'Buy 5 Solid Tech ETFs At Least 10% Away From 52-Week High', 'QQQ: Outperforming In Bull And Bear Markets', 'Menora Mivtachim Holdings Ltd. Buys PayPal Holdings Inc, Micron Technology Inc, Marvell ...', ""Revisiting The Fed's Balance Sheet"", 'Electronic Arts, Boot Barn, Alphabet, Facebook and Twitter highlighted as Zacks Bull and Bear of the Day', '6 Tech Giants Setting the Northbound Trajectory of Wall Street', '3 Sector ETFs Gaining Momentum in May', 'Hohimer Wealth Management, Llc Buys Robert Half International Inc, Prudential Financial Inc, ...', '3 ETFs For Disney Earnings']",19
GOOGL,2020-05-06,"['A Recap Of Social Media Earnings', '11 Reasons Billionaire Investor Leon Cooperman Is Worried About Long-Term Impacts Of COVID-19', 'Md Sass Investors Services Inc Buys Charles Schwab Corp, Perrigo Co PLC, Facebook Inc, Sells ...', 'Elite Wealth Management, LLC Buys ProShares UltraShort S&P5……, Microsoft Corp, Amazon. ...', 'Alta Capital Management Llc Buys Alphabet Inc, Apple Inc, Fiserv Inc, Sells The Middleby Corp, ...', 'Sawyer & Company, Inc Buys AmerisourceBergen Corp, Ecolab Inc, Crown Castle International ...', 'Time to Sign Into Social Media ETF on Upbeat Q1 Earnings?', 'Redwood Investments, LLC Buys Horizon Therapeutics PLC, NovoCure, Tetra Tech Inc, Sells Funko ...', 'How Long Can Tech Hold This Market Together?', ""Appian (APPN) to Report Q1 Earnings: What's in the Cards?"", 'BANG: Making FANG Look Tame', 'S&P 500 Dividend Aristocrats Lag In This Down Market']",12
GOOGL,2020-05-07,"['UPDATE: Lime Says Alphabet, Bain Capital Will Also Be In Investment Round With Uber', 'ViacomCBS And Google Announce Expanded Distribution Agreement', ""ViacomCBS, Google Report Expanded Distribution Deal: 'Introduces 14 Additional ViacomCBS Cable Networks to YouTube TV, Including BET, Comedy Central, MTV and Nickelodeon'"", 'Comgest Global Investors S.a.s. Buys Alibaba Group Holding, Facebook Inc, Alphabet Inc, Sells ...', 'Capital Management Associates Buys Flowers Foods Inc, Medtronic PLC, American Express Co, ...', 'Jensen Investment Management Inc Buys Automatic Data Processing Inc, Alphabet Inc, Stryker ...', 'Wellington Shields & Co., LLC Buys Personalis Inc, DraftKings Inc, ConnectOne Bancorp Inc, ...', 'SCP Investment, LP Buys Berry Global Group Inc, Eldorado Resorts Inc, Air Lease Corp, Sells ...', 'Central Securities Corp Buys Alphabet Inc, Charles Schwab Corp, Cree Inc, Sells Alphabet Inc, ...', 'Gladstone Capital Management LLP Buys Sea, Alphabet Inc, Alibaba Group Holding, Sells The Walt ...', 'The 3 Safest Stocks to Buy in 2020']",11
GOOGL,2020-05-08,"[""'Alphabet CEO in internal memo: Offices reopening at 10% to 15% capacity starting in June' -CNBC"", ""Zoom Video Shares Fall To Session Low On Volume Spike As Hearing 'Google Duo will soon let you make group calls in Chrome'"", 'Hearing Majority Of Alphabet Staff To Work From Home Til 2021', 'Along With Dramatic Jobs Data, Investors Scrutinize Recent Earnings From Uber, Square', 'Google Employees To Work From Home Through 2020 With Few Exceptions', 'As Markets Crashed, The Swiss National Bank Went On A FAAMG Buying Spree', 'Value Screeners Identify Opportunities as Markets Rebound From March Lows', ""CORDA Investment Management, LLC. Buys 'M Co, Charles Schwab Corp, CME Group Inc, Sells Total ..."", 'Chase Investment Counsel Corp Buys Apple Inc, Microsoft Corp, PepsiCo Inc, Sells Euronet ...', 'Tech Rally Helps Nasdaq Turn Positive for 2020: ETFs to Play', 'Academy Capital Management Inc Buys Anheuser-Busch InBev SA/NV, Elanco Animal Health Inc, ...', 'RV Capital GmbH Buys Carvana Co, Alphabet Inc', 'Oakview Capital Management, L.p. Buys Sysco Corp, JB Hunt Transport Services Inc, Alphabet Inc, ...', 'Mandatum Life Insurance Co Ltd Buys Facebook Inc, Alphabet Inc, Coca-Cola Co, Sells Caterpillar ...', 'Summit Asset Management, LLC Buys iShares Core U.S. ...', 'United Bank Buys Truist Financial Corp, Sells Microsoft Corp, JPMorgan Chase, Alphabet Inc', 'Transcend Wealth Collective, Llc Buys SPDR Series Trust Portfolio S&P 5…… Growth, ...', 'Frontier Wealth Management LLC Buys Microsoft Corp, Apple Inc, VanEck Vectors Gold Miners, ...']",18
GOOGL,2020-05-09,"[""NASDAQ Goes Positive, Malone's Deal, Berkshire's Meeting, And Political War"", ""Nasdaq Goes Positive, Malone's Deal, Berkshire's Meeting, And Political War""]",2
GOOGL,2020-05-10,"[""Bored Of Reheated Pasta? Benzinga's Top Foods To Order Or Cook Has You Covered"", 'Be Creative When Searching For Growth, Lest You Just Wind Up With Empty Glamour']",2
GOOGL,2020-05-11,"[""Benzinga Pro's Top 5 Stocks To Watch For Mon., May 11, 2020: SNE, CNK, MRNA, WORK, KMX"", 'Former Google CEO Eric Schmidt Cut Last Ties With The Company: Report', 'Fieldpoint Private Securities, LLC Buys Vanguard FTSE Emerging Markets, Vanguard S&P ...', 'Is Global Diversification Still Worth It? The Case For Investing Beyond The U.S.', 'Pekin Singer Strauss Asset Management Buys Evercore Inc, Ituran Location and Control, TPI ...', 'Mirador Capital Partners LP Buys ProShares Short S&P5……, Invesco BulletShares ...', 'MainStreet Investment Advisors LLC Buys Microsoft Corp, Apple Inc, Amazon. ...', 'Greenwoods Asset Management Ltd Buys JD.com Inc, Baidu Inc, Microsoft Corp, Sells New Oriental ...', 'Tredje AP-fonden Buys Microsoft Corp, Amazon.com Inc, Apple Inc, Sells iShares U.S. ...', 'Shell Asset Management Co Buys Apple Inc, Microsoft Corp, Alibaba Group Holding', 'Mitsubishi UFJ Asset Management Co., Ltd. ...']",11
GOOGL,2020-05-12,"[""Google, On April 28, Said 'We're Adding Roughly 3 Million New Users Every Day For Google Meet'"", 'Zoom Shares Ticking Lower; Google Says Have Re-Engineered Google Meet, Originally Built For Secure Business Meetings, To Make It Free And Available To All', 'Citigroup Maintains Buy on Alphabet, Raises Price Target to $1600', 'Not Just Fun And Games: How Esports Could Offer Potential Investment Opportunities', 'Amazon Releases AI-Based Enterprise Search Solution Kendra', 'Twitter To Remove Coronavirus Misinformation, Including That Tweeted By Trump', 'BFAM Partners (Cayman) Ltd Buys Alibaba Group Holding, NIO Inc, China Biologic Products ...', 'Fishman Jay A Ltd Buys Apple Inc, Amazon. ...', 'Silicon Valley Capital Partners Buys Vanguard Information Tech, Alphabet Inc, Amazon. ...', 'Glassman Wealth Services Buys Vanguard S&P 5……, NVR Inc, SPDR S&P 5……, Sells ...', 'Marvin & Palmer Associates Inc Buys Adobe Inc, Vertex Pharmaceuticals Inc, Alphabet Inc, ...', 'Mitsubishi UFJ Securities International PLC Buys Amazon. ...']",12
GOOGL,2020-05-13,"[""Another Fundraise, As Self-Driving Startup Waymo's Investment Hits $3B In 2020"", 'Apple Plans To Bring Employees Back To Office Even As Tech Peers Hold Off', ""VMWare Announces Creation Of Next-Gen SOC Alliance With Splunk, IBM Security, Google Cloud's Chronicle, Exabeam And Sumo Logic"", 'Twitter Will Allow Employees To Work From Home For As Long As They Want', 'Blacksheep Fund Management Ltd Buys KKR Inc, Alphabet Inc, Amazon.com Inc', 'Cheviot Value Management, LLC Buys Sprott Physical Gold and Silver Trust, Comcast Corp, ...', ""David Tepper: This Is the Most Overvalued Stock Market Since '99"", 'GFS Advisors, LLC Buys SPDR S&P 5……, SPDR Dow Jones Industrial Average, PowerShares QQQ ...', 'Horiko Capital Management LLC Buys Alphabet Inc, Brighthouse Financial Inc, Sells Raytheon Co', 'Georgetown University Buys SPDR S&P 5……, Sells Alphabet Inc', ""Altarock Partners Llc Buys TransDigm Group Inc, Moody's Corporation, Alphabet Inc, Sells ..."", 'Achmea Investment Management B.V. Buys Alphabet Inc, Merck Inc, Visa Inc, Sells Apple Inc, ...', 'Eubel Brady & Suttman Asset Management Inc Buys AmerisourceBergen Corp, Steel Dynamics Inc, ...', 'Investec Asset Management (PTY) Ltd Buys Nike Inc, Walmart Inc, Alphabet Inc, Sells PayPal ...', ""Alphabet's Loon and Vodacom partner to increase rural internet access in Mozambique"", 'SP Asset Management Buys Vanguard Mid-Cap, Alphabet Inc, Alphabet Inc, Sells iShares Nasdaq ...']",16
GOOGL,2020-05-14,"[""2 Google Pixel Lead Members Including 'Camera Mastermind' Quit Ahead Of 4A Model Launch"", 'Stewart Asset Management, LLC Buys Intuitive Surgical Inc, The Walt Disney Co, UnitedHealth ...', 'Lee Capital Holdings LLC Buys Amazon.com Inc, Alphabet Inc, Nasdaq Inc, Sells Boeing Co, SPDR ...', 'Hudson Bay Capital Management LP Buys Allergan PLC, GCI Liberty Inc, Tesla Inc, Sells Amazon. ...', 'Ursa Fund Management, LLC Buys Match Group Inc, ANGI Homeservices Inc, PG&E Corp, Sells ...', 'Ally Financial Inc. Buys SPDR S&P 5……, Facebook Inc, iShares Select Dividend ETF, Sells ...', ""O'Shares Investment Advisers, LLC Buys Healthpeak Properties Inc, CrowdStrike Holdings Inc, ..."", 'Skye Global Management LP Buys Microsoft Corp, Amazon. ...', 'American Century Companies Inc Buys Microsoft Corp, Amazon.com Inc, Apple Inc', 'Marietta Investment Partners Llc Buys Amedisys Inc, NICE, Yum China Holdings Inc, Sells Stryker ...', ""Cisco's 'rd-Quarter Earnings and Revenue Surpass Projections"", 'Billionaires Are Very Bearish - Druckenmiller & Tepper', 'International Value Advisers, LLC Buys Berkshire Hathaway Inc, LKQ Corp, The Western Union Co, ...', 'Immersion Capital LLP Buys Nike Inc, Credit Acceptance Corp, Ryanair Holdings PLC']",14
GOOGL,2020-05-15,"[""'Justice Department, State Attorneys General Likely to Bring Antitrust Lawsuits Against Google' -WSJ, Citing People Familiar With Matter"", '13F From Appaloosa Shows Cut Stake In Alphabet From 440K To 361K Shares', 'Soros 13F Shows Cut Alphabet Stake From 65,750 To 32,875', 'Hedge Fund Duquesne 13F Shows Increased Stakes In Facebook, Alibaba, Netflix, Amazon, Google, Alnylman', 'Tiger Global Raises Stake in Alibaba to 4.5M Shares, Lower Stake in Alphabet to 30.5K Share', 'Aristides Capital LLC Buys Visa Inc, Highland Income Fund, Amazon. ...', 'Sawgrass Asset Management Llc Buys Amazon. ...', 'Shanda Payment Holdings Ltd. Buys Alphabet Inc, Lockheed Martin Corp, BlackRock Inc, Sells ...', 'American Trust Investment Advisors, LLC Buys Hasbro Inc, Archer-Daniels Midland Co, Nielsen ...', 'Kensico Capital Management Corp Buys International Business Machines Corp, The Walt Disney Co, ...', 'Odey Holdings AG Buys Regeneron Pharmaceuticals Inc, Amazon. ...', 'Bill & Melinda Gates Foundation Trust Buys Schrodinger Inc, Apple Inc, Amazon.com Inc', ""Prem Watsa's Top 5 Buys in the –st Quarter"", 'ProShare Advisors LLC Buys Microsoft Corp, Apple Inc, Amazon.com Inc', 'Capital Counsel Llc Buys Microsoft Corp, Alphabet Inc, Akamai Technologies Inc, Sells Cigna ...', 'Selling Into Strength Paid Off For Google Stock', 'Parallax Volatility Advisers, LLC Buys Facebook Inc, Alphabet Inc, Colfax Corp, Sells ...', 'Big Tech On The Ropes?', 'Abrams Capital Management Buys Moats in March Selloff', 'Google Shares Tumble On Reports Of Imminent Antitrust Lawsuit', ""Seth Klarman's Top 5 New Buys in the –st Quarter"", 'Permit Capital, LLC Buys CVS Health Corp, Qurate Retail Inc, MGIC Investment Corp, Sells ...', 'Kamunting Street Capital Management, L.P. ...', 'Greenlea Lane Capital Management, Llc Buys Alphabet Inc, Salesforce. ...', 'Keenan Capital, LLC Buys SVMK Inc, Ping Identity Holding Corp, Alphabet Inc', ""Beaton Management Co. Inc. Buys O'Reilly Automotive Inc, General Mills Inc, Alphabet Inc, Sells ..."", 'Marathon Capital Management Buys World Wrestling Entertainment Inc, Uber Technologies Inc, ...', 'Like There Was Enough To Deal With Already, Now We Have To Deal With Trade?']",28
GOOGL,2020-05-16,"['Ubisoft Sues Apple, Google Over Alibaba\'s Rainbow Six ""Ripoff""', 'Q1 13F Roundup: How Buffett, Einhorn, Ackman And Others Adjusted Their Portfolios', 'S&P 500 Technical Analysis + FANG Stocks']",3
GOOGL,2020-05-17,"['Market Briefing For Monday, May 18', '7 Monster Stock Market Predictions For The Week Of May 18']",2
GOOGL,2020-05-18,"[""Here's How Much Investing $1,000 In The 2015 Fitbit IPO Would Be Worth Today"", 'Small Caps Leading The Way?', 'Wedgewood Partners Cuts Fastenal, Alphabet, Visa', 'Alphabet-Vodacom Tie-Up to Provide Internet in Mozambique', ""Amazon's (AMZN) New Fire HD 8 Family Expands Tablet Portfolio"", 'Solid Data-Center Demand to Aid NVIDIA (NVDA) Q1 Earnings', 'Otter Creek Advisors, LLC Buys Alphabet Inc, Ameresco Inc, Blackrock Municipal —…—… ...', 'Stocks Will Try To Climb On May 18, Making It Three In A Row']",8
GOOGL,2020-05-19,"['Spotify Scoops Up Joe Rogan And His Hugely Popular Podcast', 'Walmart Earnings Look Strong Across the Board, But Home Depot Down After Missing on EPS', 'Gruesome Stocks', 'The Economy Is Coming Back']",4
GOOGL,2020-05-20,"[""Apple's Face ID Will Allow Mask Wearing Users To Unlock Their Phones Quickly"", 'Google Lands Cloud Deal With Defense Department', 'Dell Technologies Cloud And Google Cloud Launch Hybrid Storage Solution', 'Global Music Revenue Set To Double By 2030 Despite Pandemic Impact: Goldman Sachs Report', 'Google Drops Future AI Oil Extraction Projects', 'FAANG Still Leading', '5 AI Stocks to Put on Your Watch List Amid Coronavirus Pandemic']",7
GOOGL,2020-05-21,"['Mastercard Employees Can Work From Home Until Pandemic Is Under Control', 'Leon Cooperman Sells Fiserv and United Airlines During –st Quarter', 'Bear Markets Bounce Before They Pounce Some More']",3
GOOGL,2020-05-22,"[""'Google will stop building custom AI for Big Oil and Gas' -Electrek Report"", ""'Naspers and Axel Springer in Bid for eBay Classifieds Unit' -Bloomberg"", 'Medtronic Guardian™ Connect Continuous Glucose Monitoring (CGM) System for Diabetes Now Compatible with Android Devices', 'Top –st-Quarter Buys of the Bill & Melinda Gates Foundation Trust', ""David Abrams Sells O'Reilly Automotive, Buys TransDigm and Energy Transfer"", 'Ethic Inc. Buys Healthpeak Properties Inc, Ecolab Inc, Procter & Gamble Co, Sells Discover ...']",6
GOOGL,2020-05-24,"['Hedge Funds Have Never Been More Concentrated Into The Same Handful Of Stocks', '""A Market Of Just 5 Stocks"": Earnings Season Confirmed ""Winner-Take-All"" Phenomenon Is Accelerating', 'Year-To-Date Performance Of 5 Largest Companies In U.S.', 'Dazed And Confused: The World According To Covid-19']",4
GOOGL,2020-05-26,"[""Google CEO Says Beginning July 6, Assuming External Conditions Allow, We'll Start To Open More Buildings In More Cities; Says In Sep. Timeframe, Assuming Conditions Allow, Will Further Scale Rotation Program, Building Over Time To 30% Building Capacity"", 'Senseonics Launches New Remote Monitoring App for Android Users in US']",2
GOOGL,2020-05-27,"['Amazon Is Serious About Self-Driving Technology, Eyeing Multi-Billion Dollar Acquisition', 'Google Faces Antitrust Case in India Over Payments App', 'YouTube Makes Its Dedicated Children App Available On Apple TV', 'Amazon Looks To Double-Down On Self-Driving Tech With Zoox Acquisition: WSJ', 'The Topsy-Turvy S&P 500 Earnings Picture', 'FANG Stocks Update: The Whole Lot is Losing Out to.... Small Caps?', 'FANG Stocks Update: The Whole Lot is Losing Out to... Small Caps?', ""Seth Klarman's 5 Largest Holdings as of the March Quarter"", ""Rainier Group Investment Advisory LLC Buys Colgate-Palmolive Co, 'M Co, CSX Corp, Sells ..."", 'Amazon Interest In Zoox Seen Opening Door For Potential Uber, Tesla Competition', 'Tech – Hitherto Leaders – Witness Interesting Reversal Tue; Traders Probably Do Not Find Encouraging How Top Five Traded', 'Stocks Soar Despite Pharma Giant CEO Questioning Vaccine Timelines']",12
GOOGL,2020-05-28,"['Trump Says Will Host Press Event In ~20 Mins, Would Indicate Around 3:40 p.m. EDT', ""'Executive order on social media should be issued by 5pm today, says @PressSec.' -Tweet From Voice Of America's Steve Herman"", ""'Google explores 5% stake in Vodafone Idea' -LightReading Report"", ""Trump's Executive Order To Expose Social Media To Lawsuits Over Content Policies"", ""'This will be a Big Day for Social Media and FAIRNESS!' -Trump Tweet"", ""Tech Companies Aren't 'State Actors,' Judge Dismisses Conservative Bias Lawsuit Against Facebook, Twitter, Google, Apple"", ""'Google Explores Vodafone Idea Stake as Part of India Push' -FT Article"", 'Arizona Alleges Consumer Fraud In Lawsuit Against Google', ""Tweedy Browne's —…—… Annual Letter to Shareholders"", 'Mario Cibelli Adds — Stocks to Portfolio, Gives Alphabet the Boot', 'Trump Is Mad At Social Media Networks, Should You Care?', 'Tredje AP-fonden Buys Microsoft Corp, Amazon.com Inc, Apple Inc, Sells iShares U.S. ...', 'Alphabet (GOOGL) Up 5.8% Since Last Earnings Report: Can It Continue?', 'The Zacks Analyst Blog Highlights: Alphabet, Visa, Bank of America, JPMorgan Chase and NVIDIA', 'NetApp (NTAP) Q4 Earnings Beat Estimates, Revenues Fall Y/Y', 'Growth Stocks for 2020: Trading Tech Stocks + FANG Stocks', 'Swiss National Bank Ready To Buy Much More Tech Stocks To Weaken The Franc']",17
GOOGL,2020-05-29,"[""'DOJ has interviewed multiple Google competitors as it weighs bringing an antitrust case against $GOOGL. The focus of the case is unclear but requests for information have touched on Google's search function and ad tech...' -Tweet From FOX's Gasparino"", ""Fitbit Shares Fall To Session Low As Hearing MLEX Reporting Google's Offer Is Under Probe By Texas Attorney General, Other States"", ""'Google Rescinds Offers to Thousands of Contract Workers' -NY Times"", ""'Google Rescinds Offers to Thousands of Contract Workers' -NY Times"", 'Trump Signs Executive Order To End Social Media Legal Immunity For Third-Party Content', ""Michael Burry's Firm Axes Alphabet, Buys 5 Stocks in the –st Quarter"", 'Technical Stock Chart Analysis: Alphabet (GOOGL)', '4 Stocks to Watch as Dow Breezes Past 25,000 Points']",8
GOOGL,2020-05-30,"['Splunk: Almost Unaffected', 'A Confused Goldman No Longer Expects S&P To Drop To 2,400 But Sees No Market Upside Either', ""Week In Review: How Trump's Policies Moved Stocks - Saturday, May 30"", 'Market Setup With Phenomenal Risk/Reward']",4
GOOGL,2020-05-31,"['The New Work-From-Home Economy', ""Buybacks Are Back: Here's Who Is Repurchasing The Most Stocks"", 'Covered Call Backtest']",3
GOOGL,2020-06-01,"[""The First Week of June Is All About the May's Jobs Report"", ""The 'Real' S&P 500 And Why The Current Rally Makes Sense"", 'UK Supply Chain Startup Beacon Raises $15M From Amazon CEO, Others', 'The 5 Most-Sold Guru Stocks of the –st Quarter']",4
GOOGL,2020-06-02,"['MoneyGram Shares Jump 50% As Western Union Reportedly Looks For Acquisition', 'Bill Nygren Adds 4 Stocks to Portfolio in –st Quarter', 'American Pie', 'Stocks Are Ready To Climb Once Again On June 2', 'MoneyGram Shares Jump 50% As Western Union Reportedly Looks For Acquisition']",5
GOOGL,2020-06-04,"['UPDATE: Chinese Government-Linked Hackers Recently Attempted To Break Into Presidential Candidate Joe Biden', ""Iranian Government-Linked Hackers Recently Attempted To break Into U.S. President Trump's Campaign Staff Email Accounts""]",2
GOOGL,2020-06-05,"[""CNBC Publishes Article Titled: States are Leaning Toward a Push to Break Up Google's Ad Tech Business"", 'Congress Is Stepping Up Its Efforts To Kill Payday Loans', ""Twitter Takes Down Trump Campaign's Video Tribute To George Floyd For Violating Copyright""]",3
GOOGL,2020-06-07,"[""'A New Business Cycle': Stock Market Update For The Week Ahead""]",1
GOOGL,2020-06-08,"['Google Maps To Offer Relevant Local COVID-19 Information For Public Transport, Driving And Testing Centers', 'Starting This Week, Testing Center Alerts Will Be Available On Google Maps In U.S.; New Google Maps Features Alert You Of Important COVID-19 Information And Help User Avoid Crowds On Public Transit']",2
GOOGL,2020-06-09,"['Twitter, Square Will Mark Juneteenth As Holiday To Honor African-American Culture']",1
GOOGL,2020-06-10,"['Facebook, Snap Analyst Projects Q2 Revenue Upside For Social Media Stocks']",1
NVDA,2011-03-03,['Nvidia Goes Negative (NVDA)'],1
NVDA,2011-03-07,"['Goldman Sachs Gives Color On Semiconductors (NVDA, NSM, TXN)', 'Auriga Still Not Sure Where Reality Lies For NVidia']",2
NVDA,2011-03-08,"['JPM Says ""Our Bearish View on the Company\'s Execution Proved Wrong"" (NVDA)', ""Benzinga's Top Upgrades (NVDA, ANF, MIPS, WFT)"", 'J.P. Morgan Upgrades NVIDIA Corporation To Neutral (NVDA)', 'JP Morgan Upgrades NVIDIA To Neutral, $21 PT']",4
NVDA,2011-03-09,"['FBR Capital Maintains Market Perform Rating, $22 PT On NVDA', 'Deutsche Bank Retains NVIDIA Hold, $20 PT (NVDA)', 'J.P. Morgan Neutral On NVIDIA Corporation (NVDA)']",3
NVDA,2011-03-10,"[""Benzinga's Top ETF Decliners, March 10th (ERX, EDC, URTY, SOXL)"", ""Benzinga's Top ETF Gainers, March 10th (ERY, EDZ, TZA, SOXS)""]",2
NVDA,2011-03-15,"['NVIDIA Announces Resignation of CFO David White', 'Wells Fargo Initiates NVIDIA at Market Perform (NVDA)', 'Mad Money Lightning Round: Cramer Likes Salesforce.com (NVDA, CLNE, RF, HBAN, C, NXPI, XLNX, QCOM, SWKS, NKE, CRM)']",3
NVDA,2011-03-16,"['Oppenheimer Comments On Intel & NVIDIA Following CFO Resignation', ""US Stock Futures Down, Economic Data In Focus; Japan's Nikkei Ends 5.7% Higher"", 'Stocks To Watch For March 16 (PSUN, GES, RMBS, VRA, NVDA)']",3
NVDA,2011-03-22,"[""Benzinga's Top ETF Decliners, March 22nd (EGPT, DTO, SOXL, DRN)""]",1
NVDA,2011-03-24,"[""Benzinga's Top ETF Decliners, March 24th (SOXS, TVIX, SQQQ, SPXU)"", ""Benzinga's Top ETF Gainers, March 24th (SOXL, TQQQ, DAG, EGPT)"", 'NASDAQ Movers (NVDA, JDSU, MU)']",3
NVDA,2011-03-28,"['Bottom May Be In For Nvidia (NVDA)', ""Benzinga's Top Upgrades (NOK, ILMN, NVDA, T)"", ""Benzinga's Top Pre-Market NASDAQ Gainers (JASO, NVDA, FFIV, CSIQ)"", 'JMP Securities Upgrades NVDA To Outperform']",4
NVDA,2011-03-29,['Goldman Sachs Maintains Neutral on NVIDIA Corp. (NVDA)'],1
NVDA,2011-03-30,"['Chips Getting Hit Hard (NVDA, MRVL, INTC)']",1
NVDA,2011-04-04,"['Fast Money Pops & Drops, April 4th (NVDA, MOS, MCP, S, F)', 'Nvidia Continues To Hit New Lows (NVDA)']",2
NVDA,2011-04-06,"['Morgan Stanley Discontinues Coverage Of ONNN, NVDA, MCHP, MXIM, INTC']",1
NVDA,2011-04-07,['Nvidia Consolidating Intra-Day; Up 3.61% (NVDA)'],1
NVDA,2011-04-08,"['Nvidia Falls 3% On Tegra 2 Chatter (NVDA, AAPL)']",1
NVDA,2011-04-12,"['TiVo Rallies Back To Positive (TIVO)', 'Technology Executives Sue Goldman Sachs Over Margin Fraud (GS, MRVL)']",2
NVDA,2011-04-14,['Friday Stocks To Watch'],1
NVDA,2011-04-16,"['CEOWORLD Daily Business Roundup- JNJ, CHK, AMD, T, AXP, AAPL, INTC, JPM, GOOG, LLY, CSCO…']",1
NVDA,2011-04-18,"[""Benzinga's Top ETF Decliners, April 18th (EDC, SOXL, EGPT, ERX)"", ""Benzinga's Top ETF Gainers, April 18th (EDZ, DPK, SOXS, TVIX)""]",2
NVDA,2011-04-26,"['Strong Price Action In NVDIA (NVDA, INTC)']",1
NVDA,2011-04-27,"['CEOWORLD Most Actives Technology Stocks by volume Watch on 4/27/11- AAPL, INTC, MSFT, CSCO, BIDU', 'CEOWORLD Magazine DAILY BUSINESS AND TECH ROUNDUP- JNJ, SNE, AMAT, AMZN, STX, NWS, MSFT, NDAQ, NYX, NVDA, BP, YHOO']",2
NVDA,2011-04-28,"['Daily Long and Short Setup', 'Nvidia Adds 2.50% (NVDA)', 'CEOWORLD top 6 buy Materials stocks list for 28 April- SWC, SSRI, SLW, AAU, ROC, FCX']",3
NVDA,2011-04-29,['Goldman Sachs Neutral On Nvidia Corp. (NVDA)'],1
NVDA,2011-05-09,"['Nvidia Buy Expands Product Portfolio (NVDA)', 'Market Update- SRE, ISAT, THC, SYY, ONTY, TRMB, NVDA- Analysts Upgraded', 'Sterne Agee Gives Earnings Preview On NVIDIA Corporation']",3
NVDA,2011-05-10,"['Goldman Sachs Maintains Neutral on Nvidia (NVDA)', 'FBR Capital Markets Previews NVDA 1Q11 Earnings, 2Q11 Guidance']",2
NVDA,2011-05-11,"['Stocks To Watch For May 12 (JWN, CSCO, KSS, SYMC, NVDA)', 'Earnings Preview for Nvidia (NVDA)']",2
NVDA,2011-05-12,"['Stocks To Watch For May 13 (A, JWN, NVDA, YUM, FENG)', 'Nvidia Running After Hours; Beats On Top And Bottom Lines (NVDA)', 'NVIDIA Expects Q2 Revenue to Grow 4% to 6%', 'NVIDIA Corp Reports EPS of $0.27 vs. $0.19 Estimate; Revenues $962.0M vs. $946.89M Estimate (NVDA)', 'Auriga Maintains Hold Rating On Nvidia', 'US Stock Futures Signal Lower Start On Wall Street; Weekly Jobless Claims Data In Focus; Cisco Shares Down In Pre-Market Trading', 'Earnings Scheduled For May 12 (DRYS, JWN, AHII, KSS, DAR, NVDA, CACH, XIN, ACAT, BBOX, ESLR, CXPO, IRWD, CTFO, TREE, CYCC, CXDC)']",7
NVDA,2011-05-13,"['Friday the 13th Somewhat Scary in the Markets 05-13-2011', 'Focus is on Dollar & Greece 05-13-2011', 'Top Percentage Gainers and Losers as of 2pm 05/13/11 (ABIO, GFRE, DDS, APL, DF, VRML, DAR, SWSH, ONTY, GS, RMBS, LPHI, GGS, CA, NVDA, IMRS, MNTX, MPG, GTY)', 'Top Percentage Gainers and Losers as of 12pm 5/13/11 (ABIO, DDS, GFRE, APL, VRML, DF, SWSH, CLSN, AERL, CA, NVDA, QTWW, IMRS, FFHL, MPG, GENE)', ""4 Big Takeaways From NVIDIA's Q1 Results"", 'Top day traders Stocks and nalyst Upgrades & Downgrades on 5/13/11- NVDA, PNSN, VRML, A, YHOO, DF', 'Market update- AmerisourceBergen, ABC, TOT, Exxon, XOM, Nvidia, NVDA', 'Deutsche Bank Reports GPU Driven Upside For NVDA', 'Sterne Agee Maintains Neutral Rating On NVIDIA', ""Benzinga's Top Downgrades (AHII, NVDA)"", ""Benzinga's Top Pre-Market NASDAQ Losers (NVDA, YHOO, SHOR, BMTI)"", 'CEOWORLD Top Semiconductors Stocks on 5/13/11- SPRD, DSTI, MSPD, TXCC, CREE, FSLR, SPA, MTSN, NVLS, NVDA, KBALB, ASYS…', 'Bank of America Reduces PT on NVIDIA to $26, Maintains Buy (NVDA)', 'Citi Reports NVIDIA 1Q11 Results', 'US Stock Futures Up After Strong Euro-Zone Growth; Gold, Silver Futures Rise', 'Citigroup Lowers PT On NVIDIA To $22', 'Bank of America Lowers PT On NVIDIA To $26', 'CEOWORLD Most Popular Stocks on 5/13/11- CA, NVDA, VRML, JWN, ENB, PNSN, SFIO, PAY, HYC, TREE']",18
NVDA,2011-05-16,"['Nvidia Falling Again (NVDA)', 'Should i buy Suburban Propane, Nucor, Olin Corporation- SPH, NUE, OLN today?']",2
NVDA,2011-05-17,"['Semiconductors Throttled!', 'Positive Rumors About Nvidia Corp Circulate (NVDA)', 'Positive Rumors About Nvidia Corp Circulate (NVDA)']",3
NVDA,2011-05-18,"['Key Takeaways From Dell, HP Recent Earnings Reports']",1
NVDA,2011-05-23,['Amazon Rising On Tablet Rumors'],1
NVDA,2011-05-24,"['Nvidia Amends Bylaws, Divides Board Into 3 Classes -Bloomberg']",1
NVDA,2011-05-26,['YouTube + NVIDIA = 3D Love'],1
NVDA,2011-05-31,"['Auriga Reports on Nvidia', 'Auriga Upgrades NVIDIA To Buy, Raises PT To $24']",2
NVDA,2011-06-01,"[""What Nokia's Implosion Means for Microsoft's Smartphone Assault""]",1
NVDA,2011-06-02,['Qualcomm CEO Blames Nvidia for Delaying Debut of Android Tablets -Bloomberg'],1
NVDA,2011-06-09,"['Blueshift Ideas Positive On ARM Holdings, Tablets As A Whole', '3 Stocks With Recent Dividend Boosts', ""S&P 500's Technology Sector Update 6/9/2011""]",3
NVDA,2011-06-15,"[""NVIDIA Corporation Spiking Lower, Hearing Google Nexus won't feature Nividia""]",1
NVDA,2011-06-23,"[""Benzinga's Top ETF Decliners, June 23rd (DRN, AGQ, UCO, SOXS)"", ""Benzinga's Top ETF Gainers, June 23rd (ZSL, DRV, SCO, SOXL)""]",2
NVDA,2011-06-27,"['NVIDIA Hints at Major Product Announcement Tuesday', 'J.P. Morgan Discusses Semiconductors']",2
NVDA,2011-06-30,"['Evercore Initiates NVIDIA At Underweight, $12 PT']",1
NVDA,2011-07-05,['Sterne Agee Neutral On Nvidia'],1
NVDA,2011-07-18,"[""Benzinga's Top ETF Decliners, July 18th (ZSL, TNA, SOXL, FAS)"", ""Benzinga's Top ETF Gainers, July 18th (AGQ, TZA, TVIX, SOXS)""]",2
NVDA,2011-07-19,"['Jefferies Initiates Coverage of NVIDIA with Hold and PT of $16', 'Jefferies Initiates NVIDIA At Hold, $16 PT']",2
NVDA,2011-07-21,"['Negative Analyst Comments About NVIDIA Circulate', 'Top 4 NASDAQ Stocks In The Semiconductor-Specialized Industry With The Highest Cash']",2
NVDA,2011-07-26,"[""Benzinga's Top Pre-Market Losers""]",1
NVDA,2011-07-28,"['Take That, iPad 3: Amazon Prepping 4 Million Tablets For 2011']",1
NVDA,2011-08-01,"['Fast Money Picks For August 2nd (TTM, LLL, TKR, NVDA)']",1
NVDA,2011-08-02,"['Aw Snap, Is Market Gonna Crackle or Pop?', ""Tuesday's Mid-Day Options Volume Leaders""]",2
NVDA,2011-08-03,"[""Benzinga's Top ETF Decliners, August 3rd (ZSL, PALL, SOXS, UGA)"", ""Benzinga's Top ETF Gainers, August 3rd (AGQ, BZQ, SOXL, AGA)""]",2
NVDA,2011-08-07,['Earnings Expectations for the Week of August 8'],1
NVDA,2011-08-08,"[""Earnings Preview: NVIDIA's EPS, Revenue Expected to Rise"", 'Fusion-io Teams Up With NVIDIA, Tweak Software and Thinkbox Software to Accelerate Entertainment Production']",2
NVDA,2011-08-10,"['NVIDIA Taps Industry Veteran Steve Scott to Help Shape the Future of High Performance Computing', 'NVIDIA and Samsung Expand GALAXY Smartphones With New GALAXY R Smartphone']",2
NVDA,2011-08-11,"['NVIDIA Tops Estimates', 'NVIDIA Screams Higher on Q2 Earnings Beat', 'NVIDIA Guides Q3 Revenue $1.06-1.08B vs $1.05B Est; Guides Q3 Tax Rate 15-17%', 'NVIDIA Corp. Reports Q2 EPS $0.32 vs $0.25 Est; Revenues 1.02B$ vs $1.01B Est', ""Intel's Ultra-Secret Defense Against ARM Holdings"", ""Benzinga's Top Pre-Market Gainers"", 'Tablet Thursday: Top 5 Contenders You Should Know About', 'US Stock Futures Up; Cisco Shares Jump In Pre-Market', 'Earnings Scheduled For August 11']",9
NVDA,2011-08-12,"['NVIDIA Continues Slide', 'FBR Capital Markets Maintains NVIDIA Market Perform, $19 PT', ""Friday's Mid-Day Options Volume Leaders"", 'NVIDIA Beats, Then Gets Beaten', 'NVIDIA Moving to New Session Lows on Above Average Volume', 'Oppenheimer Reiterates Outperform on NVIDIA', 'UPDATE: Citi Reiterates Hold on NVIDIA, Reduces PT to $18', 'Stifel Nicolaus Lowers PT On ENS, NVDA', ""Benzinga's Top Pre-Market Gainers"", 'News Summary for August 12, 2011', 'Deutsche Bank Updates 8/12', 'UPDATE: J.P. Morgan Lowers Price Target On Nvidia To $18', 'Nvidia is Trading Up over 13% in Pre-Market Trading, After Reporting Earnings Thursday After the Close', 'Bank Of America Maintains Buy Rating On Nvidia', 'Citigroup Lowers PT On NVIDIA To $18', 'US Stock Futures Slightly Up; Economic Data In Focus', 'JP Morgan Lowers PT On NVIDIA To $18', 'Stocks To Watch For August 12']",18
NVDA,2011-08-15,"['Technical Set-Up - Death Cross 08-12-2011', 'Home, Home on the Range 08-12-2011', 'Can Support Hold? 08-11-2011', ""Movin' On Up 08-11-2011""]",4
NVDA,2011-08-23,"[""Benzinga's Top ETF Decliners, August 23rd (SOXS, ERY, FSG, SQQQ)"", ""Benzinga's Top ETF Gainers, August 23rd (SOXL, TNA, ERX, TQQQ)"", 'Morning Gainers; Vonage up on Heavy Volume', 'The Long ARM Of The Law Of Portfolio Gains', ""Nvidia Raised to 'Outperform' by Wells Fargo""]",5
NVDA,2011-08-26,"[""Benzinga's Top ETF Gainers, August 26th (RUSL, SOXL, TQQQ, TYH)""]",1
NVDA,2011-08-31,"[""Here's Why The iPad's Dominance Is About To End""]",1
NVDA,2011-09-04,"['Earnings Expectations for the Week of September 5', 'Earnings Expectations for the Week of September 5']",2
NVDA,2011-09-06,"['Nvidia Expects FY2013 Revenue to be $4.7-5B', 'Nvidia CEO Says Quad Core Tablets Coming This Year - Bloomberg']",2
NVDA,2011-09-07,"['J.P. Morgan Maintains Neutral on NVIDIA', ""Benzinga's Top Pre-Market Gainers""]",2
NVDA,2011-09-08,"['Taiwan Semiconductor Raising Prices on Products on Vanilla Wafers - SemiAccurate', 'J.P. Morgan Releases SMid Semiconductors Report']",2
NVDA,2011-09-13,['These 5 Stocks Will Benefit From Windows 8'],1
NVDA,2011-09-14,"[""Benzinga's Top ETF Decliners, September 14th (SOXS, TVIX, TZA, FSG)"", ""Benzinga's Top ETF Gainers, September 14th (SOXL, TNA, UPV, TQQQ)""]",2
NVDA,2011-09-19,"[""Benzinga's Top Pre-Market Losers""]",1
NVDA,2011-09-20,"[""Benzinga's Top Pre-Market Losers""]",1
NVDA,2011-09-26,['Did Apple Just Take a Bite Out of Itself?'],1
NVDA,2011-09-28,['Hearing NVIDIA Mentioned Positively by Wedge Partners'],1
NVDA,2011-09-29,['Oppenheimer Reiterates Underperform on Advanced Micro Devices'],1
NVDA,2011-10-03,"[""Benzinga's Top ETF Decliners, October 3rd (TNA, DRN, FAS, SOXL)""]",1
NVDA,2011-10-05,['Can Apple and Amazon Save Christmas?'],1
NVDA,2011-10-11,"['Oppenheimer Publishes 3Q Earnings Preview for Semiconductors', 'Cray Lands $97 Million Contract to Upgrade Supercomputer at Oak Ridge National Laboratory']",2
NVDA,2011-10-13,"[""Benzinga's Top ETF Decliners, October 13th (SOXS, FAS, AGQ, NUGT)"", ""Benzinga's Top ETF Gainers, October 13th (SOXL, FAZ, ZSL, SGG)""]",2
NVDA,2011-10-20,"[""Benzinga's Top ETF Decliners, October 20th (EDC, SOXL, FAZ, DBB)"", ""Benzinga's Top ETF Gainers, October 20th (BOM, EDZ, SOXS, FAS)""]",2
NVDA,2011-10-21,['Microsoft: Searching for Signs of Life'],1
NVDA,2011-10-27,['AMD on Deck: Spotlight on New CEO'],1
NVDA,2011-10-31,['Goldman Sachs Maintains Neutral Rating and $14 PT on Nvidia'],1
NVDA,2011-11-01,"['Canaccord Downgrades NVIDIA to Hold, $15 PT']",1
NVDA,2011-11-03,"[""Benzinga's Top ETF Gainers, November 3rd (SOXL, TNA, ERX, NUGT)""]",1
NVDA,2011-11-08,"['NVIDIA Earnings Preview: Analysts Expect Higher EPS, Revenue']",1
NVDA,2011-11-10,"[""NVIDIA's Profit Rises in Tandem With Healthy Revenue"", 'NVIDIA Corporation Pops on Q3 Results', 'UPDATE: NVidia Sees Q4 Revenues $1.04B-$1.09B vs $1.07B Est', 'NVidia Guides Q4 Gross Margin Unchanged at 52.5%; Depreciation & Amortization $53M-$57M', 'NVIDIA Corporation Reports Q3 EPS $0.35 vs $0.26 Est; Revenues $1.07B vs $1.06B Est', 'US Stock Futures Up; Jobless Claims Data In Focus', 'Earnings Scheduled For November 10']",7
NVDA,2011-11-11,"['Italians on Diet 11-11-2011', 'Why ""Wintel"" is Going To Be ""WinArm""', 'Sterne Agee Retains Neutral on NVIDIA, Tweaks Estimates', 'UPDATE: FBR Raises EPS Estimates and PT on NVIDIA to $20', 'Oppenheimer Maintains Outperform, $25 PT on NVIDIA', 'JP Morgan Maintains Neutral, PT of $17 on NVIDIA', 'Wedbush Maintains Outperform Rating and $18 PT on NVIDIA', 'Financial Breakfast: Morning News Summary for November 11, 2011', 'Jefferies Raises EPS Estimates on NVIDIA', 'UPDATE: Citi Raises Price Target on NVIDIA to $17', 'US Stock Futures Up; All Eyes On Disney', 'Citigroup Raises PT on NVIDIA to $17', 'Stocks To Watch For November 11']",13
NVDA,2011-11-14,"['Choppy Action 11-14-2011', 'Premarket: Cray Lands $188 Million Contract']",2
NVDA,2011-11-17,['Nvidia Guides FY2013 GAAP Revenue $4.7-5.0B'],1
NVDA,2011-11-21,"['NVIDIA Forms Bullish Reversal', 'Nvidia Spiking Higher on Heavy Volume', 'Apple Swapping GSU Supplier to Nvidia -Semiaccurate']",3
NVDA,2011-11-22,"['Semiconductors Are Down But Not Out', 'NVIDIA Short Term Bullish Reversal', 'Needham Upgrades Nvidia to Buy, $18 PT']",3
NVDA,2011-11-28,"['FBR Capital Markets Maintains Market Perform, Target of $20 on NVIDIA']",1
NVDA,2011-12-01,"[""Semiaccurate Questioning Nvidia's Ability to Supply Apple"", ""Benzinga's Top Pre-Market Losers"", 'IBM, Mastercard, Nike and Four Other Stocks Worth a Look Now']",3
NVDA,2011-12-12,"[""Is There a Good Excuse to Explain Intel's 4Q Revenue Miss?"", ""Advanced Micro Devices, Western Digital, Nvdia Seeing Weakness Due to Intel's Revenue Miss""]",2
NVDA,2011-12-14,"['Broadcom Says ""That\'s How it\'s Done"" to Tech Companies']",1
NVDA,2011-12-19,['Oppenheimer Maintains Outperform on Nvidia'],1
NVDA,2011-12-22,"[""Benzinga's Top ETF Decliners, December 22nd (SOXS, FAZ, DRV, EDZ)""]",1
NVDA,2011-12-23,['Semiconductor Stock Outlook for 2012'],1
NVDA,2012-01-05,"[""Benzinga's Top ETF Decliners, January 5th (GAZ, TVIX, SGG, SOXS)"", ""Benzinga's Top ETF Gainers, January 5th (AGA, SOXL, FAS, XBI)""]",2
NVDA,2012-01-11,"['Evercore Partners Maintains Underweight, $11 Price Target on NVIDIA', 'Nvidia: The Mobile Company']",2
NVDA,2012-01-17,['Keep The Semiconductors On The Radar'],1
NVDA,2012-01-24,"[""Benzinga's Top ETF Gainers, January 24th (EGPT, DRN, DBB, ZSL)"", 'Should AMD Blame Itself for its Losses?']",2
NVDA,2012-01-25,"['Apple Earnings: Outstanding Achievement in the Field of Excellence', 'FBR Capital Maintains Market Perform on NVIDIA After Guidance Cut', 'UPDATE: Jefferies Lowers Target to $16 on NVIDIA', 'UPDATE: Deutsche Bank Lowers PT to $14 on NVIDIA, Maintains Hold', 'From Earlier: NVIDIA Lowers Q4 Revenue Expectations to $950M vs 1.066B Prior']",5
NVDA,2012-02-06,['Top 4 Mid-Cap Stocks In The Semiconductor-Specialized Industry With The Highest Cash'],1
NVDA,2012-02-08,"[""Benzinga's Top ETF Decliners, February 8th"", ""Benzinga's Top ETF Gainers, February 8th"", 'Rambus Up 12% After Signing Patent Agreement', 'Rambus Rises 14% Pre-Market on Patent License Agreement with NVIDIA', 'Rambus and NVIDIA Sign Patent License Agreement']",5
NVDA,2012-02-12,['Earnings Expectations for the Week of February 13'],1
NVDA,2012-02-13,"['UPDATE: FBR Upgrades Nvidia to Outperform', 'NVIDIA up 2% Pre-Market Following Analyst Upgrade', 'FBR Capital Markets Upgrades Nvidia from Market Perform to Outperform, Raises PT from $17 to $20', 'FBR Capital Markets Upgrades Nvidia from Outperform to Market Perform, Raises PT from $17 to $20', ""Benzinga's Top Upgrades""]",5
NVDA,2012-02-15,"['Nvidia CEO Sees 50% Growth in Tegra Revenue This Year', 'Nvidia Says PC Market Will Face Headwinds; Full-Year Forecast No Longer Valid', 'Nvidia Guides Q1 Revenue $900-930M vs $940.40M Est', 'Nvidia Reports Q4 EPS $0.26 vs $0.19 Est; Revenues $953.20M vs $950.51M Est']",4
NVDA,2012-02-16,"['UPDATE: Bank of America Downgrades NVIDIA to Neutral', 'UPDATE: Bank of America Downgrades NVIDIA to Neutral', 'Evercore Partners Maintains Nvidia at Underweight, Raises PT from $11 to $12', 'Bank of America Downgrades Nvidia from Buy to Neutral, Maintains PO at $16.5']",4
NVDA,2012-02-22,"['Evercore Partners Reiterates Underweight, $12 PT on NVIDIA']",1
NVDA,2012-03-07,"['SemiAccurate: TSMC Suddenly Halts 28nm Production; Potentially Negative for NVDA, QCOM, ALTR, XLNX']",1
NVDA,2012-03-13,['Apple Drops Nvidia Kepler From Large Numbers Of Laptops -Semi Accurate'],1
NVDA,2012-04-02,"[""Benzinga's M&A Chatter for Monday April 2, 2012"", 'Nvidia Spokesperson Declines Comment on Earlier Chatter of Intel Offer', 'Positive Rumors Circulate About Nvidia']",3
NVDA,2012-04-05,"['UPDATE: Cantor Fitzgerald Initiates NVIDIA with Buy, $20 PT', 'Cantor Fitzgerald Initiates Coverage on Nvidia at Buy, Announces PT of $20']",2
NVDA,2012-04-13,"[""Four Stocks for Apple's Secret Project""]",1
NVDA,2012-04-16,['Hearing Pacific Crest Negative on Nvidia'],1
NVDA,2012-04-24,['Nvidia to Make Special Announcement Saturday April 28 at 10:30pm EDT'],1
NVDA,2012-05-06,"['Earnings Expectations for the Week of May 7 (DIS, M, CSCO)']",1
NVDA,2012-05-09,"['Stock Watch List for Thursday May 10, 2012', 'Stock Watch List for Thursday May 10, 2012', 'Stock Watch List for Thursday May 10, 2012']",3
NVDA,2012-05-11,"['Nvidia Jumps 7% After Q1 Results', 'NVIDIA Up 8.5% on Strong Q1 Earnings', 'Social Media Outlook for Friday May 11 (NVDA, INSP, JPM, CSCO)', 'UPDATE: Nvidia Posts Better-Than-Expected Q1 Revenue, Issues Upbeat Q2 Revenue Forecast', 'UPDATE: Nvidia Guides Q2 Rev $990M-$1.05B vs $976.2M Est', 'Nvidia Rises 7% Pre-Market on Earnings Beat', 'Nvidia Reports Q1 EPS $0.16 vs $0.10 Est; Revenues $924.9M vs $916.17M Est', 'Nvidia Reports Q1 EPS $0.16 vs $0.10 Est; Revenues $924.9M vs $916.17M Est', 'US Stock Futures Down; JPMorgan Shares Drop In Pre-Market Trading', 'Stocks To Watch For May 11', 'Earnings Scheduled For May 11']",11
NVDA,2012-05-14,"['New MacBook Pros Will Have Nvidia Graphics -The Verge', 'Salman Partners Maintains Nvidia at Buy, Lowers PT from $18.75 to $16.75', 'NVIDIA and Intellectual Ventures Partner to Acquire Portfolio', 'UPDATE: Jefferies Cuts PT to $15 on NVIDIA Corporation; 28nm Capacity Constrainta', 'Jefferies & Company Maintains Nvidia at Hold, Lowers PT from $16 to $15', 'Stocks To Watch For May 14']",6
NVDA,2012-05-15,"[""UPDATE: NVIDIA Introduces World's First Virtualized GPU, Accelerating Graphics for Cloud Computing"", 'Nvidia Announces Graphics Chip for Cloud Computing']",2
NVDA,2012-05-21,['MacBook Retina Displays to Raise Consumer Price by $300?'],1
NVDA,2012-05-25,"[""Today's Movers and Shakers""]",1
NVDA,2012-05-27,"[""Barron's Recap (5/26/12): The Top 50 Annuities, and Tech Firms Hoard Cash""]",1
NVDA,2012-05-29,"[""Benzinga's M&A Chatter for Tuesday May 29, 2012"", 'Nvidia Spokesperson Would Not Comment on Note from Nomura Saying the Company is a Possible Takeover Target of Intel']",2
NVDA,2012-05-31,"[""Benzinga's Initiation Summary for May 31, 2012"", 'UPDATE: Morgan Stanley Initiates Coverage on NVIDIA', 'Morgan Stanley Initiates Coverage on Nvidia at Equal-weight']",3
NVDA,2012-06-04,['Can Sony and LL Cool J Compete with Apple?'],1
NVDA,2012-06-07,"['UPDATE: FBR Capital Markets Cuts PT to $18 on NVIDIA Corporation on Weakening PC Checks', 'FBR Capital Markets Lowers PT on NVIDIA from $20 to $18, Maintains Outperform']",2
NVDA,2012-06-11,"['Canaccord Says Nvidia Chip in New MacBook Lineup is Nice Win for Company, Demand Continues to Outstrip Supply for Nvidia Chips', ""Apple's Next-Gen MacBook Pro Might Change the World of Portable Computing"", ""Apple's Next Macbook Pro Will Feature an Nvidia Graphics Card"", 'Nvidia Spiking on Chip Inclusion in MacBook Pro', 'Apple: MacBook Pros Using A New Generation Nvidia GeForce GT 650m Graphics', 'New Nvidia Chip to Appear in New Apple Macbook Pro', 'UBS Upgrades Nvidia from Neutral to Buy, Maintains PT at $15.5', 'Nvidia Spiking on Chatter of Apple Product Inclusion, Nvidia Spokesperson Says Only Apple Would be Able to Make that Announcement', 'Nvidia Spiking on Chatter of Apple Product Inclusion', 'New Mac Pros and MacBooks About to be Unveiled', ""Benzinga's Top Upgrades""]",11
NVDA,2012-06-13,"[""An Investor's Perspective on Apple's Announcements (Plus, What the Company Didn't Say)""]",1
NVDA,2012-06-15,['Chip Vendors Gearing Up For Next-generation iPhone -DigiTimes'],1
NVDA,2012-06-19,"[""Forget Apple: Microsoft's Surface Tablet Aimed at Dell, HP"", 'NVIDIA up 7% After Microsoft Tablet Announcment', 'Top 4 Mid-Cap Stocks In The Semiconductor-Specialized Industry With The Highest EPS']",3
NVDA,2012-06-20,"[""Is NVIDIA's Tablet-Fueled Rally Sustainable?"", ""Was Dell, HP Surprised or Angered by Microsoft's New Tablet?""]",2
NVDA,2012-06-21,['NVIDIA Powers Digital Dashboard in New Tesla Motors Electric Sedan'],1
NVDA,2012-06-25,"[""Benzinga's Upgrade Summary for June 25, 2012"", 'UPDATE: Canaccord Genuity Upgrades NVIDIA Corporation to Buy on 2012 Tablet Ramp-Up', 'Canaccord Upgrades Nvidia from Hold to Buy, Raises PT from $13 to $16']",3
NVDA,2012-06-27,"['Did Google Humiliate Apple, Amazon and Microsoft with New Product Announcements?', ""UPDATE: Google's Tegra 3 Chipset is Manufactured by Nvidia"", ""Is Google's Tablet a $200 iPad-Killer?""]",3
NVDA,2012-06-28,['Lazard Capital Initiates Coverage On Nvidia at Neutral'],1
NVDA,2012-07-03,"['Google Nexus 7 iFixit Teardown Shows NVIDIA, NXP Semi, Broadcom, InvenSense Chips']",1
NVDA,2012-07-10,"['Raymond James Maintains Nvidia at Strong Buy, Lowers PT from $22 to $20', ""Will AMD's Decline Create an Opportunity for NVIDIA?""]",2
NVDA,2012-07-16,"['Societe Generale Upgrades Qualcomm to Hold; What Chip Companies Could Benefit?', 'UPDATE: FBR Capital Markets Reiterates Outperform Rating, Lowers PT on Nvidia Corporation']",2
NVDA,2012-07-18,"[""Today's Top Winners in Mid-Cap Tech""]",1
NVDA,2012-07-19,"['Sony Launches iPod Touch Clone, Calls it a ""Walkman""']",1
NVDA,2012-07-31,['Sony Developing a Microsoft Surface-Inspired Tablet'],1
NVDA,2012-08-07,"['FBR Capital Markets Maintains Nvidia at Outperform, Raises PT from $15 to $17']",1
NVDA,2012-08-08,"['AMD Gains on Rumored Acquisition by Samsung', ""AMD's Workstation Graphics Line Could Challenge Nvidia""]",2
NVDA,2012-08-09,"['Nvidia Reports Q2 EPS $0.27 May Not Compare to $0.14 Est; Revenues $1.04B vs $1.01B Est', 'US Stock Futures Slightly Higher Ahead Of Economic Data', 'Earnings Scheduled For August 9, 2012']",3
NVDA,2012-08-10,"['Barclays Maintains Nvidia at Equal-weight, Raises PT from $15 to $16', 'UPDATE: Wedbush Reiterates Outperform Rating, Raises PT on Nvidia Corporation', 'UBS Maintains Nvidia at Buy, Raises PT from $15.50 to $17.50', 'Stifel Nicolaus Maintains Nvidia at Buy, Raises PT from $19 to $21', 'FBR Capital Markets Maintains Nvidia at Outperform, Raises PT from $17 to $20', 'Wedbush Securities Maintains Nvidia at Outperform, Raises PT from $18 to $20', 'US Stock Futures Down After China Trade Data', 'Jefferies & Company Maintains Nvidia at Hold, Raises PT from $14 to $16', 'Citigroup Maintains Nvidia at Hold, Raises PT from $14 to $15', 'UPDATE: Nvidia Posts Better-Than-Expected Q2 Profit, Issues Upbeat Revenue Forecast', 'Stocks To Watch For August 10, 2012']",11
NVDA,2012-08-13,"['Short Sellers Shy Away from Qualcomm and Texas Instruments', ""Barron's Recap (8/11/12): China's Top Brands""]",2
NVDA,2012-08-15,['Will Microsoft Really Sell Surface for $199?'],1
NVDA,2012-08-21,['How to Trade a $200 Microsoft Surface Tablet'],1
NVDA,2012-08-27,"[""Benzinga's Top Pre-Market Losers""]",1
NVDA,2012-09-04,['Setups for the first week of September'],1
NVDA,2012-09-06,"[""Amazon Ends Apple's Monopoly"", 'Amazon Unveils $299 Kindle Fire HD, $499 with 4G LTE']",2
NVDA,2012-09-07,['Intel Falls on Revised Guidance'],1
NVDA,2012-09-13,"['Short Interest in Chip Makers on the Rise', 'NVIDIA Guides Q3 Revenue $1.15-1.25B vs $1.23B Est', 'UPDATE: NVIDIA Says Kepler, Tegra Driving Growth in 2H', 'UPDATE: NVIDIA Says Supply Situation Improving', 'NVIDIA Now Presenting at ThinkEquity', 'Citigroup Maintains Nvidia at Neutral, Lowers PT from $16.50 to $15.25']",6
NVDA,2012-09-25,"[""Benzinga's Top Initiations""]",1
NVDA,2012-09-26,"['Short Interest in Chip Makers on the Rise (AMD, BRCM, NVDA)']",1
NVDA,2012-09-28,['Brean Murray Initiates Coverage Nvidia at Hold'],1
NVDA,2012-10-01,['Former SAC Capital Analyst Horvath Pleads Guilty to Insider Trading'],1
NVDA,2012-10-05,"[""Benzinga's Top Pre-Market Gainers""]",1
NVDA,2012-10-10,"['Deutsche Bank Maintains Nvidia at Hold, Lowers PT from $15 to $14']",1
NVDA,2012-10-16,"[""Can Microsoft's $499 Surface Defeat Apple's iPad?""]",1
NVDA,2012-10-19,"['UPDATE: FBR Capital Markets Downgrades NVIDIA to Market Perform on PC Weakness', 'FBR Capital Markets Downgrades Nvidia from Outperform to Market Perform, Lowers PT from $17.50 to $14']",2
NVDA,2012-10-23,"['UPDATE: Apple New iMac Has Nvidia Graphics, Intel Quad-Core Ivy Bridge']",1
NVDA,2012-11-02,['The Week Ahead: More Earnings and the U.S. Election'],1
NVDA,2012-11-05,"['UPDATE: BMO Capital Markets Reiterates Market Perform Rating, Lowers PT on NVIDIA Corporation', 'BMO Capital Markets Maintains Nvidia at Market Perform, Lowers PT from $16 to $13']",2
NVDA,2012-11-06,"['UBS Maintains Nvidia at Buy, Lowers PT from $17.50 to $16.50']",1
NVDA,2012-11-07,"['UPDATE: Wedbush Securities Reduces PT to $17 on Macro Uncertainties', 'Wedbush Securities Maintains Nvidia at Outperform, Lowers PT from $20 to $17']",2
NVDA,2012-11-08,"['NVIDIA Sees Q4 Sales $1.025-1.175B vs $1.21B Est', 'NVIDIA Extends Buyback of $2.7B Through 2014, Initiates $0.075/Share Qtr. Dividend', 'Nvidia Reports Q3 EPS $0.39 vs $0.30 Est; Revenues $1.2B vs $1.19B Est', 'Futures Flat, Euro Falls Ahead of Central Banks', 'US Stock Futures Flat; ECB, Economic Data In Focus', 'Earnings Scheduled For November 8, 2012']",6
NVDA,2012-11-09,"['UPDATE: Nomura Cuts PT to $16 on NVIDIA on Weak Guidance', 'UPDATE: Jefferies & Company Reiterates Hold Rating, Lowers PT on NVIDIA Corporation', 'FBR Capital Markets Maintains Nvidia at Market Perform, Raises PT from $14 to $16', 'Nomura Maintains Nvidia at Buy, Lowers PT from $18 to $16', 'Jefferies & Company Maintains Nvidia at Hold, Raises PT from $16 to $14']",5
NVDA,2012-11-18,"['Tablet Roundup: iPad Mini, Surface, Nexus 10 and More']",1
NVDA,2012-11-28,"[""One Semiconductor Stock That Could Benefit from Apple's Next iPad""]",1
NVDA,2012-12-05,"['UPDATE: Oppenheimer Holdings Downgrades NVIDIA Corporation to Perform', 'Oppenheimer Downgrades NVIDIA Corporation to Perform, Removes $(aN) PT']",2
NVDA,2012-12-11,"['Option Alert: Nvidia January 14 Call; Block Trade: 6,469 Contracts @$0.22; Currently $12.75']",1
NVDA,2012-12-12,"['Wednesday December 12th Watchlist', 'NVIDIA Wins $20M DARPA Contract for High-Performance Embedded Processor Research']",2
NVDA,2012-12-14,"[""Benzinga's Top Pre-Market Gainers""]",1
NVDA,2012-12-17,['6 stocks to watch in the week ahead'],1
NVDA,2012-12-19,['Wednesday December 19th watchlist'],1
NVDA,2012-12-20,['Top Stocks on my Watch List for Thursday December 20th'],1
NVDA,2012-12-26,['Short Term Trading Ideas for Christmas Week'],1
NVDA,2012-12-28,"[""Another Executive Jumps Off AMD's Sinking Ship""]",1
NVDA,2013-01-03,"['Stocks on my Watch List for Thursday, January 3']",1
NVDA,2013-01-07,"[""Did NVIDIA Steal Apple's Retina Display?"", ""The 5 Coolest Things You'll See at CES"", 'Why is NVIDIA Building a Portable Game Machine?', '6 High Momentum Stocks to Watch next Week', 'Nvidia Announces Six Coud-Gaming Companies to Use GRID Platform']",5
NVDA,2013-01-09,['Wednesday January 9th Watchlist'],1
NVDA,2013-01-23,['AMD is on Life Support While these Semiconductor Stocks Thrive'],1
NVDA,2013-01-28,['6 Stocks to Watch Out For Next Week'],1
NVDA,2013-01-29,"['Rumor: NVIDIA Building iPhone and iPad Competitors', 'Tuesday January 29th Watchlist']",2
NVDA,2013-02-01,"[""Intel's New Strategy to Take on Apple's MacBook Air""]",1
NVDA,2013-02-06,['Wednesday February 6th Watchlist'],1
NVDA,2013-02-12,"['FBR Capital Maintains Market Perform on NVIDIA Corporation, Lowers PT to $14.00']",1
NVDA,2013-02-13,"['Nvidia Little Changed After Q4 Results', 'NVIDIA Corporation Sees Q1 Sales $940.0M +/- 2% vs $1.07B Est', 'NVIDIA Corporation Reports Q4 EPS of $0.35 vs $0.24 Est; Revenue of $1.11B vs $1.10B Est', 'Apple to Phase Out Standard, Retina-Free MacBook Pro', 'Short Interest in Chip Makers on the Rise (AMAT, ARM, NVDA)', 'US Stock Futures Higher Ahead Of Retail Sales Data', 'Earnings Scheduled For February 13, 2013']",7
NVDA,2013-02-14,"['Market Wrap for Thursday February 14: Stocks Close Near Unchanged', 'UPDATE: Stifel Nicolaus Cuts PT to $18 on NVIDIA Corporation on Raising OpEx, Product Transition', 'Needham Downgrades NVIDIA Corporation to Hold, Removes $17.00 PT', 'Stifel Nicolaus Maintains Buy on NVIDIA Corporation, Lowers PT to $18.00', 'BMO Capital Maintains Market Perform on NVIDIA Corporation, Lowers PT to $12.00', 'Nomura Maintains Buy on NVIDIA Corporation, Lowers PT to $15.00', 'Deutsche Bank Maintains Hold on NVIDIA Corporation, Lowers PT to $13.00']",7
NVDA,2013-02-15,['Friday February 15th Watchlist'],1
NVDA,2013-02-21,"[""AMD Could Make Billions on Sony's PlayStation 4""]",1
NVDA,2013-02-27,['Wednesday February 27th watchlist'],1
NVDA,2013-03-02,"['Short Interest in Chip Makers on the Rise (AMAT, ARM, QCOM)']",1
NVDA,2013-03-04,['8 Stocks On Watch For Monday'],1
NVDA,2013-03-06,"['Unusual Option Action: 16,000 March $13.00 Nvidia Calls Trade Hands on Heavy Volume', 'Wednesday March 6th Watchlist']",2
NVDA,2013-03-07,['Top 4 Mid-Cap Stocks In The Semiconductor-Specialized Industry With The Highest ROE'],1
NVDA,2013-03-11,"[""Benzinga's Top Pre-Market Losers"", 'Susquehanna Downgrades NVIDIA Corporation to Negative, Announces $10.50 PT']",2
NVDA,2013-03-13,"['Wednesday March 13th Watchlist', 'Big Short Interest Swings in Chip Makers (AMAT, ARM, BRCM)']",2
NVDA,2013-03-14,['PlayStation 4 was Too Expensive for NVIDIA'],1
NVDA,2013-03-15,"['Arm Holdings Workng on Plan to Help Second-Tier IC Designers Catch up with Qualcomm, Nvidia -DigiTimes']",1
NVDA,2013-03-18,"[""Tigress Financial's Ivan Feinseth Initiated Coverage on QUALCOMM with Strong Buy Rating, NVIDIA with Neutral Rating, Texas Instruments with Underperform""]",1
NVDA,2013-03-19,"[""From NVIDIA Investor Session: CEO Says Windows RT Disappointing, Hasn't Sold Enough in Windows RT"", ""UPDATE: Seeing Comments from NVIDIA's Huang, Says New Version of Tegra Mobile Processor Due Next Year"", ""NVIDIA Shares Pushing to Session Lows Ahead of Investor Session on NVIDIA's Business with CEO Jen-Hsun Huang"", ""Qualcomm to Replace NVIDIA for Google's Next-Gen Nexus 7""]",4
NVDA,2013-03-25,['Top 4 Mid-Cap Stocks In The Semiconductor-Specialized Industry With The Highest Cash'],1
NVDA,2013-03-26,['NVIDIA Shakes Up Sub-$200 Graphics Market With New GeForce GTX 650 Ti BOOST GPU'],1
NVDA,2013-03-31,"['Big Short Interest Swings in Chip Makers (ARMH, MU, NVDA)']",1
NVDA,2013-04-01,['Here are a Few Setups to Watch Next Week'],1
NVDA,2013-04-03,"[""Google's New Nexus 7 Could Sell for $149""]",1
NVDA,2013-04-10,['Short Sellers Pile on ARM Holdings and Nvidia'],1
NVDA,2013-04-11,"['NVIDIA to Return $1B to Investors this FY, Says $100M in Stock to be Bought Back this Year -Bloomberg', 'NVIDIA to Increase Share Buyback, Will Add $750M by Q4 -Bloomberg', 'NVIDIA CEO Speaking at Annual Investor Day: Says Business Condtions Muted in 1H', 'Stocks to Watch for April 11, 2013']",4
NVDA,2013-04-16,['SanDisk Earnings Preview: Solid First-Quarter Results Expected'],1
NVDA,2013-04-25,"['Stocks to Watch for April 25, 2013']",1
NVDA,2013-04-26,"['AMD, Texas Instruments See Short Interest Surge']",1
NVDA,2013-05-03,"['The Week Ahead: Host of Earnings on Tap; Investors Watching Anadarko, Activision, and Whole Foods']",1
NVDA,2013-05-09,"['NVIDIA Corporation Sees Q2 Sales $955.50-994.50', 'NVIDIA Corporation Reports Q1 EPS of $0.18 vs $0.15 Est; Revenue of $954.70M vs $940.70M Est', 'Earnings Scheduled For May 9, 2013']",3
NVDA,2013-05-10,"['Short Sellers Retreat from Micron Technology, Other Semiconductor Stocks', 'Benzinga Market Primer: Friday, May 10', 'Nvidia Beats Q1 Estimates; Provides Weak Guidance']",3
NVDA,2013-05-13,['Sony to Increase LCD TV Shipments by 19%'],1
NVDA,2013-05-14,"['NVIDIA Begins Taking Orders for Shielf Portable-Gaming Device', 'Nvidia Partners up with Goldman to Repurchase $750 Million Worth of its Shares', 'NVIDIA Announces $750M Accelerated Buyback with Goldman Sachs']",3
NVDA,2013-05-22,"['IDC Report Shows Worldwide Semi Market Contracted 2.2% in 2012, Expecting 3.5% Growth This Year']",1
NVDA,2013-05-23,"['UPDATE: Topeka Capital Markets Initiates NVIDIA Corporation at Hold', 'Topeka Capital Initiates Coverage on NVIDIA Corporation at Hold, Announces $15.00 PT']",2
NVDA,2013-05-28,"['Broadcom, Nvidia See Upswings in Short Interest']",1
NVDA,2013-06-04,"[""NVIDIA Shares Lower Despite WSJ Headline 'NVIDIA Open to Deals That Fit Into Businesses'""]",1
NVDA,2013-06-14,"['Short Sellers Less Keen on Applied Materials, Marvell Technology (AMAT, NVDA, MRVL)']",1
NVDA,2013-06-18,"['NVIDIA Says Will Begin Licensing GPU Technology', 'Microsoft Said to Add Qualcomm as Supplier for Surface RT, Nvidia to Remain Supplier for Some Versions', 'One Simple Measure for Investing in a Volatile Market']",3
NVDA,2013-06-19,"[""Microsoft's Next Tablet Could Include Qualcomm Chips""]",1
NVDA,2013-06-26,"['UPDATE: NVIDIA Says the Mechanical Component Has Issues', 'Shares of NVIDIA Not Responding to Headlines Shipment of SHIELD Gaming Device Delayed til Next Month', 'Short Sellers Jump on ARM Holdings, Broadcom (AMAT, ARMH, BRCM)']",3
NVDA,2013-07-05,"[""Can Microsoft's Surface 2 Save NVIDIA's Tegra 4? (MSFT, NVDA)""]",1
NVDA,2013-07-11,"['Short Sellers Jump on KLA-Tencor, Marvell Technology (ARMH, KLAC, MRVL)']",1
NVDA,2013-07-23,['NVIDIA Appoints Former PepsiCo. Exec Dawn Hudson to Its Board of Directors'],1
NVDA,2013-07-24,"[""Will Google's $229 Nexus 7 Upgrade Dethrone Apple's iPad Mini? (AAPL, GOOG)"", 'Google to Unveil Second-Generation Nexus 7 Today']",2
NVDA,2013-07-25,"['Short Sellers Continue to Pile on KLA-Tencor (AMAT, KLAC, TXN)']",1
NVDA,2013-07-31,"['Stocks to Watch for July 31, 2013', 'Wells Fargo Downgrades NVIDIA Corporation to Market Perform']",2
NVDA,2013-08-01,"['Option Alert: Nvidia January 16 Call; Block Trade: 7,795 Contracts @$0.59; Currently $14.49']",1
NVDA,2013-08-04,['Earnings Expectations For The Week Of August 5'],1
NVDA,2013-08-06,"['Google, IBM, NVIDIA, Mellanox Announce Development Group for IBM Chips, Consortium Will Build Server and Storage Technology', 'Tablet Shipments to Increase 17.7% on-Year in H2 2013 -DigiTImes']",2
NVDA,2013-08-07,"[""Google's Second-Gen Nexus 7 May Be Limited To 3.5 Million Units (GOOG)""]",1
NVDA,2013-08-08,"['Nvidia Reports Lower Q2 Profit (NVDA)', 'NVIDIA Corporation Reports Q2 EPS of $0.23 vs $0.13 Est; Revenue of $977.20M', 'Earnings Scheduled For August 8, 2013']",3
NVDA,2013-08-09,"[""Will Shield Stop Nvidia's Growth From Fading?"", ""Benzinga's Top Pre-Market Losers"", 'Nomura Maintains Buy on NVIDIA Corporation, Raises PT to $17.00']",3
NVDA,2013-08-12,"['Amazon To Launch New Game Console Alongside PlayStation 4, Xbox One']",1
NVDA,2013-08-19,"['Will Apple, Dell And Hewlett-Packard Follow Lenovo And Build Notebooks In-House?']",1
NVDA,2013-08-21,"[""Intel's Plan To Overtake Qualcomm's Snapdragon Platform"", 'NVIDIA Shares Volatile as Co. Announces Gaming Alliance with Ubisoft for Fall Season']",2
NVDA,2013-08-22,"['NVIDIA, Ubisoft form Gaming Alliance']",1
NVDA,2013-08-27,"['Short Sellers Gang Up On Marvell Technology (MRVL, QCOM, STM)']",1
NVDA,2013-09-09,"['Microsoft To Unveil New Surface Tablet September 23 (MSFT)', ""Nvidia Gets Orders for Microsoft's Surface RT, Asustek, Toshiba and Hewlett-Packard Tablets -DigiTImes""]",2
NVDA,2013-09-12,"['Short Sellers Load Up On Applied Materials And Other Chip Stocks (AMAT, MU, NVDA)']",1
NVDA,2013-09-15,"[""Microsoft 'Surface 2' Rumor Roundup""]",1
NVDA,2013-09-16,"['UPDATE: NVIDIA Appoints Colette Kress as Chief Financial Officer', 'NVIDIA Names Colette Kress as CFO']",2
NVDA,2013-09-27,"['Rising Short Interest For Broadcom And Other Semiconductor Stocks (BRCM, KLAC, MRVL)', 'Release of AMD Radeon R9 and R7 GPUs Expected to Pressure Nvidia to Offer Price Cuts -Digitimes']",2
NVDA,2013-10-09,"['Nvidia Cuts Prices, Will Release New Graphics Card -DigiTimes']",1
NVDA,2013-10-11,"['UPDATE: Macquarie Downgraded Intel and NVIDIA Based on Thundering Cloud Computing', 'UPDATE: Macquarie Downgrades NVIDIA on Potential Impact of Cloud Computing', 'Applied Materials, Marvell Technology Face Rising Short Interest (AMAT, MRVL, STM)', ""Benzinga's Top Pre-Market Losers"", 'Macquarie Downgrades NVIDIA Corporation to Underperform, Lowers PT to $14.00']",5
NVDA,2013-10-22,"['Apple Says New Mac Pro Desktop Has AMD Firepro Graphics', 'Shares of NVIDIA Not Yet Moving Following News of Intel Chip in New Macbook Pro']",2
NVDA,2013-10-26,"['Short Sellers Pile On Applied Materials and STMicroelectronics (AMAT, MU, STM)']",1
NVDA,2013-10-28,['Nvidia Shield Can Now Download Games on Google Play Store'],1
NVDA,2013-11-07,"['NVIDIA Corporation Sees Q4 Sales $1.05B +/- 2% vs $1.05B Est; Reports Added $1B Buyback Plan', 'NVIDIA Corporation Reports Q3 EPS of $0.26 vs $0.20 Est; Revenue of $1.05B vs $1.05B Est', 'Earnings Scheduled For November 7, 2013']",3
NVDA,2013-11-08,"[""Panasonic's New 4K Tablet Is 12X More Expensive Than Apple's iPad Air"", 'FBR Capital Maintains Market Perform on NVIDIA Corporation, Raises PT to $15.00']",2
NVDA,2013-11-13,"['Short Interest Rises In Marvell, Falls In Qualcomm (MRVL, QCOM, TXN)']",1
NVDA,2013-11-18,"['Mid-Morning Market Update: Markets Mixed; Tyson Posts Higher Profit', ""Benzinga's Top Downgrades"", ""Benzinga's Top #PreMarket Losers"", 'UPDATE: Morgan Stanley Downgrades NVIDIA On Projections Of Significant Headwinds', 'Morgan Stanley Downgrades NVIDIA Corporation to Underweight, Announces $13.00 PT']",5
NVDA,2013-11-19,"[""Sony's $399 PlayStation 4 Costs $381 To Produce""]",1
NVDA,2013-11-26,"['NVIDIA Reports Pricing of $1.3B of Convertible Senior Notes, Says Net Proceeds Will Be Used Primarily to Fund Capital Return']",1
NVDA,2013-12-02,"['IDC Expecting PC Shipments to Decline in Double Digit Percent Range During 2013, Cuts Global Shipments Outlook, from 9.7% to 10.1%']",1
NVDA,2013-12-03,"[""IHS Says Expecting Semi Sales Up Almost 5% to Around $317.9B in '13""]",1
NVDA,2013-12-11,"['comScore Says US Online Holiday Sales to Date $31.5B, Sales from Desktops on Dec. 9th Up 10% to $1.4B']",1
NVDA,2013-12-18,"[""Intel Worried About Google's Plan to Make Server Processors""]",1
NVDA,2014-01-09,"[""Shares of NVIDIA Fall 4.2% Following Canaccord's Downgrade"", ""Is NVIDIA's Tegra K1 On Par With PlayStation 4, Xbox One?"", 'Canaccord Genuity Downgrades NVIDIA Corporation to Hold, Maintains $16.00 PT']",3
NVDA,2014-01-13,"['CES 2014 Review: Announcements, Products & Surprises']",1
NVDA,2014-01-14,"['NVIDIA Names Cabrera General Counsel, Names Shannon as Chief Administrative Officer']",1
NVDA,2014-01-21,"[""Benzinga's Top Upgrades"", 'UPDATE: Evercorp Upgrades NVIDIA', 'US Stock Futures Signal Higher Start On Wall Street', 'Evercore Partners Upgrades NVIDIA Corporation to Equal-weight, Announces $16.00 PT']",4
NVDA,2014-02-03,"['Susquehanna Upgrades NVIDIA Corporation to Neutral, Raises PT to $14.00']",1
NVDA,2014-02-10,"['Earnings Expectations For The Week Of February 10: AIG, Cisco, Deere, PepsiCo And More']",1
NVDA,2014-02-12,"['NVIDIA Corporation Sees Q1 Sales $1.05B +/- 2% vs $1.0B Est', 'NVIDIA Corporation Reports Q4 EPS of $0.32 vs $0.24 Est; Revenue of $1.14B vs $1.05B Est', 'Earnings Scheduled For February 12, 2014']",3
NVDA,2014-02-13,"['NVIDIA Reports Strong EPS and Revenue', 'Morgan Stanley Sees Limited Upside for NVIDIA', 'Stocks Hitting 52-Week Highs', 'UPDATE: Evercore Group Upgrades NVIDIA on Progress in Growth Drivers', ""Benzinga's Top #PreMarket Gainers"", ""Benzinga's Top Upgrades"", 'B. Riley & Co. Upgrades NVIDIA Corporation to Buy, Raises PT to $21.00', 'FBR Capital Maintains Market Perform on NVIDIA Corporation, Raises PT to $17.00', 'Stifel Nicolaus Maintains Buy on NVIDIA Corporation, Raises PT to $19.00']",9
NVDA,2014-02-14,"['Form 8-K from NVIDIA Shows Accelerated Buyback Plan,Will Make Upfront Payment 4500M, Will Receive 20.6M Shares']",1
NVDA,2014-02-21,['Stocks Hitting 52-Week Highs'],1
NVDA,2014-02-24,"['Option Alert: Nvidia Jun $20 Call; 10,000 Contract Trade Between Bid and Ask @$0.67; Currently $18.74']",1
NVDA,2014-03-19,"['Market Wrap For March 19: Yellen Hints of Higher Rates & Sooner Than Expected End To Taper', 'UPDATE: Stifel Reiterates on NVIDIA Ahead of 2014 Investor Day', 'Stifel Nicolaus Maintains Buy on NVIDIA Corporation, Raises PT to $21.00']",3
NVDA,2014-03-21,"['Market Wrap For March 21: Markets End Friday On A Negative Note, But Still Positive For The Week', 'CLSA Initiates Coverage on NVIDIA Corporation at Underperform, Announces $19.00 PT']",2
NVDA,2014-03-24,"['NVIDIA Shares Volatile as FBR Issues Mid-Day Note Suggesting Co. Could Offer LT Goals for Returning Cash to Holders at Investor Day Tomorrow (Tuesday)', 'FBR Capital Markets Expects News About NVIDIA from Annual Investor Day']",2
NVDA,2014-03-25,"['GE Intelligent Platforms Announces Will Work with NVIDIA for Tegra K1-based, High Performance Embedded Computing Solution', 'Nvidia Announces Pascal Chip']",2
NVDA,2014-04-01,"['Morning Market Movers', ""Benzinga's Top Upgrades"", 'JMP Securities Upgrades NVIDIA Corporation to Market Outperform, Announces $26.00 PT']",3
NVDA,2014-04-03,"['NVIDIA Shares Rally Amid Rumor of Greenlight Stake, Einhorn Spokesperson Declines Comment', 'UPDATE: Nvidia Spokesperson Says Company Does Not Comment on Who They Meet With', 'UPDATE: Einhorn Spokesperson Declines Comment on Rumor of Nvidia Meeting. Long Position', 'Hearing Unconfirmed Market Chatter of David Einhorn Long Position in Nvidia']",4
NVDA,2014-04-10,['ISI Initiates Coverage on Semi/Semi Equip. Stocks'],1
NVDA,2014-04-11,"['ISI Bullish on Semi-Conductors, Offers Top Picks']",1
NVDA,2014-05-06,"[""NVIDIA Announces Q1 2015 Results Early After 'Inadvertent' Internal Email"", 'UPDATE: Nvidia to Provide Full Q1 Results, Outlook on Thursday as Initially Scheduled', 'NVIDIA Corporation Reports Q1 EPS of $0.29 vs $0.17 Est']",3
NVDA,2014-05-07,"[""4 Compelling Trades Ahead Of Thursday's Earnings""]",1
NVDA,2014-05-08,['NVIDIA Corporation Reports Q2 EPS of $0.29 vs $0.20 Est; Revenue of $1.10B vs $1.08B Est'],1
NVDA,2014-05-19,"['RBC Report: ""Cash is Becoming King, and Semis are Wearing the Crown""', 'UPDATE: RBC Upgrades NVDA', 'RBC Capital Upgrades NVIDIA Corporation to Outperform, Raises PT to $26.00']",3
NVDA,2014-05-28,['Nvidia Shares Moving on Wednesday Report Being Circulated on 64-bit Nvidia Tegra ARM CPU in Google Nexus 8 Tablet'],1
NVDA,2014-06-09,"['Option Alert: Nvidia Jun $21 Call; 10,477 Contracts Traded vs 98 OI;; Currently $19.18']",1
NVDA,2014-06-19,"['Morning Market Losers', ""Benzinga's Top #PreMarket Losers"", 'UPDATE: Bank Of America Downgrades NVIDIA', ""Benzinga's Top Downgrades"", 'Bank of America Downgrades NVIDIA Corporation to Underperform, Maintains $19.00 PO']",5
NVDA,2014-06-23,"['Morning Market Losers', ""Benzinga's Top #PreMarket Losers"", ""Benzinga's Top Downgrades"", '#PreMarket Primer: Monday, June 23: BNP Expected To Pay $9 Billion For Sanctions Violations', 'Pacific Crest Downgrades NVIDIA Corporation to Underperform']",5
NVDA,2014-07-17,['Top 4 Large-Cap Stocks In The Semiconductor-Specialized Industry With The Lowest PEG Ratio'],1
NVDA,2014-08-04,"[""Morgan Stanley: Nvidia's Gaming Growth Unsustainable"", 'NVIDIA Renews Data Centre Partnership with NTT Communications']",2
NVDA,2014-08-07,"['NVIDIA Corporation Sees Q3 Sales $1.20B +/- 2% vs $1.16B Est', 'NVIDIA Corporation Reports Q2 EPS of $0.30 vs $0.20 Est; Revenue of $1.10B vs $1.10B Est', 'Earnings Scheduled For August 7, 2014']",3
NVDA,2014-08-08,"['Markets Up As Russia Seeks To End Military Activity Near Ukraine', 'NVIDIA Q2 Earnings Analyst Roundup', ""Sotheby's Slips On Downbeat Earnings; NVIDIA Shares Surge"", 'Markets Rise; Zynga Lowers 2014 Forecast', 'UPDATE: Morgan Stanley Reiterates On NVIDIA On Margin Upside From GPUs', 'FBR Capital Markets Is Surprised By Stronger 3Q14 GPU Shipments From NVIDIA', 'Morning Market Movers', ""Benzinga's Top Upgrades"", ""Benzinga's Top #PreMarket Gainers"", 'NVIDIA Higher Following Earnings', 'Needham Upgrades NVIDIA To Buy', 'Needham Upgrades NVIDIA Corporation to Buy']",12
NVDA,2014-08-09,"[""CNBC's Stock Pops & Drops From August 8""]",1
NVDA,2014-08-26,"[""VMware, NVIDIA, Google Report Collaboration for 'Graphics-Rich Applications Delivered on Enterprise Cloud Desktops'"", ""UPDATE: Potentinal EU Investigation Comes Four Years After Nvidia's Icera Unit Filed Complaint Against Qualcomm"", 'Reuters Reports EU Antitrust Regulators Considering Investigation Into Qualcomm, According to Sources']",3
NVDA,2014-10-02,"['Option Alert: Nvidia Oct 10 $18.5 Call; 1,000 Contract Trade at Ask @$0.11; Currently $17.83']",1
NVDA,2014-10-10,['Semiconductors Moving Lower Amid Microchip Lowered Guidance'],1
NVDA,2014-10-13,"[""NVIDIA Shares Tick Higher as JMP Adds to 'Best Ideas' List""]",1
NVDA,2014-10-21,"[""Benzinga's M&A Chatter for Tuesday October 21, 2014"", 'Intel Declines Comment on Chatter of Potential Bid for Nvidia', 'Hearing Unconfirmed Market Chatter of Potential Intel Bid for Nvidia']",3
NVDA,2014-11-03,"[""CNBC's Stock Pops & Drops From November 3: GoPro, Gilead Sciences And More"", 'Pacific Crest Upgrades NVIDIA Ahead Of Earnings', 'Pacific Crest Upgraded NVIDIA Corporation to Sector Perform', 'US Stock Futures Drop Ahead Of Economic Data', 'Pacific Crest Upgrades NVIDIA Corp To Sector Perform']",5
NVDA,2014-11-04,['Deutsche Bank Expects In-Line Revenues For NVIDIA'],1
NVDA,2014-11-06,"['NVIDIA Corporation Reports Q3 EPS of $0.39 vs $0.29 Est; Revenue of $1.23B vs $1.20B Est', 'Option Alert: Nvidia Nov 14 $19 Call; 2,000 Contract Trade at Ask @$1.54; Currently $20.15', 'Earning, Economic & IPO Calendar for Thursday November 6, 2014', 'Earnings Scheduled For November 6, 2014', 'Must Watch Stocks for November 6, 2014']",5
NVDA,2014-11-07,"['UPDATE: Stifel Reiterates On NVIDIA As Strategy Is Playing Out In All Markets', 'NVIDIA Posts Record Revenue', 'Stifel Nicolaus Maintains Buy on NVIDIA Corporation, Raises PT to $24.50']",3
NVDA,2014-11-12,"['All Quiet On The Market Front: Dow, S&P 500, Nasdaq Virtually Flat']",1
NVDA,2014-11-19,"['UPDATE: In 10-Q Filing, Nvidia Reiterates Patent Infringement Complaint Filed by Samsung; Says has Not Yet Responded to Complaint']",1
NVDA,2014-11-21,"[""If Qualcomm Can't Revolutionize Car Tech, Nobody Can""]",1
NVDA,2014-12-08,"['Notable Option Activity For December 8', 'Option Alert: Nvidia Dec $21.5 Call; 1,349 Contract Trade at Ask @$0.26']",2
NVDA,2014-12-19,"['Bank Of America Analyst Sees Slower FY15 Growth For Semiconductor Group', 'UPDATE: Bank Of America Upgrades NVIDIA', ""Benzinga's Top Upgrades"", '#PreMarket Movers From December 19, 2014: NQ Mobile, BlackBerry, CarMax And More', 'Bank of America Upgrades NVIDIA To Neutral', 'Bank of America Upgrades NVIDIA to Neutral, Raises PT to $22.00']",6
NVDA,2014-12-23,"[""KrebsOnSecurity's Brian Krebs Tweets: 'Heads up gamers: Nvidia discloses password breach. Change 'em, and if you used elsewhere (like email) change that http://ow.ly/GkZOi'""]",1
NVDA,2015-01-05,"['S&P 500 Stocks With Most Active Options Today: CHRW, MUR, HAR, IP, NVDA']",1
NVDA,2015-01-06,"[""Will NVIDIA's Tegra X1 Dethrone The PlayStation 4 And Xbox One?""]",1
NVDA,2015-01-09,"['Barclays: Connected Cars Take Center Stage At CES, 3 Themes Emerge']",1
NVDA,2015-01-23,['Morgan Stanley Weighs In On Semiconductor Space'],1
NVDA,2015-01-29,['Option Alert: Nvidia Feb $20 Call; 8189 Contract Trade at Ask @$0.46; Now $19.48'],1
NVDA,2015-02-08,"['From Coca-Cola To Tesla, Here Are The 68 Most Important Earnings Expectations For The Week']",1
NVDA,2015-02-09,"[""Wedbush Previews NVIDIA's Q4 Results, Expects 'Solid' Beat""]",1
NVDA,2015-02-11,"['After-Hours Movers Led By Zulily, Tripadvisor & Whole Foods', 'NVIDIA Sees Q1 Sales $1.16V +/- 2% vs $1.15B Est.', 'UPDATE: NVIDIA Shares Spike ~8% Following Earnings Release', 'NVIDIA Reports Q4 EPS $0.43 Vs Est $0.29, Sales $1.25B Vs Est $1.20B', 'Option Alert: NVDA Feb $19.5 Put; 10,000 Contracts On Ask @$0.24', 'Earnings Scheduled For February 11, 2015', '10 Must Watch Stocks for February 11, 2015']",7
NVDA,2015-02-12,"['Top Performing Industries For February 12, 2015', 'NVIDIA Posts Strong Quarter Despite Weakness In Tegra', 'Stocks Hitting 52-Week Highs', '7 Risks Deutsche Bank Sees At NVIDIA', 'Morning Market Gainers', 'Morning-Movers Led By Orbitz, Tripadvisor & NVIDIA']",6
NVDA,2015-02-27,['Big Short Interest Swings In Semiconductor Stocks'],1
NVDA,2015-03-05,['Nvidia invites Tesla CEO Musk to Participate at GPU Technology Conference -DigiTimes'],1
NVDA,2015-03-10,"['Stocks Hitting 52-Week Highs', 'Bank of America Upgrades NVIDIA to Buy']",2
NVDA,2015-03-12,"['Watch Intel Peers Following Reduced Outlook: AMD, NVIDIA, Micron, TI, Seagate, H-P']",1
NVDA,2015-03-16,['Wedbush Securities Maintains Positive View On NVIDIA'],1
NVDA,2015-03-17,['Option Alert: Nvidia Apr 2 $22 Call; 2070 Contract Trade at Ask @$1.22'],1
NVDA,2015-03-18,['Why Is Wall Street Talking About Nvidia?'],1
NVDA,2015-03-19,"['Canaccord Genuity Sees Solid Growth Potential For NVIDIA', ""CNBC's Stock Pops & Drops From March 18""]",2
NVDA,2015-03-23,"['Why Goldman Is Downgrading Nvidia (And The Stock Is Down 2%)', 'Goldman Sachs Downgrades NVIDIA to Sell, Maintains $20.00 PT']",2
NVDA,2015-03-24,['Fast Money Traders Share Their Thoughts On NVIDIA And Micron Technology'],1
NVDA,2015-03-30,['BlackBerry Could Be An M&A Target For These 10 Companies'],1
NVDA,2015-04-01,"[""Bank Of America's 10 Most Explosive Stock Picks""]",1
NVDA,2015-04-06,"['NVIDIA Gets Favorable Ruling In Patent Dispute With Samsung, Qualcomm']",1
NVDA,2015-04-14,"['Intel Shares Up 3% Following Qtr. Results, Guidance; AMD, H-P, NVIDIA, Lam Research, KLA-Tencor Shares Also Seeing Volatility']",1
NVDA,2015-04-17,['Option Alert: Nvidia Apr 24 $22.5 Call; 2853 Contract Trade at Ask @$0.23'],1
NVDA,2015-05-01,"[""Wedbush Offers 4 Semiconductor Stocks To Watch Ahead Of Next Week's Earnings""]",1
NVDA,2015-05-05,['NVIDIA Announces Will Wind Down Icera Modem Operations'],1
NVDA,2015-05-06,['Morgan Stanley Comments On Nividia Winding Down Icera'],1
NVDA,2015-05-07,"['NVIDIA Says Auto, Gaming, Hi-Pewrformance Computing Remains Health, Sees Very Soft Market For PC OEMS, Gaming Business Growing YoY In Q2', 'NVIDIA Raises Qtr. Dividend from $0.085 to $0.0975/Share', 'NVIDIA Sees Q2 Sales $1.01B +/- 2%', 'Lukewarm Results Expected At NVIDIA Despite Strong Demand, Continued Gains', 'Must Watch Stocks for May 7, 2015', 'Earning & Economic Calendar for Thursday May 7, 2015', 'Earnings Scheduled For May 7, 2015']",7
NVDA,2015-05-08,"['Analysts: NVIDIA Still Tied To PC Demand', 'Morning Market Losers', ""NVIDIA'S Shareholder Returns Increased $800M, Wedbush Lowers PT"", ""NVIDIA's July Revenue Guided 15% Lower, Adds To Morgan Stanley's Valuation Concerns"", ""Benzinga's Top #PreMarket Losers"", 'Roth Capital Downgrades NVIDIA to Neutral, Lowers PT to $22.00', 'US Stock Futures Gain; All Eyes On Jobs Report', 'NVIDIA Beats Q1 EPS Expectations', 'NVIDIA Issues Weak Q2 Revenue Forecast', '7 Stocks You Should Be Watching Today']",10
NVDA,2015-05-11,['Nvidia Falls Short...And Wall Street Reacts'],1
NVDA,2015-05-14,['3 Semiconductor Stocks With Soaring Short Interest'],1
NVDA,2015-05-27,"['Option Alert: Nvidia Jul $22 Call; 1111 Contract Trade at Ask @$0.40', ""Nvidia Remains JMP's 'Best Idea'...Here's Why""]",2
NVDA,2015-05-28,"[""Goldman Sachs Met With Semiconductor Giants; Here's What Happened""]",1
NVDA,2015-06-04,"['FBR Downgrades Xilinx, Altera In Massive M&A Note']",1
NVDA,2015-06-10,"[""Benzinga's Top Downgrades"", 'Nomura Downgrades NVIDIA To Neutral', 'Nomura Downgrades NVIDIA to Neutral']",3
NVDA,2015-06-11,['NVDA Sells Proprietary Cross-Platform Portability Tech To TransGaming For $3.75M'],1
NVDA,2015-06-12,"[""Wedbush Met With Nvidia's CFO; Here's What Happened"", ""Wedbush On Nvidia: Impact Of Drop In General Purpose PC Has Minimal Impact, NVDA Focused On 'differentiated markets like gaming to drive growth'""]",2
NVDA,2015-06-15,['Why Advanced Micro Devices And NVIDIA Are Worth Watching'],1
NVDA,2015-06-17,['Tigress Financial Upgrades NVIDIA to Buy'],1
NVDA,2015-06-20,"['Weekly Tech Highlights: Sony Beat Apple To The Punch, Twitter M&A Rumors And More']",1
NVDA,2015-06-29,"[""Morgan Stanley On 'What's Moving Semi Stocks'""]",1
NVDA,2015-07-02,"['IBM, NVIDIA and Mellanox Launch Design Center for Big Data and High Performance Computing', 'MediaTek Declines Comment on Rumor of Merger With Nvidia -DigiTimes']",2
NVDA,2015-07-07,"['Oppenheimer Likes Avago, Skyworks Solutions; Upgrades Marvell And Downgrades Broadcom']",1
NVDA,2015-07-10,['Option Alert: Nvidia Jul $21 Call Sweep; 5024 Contracts at Ask @$0.13; Now $19.84'],1
NVDA,2015-07-17,"[""Needham Slashes Semiconductor Estimates On 'Muted' Second Half Recovery""]",1
NVDA,2015-07-20,['TitleTec Partners with NIADA to Help Dealerships Tackle Out-Of-State Titling'],1
NVDA,2015-07-29,['Cramer Versus Citron: The Ambarella Debate Rages On'],1
NVDA,2015-08-03,"[""Benzinga's Top Upgrades"", 'PC Market Be Damned, NVIDIA Stock Is A Buy', ""Trip Chowdhry Discusses Tesla's Auto-Pilot & Software Updates, Thinks NVIDIA & Mobileye Will Benefit"", 'Macquarie Upgrades NVIDIA to Outperform', ""Global Equities' Trip Chowdhry Sees Tesla Rolling Out Advanced Auto-Pilot, Driver Assistance Software Update Before Aug. 22; Highlights NVIDIA, Mobileye as Cos. Benefiting""]",5
NVDA,2015-08-06,"['NVIDIA Beats Q2 Views, Shares Jump', ""Thursday's After-Hours Movers Led By Zynga, Nvidia, Nuance And Monster Beverage"", 'NVIDIA Sees Q3 Sales $1.18B +/- 2%', 'NVIDIA Reports Q2 Adj. EPS $0.34, GAAP EPS $0.05, Sales $1.153B vs $1.01B Est.', '10 Must Watch Stocks for Today', 'Earnings Scheduled For August 6, 2015']",6
NVDA,2015-08-07,"[""Benzinga's Volume Movers"", 'Morning Market Gainers', ""Benzinga's Top Upgrades"", ""Benzinga's Top #PreMarket Gainers"", 'Roth Capital Upgrades NVIDIA to Buy, Raises PT to $25.00', ""Brean's Burton Commends NVIDIA on 'Executing in a Tough Environment,' But Sees Valuation as Full; Maintains Hold Rating Following Q2 Results"", 'Morgan Stanley Maintains Underweight on NVIDIA, Raises PT to $21.00', ""Morgan Stanley 'less negative' On NVIDIA, Says Valuation Is High And Gaming Growth Overstates Longer Terms Growth Possibilities"", ""Wedbush's Van Hees on NVIDIA: 'Underestimation of Demand from PC Gamers Drove Big Upside to Top Line FQ2 Print & FQ3 Guide,' Reiterate Outperform, $24 Price Target"", 'Brean Sees Yellow Flags At Nvidia, Cites Expected FCF Contraction Following Final Intel Royalty Pmt In Q1 2018, Notes Nvidia Litigation Efforts Against Samsung & Qualcomm To Secure Additional IP Revenue Streams', '7 Stocks You Should Be Watching Today']",11
NVDA,2015-08-09,['Fast Money Picks For August 10'],1
NVDA,2015-08-11,"[""20 Stocks With The Highest Exposure To China's Lagging Economy"", 'Unusual Option Opportunity In Nvidia']",2
NVDA,2015-08-13,"[""Tigress Financial's Feinseth Reiterates Buy Rating on NVIDIA in Intraday Research Note; He's Convicted Co.'s 'premier position in the graphics chip space will continue to unlock shareholder value'""]",1
NVDA,2015-08-21,"[""Not So Fast, Chip Investors: Sector Could Be 'Hit Hard,' Says Analyst""]",1
NVDA,2015-08-24,"['Taiwan Semiconductor Gains Customers for 16nm FinFET Chips, Including Apple, AMD, Avago, Broadcom, Nvidia, Xilinx, Loses Qualcomm Mobile Chips -DigiTimes']",1
NVDA,2015-08-26,"['Watch Large Cap Semiconductor Stocks, These Names Up Around 4% And Higher As Of Mid Afternoon Trading']",1
NVDA,2015-08-27,['3 Semiconductor Stocks With Big Swings In Short Interest'],1
NVDA,2015-09-01,"['Semiconductors Struggling, These Names Down 2% Or More; Ambarella To Report After Market Closes, Down 6.24% On The Day']",1
NVDA,2015-09-17,"[""Jefferies Upgrades NVIDIA On Virtual Reality 'Kicker'"", ""Benzinga's Top Upgrades"", 'US Stock Futures Edge Lower; All Eyes On Fed Decision', 'Jefferies Upgrades NVIDIA to Buy, Raises PT to $30.00']",4
NVDA,2015-09-23,"[""Nvidia Might Be The Best Way To Play Virtual Realty That's 'Just Around The Corner'"", ""Macquarie's Nag Says NVIDIA Remains the Firm's Top Growth Idea, Notes 'Graphics is a better market than you think, and VR is just around the corner'""]",2
NVDA,2015-09-25,['Stocks Hitting 52-Week Highs'],1
NVDA,2015-09-28,['5 Semiconductor Stocks To Love (And 6 To Worry About)'],1
NVDA,2015-09-30,['Stocks Hitting 52-Week Highs'],1
NVDA,2015-10-01,"[""Hear That? It's Tech Earnings Season Sneaking In""]",1
NVDA,2015-10-05,['Stocks Hitting 52-Week Highs'],1
NVDA,2015-10-09,['Nvidia Shares Rebounding Off LOD Following Announcement Co. Lost First Round Of Patent Dispute With Samsung And Qualcomm'],1
NVDA,2015-10-12,"['UPDATE: Roth Capital Transfers Coverage on NVIDIA, Sets Neutral Rating, $26 Price Target', 'Roth Capital Initiates Coverage on NVIDIA at Neutral, Announces $26.00 PT']",2
NVDA,2015-10-14,"['Watch Other Semiconductor Stocks After Bloomberg Report, NVIDIA Shares Spiking To $27.52/Share', 'Stocks Hitting 52-Week Highs']",2
NVDA,2015-10-16,"[""The Street's Take On Advanced Micro Devices' Earnings Report"", 'Hearing Unconfirmed Market Chatter of Intel Bid for Nvidia']",2
NVDA,2015-10-28,['Short Sellers Like These Three Top Semiconductor Stocks'],1
NVDA,2015-10-30,"[""Benzinga's Top Upgrades"", 'US Stock Futures Edge Higher Ahead Economic Data', 'Morgan Stanley Upgrades NVIDIA to Equal-weight, Raises PT to $28.00']",3
NVDA,2015-11-03,"[""Nvidia Thesis 'Played Out,' Needham Cautions"", ""Benzinga's Top Downgrades"", 'Needham Downgrades NVIDIA to Hold']",3
NVDA,2015-11-04,['NVIDIA Shares Falling'],1
NVDA,2015-11-05,"[""4 Stocks Moving In Thursday's After-Hours Session"", 'UPDATE: NVIDIA Q4 Analyst Consensus Estimate for Sales $1.21B', 'NVIDIA Raises Qtr. Dividend from $0.0975 to $0.115/Share', 'NVIDIA Sees Q4 Rev. $1.27B-$1.326B vs $1.21B Est.', 'NVIDIA Reports Q3 EPS $0.46 vs. Est. $0.25, Rev. $1.305B vs. Est. $1.18B', 'Option Alert: $NVDA Dec $28 Call Sweep; 1774 Contracts @Ask @$1.51', 'NVIDIA Shares Falling', 'Strategist Discusses Options And Volatility In Disney, NVIDIA And Weight Watchers Ahead Of Earnings', 'Must Watch Stocks for November 5, 2015', 'Earnings Scheduled For November 5, 2015']",10
NVDA,2015-11-06,"['Wall Street Weighs In On Pricy NVIDIA After Stellar Earnings', 'Nvidia Sharply Higher After Q3 Beat', 'Top Performing Industries For November 6, 2015', 'Stocks Hitting 52-Week Highs', 'Morning Market Gainers', ""MKM: It's Time To Buy Nvidia"", ""Benzinga's Top Upgrades"", ""UPDATE: MKM Upgrades NVIDIA, Calls 'Expensive,' But 'Worth It'; Sees Opportunities as 'Never Greater'"", ""Benzinga's Top #PreMarket Gainers"", 'MKM Partners Upgrades NVIDIA to Buy', '7 Stocks To Watch For November 6, 2015']",11
NVDA,2015-11-07,['These 11 Companies Are Betting On The Drone Revolution'],1
NVDA,2015-11-13,['Option Alert: $NVDA Nov 27 $13 Call Sweep; 1256 Contracts @Ask @$0.29; Ref $29.85'],1
NVDA,2015-11-16,"[""Why Canaccord Is Buying Nvidia's Long-Term Picture"", ""Benzinga's Top Upgrades"", 'Canaccord Genuity Upgrades NVIDIA to Buy, Raises to $35.00']",3
NVDA,2015-11-30,['Option Alert: $NVDA Jan $32 Call Sweep; 1385 Contracts @Ask @$1.11'],1
NVDA,2015-12-09,['Option Alert: NVDA Jan16 36.0 Calls Sweep: 959 @ ASK $0.48: 972 traded vs 2975 OI: $33.37 Ref'],1
NVDA,2015-12-14,['FAA: Unregistered Drones Could Soon Mean Jail Time'],1
NVDA,2015-12-16,"['MKM Partners Top Picks For 2016: ACE, CTXS, EA, FIVE, GOOGL, INFN, LB, MYCC, NVDA, TOL, VIAV']",1
NVDA,2015-12-17,['The Top 20 Wall Street Analysts Of 2015'],1
NVDA,2015-12-22,"[""UPDATE: Argus Names Three Top Ideas for 'The Connected Car' Thesis: Sirius XM, Panasonic, SunnyOptical; Highlights Supply Chain Implications at NVIDIA, Qualcomm, Murata"", ""UPDATE: Argus Sees 75+% of Autos Being LTE-Enabled by '20"", 'Argus Sees the Global Connected Car Market Reaching ~$150B, Telematics as $50B Market Opportunity by 2020']",3
NVDA,2015-12-24,"['Shares Of Nvidia Slightly Higher Following Report Of Shortages, Higher Pricing', 'High-end Nvidia Graphics Card Pricing Up 15% Due to Shortages, Strong Demand -DigiTimes']",2
NVDA,2015-12-28,"['Option Alert: NVDA Fri 1/8 33.0 Calls (Wkly) Sweep: 700 @ ASK $0.80: 1205 traded vs 3130 OI: Earnings 2/10 $32.94 Ref', ""UPDATE: B. Riley on Semi Industry Into '16: 'Analysis Suggests Another Intense Year Of M&A In CY16'"", ""UPDATE: B. Riley on Semi Industry Into '16: 'Bottoms-up tally (57 co's) suggests a double-digit CY16 FCF rebound'"", ""B. Riley on Semi Industry Into '16: 'Ample fuel to build on CY15's record M&A (31+ deals), dividend pay-outs ($16.0B+), and buy-backs ($31.0B+)'""]",4
NVDA,2015-12-29,['Option Alert: NVDA Jan16 33.5 Calls Sweep: 2519 @ ASK $1.23: 5952 traded vs 217 OI: Earnings 2/10 $33.71 Ref'],1
NVDA,2015-12-30,['Stocks Hitting 52-Week Highs'],1
NVDA,2016-01-05,"['Fast Money Halftime Report Traders Share Their Thoughts On NVIDIA, Microsoft, Walt Disney, GoPro And Fitbit', 'The Best Stock Ideas Of 2015']",2
NVDA,2016-01-06,"['Deutsche Bank Is Buying Mobileye On VW And GM Support, Expects Stock To Double', 'Fast Money Picks For January 6']",2
NVDA,2016-01-13,['Option Alert: NVDA Feb16 32.0 Calls Sweep: 2499 @ ASK $1.05: 2500 traded vs 2233 OI: Earnings 2/10 $30.40 Ref'],1
NVDA,2016-01-14,"['11 Different Ways To Play The Bear Market (From 11 Traders)', 'Barclays Downgrades Nvidia, Likes Skyworks, Cirrus And Others', ""Benzinga's Top Downgrades"", 'Barclays Downgrades NVIDIA to Underweight, Raises PT to $25.00']",4
NVDA,2016-01-15,['Intel Starts Off Earnings Season For Chip-Maker Group With A Thud'],1
NVDA,2016-01-19,['Option Alert: NVDA Feb16 27.0 Puts Sweep: 612 @ ASK $1.46: 1131 traded vs 194 OI: Earnings 2/10 $27.35 Ref'],1
NVDA,2016-01-20,"['JMP Sees NVIDIA Slide From $33.44 2 Weeks Ago To Current Share Price Of $27.35 Ahead Of VR, AI, And Autonomous Driving']",1
NVDA,2016-01-21,"[""Nvidia Details New Partnership With Alibaba's Alicloud"", ""EARLIER: Jefferies' Mark Lipacis on NVIDIA's Partnership with Alibaba: 'Big Data Partnership Highlights Cloud Opportunity'; Reiterate Buy"", ""NVIDIA Announces Cloud Partnership with Alibaba's Alicloud""]",3
NVDA,2016-01-22,"[""NVIDIA's Deal With Alibaba Highlights Cloud Opportunity""]",1
NVDA,2016-02-05,"[""David Bartosiak's NVIDIA Corporation Trade""]",1
NVDA,2016-02-12,['Option Alert: NVDA Jun16 21.0 Puts: 10000 @ ASK $1.20: 10k traded vs 126 OI: Earnings 2/17 After Close $25.52 Ref'],1
NVDA,2016-02-17,"['After-Hours Movers Led By NVIDIA, NetApp And Marriott', 'NVIDIA Sees Q4 Sales $1.26B +/- 2, CapEx $35M-$45M', 'NVIDIA Reports Q4 Non-GAAP $0.52, GAAP EPS $0.35 Vs Est $0.32, Sales $1.4B Vs Est $1.31B', 'Option Alert: NVDA Feb16 24.0 Puts Sweep: 516 @ ASK $0.22: 1612 traded vs 1977 OI: Earnings today After Close $27.53 Ref', ""Can NVIDIA Continue Its String Of Strong Earnings? Here's What To Expect"", 'Option Alert: NVDA Feb16 28.5 Puts Sweep: 1046 @ ASK $1.70: 1054 traded vs 271 OI: Earnings today After Close $27.76 Ref', '10 Stocks To Watch For February 17, 2016', 'Earnings Scheduled For February 17, 2016']",8
NVDA,2016-02-18,"['NVIDIA Soars After Q4 Report', 'Top Performing Industries For February 18, 2016', ""Benzinga's Volume Movers"", ""10 Stocks Moving In Thursday's Pre-Market Session"", ""Brean Liked NVIDIA's Q4, But Remains On Sidelines"", ""Macquarie Maintains Outperform On NVIDIA, Sees Graphics Processing As 'killer app' For Majority Of VR/AR Workloads"", 'Brean Remains On NVIDIA Sidelines, Says Shares Trade Near Peak Earnings Multiple From Past 2 Years', '10 Stocks You Should Be Watching Today']",8
NVDA,2016-02-19,['Roth Capital Weighs in on Glu Mobile Inc. (GLUU) and NVIDIA Corporation (NVDA) Following a Game Release and Earnings'],1
NVDA,2016-02-24,"['AMD Share in GPU, PC Markets Could Hit Record Lows in Q1 -DigiTimes']",1
NVDA,2016-02-29,['These Insiders Were Making Moves Last Week'],1
NVDA,2016-03-08,"['> Option Alert: NVDA Apr16 26.0 Puts Sweep: 1170 @ ASK $0.17: 3868 traded vs 729 OI: $31.89 Ref', 'Option Alert: NVDA Mar16 26.0 Puts Sweep: 1178 @ ASK $0.04: 1178 traded vs 2363 OI: $31.75 Ref']",2
NVDA,2016-03-14,"['Option Alert: NVDA Apr16 32.0 Calls Sweep: 1274 @ ASK $1.46: 2373 traded vs 1404 OI: Earnings 5/5 $32.24 Ref', 'Option Alert: NVDA Apr16 33.0 Calls Sweep: 576 @ ASK $0.89: 3843 traded vs 502 OI: Earnings 5/5 $32.19 Ref']",2
NVDA,2016-03-18,"[""Benzinga's Top Initiations"", 'Argus Research Initiates Coverage on NVIDIA at Buy, Announces $39.00 PT']",2
NVDA,2016-03-21,"['15 Bullish Technical Charts MKM Analysts Are Watching', 'BoA Likes Avago, Intel And Others Semiconductor Giants After Meeting Asian Investors']",2
NVDA,2016-03-23,"['The Stocks That Moved The S&P, Dow And Nasdaq Today', ""UPDATE: Chowdhry Says 'For every 1 INTC Chip 7 NVDA Chips are deployed in Machine Learning Fabric'"", 'Global Equities Trip Chowdhry Says Nvidia Business Extremely Strong', 'NVIDIA Corp. Enters Acclerated Buyback With Barclays Of $500M']",4
NVDA,2016-03-24,"['AMD, Nvidia Working to Meet Demand for VR Devices -DigiTimes']",1
NVDA,2016-03-29,"['This Derivatives Strategist Is Long NVIDIA Ahead Of Key Data Releases', 'MK M Partners Long NVDA Going Into Analyst Day, Semiconductor Analyst Maintains Buy ANd $135 PT, Says Core Gaming Business Is Strong', ""Jim Strugger's NVIDIA Trade""]",3
NVDA,2016-04-04,"['Stocks Hitting 52-Week Highs', ""This Quant's Favorite Stock Picks Are Nvidia, Marvell, Amazon And Two Others"", 'Jefferies Maintains Buy on NVIDIA, Raises PT to $42.00']",3
NVDA,2016-04-06,"[""10 Stocks Moving In Wednesday's Pre-Market Session"", 'Stifel Nicolaus Downgrades NVIDIA to Neutral', ""Nvidia Suit Says was Forced to Shut Icera Unit Due Qualcomm's 'Unlawful Abuse of Dominance' -Bloomberg""]",3
NVDA,2016-04-08,['New Research Shows Apple Working Heavily On Machine Learning Before WWDC 2016'],1
NVDA,2016-04-13,"['Global Equities Trip Chowdhry Highlights Facebook & NVIDIA As Winners Of Facebook F8 Conference, Losers Are Old World Tech']",1
NVDA,2016-04-27,"[""3 Put Spread Strategies For The Next Week: McDonald's, Johnson & Johnson And Nvidia""]",1
NVDA,2016-05-02,"['NVIDIA, Samsung Agree to Settle All Outstanding IP Litigation, Terms Not Disclosed']",1
NVDA,2016-05-03,"[""These 3 Stocks Are Tied To Apple's Performance""]",1
NVDA,2016-05-12,"[""NVIDIA Q1'16 Earnings Conference Call: Full Transcript"", 'NVIDIA Sees Q2 Sales $1.35B +/- 2%', 'NVIDIA Reports Q1 EPS $0.46 vs. Est. $0.32, Rev. $1.3B vs. Est. $1.26B', 'Option Alert: NVDA May16 32.5 Puts Sweep: 523 @ ASK $0.54: 841 traded vs 205 OI: Earnings today After Close $35.56 Ref', 'Earnings Scheduled For May 12, 2016', '10 Stocks To Watch For May 12, 2016']",6
NVDA,2016-05-13,"[""Jefferies' Secular Trends Thesis In NVIDIA Just Starting, Remains A Top Pick"", 'Mid-Afternoon Market Update: Dow Tumbles 1%; Nordstrom Shares Down Following Earnings Miss', ""Tesla Demand Drove NVIDIA's Q1 Beat, Q2 Outlook"", 'NVIDIA Makes New All-Time High', '10 Biggest Mid-Day Market Gainers', 'Mid-Day Market Update: NVIDIA Gains On Earnings Beat; ConforMIS Shares Drop', 'Top Performing Industries For May 13, 2016', ""Benzinga's Volume Movers"", 'Mid-Morning Market Update: Markets Mixed; J C Penney Sales Miss Estimates', 'Stocks Hitting 52-Week Highs', ""NVIDIA Remains MKM's Top Pick"", 'The Market In 5 Minutes: Friday The 13th', 'NVIDIA Just Hit It Out Of The Park...Again', ""Brean Adjusts NVIDIA's Fair Value Range To $35-$40"", ""Benzinga's Top Upgrades"", ""10 Stocks Moving In Friday's Pre-Market Session"", ""Roth Upgrades NVIDIA To Buy, Encouraged By 'Deep Learning' Growth"", 'Topeka Capital Upgrades NVIDIA to Buy', 'Roth Capital Upgrades NVIDIA to Buy, Raises PT to $40.00', '7 Must Watch Stocks for Today']",20
NVDA,2016-05-16,"['Option Alert: NVDA Fri 6/3 40.0 Calls (Wkly) Sweep: 500 @ ASK $2.90: 502 traded vs 538 OI: $42.60 Ref', 'Option Alert: NVDA Jun16 33.0 Puts Sweep: 2295 @ ASK $0.11: 2397 traded vs 3462 OI: $41.65 Ref', 'Stocks Hitting 52-Week Highs']",3
NVDA,2016-05-19,"[""Invest Diva's Kiana Danial Likes Advanced Micro, Sees ~$9/Share On Lucrative VR Market Potential"", 'Option Alert: NVDA Jun16 42.0 Calls Sweep: 682 @ ASK $2.36: 704 traded vs 12k OI: $43.50 Ref']",2
NVDA,2016-05-20,['Stocks Hitting 52-Week Highs'],1
NVDA,2016-05-26,['Option Alert: NVDA Jun16 45.5 Puts Sweep: 1174 @ ASK $1.24: 4447 traded vs 237 OI: $45.62 Ref'],1
NVDA,2016-06-02,"['Stocks Hitting 52-Week Highs', ""Benzinga's Top Initiations"", 'The Market In 5 Minutes: Draghi, iPhones And Warriors', 'Nvidia Is A Buy With These Expanding Markets', 'Goldman Sachs Initiates Coverage on NVIDIA at Buy, Announces $54.00 PT']",5
NVDA,2016-06-03,"['You Can Hold NVIDIA Stock Now, Vetr Crowd Says']",1
NVDA,2016-06-13,"[""Benzinga's Top Upgrades"", 'Nomura Upgrades NVIDIA to Buy', 'Argus Removes 3 Names To Focus List: Kroger, NVidia, United Parcel Services, Valero']",3
NVDA,2016-06-14,['Nomura Comes Out Of Meeting With Nvidia CEO Convinced Stock Is Now A Buy'],1
NVDA,2016-06-15,"[""Trip Chowdhry Shares Insights Into Apple's Machine Learning & Deep Learning Initiatives""]",1
NVDA,2016-06-16,['Should NVIDIA Be Trading At A Premium To Its Peers?'],1
NVDA,2016-06-17,"['Option Alert: NVDA Fri 6/24 47.0 Puts (Wkly) Sweep: 689 @ ASK $1.12: 3758 traded vs 136 OI: Earnings 8/4 $46.69 Ref', 'Option Alert: NVDA Fri 6/24 47.0 Puts (Wkly) Sweep: 749 @ ASK $0.95: 2346 traded vs 136 OI: Earnings 8/4 $46.92 Ref']",2
NVDA,2016-06-20,['Watch These 5 Huge Put Purchases In Monday Trade'],1
NVDA,2016-06-21,"['NVIDIA Says CAO David Shannon To Retire At End Of 2016', 'Option Alert: NVDA Jul16 39.0 Puts Sweep: 1176 @ ASK $0.11: 2405 traded vs 705 OI: Earnings 8/4 $47.30 Ref', 'Machine Learning Conference Update: Amazon And NVIDIA Winning, IBM And Alphabet Losing']",3
NVDA,2016-06-27,['3 Companies Most Likely To Win When Virtual Reality Takes Over'],1
NVDA,2016-06-28,['Taiwan Semiconductor Could Blow Street Estimates Away'],1
NVDA,2016-07-06,['Gaming Stocks Are A Playground For Traders'],1
NVDA,2016-07-08,['Option Alert: NVDA Jul16 50.0 Calls Sweep: 718 @ ASK $1.05: 1547 traded vs 2031 OI: Earnings 8/4 $50.41 Ref'],1
NVDA,2016-07-11,['The Best Performing Stocks Since May 2015'],1
NVDA,2016-07-15,"[""Benzinga's Top Initiations"", ""Benzinga's Top Downgrades"", ""12 Stocks Moving In Friday's Pre-Market Session"", 'Wells Fargo Downgrades NVIDIA to Underperform', 'Mizuho Securities Initiates Coverage on NVIDIA at Buy, Announces $60.00 PT', 'Nvidia Downgraded to Underperform from Market Perform at Wells Fargo']",6
NVDA,2016-07-18,"['UPDATE: Goldman Sees Augmented Reality Market Value Of $59B in 2025, Sees Virtual Reality Market Value Of $36B', 'Goldman Raises 2025 Estimate For Expected Market Value Of Virtual Reality/Augmented Reality From $80B To $95B']",2
NVDA,2016-07-19,"['Disney, Time Warner Likely To Capitalize On Augmented Reality; Pokémon GO Prompts Other Game Proposals', 'Goldman Cautious on TXN & ADI, Favors Names W/ Structural & Content Growth Opportunity Such As NVDA, NXPI, AVGO, SWKS']",2
NVDA,2016-07-27,"['Xiaomi Takes On Another Tech Behemoth With 2 New Launches', 'Cramer Prefers CyberArk Over FireEye, Says NVIDIA Will Benefit From Pokemon Go']",2
NVDA,2016-08-04,['Option Alert: NVDA Oct16 55.0 Calls Sweep: 5001 @ Above Ask! $5.20: 5182 traded vs 885 OI: Earnings 8/11 After Close $56.97 Ref'],1
NVDA,2016-08-05,"['Option Alert: NVDA Aug16 44.0 Puts Sweep: 3000 @ ASK $0.13: 5002 traded vs 3287 OI: Earnings 8/11 After Close $57.90 Ref', 'Watch These 7 Huge Call Purchases In Friday Trade']",2
NVDA,2016-08-07,"['Walt Disney, Alibaba On Deck For Earnings Announcements']",1
NVDA,2016-08-08,"['8 Biggest Price Target Changes For Monday', 'Jefferies Analysts Are Buyers Of NVIDIA Amid Sales Momentum, Probability Of Upside', 'Watch These 5 Huge Put Purchases In Monday Trade']",3
NVDA,2016-08-09,['Option Alert: NVDA Aug16 58.0 Puts Sweep: 2500 @ ASK $2.10: 2568 traded vs 212 OI: Earnings 8/11 After Close $59.06 Ref'],1
NVDA,2016-08-10,"['4 Interesting Semiconductor Picks', ""Apple's $300 Billion Opportunity"", 'Watch These 7 Huge Put Purchases In Wednesday Trade']",3
NVDA,2016-08-11,"['After-Hours Losers Aug. 11, 2016: ORIG Down %, XCOM 20%, RT 6.4%, PTX 4%, DDS 3.5%, NVDA 3%', ""Thursday's After-Hours Movers: 2 Stocks Spiking, 2 Stocks Tanking"", 'Nvidia Beats Earnings And Revenue Estimates, Uplifting Forecasts', 'NVIDIA Sees Q3 Sales $1.68B +/- 2% vs $1.45B Est.', 'NVIDIA Reports Q2 Adj. EPS $0.53 vs $0.37 Est., Sales $1.43B vs $1.35B Est.', 'Option Alert: NVDA Jan17 40.0 Calls Sweep: 2000 @ ASK $20.98: 2036 traded vs 2081 OI: Earnings today After Close $59.83 Ref', 'Forgot The FANG Trade, This Stock Outperformed The Group', 'Can You Guess This Chart?', '10 Must Watch Stocks for Today', 'Earnings Scheduled For August 11, 2016']",10
NVDA,2016-08-12,"['18 Biggest Mid-Day Gainers For Friday', 'Jefferies Expects More Upside Surprises From NVIDIA Over The Next Year', ""Apple, Nvidia, Tesla: Trip Chowdhry's 3 Best Stock Ideas"", 'Stocks Hitting 52-Week Highs', '10 Biggest Price Target Changes For Friday', ""Benzinga's Top Upgrades"", ""Data Center Is The 'Most Exciting Aspect' Of NVIDIA's Story"", ""18 Stocks Moving In Friday's Pre-Market Session"", 'NVidia Guides For A Significant Estimate Beat In Q3', 'A Peek Into The Markets: U.S. Stock Futures Edge Higher Ahead Of J C Penney Earnings', 'RBC Capital Upgrades NVIDIA to Outperform', 'RBC Capital Upgrades NVIDIA to Outperform', '10 Stocks You Should Be Watching Today']",13
NVDA,2016-08-15,['More Room To Run For NVIDIA Shares'],1
NVDA,2016-08-18,['Tigress Financial Reiterates Buy Rating on NVIDIA'],1
NVDA,2016-08-19,"['Intel To Develop Autonomous Vehicle Solution To Compete Against Nvidia, Mobileye; CLSA Remains Unimpressed']",1
NVDA,2016-08-24,['6 Degrees Of Self-Driving Separation'],1
NVDA,2016-08-25,['Advanced Micro Devices Gets A Price Target Bump At Canaccord'],1
NVDA,2016-09-01,"['Nvidia, Baidu to Collaborate on Artificial Intelligence, Self-Driving Car -Wall Street Journal']",1
NVDA,2016-09-06,"['NVIDIA Corp. Files Mixed Shelf Offering, Terms Not Disclosed']",1
NVDA,2016-09-09,['Michigan Votes Unanimously To Remove Drivers From Autonomous Test Vehicles'],1
NVDA,2016-09-13,"[""Cramer's 11 Stocks To Buy During Fed-Fear Selloffs""]",1
NVDA,2016-09-15,"['NVIDIA Will Win Machine Learning, Trip Chowdhry Argues']",1
NVDA,2016-09-16,"['Delphi Automotive: The Less Heralded Autonomous Driving Play', 'Chip Stocks Mostly Soar As Intel Raises Q3 Guidance', ""Mobileye Is A $10 Stock That's 'Hyper-Inflated', Could Collapse In 6 Months: Chowdhry"", 'Intel Shares Up 4% Following Raised Q3 Outlook; AMD Shares Up 3.8%, Micron Up 3.4%, NVIDIA Up 0.9%, Texas Instruments Up 0.8%']",4
NVDA,2016-09-20,"[""Benzinga's Top Initiations"", 'Susquehanna Initiates Coverage on NVIDIA at Neutral, Announces $66.00 PT', 'SunTrust Robinson Humphrey Initiates Coverage on NVIDIA at Neutral, Announces $59.00 PT']",3
NVDA,2016-09-22,['Jim Cramer Shares His Thoughts On Vonage And Intersil'],1
NVDA,2016-09-28,['NVIDIA to Work with TomTom On a Self Driving Car System'],1
NVDA,2016-09-29,['Technical Alert: Nvidia Corp Makes A New All Time High For Third Day In A Rpw'],1
NVDA,2016-10-04,"['25 Stocks Which Rallied Four Days, Then Sold Off Yesterday', 'Option Alert: NVDA Nov16 70.0 Puts Sweep: 1000 @ ASK $5.10: 2024 traded vs 927 OI: Earnings 11/3 $68.69 Ref']",2
NVDA,2016-10-05,['Watch These 5 Huge Put Purchases In Wednesday Trade'],1
NVDA,2016-10-06,"['Expect Pressure On Semi Stocks Amid Terminated KLA-Tencor/Lam Deal', 'Anadarko, NVIDIA, Royal Dutch Shell: Fast Money Picks For October 6', 'Carter Worth Thinks That NVIDIA Is Too Expensive']",3
NVDA,2016-10-07,['6 Stocks Which Plummeted Three Days On Increasing Volume'],1
NVDA,2016-10-10,"[""Electrek Reports Tesla is about to increase its lead in semi-autonomous driving w/ 'Tesla Vision': computer vision based on NVIDIA's parallel computing""]",1
NVDA,2016-10-13,['What Autopilot 2.0 Means For Mobileye'],1
NVDA,2016-10-17,"[""Advanced Micro Devices' Improved Near-Term Sales Trends Earn It An Oppenheimer Upgrade""]",1
NVDA,2016-10-20,"['Hearing Jefferies Positive On NVIDIA On Heels Of Nintendo Switch, Raises PT From $73 To $80', 'Tesla And The Era Of Intelligent Transportation']",2
NVDA,2016-10-24,"['Technical Alert: Nvidia Corp Attempts To Make New All-Time-High', 'Rambus Reports Licensing of DPA Countermeasures to NVIDIA']",2
NVDA,2016-10-25,"['B. Riley Maintains Buy on NVIDIA Corporation - Common Stock, Raises to $85.00', ""WSJ.D Live Conference Continues Today; Presenters Include AT&T & Time Warner, Nvidia, Facebook, Paypal, Yelp, And Trian Fund Management's Nelson Peltz""]",2
NVDA,2016-10-27,"[""Apple's New MacBook Specs Take On Top Competitors"", 'Traders Passing Around Comment on NXP Semi Call: When Asked Why Do A Deal Now?, Exec Responded A Need for Automotive Driver Assist Processing, Machine Learning Capabilities; Seen as Positives for NVIDIA, Mobileye']",2
NVDA,2016-11-02,"[""Benzinga's Top Initiations"", 'Jim Cramer Gives His Opinion On Acushnet, Nvidia And Realty Income', 'Citigroup Initiates Coverage On NVIDIA Corporation - Common Stock at Buy, Announces $90.00']",3
NVDA,2016-11-04,"['NVIDIA Shares Spike Over $67.50 Level, Now Over $68 as Traders Passing Around Unconfirmed Takeover Chatter', 'Jim Cramer Shares His Thoughts On Acacia Communications And Advanced Micro Devices']",2
NVDA,2016-11-07,"['Big Tech Is Leading The Stock Market Higher Today', ""NVIDIA's Transformation Is Complete; Canaccord Lifts Price Target To $80"", 'M Science Out Negative On Nvidia', ""David Bartosiak's NVIDIA Trade""]",4
NVDA,2016-11-10,"['NVIDIA Spikes On Record Quarterly Results, Strong Guidance And Dividend Raise', 'NVIDIA Raises Qtr. Dividend From $0.115 To $0.14/Share, Authorizes Additional $2B Buyback', 'NVIDIA Sees Q4 Sales $2.1B +/- 2%', 'NVIDIA Reports Q3 EPS $0.94 vs. Est. $0.57, Rev. $2B vs. Est. $1.69B', 'Big Tech Is Getting Crushed Today', '12 Stocks You Should Be Watching Today', 'Earnings Scheduled For November 10, 2016']",7
NVDA,2016-11-11,"[""NVIDIA's Blowout Quarter Helps It Remain A Top Pick At Jefferies"", ""Did NVIDIA's Ultra-Conservative Guidance Set It Up For Huge Beat?"", 'Mid-Afternoon Market Update: Gold Futures Down 3.5%; PTC Therapeutics Shares Spike Higher', '12 Biggest Mid-Day Gainers For Friday', ""Trip Chowdhry's Top 4 Stock Picks"", 'Mid-Day Market Update: Crude Oil Down Over 3%; NVIDIA Shares Jump On Earnings Beat', ""After NVIDIA's Solid Q3, Analyst Sees 18% Upside"", ""NVIDIA Meets And Exceeds The Street's Great Expectations In Q3"", 'Top Performing Industries For November 11, 2016', ""Benzinga's Volume Movers"", 'The Technical Take: NVIDIA Makes New All-Time High After Q3 Beat', 'Barclays Issues A Rare Post-Earnings Upgrade On NVIDIA', 'Mid-Morning Market Update: Markets Mostly Lower; J C Penney Q3 Sales Miss Estimates', '7 Biggest Price Target Changes For Friday', 'NVIDIA Delivers Second Consecutive Spectacular Quarter', ""Benzinga's Top Upgrades"", ""The Market In 5 Minutes: You Don't Really Care For Music, Do You?"", ""18 Stocks Moving In Friday's Pre-Market Session"", ""NVIDIA's Blowout Quarter: 'Machine Learning Is Like A Quicksand'"", 'A Peek Into The Markets: U.S. Stock Futures Down Ahead Of Consumer Sentiment Report', '7 Stocks To Watch For November 11, 2016', 'Nvidia +12.5% Premarket @$76.30 on Solid Earnings Beat, Share Buyback, Dividend Raise', 'Barclays Upgrades NVIDIA Corporation - Common Stock to Equal-Weight, Raises to $72.00']",23
NVDA,2016-11-13,"[""Nvidia's Big Win: Post-Earnings Sell-Side Sentiment""]",1
NVDA,2016-11-14,"['Vetr Crowd Downgrades NVIDIA After All-Time High', 'Worst Performing Industries For November 14, 2016', 'Needham Upgrades NVIDIA Corporation - Common Stock to Buy', 'The Market In 5 Minutes: A Couple Of Pharma Stocks Move 70% In Opposite Directions', 'Can You Guess This Chart?', ""IBM, NVIDIA Collaborate on World's Fastest Deep Learning Enterprise Solution""]",6
NVDA,2016-11-16,"['Mid-Afternoon Market Update: StemCells Climbs On Asset Purchase Agreement; Endologix Shares Drop', 'Technical Alert: No Stopping Nvidia Corp', 'Mid-Day Market Update: Dow Falls 75 Points; Shipping Stocks Spike Higher', 'IC Insights Says Nvidia is Fastest Growing Semiconductor Co for 2016 -DigiTimes']",4
NVDA,2016-11-17,"['Intel Corporation, Mobileye May Be Star-Crossed Lovers, But Chowdhry Calls Veronian Tragedy']",1
NVDA,2016-11-18,"['Mobileye Stock Weakness Unwarranted, Wells Fargo Says Buy The Stock', ""NVIDIA's Stock Is On Quite The Run"", '10 Stocks With Highest Close In Three Weeks']",3
NVDA,2016-11-22,"['Vetr Crowd Thinks AMD Is Running Hot', '7 Biggest Price Target Changes For Tuesday', 'MKM Partners Raising PT From $87 To $106 On NVIDIA, Says Thematic Attention Is Heating Up As Large Suppliers Crowding Into AI As An Investment Theme With Non-GPU Solutions']",3
NVDA,2016-11-28,"['Technical Alert: Nvidia Corp Range Bound', ""Scott Bauer's NVIDIA Options Trade""]",2
NVDA,2016-11-30,"['Intel, Nvidia to Announce New Platforms for CES 2017 -DigiTimes']",1
NVDA,2016-12-01,"[""NVIDIA's Crazy Run Begins To Slow Down"", 'Technical Alert: Nvidia Corp Finally Has A Bad Day']",2
NVDA,2016-12-05,"['Chipmakers Trading High During Indian Conference', ""Chip Makers Trading Higher During India's GTCx Conference, NVIDIA up 2.04%""]",2
NVDA,2016-12-06,['Option Alert: NVDA Fri 12/9 95.5 Calls (Wkly) Sweep: 2220 @ ASK $0.30: 3758 traded vs 292 OI: Earnings 2/15 After Close (est) $92.15 Ref'],1
NVDA,2016-12-07,"[""Facebook, Google Make Glassdoor's List Of Top 50 Places To Work"", 'Watch These 7 Huge Call Purchases In Wednesday Trade']",2
NVDA,2016-12-08,['Technical Alert: Nvidia Corp Makes New All-Time-High And Retreats'],1
NVDA,2016-12-09,"['10 Stocks That Rallied Four Days, Then Sold Off Yesterday']",1
NVDA,2016-12-10,['The Biggest Players In Augmented Reality'],1
NVDA,2016-12-12,"['Technical Alert: Nvidia Corp Lower As Pacific Crest Urges Caution On The Rapid Price Increase', '3 Factors Pushing NVIDIA Shares Lower', 'Pacific Crest Out Cautious On NVIDIA, Warning Of Potential Excess Inventory In Desktop Graphics Card Market']",3
NVDA,2016-12-13,"['Why The NVIDIA Story Is Still In Its Early Innings Despite Recent Run', 'Loop Capital Initiates Coverage On NVIDIA at Buy, Announces $109.00 Target']",2
NVDA,2016-12-14,"['Watch NVIDIA Shares Here, Stock Up 5%; Benzinga Has Been Alerted to Traders Passing Concern on Possible Chip Recall', ""NVIDIA Is Up 190% In 2016: Here's Why You Should 'Jump On Board' For 2017"", 'Option Alert: NVDA Dec16 95.0 Puts: 2542 @ ASK $0.80: 3699 traded vs 678 OI: Earnings 2/15 After Close (est) $96.13 Ref', '15 Biggest Mid-Day Gainers For Wednesday', 'NVIDIA Continues With Yo-Yo Action', ""Advanced Micro Devices' Price Target Raised To 2007 Level At Canaccord"", ""Benzinga's Top Upgrades, Downgrades For December 14, 2016"", 'The Market In 5 Minutes: All Eyes On The Fed', 'Evercore ISI Group Upgrades NVIDIA to Buy, Announces $120.00 Target']",9
NVDA,2016-12-15,"['No Stopping NVIDIA', 'Stocks Hitting 52-Week Highs', 'Watch These 5 Huge Put Purchases In Thursday Trade']",3
NVDA,2016-12-18,"[""Barron's Picks And Pans: Tech Infrastructure, Small Caps, DineEquity And More""]",1
NVDA,2016-12-19,"[""Why These Stocks Skyrocketed On Friday's Quad Witch"", 'Watch These 7 Huge Put Purchases In Monday Trade']",2
NVDA,2016-12-20,"['15 Biggest Mid-Day Gainers For Tuesday', ""18 Stocks Moving In Tuesday's Pre-Market Session"", 'Mizuho Maintains Buy on NVIDIA, Raises Target from $80 to $115.00']",3
NVDA,2016-12-22,"[""Looking Toward Nvidia's 2016 Boom To Pick The Next Big Tech Stock""]",1
NVDA,2016-12-27,"[""Wall Street's Top Picks For 2017: All In One Place"", 'Mid-Day Market Update: Crude Oil Up Over 1%; Endologix Shares Slide', 'Technical Alert: Nvidia Higher For Tenth Day In A Row', '6 Best Performing S&P 500 Stocks Of 2016']",4
NVDA,2016-12-28,"['Left Says Short Nvidia for Past Few Days', ""Citron's Andrew Left on CNBC Says Likes Nvidia, But Market Got Ahead of Itself"", ""Why NVIDIA's Recent Run Shouldn't Come As A Surprise"", '23 Notable Presentations On The CES 2017 Schedule', ""Analyst: NVIDIA Is Overvalued, But Don't Sell Ahead Of CES"", 'Should You Be Buying 2016 Market Leaders Or Laggards Heading Into 2017?', '10 Biggest Mid-Day Losers For Wednesday', ""NVIDIA's Pullback Might Not Last Very Long"", 'Ways To Play The AI Theme At CES 2017', 'Looking To Get Some Automotive Exposure Ahead Of CES 2017? Here Are 9 Stocks To Consider', 'Option Alert: Nvidia Dec 30th 120 Calls: 2540 @ ASK $0.20: 6976 traded vs 2145 OI: Earnings 2/15 After Close (est) $111.74 Ref', ""NVIDIA's 10-Day Win Streak Now In Danger"", 'Is NVIDIA Going Back To $90? Citron Thinks So', 'NVIDIA Shares Down 4.7%', ""Citron's Andrew Left To Appear On CNBC At 5:25pm ET To Discuss NVIDIA"", 'Citron Research @CitronResearch 1m Citron readers know we have long been fans of $NVDA,but now the mkt is disregarding headwinds. In 2017 we will see $NVDA head back to $90', 'Technical Alert: Nvidia Corp Looks To Extend Ten Day Win Streak', 'CES 2017 Will Effectively Be A Car Show: A Look At Key Themes', '5 Biggest Price Target Changes For Wednesday', 'NVIDIA Has Significant Room For Further Gains', ""15 Stocks Moving In Wednesday's Pre-Market Session"", 'Nvidia +2.3% Premarket @$120']",22
NVDA,2016-12-29,"[""Jim Strugger's Hedging Strategy In NVIDIA"", ""Don't Be Surprised If NVIDIA Closes Higher Today"", '12 Biggest Mid-Day Losers For Thursday', ""Tesla's Stock Under Selling Pressure"", 'Mid-Day Market Update: Prima BioMed Climbs Following Positive IMP321 Data; Interpace Diagnostics Shares Slide', 'Mid-Morning Market Update: Markets Mostly Flat; Jobless Claims Drop To 265,000', 'The Market In 5 Minutes: Jobless Claims Fall', ""15 Stocks Moving In Thursday's Pre-Market Session"", 'Nvidia -4% Premarket @$104.97']",9
NVDA,2016-12-30,"[""January Will Feature Some Of The Market's Most Influential Events"", 'More Profit-Taking In NVIDIA After Recent Volatility', ""NVIDIA To 'Shine' With Smart Autos At CES"", 'Nvidia +1.4% Premarket @$113.00']",4
NVDA,2017-01-02,"[""The Bear Cases For Wall Street's Darlings"", ""A Sampling Of Citron's Most Influential Tweets""]",2
NVDA,2017-01-03,"[""9 Companies With Nvidia's Consistency In Delivering Upside To EPS Estimates"", 'Technical Alert: Nvidia Corp Hovering Over Major Support']",2
NVDA,2017-01-04,['Why A Pullback Is Just What Nvidia Needed'],1
NVDA,2017-01-05,"['Execs Giving CES Keynote Speeches Could Create Volatility For Shareholders', 'Technical Alert: Nvidia Corp Lower', 'Nvidia At CES: 3 Big Announcements Leave Investors With 5 Major Questions', ""NVIDIA Shares Saw Overnight Action, Moved Higher Potentially On the Heels of Wed.'s CES Keynote by Jen-Hsun Huang; Shares Now Largely Unaffected; Watch for Volatility in Other CES Keynote Names"", 'HERE, Nvidia Partner on AI technology for HD Mapping from Cloud to Car']",5
NVDA,2017-01-06,"[""Citron's Andrew Left Currently Speaking on CNBC"", '17 More Financial Twitter Names To Follow In 2017', ""NVIDIA CEO's Keynote At CES Exceeded Expectations"", 'Jim Cramer Gives His Opinion On Mobileye And Blackstone']",4
NVDA,2017-01-09,"['Here Are The Brands Investors Were Buying And Selling In December', 'Investor Movement Index (IMX) for December 2016', '7 Biggest Price Target Changes For Monday', ""Oppenheimer's Takeaways From Meeting With The NVIDIA CFO At CES"", 'This Tech Analyst Loves Cybersecurity Stocks in 2017', 'Nvidia And The Self-Driving Auto: Competition Is Good For Investors', 'KeyBanc Names CES Auto Winners']",7
NVDA,2017-01-10,"['Nearly 200 S&P 500 Stocks Are Now In Correction Territory', ""Traders Passing Around The Information Article Published ~4 Hours Ago 'CES Proves Carmakers Still Confused About Autonomous'; Traders Mentioning NVIDIA""]",2
NVDA,2017-01-11,"['If Lendingtree Continues To Deliver, A Major Short Squeeze Could Be On The Horizon', 'Option Alert: Nvidia Feb $110 Call; 3000 @Bid @$5.98', 'Top 10 S&P Stocks Of The Obama Presidency', 'Shining Semiconductor ETFs']",4
NVDA,2017-01-13,"['In Honor Of Friday The 13th, Here Are Some Of The Unluckiest Trades Of 2016']",1
NVDA,2017-01-18,"[""Nvidia's Machine Learning Business Seems Very Strong""]",1
NVDA,2017-01-19,"['CEO Huang Registers 125,002 Shares of NVIDIA -Form 144', 'IBM Kicks Off The Big Tech Earnings Season']",2
NVDA,2017-01-23,['Todd Gordon Is Bullish On Netflix And NVIDIA'],1
NVDA,2017-01-24,['Old Tech Vs. New Tech: Which Will Be Better Investments For 2017?'],1
NVDA,2017-01-27,"[""Benzinga's Option Alert Recap From January 27"", 'Option Alert: Nvidia Feb 3 $109 Put Sweep; 2786 @Bid @$1.027; Ref=$111.61']",2
NVDA,2017-01-31,"['AMD Shares Down 3% Following Earnings, Guidance; NVIDIA Shares Down 1%']",1
NVDA,2017-02-03,"[""Benzinga's Top Upgrades, Downgrades For February 3, 2017""]",1
NVDA,2017-02-05,"[""Barron's Picks And Pans: Chipotle, Snap, AMD And More""]",1
NVDA,2017-02-06,"['Advanced Micro Devices Continues To Rip On Potential Intel Deal', '7 Biggest Price Target Changes For Monday', ""Benzinga's Top Upgrades, Downgrades For February 6, 2017"", 'Roth Capital Downgrades NVIDIA To Neutral']",4
NVDA,2017-02-07,"['Apple, NVIDIA Near All Time-Highs As Microsoft Remains Under Pressure', 'Jim Cramer: NVIDIA Will Prove Its Worth', 'A NVIDIA Q4 Earnings Preview: Upside Should Come From EPS Growth', 'Pacific Crest Out Positive On NVIDIA Data Center Sales, Says Should Be Lifted Higher From Amazon and Google Orders']",4
NVDA,2017-02-08,"['Q4 2017 Real-Time Call Brief', 'Arista Networks Pops to High of $96.50 on Volume', 'M Science Out Negative On Nvidia']",3
NVDA,2017-02-09,"['NVIDIA Beats Q4 Estimates, Sales Up 55%', 'Nvidia Sees FY18 Revenue $1.9B vs $1.88B', 'NVIDIA Reports Q4 Adj. EPS $1.13 May Not Compare to $0.83 Est., Sales $2.17B vs $2.11B ESt.', ""2 Surprise Standouts From TD Ameritrade's January IMX"", 'A Technical Look At NVIDIA', 'NVIDIA Option Activity Implies A 12.8% Move Post Earnings', 'A Peek Into The Markets: U.S. Stock Futures Rise; Twitter Sales Miss Views', '12 Stocks To Watch For February 9, 2017', 'Earnings Scheduled For February 9, 2017']",9
NVDA,2017-02-10,"['Mid-Afternoon Market Update: Dow Gains Over 100 Points; Ubiquiti Networks Shares Drop On Downbeat Earnings', ""It's Hip To Be Square? Huey Lewis Suggests An Investing Strategy That's Nothing Fancy"", 'Nvidia Remains One Of The Most Exciting Growth Stories In Tech', 'Mid-Day Market Update: Infinera Surges On Earnings Beat; ChannelAdvisor Shares Plunge', ""Jim Cramer Thinks Nvidia Remains A 'Frighteningly Positive Story'"", ""The Positive And Negative Surprises In Nvidia's Q4 Conference Call"", 'Pacific Crest OUt Negative on NVIDIA, Management Calling Around Talking Down Q2 Numbers Saying Gaming Unlikely To Grow QoQ, Saying Possibly Pause In Data Center Segment', 'Wild Ride In NVIDIA After Q4 Beat', 'Has Nvidia Reached Peak Market Share?', 'Mid-Morning Market Update: Markets Open Higher; NVIDIA Beats Q4 Views', ""The Market In 5 Minutes: Following Ruling Against Immigration Ban, Trump Says 'See You In Court'"", ""30 Stocks Moving In Friday's Pre-Market Session"", 'A Peek Into The Markets: U.S. Stock Futures Rise; Crude Oil Up Over 1%', 'GM, Intel, NVIDIA, Viacom: Fast Money Picks For February 10', 'Keep an Eye on These 10 Stocks for February 10, 2017']",15
NVDA,2017-02-13,"['Nvidia Has Beat The Street In Every Quarter Since 2011; How Do Rivals Measure Up?', ""Traders Attributing Recent Volatility In NVIDIA To Intel's Announcement of New FPGA For Industrial, Automotive Markets"", 'The Consensus On NVIDIA Is Still Pretty Positive']",3
NVDA,2017-02-14,"[""Paul Singer's Latest 13F Shows Big Changes In Apple, Western Digital"", ""5 Misguided Valentine's Day Gifts For Stock Traders""]",2
NVDA,2017-02-16,"[""Who's The Boss? It Could Be This New ETF""]",1
NVDA,2017-02-22,"['NVIDIA Falls Following Nomura Downgrade, Analyst Concerned About Slowdown In Gaming', 'Nomura Downgrades NVIDIA to Reduce, Announces $90.00 Target']",2
NVDA,2017-02-23,"[""Double Downgrade Sinks Nvidia's Stock"", ""Nvidia: Know The Difference Between 'Highly Valued' And 'Overvalued'"", 'As Nvidia Catches A Pair Of Downgrades, Attention Turns To AMD', '8 Biggest Price Target Changes For Thursday', ""Andrew Left on NVIDIA, Tells Benzinga 'as Good of a Company as NVIDIA is, the Underlying Business Couldn't Keep Up with the Stock Price'"", ""Nvidia Shares Down 7.43% After Downgrades From BMO, Nomura; Tigress Analyst Ivan Feinseth Tells Benzinga Nvidia Shares Are 'Highly Valued' Not 'Overvalued,' Fundamentals Remain Strong"", 'Nvidia Shares Are Overvalued At Current Levels', ""Benzinga's Top Upgrades, Downgrades For February 23, 2017"", 'The Hottest Stock Of 2016 No Longer A Buy For This Analyst', 'The Market In 5 Minutes', ""22 Stocks Moving In Thursday's Pre-Market Session"", 'Nomura Downgrades NVIDIA To Reduce, Lowers Price Target To $90', 'A Peek Into The Markets: U.S. Stock Futures Edge Higher Ahead Of Economic Data', 'BMO Capital Downgrades NVIDIA to Underperform, Lowers Target to $85.00', 'Applied Materials, L Brands, NVIDIA: Fast Money Picks For February 23']",15
NVDA,2017-02-24,"[""Citron's Andrew Left Explains His Latest Trades"", 'Nvidia, Advanced Micro Devices To Present At 2017 Game Developers Conference', 'Why Mobileye, Not Nvidia, Is Ripe For Short Sellers', ""UPDATE: Citron Report Says 'Do Not Listen to Citron. Just Follow the Insider Sales to Understand the Validity of the Trade!'"", ""UPDATE: Citron's Andrew Left Issues New Note: Says Closing Short in NVIDIA, Transferring Short to Mobileye"", ""Citron Research Tweets 'Updating our $NVDA call....switching focus to $MBLY Ridiculous comparison We expect $MBLY to trade short term $35. Insiders tell the story'"", 'The Market In 5 Minutes']",7
NVDA,2017-02-26,"[""What's Next For Nvidia?""]",1
NVDA,2017-02-27,"['The Market In 5 Minutes', '2017 Game Developers Conference Begins Today; Advanced Micro Devices And Nvidia Attending']",2
NVDA,2017-02-28,"['2017 Game Developers Conference Continues Today, Day 2 Of 5']",1
NVDA,2017-03-01,"['GeForce Awakens: Nvidia Just Launched its Newest Graphics Card', 'Nomura Stands By Nvidia Downgrade, Recommends More Defensive Names', 'With The Mobile Industry Upgrading To 5G, Buy Cavium', '2017 Game Developers Conference Continues Today, Nintendo To Present', 'NVIDIA Announces Fastest Gaming GPU Ever']",5
NVDA,2017-03-02,"['Seeing Notable Block Trade In Nvidia; 1M Shares At $100.40', 'Bank Of America: AMD, Cavium And Cypress Could All See 50% Upside', 'Game Developers Conference Continues Today, Day 4 Of 5']",3
NVDA,2017-03-03,['Game Developers Conference Concludes Today'],1
NVDA,2017-03-06,"[""Benzinga's Option Alert Recap From March 6"", 'NVIDIA Shares Spiking To High Of $97.71', 'Option Alert: NVIDIA May $90 Puts at the Ask: Volume of 752 at $4.30 vs Open Interest of 734']",3
NVDA,2017-03-07,"['9 Stocks That Retail Investors Loved in February', 'Can Nvidia Fend Off Competition From Intel And Advanced Micro Devices?']",2
NVDA,2017-03-09,"['NVIDIA Shares Spiking Higher, The Tech Report Announced Positive Review Of GTX 1080 TI Graphics Card']",1
NVDA,2017-03-10,"['Mobileye, NVIDIA, NXP Semi Shares Quiet Amid Report NIO Has Said Will Have Autonomous Electric Vehicles in US Market in 2020, Wants to Partner with Mobileye, NVIDIA, NXP']",1
NVDA,2017-03-13,"[""Citron's Andrew Left On CNBC Says It's Hard To Gauge Whether NVIDIA Is A Outlier, Says Co. Priced Perfectly Right Here"", ""Gadfly's Ovide: Intel Is Spending Money 'Like It's 1999'"", ""Intel Inherits Mobileye's Problems"", 'Semiconductor Advisors Breaks Down The Intel-Mobileye Deal', 'Taiwan Semiconductor Manufacturing Receives Orders for HPC Chips from Nvidia, Qualcomm -DigiTimes']",5
NVDA,2017-03-14,"[""Intel May Have Just 'Burned' $15 Billion On Mobileye""]",1
NVDA,2017-03-15,"['Bosch Reports AI Self-Driving Computer with NVIDIA', 'Nividia to Supply Bosch with Chip for AI Computer for Car -DJ']",2
NVDA,2017-03-16,"[""NVIDIA On Blog Post, Says It's Working With Truckmaker PACCAR On Self-Driving Tech"", 'Loop Capital\'s ""Loop Around The Valley"" Semiconductor Conference Takes Place Today, Attendees Include Cypress Semiconductor, Broadcom, Nvidia, Cavium, & Maxim Integrated Products']",2
NVDA,2017-03-17,"['M Science Negative on NVIDIA', ""Nvidia's Busy Week In Self-Driving Deals""]",2
NVDA,2017-03-20,"[""Benzinga's Option Alert Recap From March 20"", 'Option Alert: Nvidia Apr 28 101 Put; 4876 @Bid @$1.45; Ref=$109.01', 'These Trends Bode Well For Nvidia, Microsoft']",3
NVDA,2017-03-21,['Watch These 8 Huge Put Purchases In Tuesday Trade'],1
NVDA,2017-03-22,['Traders Circulating Unconfirmed Takeout Chatter On Nvidia'],1
NVDA,2017-03-23,"['Weakening Demand Could Pitch AMD, Nvidia And Intel Into Price War', 'Digitimes Reporting Nvidia Dropping Prices On GPUs Due To Weak Demand', 'Pete Najarian And Guy Adami Share Their Thoughts On Nvidia And Alphabet']",3
NVDA,2017-03-24,"['The New Reality Of Video Games', 'Tencent Cloud To Use NVIDIA Tesla for AI Cloud Computing']",2
NVDA,2017-03-30,['Guy Adami And Pete Najarian Share Their Thoughts On Nvidia And Allergan'],1
NVDA,2017-03-31,['Macquarie Initiates Coverage On NVIDIA at Neutral'],1
NVDA,2017-04-03,"[""Tesla Rips Following Unit Figures Release; Morgan Stanley's Subsequent Commentary Focuses On Safety""]",1
NVDA,2017-04-04,"['15 Biggest Mid-Day Losers For Tuesday', 'NVIDIA Sharply Lower After Downgrade', ""Benzinga's Top Upgrades, Downgrades For April 4, 2017"", 'The Market In 5 Minutes', ""25 Stocks Moving In Tuesday's Pre-Market Session"", 'Pacific Crest Downgrades NVIDIA To Underweight']",6
NVDA,2017-04-05,"[""Citi Says Concerns Related To NVIDIA And Gaming Market Are 'Misleading'"", 'Citi Defending NVIDIA, Says Sell Side Gaming Market Saturation Concerns On Stock Both Near-Term and Misleading']",2
NVDA,2017-04-06,"['Goldman Starts Advanced Micro Devices At Sell, Sees 20% Downside', 'The Market In 5 Minutes']",2
NVDA,2017-04-07,"[""What One Analyst Thinks Will Get Nvidia's Stock Going Again""]",1
NVDA,2017-04-09,"[""Benzinga's Top Picks Of The Week: Disney, Netflix, BlackBerry And More""]",1
NVDA,2017-04-10,"['During A Bullish March, These Were The Stocks That Were Net Buys Among Retail Investors', 'Investor Movement Index (IMX) for March 2017', ""Morgan Stanley Out Positive On NVIDIA, Says Concerns Revolving The Company's Core Gaming Business And Advises A Tactical Long Into May Analyst Day & Earnings"", 'A Bearish Nvidia Options Trade']",4
NVDA,2017-04-12,['NVIDIA Shares Indicated ~$0.08 Higher Premarket; Goldman Late Tuesday Evening Reiterated a Conviction Buy Rating and $130 Price Target on Stock'],1
NVDA,2017-04-17,"[""Nvidia-Google Blog Beef: Here's What You Need To Know""]",1
NVDA,2017-05-01,"[""Gearing Up For Nvidia's Q1 Earnings: A Technical Take""]",1
NVDA,2017-05-02,"['Semi Stocks Relatively Unaffected Amid Trader Circulation of Report Intel May Be Ramping 3D NAND Supply in China', ""Analyst On Advanced Micro Devices: 'Margins Not Ryzen'"", ""Analyst Says Nvidia Is A Strong Play For The 'Post-Smartphone Era'""]",3
NVDA,2017-05-03,['Earnings Preview: What Might Be Expected When FB Reports?'],1
NVDA,2017-05-08,"['Signs The Desktop GPU Market Is Oversaturated Keep Analyst Underweight On Nvidia', 'Earnings Preview: NVDA Reports First-Quarter Results Tomorrow', 'Sentiment Remains Soft On Nvidia', ""Benzinga's Bulls And Bears For The Past Week: Semiconductors And Warren Buffett"", ""GPU Technology Conference Begins Today; Attendees Include Nvidia, Alibaba, Microsoft, Facebook, Baidu, Alphabet, Lockheed Martin, And Disney's Pixar""]",5
NVDA,2017-05-09,"[""Benzinga's Option Alert Recap From May 9"", 'Nvidia Soars After Big Q1 Beat', 'NVIDIA Shares Up ~10% At $113 Following Q1 Earnings Release', 'NVIDIA Sees Q2 Sales $1.95B +/- 2% vs $1.89B Est.', 'NVIDIA Reports Q1 Adj. EPS $0.85 vs $0.67 Est., Sales $1.94B vs $1.91B Est.', 'All The Ratings And Price Targets On Nvidia Ahead Of Q1 Earnings', 'Nvidia Higher Ahead Of Q1 Report', 'Option Alert: Nvidia May 12th 120 Calls: 5610 @ Above Ask! $0.27: 6681 traded vs 4201 OI: Earnings today After Close $103.97 Ref', 'GPU Technology Conference Continues Today, Day 2 Of 4', '12 Stocks To Watch For May 9, 2017', 'Earnings Scheduled For May 9, 2017']",11
NVDA,2017-05-10,"['Mid-Afternoon Market Update: Dow Falls 50 Points; Fossil Shares Slide After Disappointing Results', ""Bull & Bear Takeaways From Nvidia's Q1 Beat"", '20 Biggest Mid-Day Gainers For Wednesday', 'Mid-Day Market Update: Crude Oil Down 3%; Proteon Therapeutics Shares Spike Higher', 'Analyst Not Budging On Bearish Nvidia Thesis', 'Nvidia Up 13% After Q1 Beat', 'Mid-Morning Market Update: Markets Open Lower; NVIDIA Beats Q1 Estimates', 'Nvidia Looks Like The Primary Beneficiary Of A Shift In The Computing Business Model', '5 Biggest Price Target Changes For Wednesday', ""25 Stocks Moving In Wednesday's Pre-Market Session"", 'GPU Technology Conference Continues Today, Day 3 Of 4', 'A Peek Into The Markets: U.S. Stock Futures Signal Lower Start On Wall Street', '12 Stocks To Watch For May 10, 2017', 'Watch These 8 Huge Call Purchases In Wednesday Trade']",14
NVDA,2017-05-11,"['Vetr Downgrades Nvidia After Big Earnings Beat', ""6 Key Themes From Nvidia's Q1"", 'Deutsche Bank AutoTech Conference Takes Place Today; Attendees Include Ford, Intel, Delphi, Nvidia, ON Semiconductor, & Maxim Integrated Products', 'GPU Technology Conference Concludes Today', 'Taiwan Semiconductor Obtains 12nm Chip Orders from Nvidia Silicon Motion Technology -DigiTimes']",5
NVDA,2017-05-12,"['Sympathy Moves, Explained: Unsympathetic Earnings Season Continues As Nvidia, Advanced Micro Devices Diverge', ""4 Big Takeaways From Nvidia's Sell-Side Meeting"", '5 Biggest Price Target Changes For Friday']",3
NVDA,2017-05-13,"['Private Label VR Enters The Wild West Of Virtual Reality Gaming', ""Here's What You Missed From Nvidia's Analyst Day""]",2
NVDA,2017-05-16,"[""Alphabet Soup, Revisited: 'FAANG,' Not 'FAANGSTN'"", ""Marc Chaikin's Bullish Thesis On 3 Small-Cap Tech Stocks"", 'Advanced Micro Devices Sharply Higher Amid Intel Chatter, Analyst Day', 'Intel Has Reportedly Ditched Nvidia For Advanced Micro Devices', ""Intel Has Reportedly Licensed AMD's Graphics Due To Nvidia Licensing Agreement Expiration, Neither Company Has Confirmed""]",5
NVDA,2017-05-17,"[""A Few Key Takeaways From AMD's Biannual Analyst Meeting"", 'The Market In 5 Minutes', ""AMD Downgraded, Analyst Thinks Intel Deal Is 'Unlikely'""]",3
NVDA,2017-05-18,"['A Sumptuous Semiconductor ETF', ""Nvidia Will Maintain 'Dominant Market Share' Thanks To New Volta Chip"", '10 Industries That Could Be Impacted by Driverless Cars', ""The Sell-Side View On Advanced Micro Devices' Analyst Day"", 'The Top 11 Analysts On TipRanks And What They Cover']",5
NVDA,2017-05-19,"['15 Biggest Mid-Day Gainers For Friday', ""Bernstein Starts Nvidia At Outperform, Long-Term Opportunity 'May Still Be Underestimated'"", ""Benzinga's Top Upgrades, Downgrades For May 19, 2017"", 'Bernstein Initiates Coverage On NVIDIA with Outperform Rating, Announces $165.00 Price Target']",4
NVDA,2017-05-21,"[""Mike Khouw's NVIDIA Options Trade""]",1
NVDA,2017-05-22,"['Breaking Down The Reasons An Advanced Micro Devices Deal With Intel Not Likely To Happen', ""How The Top Institutional Investors Are Handling 2017's Most Popular Stocks"", ""Benzinga's Bulls And Bears For The Past Week: Retail And Technology""]",3
NVDA,2017-05-23,"[""Companies Holding Annual Meetings Today Include Waste Connections, Eastman Kodak, Alarm.com, Amyris, Achillion Pharma, GNC, Amazon, Nokia, Merck, Nvidia, Pinnacle Foods, Wendy's, & Xerox""]",1
NVDA,2017-05-24,"[""AMD CEO Puts Rumors To Rest: 'We're Not Looking At Enabling A Competitor To Compete With Our Products'"", 'The Market In 5 Minutes', ""25 Stocks Moving In Wednesday's Pre-Market Session"", 'Nvidia Keeps Running After SoftBank Acquires 4% Stake', 'Nvidia +2.6% Premarket @$140.70 Following Report of $5B Softbank Stake', 'SoftBank Acquires $4B Stake in Nvidia -Bloomberg']",6
NVDA,2017-05-25,"[""A Look At Nvidia's Largest Shareholders And What Their Presence Means""]",1
NVDA,2017-05-26,"[""NVIDIA Shares Spike to Session Highs Amid Report Softbank is Considering Boosting Stake in Co. 'Over Time'""]",1
NVDA,2017-06-01,"[""Citron's Andrew Left Makes A Bold Claim: BlackBerry Could Be The Next NVIDIA""]",1
NVDA,2017-06-02,"['Why Is Advanced Micro Devices Slashing Prices Of Ryzen 7 Chips?', ""Citron's Andrew Left Hits The Airwaves To Explain His Bullish BlackBerry Stance""]",2
NVDA,2017-06-04,"[""Benzinga's Bulls And Bears For The Past Week: McDonald's, Ford, BlackBerry And More""]",1
NVDA,2017-06-05,"['A Soaring Actively Managed Fund', 'UPDATE: AMD Shares Up 2%, NVIDIA Up 0.9%, Intel Up 0.2% Amid Fudzilla Report; BZ NOTE: Publication is Same Source Which Recently Reported Deal Which Failed to Materialize: Intel Dropped NVIDIA for AMD; Watch for Profit Taking in Semi Stocks', ""Semi Stocks Spike Higher Just After Open as Traders Circulating Fudzilla Report Suggesting Sources 'Very Confident' Order for Intel Chips Integrated with Radeon Graphics is from Apple"", 'Nvidia Says on June 2 Entered into Agreement With Goldman Sachs to Terminate Remaining 11.5M Outstanding Warrants to Purchase Shares of Nvidia Common Stock -8-K']",4
NVDA,2017-06-06,"['BlackBerry Shares Recently Turn Positive, Now Up 0.7% for Session as Traders Circulating Rumor Co. Working Directly with NVIDIA for Integration Into Drive PX2, Diveworks']",1
NVDA,2017-06-08,"[""Guide to Investing in Robotics Stocks: What's the Future in Automation?"", 'After Two Quiet Days, The Nvidia Rally Continues', 'The Bull Case For Nvidia: $300 Per Share?', 'Zacks Market Edge Highlights: Blackberry, Snapchat, Facebook, NVIDIA and Tesla']",4
NVDA,2017-06-09,"[""Here's Why Tech Stocks Fell Today"", 'Shorts Attack NVDA, TSLA and RLGT', ""Left Doubles Down On Nvidia Call: Don't Gamble, Stock Got Away Ahead Itself"", ""Citron's Andrew Left Hammers Nvidia (NVDA), Shares Dip"", 'NVIDIA Shares Continue Lower, At Session Lows With Rest Of Stock Market Despite RBC Raising Price Target On Stock From $150 To $175 In Mid-Day Note', ""Citron's Andrew Left, When Asked If He would Be A Buyer Of NVIDIA Shares At $130, Responds 'I'd Like To See The Next Quarter First...'"", ""Andrew Left Currently On CNBC Discussing NVIDIA: Says Feels 'Market Overreacting A Bit,' Referring To Recent Upside In Stock"", 'Why Bank Of America Says You Should Stay Bullish On Semi Stocks', ""Citron's Andrew Left: Move Your Money From Nvidia To Google"", ""Scott Wapner Tweets: JUST IN: Citron's Andrew Left just threw shade on $NVDA (again). He'll join @HalftimeReport for a debate on the stock. Big pushback coming"", ""Citron Research Issues Report 'NVIDIA To Trade Back To $130' On Website"", ""Why Nvidia's Strategy Hints At A 'Fast-Rising' Stock Price"", ""20 Stocks Moving In Friday's Pre-Market Session""]",13
NVDA,2017-06-12,"[""Here's Why Apple (AAPL) Stock Is Falling Again Today"", 'Tech Sector Set To Lead Stocks Lower Again', 'Intel, And Other Winners From Seasonal Strength In iPhones And Internet Of Things', ""Benzinga's Bulls And Bears For The Past Week: Apple, Best Buy, Tesla And More""]",4
NVDA,2017-06-13,"['Despite A Hard Loss, Nvidia Is Still Winning', ""NVIDIA Shares Up 2.4% Premarket Despite No News; After Falling 10% On Friday Amid Tech Weakness And A Short Call From Citron's Andrew Left, Shares Rebounded Off $143 Level Monday"", ""NVIDIA Partners with Activision and Bungie to Bring 'Destiny 2' to PC""]",3
NVDA,2017-06-14,"['Is Nvidia Really A Casino Stock?', 'Goldman Lifts Earnings Estimates For Nvidia Due To Nintendo Switch Demand', 'Intel (INTC) Unveils Games & Announces Partnerships at E3', 'Intel (INTC) Unveils Games & Announces Partnerships at E3', '7 Biggest Price Target Changes For Wednesday', 'Your Guide To Trading The Autonomous Vehicle Theme', ""Loup Ventures' Gene Munster, In Benzinga Interview, Says He Likes Nvidia Among Chip-makers; Munster says 'I think it is going to be difficult to displace them,' Compares Co. To Intel In 1985"", ""Analyst Calls Out Nvidia's 'Astronomical' Valuation, Sees 42% Downside"", 'Why Is NVIDIA (NVDA) Up 22.9% Since the Last Earnings Report?']",9
NVDA,2017-06-15,['Bull of the Day: Radiant Logistics (RLGT)'],1
NVDA,2017-06-16,"['China-Focused Fund Manager Fang Zheng Makes Big Moves in Tesla; Nvidia; Alibaba', 'Raymond James Reinstates Outperform on NVIDIA, Announces $175.00', 'Boeing, Mattel, Monsanto, Nvidia: Fast Money Picks For June 16']",3
NVDA,2017-06-19,['Assessing An Active Momentum ETF'],1
NVDA,2017-06-20,"[""One Of Nvidia's Biggest Bears Has Changed His Mind"", 'Despite Sustainability Concerns, Analyst Getting Positive On Nvidia And AMD Fundamentals', ""Benzinga's Top Upgrades, Downgrades For June 20, 2017"", 'The Market In 5 Minutes', 'A Peek Into The Markets: U.S. Stock Futures Edge Higher Ahead Of Fed Speakers', 'Pacific Crest Upgrades NVIDIA to Sector Weight']",6
NVDA,2017-06-21,"[""Credit Suisse Previews Blackberry's Q1 Earnings"", 'Seeing Interest In Chip Stocks Earlier Wednesday: AMD Shares Indicated Up 5.6% Premarket, NVIDIA Up 0.4%, Intel Shares Down 1.4%, TI Unch', 'Non-Horrible Bosses: Meet The Best CEOs Of 2017']",3
NVDA,2017-06-22,"[""Hello, Mr. Chips: A Look At AMD's Wild Year""]",1
NVDA,2017-06-23,['NVIDIA vs. Texas Instruments: Which Stock is Better Now?'],1
NVDA,2017-06-26,"[""'Dr Doom': Even If The Dow Goes To 100,000, It Will 'End Very Badly' For Investors"", 'A Momentum ETF Tries To Keep Its Edge', 'The Week In Chip Stocks: AMD, Intel And More']",3
NVDA,2017-06-27,"['CNBC Now Tweets: BREAKING: Nvidia to launch graphics cards specifically designed for digital currency mining cnbc.com/id/104554373', 'Nvidia-Volkswagen Relationship Deepens As Deluge Of Autonomous Car News Continues', 'Weakness in NVIDIA Being Attributed To T.Rowe Comments ON CNBC Calling The Stock Too Expensive', 'Volvo, Autoliv Team up with NVIDIA on Developing AI for Self-driving Cars']",4
NVDA,2017-06-28,"['Chips And Cryptocurrencies: A Match Made In Tech Heaven?', 'Autoliv & Volvo Partner With NVIDIA for Self-Driving Cars', ""Toshiba's Chips Are Past Their Sell-By Date, And Investors Are Buying American"", 'Semi Stocks Moving Higher Wed. Morning, Potentially Amid Several News Items: Toshiba Suit Of Western Digital, Toshiba Missing Deadline For Sale Of Chip Unit; Cypress Semi Shares Up 3.9%, AMD Up 1.9%, NVIDIA Up 1.8%, Micron Up 1.1%']",4
NVDA,2017-07-05,"['How Have The Best And Worst Stocks Of 2016 Performed In 2017?', ""Baidu Is Partnering With Nvidia To 'Accelerate' Artificial Intelligence"", 'NVIDIA, Baidu Report Partnership to Accelerate AI; Collaboration to Power AI in Cloud Data Centers, Self-Driving Cars and the Home', 'Baidu Announces Alliance with 50+ Partners, Including NVIDIA, Microsoft Cloud, to Accelerate the Adoption of Autonomous Driving']",4
NVDA,2017-07-06,"['AMD Has A Golden Opportunity To Gain CPU Share From Intel', 'Nvidia Shares Remain Under-Owned']",2
NVDA,2017-07-07,"['Alphabet, Avis, Nvidia: Fast Money Picks For July 7', ""Todd Gordon's Bullish Nvidia Trade""]",2
NVDA,2017-07-10,"['Nvidia Could Make Nearly $2 Billion In 2 Years From Toyota Self-Driving Car Deal', 'Semiconductors Are Leading To Another Tectonic Shift In Computing: Which Players Will Be Beneficiaries?', 'Nvidia, Baidu And AI', 'Chip Stocks On the Move: AMD, Nvidia, Xilinx, Rambus And More', 'Jefferies Maintains Buy Rating on Nvidia; Raises PT To $180 from $140']",5
NVDA,2017-07-11,"['Semiconductor Companies Expected To Fuel Growth In Tech Sector Earnings This Quarter', ""AMD's RX Vega Vs. Nvidia's GTX1080: The Great Rivalry Heats Up""]",2
NVDA,2017-07-12,"['Nvidia Has A Massive Market Opportunity; SunTrust Upgrades To Buy', ""Benzinga's Top Upgrades, Downgrades For July 12, 2017"", 'The Market In 5 Minutes', 'Encouraging Signs For Semiconductor ETFs', 'A Peek Into The Markets: U.S. Stock Futures Gain; Yellen Testimony In Focus', 'Jim Cramer Shares His Thoughts On Nvidia, Sirius XM, Chevron And TransUnion', 'SunTrust Robinson Humphrey Upgrades NVIDIA to Buy']",7
NVDA,2017-07-13,"['Recapping The Semicon West Trade Show: Winners And Losers', 'Nvidia Higher For Seventh Day In A Row', 'Fast Money Traders Share Their Chip Picks']",3
NVDA,2017-07-17,"[""Benzinga's Option Alert Recap From July 17"", 'The Most Bought And Sold Stocks Of The First Half Of 2017, According To TD Ameritrade Clients', ""NVIDIA Shares Down ~$1.10 Over Last Min. As Traders Circulating Concerning Report From 'Guru Of 3D'"", 'Nvidia Option Alert: Fri $177.5 Calls Sweep (53) at the Bid: 1522 @ $0.538 vs 894 OI; Ref=$166.455']",4
NVDA,2017-07-18,"[""AMD Shares Volatile But Largely Unaffected As Traders Circulating Fudzilla Article Speculating 'The mid-range graphics card shortage...is probably at its end...'; BZ NOTE: Article Does Not Appear To Include Any New Information"", 'Watch These 5 Huge Call Purchases In Tuesday Trade']",2
NVDA,2017-07-19,"['Analyst: Nvidia, Western Digital Only Buys In Semi Space Given Current Industry Dynamics']",1
NVDA,2017-07-20,['Maxim Integrated Stock Reports Earnings Tonight: 50 Percent 12 Month Upside'],1
NVDA,2017-07-22,"[""Cramer's Plea To New Investors: Don't Just Listen To Me, Do Your Homework""]",1
NVDA,2017-07-25,"[""AMD Earnings Preview: A Look At What Might Be Expected For The Chipmakers' Q2 Results""]",1
NVDA,2017-07-27,"['Buckle Up: US House Panel Votes To Hasten Self-Driving Car Deployment', 'Reuters Tech News Tweets: JUST IN: House panel votes 54-0 to approve legislation to speed deployment of self-driving cars']",2
NVDA,2017-07-28,"[""Benzinga's Option Alert Recap From July 28"", 'Nvidia Option Alert: Jun 15 $135 Puts at the Bid: 600 @ $12.651 vs 12 OI; Ref=$163.1305']",2
NVDA,2017-07-31,"[""NVIDIA Shares Down 1% After Hours As Traders Circulate After-Hours Publication Of Seeking Alpha Article 'Nvidia: A Short Watch Is On'"", 'GeForce Countered: AMD Launches RX Vega Gaming GPU', 'Watch These 3 Huge Put Purchases In Monday Trade']",3
NVDA,2017-08-03,['Are The Semiconductor Stocks Topping?'],1
NVDA,2017-08-07,"['These Were The Most Bought And Sold Stocks In July', 'TD Ameritrade Investor Movement Index: Bullish Retail Investors Push IMX Above 7.0 For First Time', 'Last Week In The S&P 500: Russell Weakness Bleeds Into The High Caps']",3
NVDA,2017-08-08,"[""Concern About AMD's Dependence On Crypto Data Mining?"", ""Q2 Earnings: What's In Store For Nvidia Investors?"", 'Nvidia Option Alert: Mar 16 $150 Puts at the Bid: 1000 @ $12.401 vs 129 OI; Ref=$170.6725', 'Nvidia, Marriott, Verisign, Brazil: Fast Money Picks For August 8']",4
NVDA,2017-08-09,"['Nvidia Reports Q2 Earnings On Thursday After Market Close', 'Watch These 7 Huge Put Purchases In Wednesday Trade', 'Nvidia Takes 3% Stake in China Self-driving Startup Tusimple']",3
NVDA,2017-08-10,"['Nvidia Posts Big Q2 Earnings Beat', 'Nvidia Sees Q3 Sales $2.35B vs $2.13B Est.', 'NVIDIA Reports Q2 EPS $1.01 vs $0.70 Est., Sales $2.23B vs $1.96B Est.', 'Andrew Left Shorts Nvidia Ahead Of Earnings Release', ""NVIDIA Shares Down Nearly $1 Over Last Few Mins. On Heavy Volume, Citron Research's Andrew Left Says He Shorted Stock Into This Afternoon's Earnings Report"", 'How To Play Nvidia', 'Analysts Sentiment On Nvidia Ahead Of Q2 Earnings', 'An Easy-To-Use Cheat Sheet For Apple Suppliers', ""A Peek Into The Markets: U.S. Stock Futures Drop Ahead Of Macy's, Kohl's Earnings"", '10 Stocks To Watch For August 10, 2017', 'Earnings Scheduled For August 10, 2017']",11
NVDA,2017-08-11,"['18 Biggest Mid-Day Losers For Friday', ""Looking Beyond The Shiny Surface Of Nvidia's Big Q2 Beat"", ""Cryptocurrency Mining Drives Nvidia's Q2 Outperformance; Is This An Entry?"", '5 Biggest Price Target Changes For Friday', ""With Nvidia Down 13% This Week, Jefferies Says 'Buy On Weakness'"", 'The Market In 5 Minutes', ""22 Stocks Moving In Friday's Pre-Market Session"", 'A Peek Into The Markets: U.S. Stock Futures Decline Ahead Of Consumer Price Report', '7 Stocks To Watch For August 11, 2017']",9
NVDA,2017-08-14,"['AMD Unveils New Radeon RX Vega GPUs', 'Traders Have Been All Over These Tech ETFs', ""This Is The Nvidia Pullback You've Been Waiting For"", ""Analyst: Nvidia's Sell-Off Was Overdone, Time To Establish Or Add To A Position"", '5 Biggest Price Target Changes For Monday']",5
NVDA,2017-08-15,"[""Loop Capital 'Loop Around The Valley' Semiconductor Bus Tour Begins Today"", 'Bank Of America, Citigroup, Micron, Nvidia: Fast Money Picks For August 15']",2
NVDA,2017-08-16,"['For AMD Ryzen Chips, Will Gains In Mindshare Lead To Market Share?', ""Loop Capital 'Loop Around The Valley' Semiconductor Bus Tour Concludes Today""]",2
NVDA,2017-08-17,"[""Chowdhry: Betting Against Nvidia Is 'Insane' And Stupid"", 'Nvidia Now 3rd Largest IC Design Company, Behind Broadcom, Qualcomm -DigiTimes']",2
NVDA,2017-08-19,['Cramer Finds A Way To Explain Stock Diversification With Fantasy Football'],1
NVDA,2017-08-21,"['Nvidia, Intel Among Analyst Top Picks Following Semiconductor Conference', ""Cryptocurrency Mining: What It Is, How It Works And Who's Making Money Off It""]",2
NVDA,2017-08-24,"['Autonomous Car, Smart Home Opportunities Keep This Analyst Bullish On Nvidia']",1
NVDA,2017-08-29,"[""NVIDIA Shares Quiet As Global Equities Trip Chowdhry Says They See Walmart Going 'Full Steam' With Deep Neural Networks And Will Be Creating Its Own NVDA GPU Clusters On Walmart Cloud OneOps"", ""Credit Suisse Is 'Most Positive' On Micron Following Semiconductor Conference""]",2
NVDA,2017-08-30,"[""There's A Late Summer Souring On Semiconductor ETFs""]",1
NVDA,2017-08-31,"[""Benzinga's Option Alert Recap From August 31"", 'Steel Is For Real', 'Nvidia Option Alert: Nov 17 $145 Puts at the Ask: 1200 @ $3.65 vs 1188 OI; Ref=$168.69']",3
NVDA,2017-09-06,"[""Here's What Investors Were Buying And Selling In August"", 'Nvidia Leader in AI Chip Market -DigiTimes']",2
NVDA,2017-09-11,['AMD And Nvidia: How Vulnerable Are They To Cryptocurrency Concerns?'],1
NVDA,2017-09-12,"['Intel, NVIDIA, AMD Shares Unaffected Following News Out Of Apple Product Unveil Event The New iPhone 8 Will Have, For The First Time, An Apple-Designed Graphic Processing Unit']",1
NVDA,2017-09-13,"[""Benzinga's Option Alert Recap From September 13"", 'Nvidia Option Alert: Mar 16 $130 Calls at the Ask: 10000 @ $45.951 vs 8 OI; Ref=$170.7783', ""All The Stocks That Moved During Apple's Product Unveil Event""]",3
NVDA,2017-09-14,['Watch These 8 Huge Call Purchases In Thursday Trade'],1
NVDA,2017-09-15,"['All The Nvidia Launches Thus Far This Year', ""Benzinga's Option Alert Recap From September 15"", 'Mid-Afternoon Market Update: Dow Rises Over 50 Points; T2 Biosystems Shares Plummet', 'Mid-Day Market Update: Mirati Therapeutics Climbs Following Positive Sitravatinib Data; First Internet Bancorp Shares Slide', 'Nvidia Option Alert: Sep 29 $172.5 Puts at the Bid: 600 @ $2.0 vs 48 OI; Ref=$179.32', '5 Biggest Price Target Changes For Friday', ""Nvidia Is 'Building The Industry Standard' For AI; Analyst Lifts Price Target To $250""]",7
NVDA,2017-09-18,"['Vetr Crowd Downgrades Nvidia', ""Benzinga's Option Alert Recap From September 18"", 'Any Nice Chart Needs A Catalyst; Nvidia Has One', 'Nvidia Option Alert: Mar 16 $240 Calls at the Ask: 500 @ $7.1 vs 274 OI; Ref=$189.', ""Citron's Andrew Left, On CNBC, Says He's Not Currently Short NVIDIA"", 'Nvidia Option Alert: Jan 19 $185 Puts Above Ask!: 500 @ $15.901 vs 101 OI; Ref=$187.8033', 'All The Reasons Bank Of America Just Bumped Its Nvidia Price Target To $210', '5 Biggest Price Target Changes For Monday', 'Watch These 4 Huge Put Purchases In Monday Trade']",9
NVDA,2017-09-19,"['AMD, Marvell Gain Semiconductor Share In Q3', 'Fast Money Traders Share Their Picks In The Chip Space']",2
NVDA,2017-09-20,"['AMD Might Be Working With Tesla On An AI Chip', ""Benzinga's Option Alert Recap From September 20"", 'NVIDIA Shares Respond Lower, Down ~$1.20, Over Last Min. Following CNBC Report Tesla Working With AMD For Developing Of Its Own AI Chip For Self-Driving Cars', 'Nvidia Option Alert: Sep 29 $182.5 Puts Sweep (25) at the Ask: 549 @ $2.07 vs 513 OI; Ref=$186.461', ""Analyst: Tesla's Self-Driving Technology Is 'Exaggerated'""]",5
NVDA,2017-09-21,"['Mid-Day Market Update: Calgon Carbon Gains On Acquisition News; JAKKS Pacific Shares Drop', ""Tesla-AMD Partnership Likely A 'Modest' Negative For Nvidia, But Its Competitive Moat Still Substantial"", 'What A Possible AMD-Tesla Deal Means For Nvidia', ""RBC Analyst Comments On Implications For NVIDIA From Possible AMD/Tesla Deal: Deal 'will unlikely result in a single source dynamic (where Tesla only works with AMD)'""]",4
NVDA,2017-09-22,"[""AMD Sells Off As Tesla Rumor Cools Down; Analyst Calls Partnership 'Completely False'""]",1
NVDA,2017-09-25,"['When Bull Markets Die: What To Watch For, What Stocks Could Be The First To Get Hit', 'Nibbling At A Semiconductor ETF']",2
NVDA,2017-09-26,"[""Tesla Spokesperson Tells Benzinga, 'Tesla's policy is to always decline to comment on speculation' Following Report Co. Shifting From NVIDIA To Intel For Infotainment Needs"", 'Intel Shares Spiking Higher Amid Report Tesla Is Shifting From NVIDIA To Intel Related To Infotainment', ""Chinese OEMs Will Use Nvidia's HGX Reference Architecture For Data Centers"", 'NVIDIA Shares Higher Following Announcement that Chinese OEMs Will Use NVIDIA HGX Reference Architecture for Data Centers']",4
NVDA,2017-09-27,['Morgan Stanley Calls For 150% Upside In Ambarella'],1
NVDA,2017-09-28,"['AMD Vs. Cypress Vs. Cavium: Which Semi Has Biggest Potential Upside', 'A.I. Summit in San Francisco Concludes Today, Attendees Include Morgan Stanley, Johnson & Johnson, Bank of America, IBM, Nvidia, Microsoft, Amazon and Footlocker']",2
NVDA,2017-09-29,['5 Biggest Price Target Changes For Friday'],1
NVDA,2017-10-02,"['5 Biggest Price Target Changes For Monday', 'Tech Tempts, But Valuations Look High']",2
NVDA,2017-10-03,"[""AMD, Nvidia Among Bank Of America's 9 Top Picks In A Q3 Strong For Semis""]",1
NVDA,2017-10-05,"[""Benzinga's Option Alert Recap From October 5"", 'Tech Stock Roundup: MSFT, NVDA, TSLA, INTC and More', '14% Upside Seen For Nvidia Shares On PC Gaming, Bitcoin Mining Strength', 'Nvidia Option Alert: Jun 15 $180 Puts at the Bid: 900 @ $22.851 vs 882 OI; Ref=$180.67', 'Expect Nvidia, AMD To Ride Cryptocurrency Wave Into 2018']",5
NVDA,2017-10-09,"['Report: AMD Navi GPU Could Arrive By Next Year', 'Analysts More Positive On Nvidia, AMD Following Processor Conference', 'Are Options Traders Betting On A Big Move in NVIDIA?']",3
NVDA,2017-10-10,"[""Robotics Analyst: Nvidia's AI Developments Don't Change The Self-Driving Car Timeline"", ""Loup Venture's Austin Bohlig Tells Benzinga While Nvidia Has Slight Advantange In GPU space, 'AMD has made great progress...much more competitive today'"", ""Loup Ventures' Austin Bohlig Responds To Nvidia-DHL News, Tells Benzinga 'similar announcements made with strategics' Will Be Catalysts For NVDA, AMD Shares In Coming Years"", '4 Semiconductor Stocks Fund Managers Are Buying Most', 'What AI And Autonomous Driving Mean For Nvidia Investors', ""The Market In 5 Minutes: Nvidia's Drive, Russia And Cryptos, And Carbon Emission Limits"", ""American Airlines, Cypress Semi, Macy's, Nvidia: Fast Money Picks For October 10"", ""NVIDIA Issues Release Highlighting Deutsche Post DHL Group Has Selected Co.'s DRIVE PX For Autonomous Delivery Truck Fleet"", ""NVIDIA Unveils World's First AI Computer Aimed At Making Robotaxis A Reality""]",9
NVDA,2017-10-11,"['The Current Bull And Bear Case For Nvidia', ""The Market In 5 Minutes: Alibaba's Expansion, Uber's Warning""]",2
NVDA,2017-10-12,"['Nvidia Shares Make New 52-Week High $192.96', 'Nvidia Expands Lead In AI-Driven Vehicle Suppliers With New Products, New Partnerships', 'RBC Raises Price Target From $205 To $220, Says They Are Confident In Re-Acceleration In Data Center Spending, Sees Cont. Potential For EPS Upside Driven By DC and Gaming Both Near-Term And Long-Term', 'An ETF Levered To The Cryptocurrency Trade']",4
NVDA,2017-10-16,['Nvidia Seeing Strong Trends Heading Into Next Quarterly Print'],1
NVDA,2017-10-18,"[""Benzinga's Option Alert Recap From October 18"", 'Sizing Up Semiconductor ETFs For 2018', ""Consumer Reports Withholds Recommendation From Microsoft's Surface Book 2"", 'Nvidia Option Alert: Nov 3 $177.5 Puts Sweep (33) at the Ask: 759 @ $0.73 vs 625 OI; Ref=$194.63']",4
NVDA,2017-10-19,"[""Benzinga's Option Alert Recap From October 19"", 'Nvidia Option Alert: Oct 27 $207.5 Calls Sweep (48) at the Bid: 1274 @ $0.443 vs 535 OI; Ref=$193.45']",2
NVDA,2017-10-20,"['Fast Money Traders Share Their Picks: Cisco, Nvidia And More']",1
NVDA,2017-10-22,['A Benzinga HQ Exclusive: Ask Gene Munster Anything!'],1
NVDA,2017-10-23,"['AMD, Microchip Tech Among Q3 Semiconductor Favorites At Jefferies', ""Why This Analyst Boosted His Price Target 28% On 'Franchise Pick' Nvidia"", 'This AMD Bear Is No Less Bearish Ahead Of Q3 Earnings', '5 Biggest Price Target Changes For Monday']",4
NVDA,2017-10-24,"[""Robotics, AI Fund Thinks It's Found The 'New FAANG'""]",1
NVDA,2017-10-25,"[""SoftBank's Son Aims To Control 90% Of The Chip Market"", 'NVIDIA Shares Down 2% Over Last Few Moments, Not Seeing Any News To Justify Price Action', ""Stifel: AMD's Q3 Wasn't As Bad As It Seems, But Not As Good As Hoped""]",3
NVDA,2017-10-26,"['NVIDIA To Report Q3 Earnings On Thurs., Nov. 9 After Market Close', 'Tech Expert Sean Udall Predicts No Major Earnings Misses, Q4 Rotation', ""Nikkei Asian Review Reports NVIDIA CEO Huang Sees Fully Driverless Cars By 2021, But 'Has No Appetite For AI CHips For Mobile and Connected Devices'"", ""The Market In 5 Minutes: Twitter Beats Estimates, WSJ Goes After Morningstar's Rating System"", ""NVIDIA Announces Collaboration with Taiwan's Ministry of Science and Technology to Accelerate Taiwan AI Development""]",5
NVDA,2017-10-27,"['Apple, Nvidia, Western Digital: Fast Money Halftime Report Final Trades', 'Cramer Says The AMD Party Is Over, Calls Out Twitter Trolls']",2
NVDA,2017-10-30,"['Najarian Brothers See Unusual Options Activity In Melco, Pfizer, Nvidia and Abbvie']",1
NVDA,2017-10-31,['Apple-Qualcomm News Shakes These 7 Stocks'],1
NVDA,2017-11-06,"['The Week Ahead: Earnings Season Continues, Several IPOs, Notable Conferences On The Docket', 'An Intel Core Processor With Custom AMD Graphics Is Coming']",2
NVDA,2017-11-07,"['No One Compares To Intel In Global Semiconductor Market Share', ""What's Powering This Robotics ETF"", 'Does The AMD-Intel Chip Deal Really Matter For Nvidia?']",3
NVDA,2017-11-08,"['Expectations Mount For Nvidia; Analyst Raises Target To $190 Ahead Of Earnings', 'Nvidia Q3 Earnings Preview: A Tale Of Outstanding Fundamentals, Pricey Stock', 'Hearing Stifel Earlier Highlighted Negative Implications For NVIDIA Related To AMD Deal With Intel, AMD GPU Head Joining Intel; Said Intel Is Building A GPU, Parallel Processor To Compete Against NVIDIA', 'Deutsche Bank Maintains Hold on NVIDIA, Raises Price Target to $190.00']",4
NVDA,2017-11-09,"[""From NVIDIA Q3 Earnings Conference Call: Pres, CEO Jen-Hsun Huang Says Over Longer-Term Crypto Is Small For Co., 'But Not 0.' Mgmt. Believes Crypto Will Be Around For Sometime, At Level 'Kind Of Like [Crypto Is] Today"", ""10 Stocks Moving In Thursday's After-Hours Session"", 'Nvidia Raises Dividend From $0.14 To $0.15', 'Nvidia Reports Big Q3 Earnings Beat, Record Sales', 'NVIDIA Sees Q4 Sales $2.65B +/- 2% vs $2.43B Est., Adj. Gross Margins ~60% +/- 50 Bps', 'NVIDIA Reports Q3 Adj. EPS $1.33 vs $0.94 Est., Sales $2.64B vs $2.36B Est.', 'Sizing Up The Sizzle In Semiconductor ETFs', 'Nvidia Lower Heading Into Q3 Report', ""Why Cryptocurrency Investors Should Pay Attention To Nvidia's Earnings"", 'The Market In 5 Minutes: Adidas, Jobless Claims, And More', ""Here's What's Coming Up On PreMarket Prep For November 9"", 'A Peek Into The Markets: U.S. Stock Futures Down Ahead Of Earnings', '13 Stocks To Watch For November 9, 2017', 'Earnings Scheduled For November 9, 2017']",14
NVDA,2017-11-10,"[""What Wall Street Thinks Of Nvidia's Huge Quarter"", ""35 Stocks Moving In Friday's Mid-Day Session"", ""Tap Nvidia's Growth Story With These Tech ETFs"", 'Barclays Maintains Equal-Weight on NVIDIA, Raises Price Target to $225.00', ""Nvidia's Q3 Success Dampens Fear Of Gaming Growth Slowdown"", 'Bank of America Maintains Buy on NVIDIA, Raises Price Target to $251.00', ""Game On: Intel Is Targeting Nvidia And AMD's Market Share"", 'Nvidia Bears Still Exist: Wells Fargo Keeps Stock Rated Underperform', '5 Biggest Price Target Changes For Friday', 'BMO Capital Maintains Underperform on NVIDIA, Raises Price Target to $135.00', ""6 Technical Levels Discussed During Friday's PreMarket Prep"", ""Nvidia Is 'En Fuego,' Analyst Lifts Target Price To $225"", ""Benzinga's Top Upgrades, Downgrades For November 10, 2017"", 'The Market In 5 Minutes: Nvidia, Roku, Star Wars, And More', 'Loop Capital Maintains Buy on NVIDIA, Raises Price Target to $235.00', 'Morgan Stanley Maintains Equal-Weight on NVIDIA, Raises Price Target to $222.00', ""31 Stocks Moving In Friday's Pre-Market Session"", ""Here's What's Coming Up On PreMarket Prep For November 10"", 'Nomura Upgrades NVIDIA to Neutral', 'A Peek Into The Markets: U.S. Stock Futures Decline Ahead Of J C Penney Earnings', '7 Stocks To Watch For November 10, 2017']",21
NVDA,2017-11-13,"['Retail Investors Keep Buying This Market', 'AMD Has More To Lose Than Nvidia Should Bitcoin Mining Hardware Sales Decline', 'Long-Time Nvidia Bear Upgrades Stock, Lifts Target To $200', '5 Biggest Price Target Changes For Monday', ""Benzinga's Top Upgrades, Downgrades For November 13, 2017"", 'BMO Capital Upgrades NVIDIA to Market Perform', '44 Biggest Movers From Friday']",7
NVDA,2017-11-14,"['Nvidia Impresses At 2017 Supercomputing Conference, KeyBanc Says']",1
NVDA,2017-11-16,"[""Todd Gordon's Nvidia Options Trade"", 'Intercontinental Exchange Reports Launch Of NYSE FANG+ Index Futures Contract']",2
NVDA,2017-11-17,"['There Could Be 18% Upside Left In Nvidia, Analyst Says', '8 Biggest Price Target Changes For Friday', 'Canaccord Genuity Maintains Buy on NVIDIA, Raises Price Target to $250.00']",3
NVDA,2017-11-21,"['For Nvidia, Gaming Trends Could Make 2018 Another Standout Year']",1
NVDA,2017-11-27,"[""Why Nvidia Will Play An 'Integral' Role In The Future Of Tech"", 'Nuance Communications and NVIDIA to Partner to Advance Artificial Intelligence for Radiology', 'Watch GE and NVIDIA After the Companies Announced a Partnership to Accelerate Artificial Intelligence in Healthcare']",3
NVDA,2017-11-28,"[""Nikkei Publishes 'Internet of things promises sustained chip market surge'; Not Seeing Any Chip Stocks Moving On Report"", 'Analyst: Bitcoin Mining Will Mean Less For Semis In 2018, AMD Is More Exposed Than Nvidia', ""AMD Shares Down ~3.8% For Session Amid Comments From Mizuho Suggesting Cryptomining Will Be Less Meaningful For Co., NVIDIA In '18, John Peddie Research Highlighting AMD Is Losing Graphics Market Share Despite Vega""]",3
NVDA,2017-11-29,"[""Traders See Signs Of Rotation Into Financials Amid Nasdaq's Worst Day In Months"", 'NVIDIA Shares Not Reacting As Traders Circulate Rumor Softbank Purchased Stock']",2
NVDA,2017-11-30,"['Tech ETFs And Stocks Tumble: Time To Buy?', 'Nvidia Invests In Bay Area Artificial Intelligence Startup', 'NVIDIA, Wells Fargo Lead $40M Investment Round In A.I. Startup H20.ai, An Open-Source Deep Learning Platform For Predictive Maintenance, Security, Fraud, Auditing, Etc.']",3
NVDA,2017-12-01,['Seeing Notable Block Trade In NVIDIA Of 3.8M Shares At $197.65/Share'],1
NVDA,2017-12-03,['Is It Time To Remove General Electric From The Dow 30?'],1
NVDA,2017-12-04,"['Vetr Upgrades Nvidia', 'Seeing 2nd Notable Block Trade In NVIDIA In After Hours Session Of 3.3M Shares At $186.48/Share', 'Seeing Notable Block Trade In NVIDIA of 3.3M Shares At $186.66/Share', 'Back The Blockchain With This ETF', 'Semiconductor Stocks Are Under Heavy Selling Pressure', 'Seeing Continued Rotation/Profit-Taking In Year-to-Date Outperforming Semiconductor Stocks; AMD -5.36%, Nvidia -4.43%, Micron -3.36%, iShares Semi ETF SOXX -1.687%']",6
NVDA,2017-12-05,"['Rotation, Rotation, Rotation: Value Is The New Tech', ""VentureBeat Reports 'Nvidia launches Shield TV set-top box in China with remastered Nintendo titles'"", 'Has Weakness In Semiconductor Stocks Made It Time To Buy?', 'Nvidia Shares Have Moved +4.1% Over Last 10 Minutes, Now Up 2.5% At $191.37']",4
NVDA,2017-12-07,"[""One Big Reason Why Tech Stocks Are Not In The 'Dot-Com Bubble'""]",1
NVDA,2017-12-08,"[""UPDATE: Loup's Bohlig Tells Benzinga If Other OEMs Bring Development Of A.I. Chips For Autonomous In-House He Would Reconsider NVIDIA Thesis, But Most Will Likely 'Leave chip development to the experts.'"", ""UPDATE: Loup Ventures' Bohlig Tells Benzinga Tesla Is Just One Potential Customer' For NVIDIA, Every Autonomous Car 'Will eventually need to integrate NVDA or similar competitor chips'"", ""Loup Ventures' Austin Bohlig Tells Benzinga NVIDIA Likely Unhurt If Tesla Develops Its Own A.I. Chips, Says: 'Unless Tesla is going to be the only car sold in 10 years, I don't see this as a negative to the [NVIDIA] thesis.'"", 'Tesla Developing Its Own AI Chip, Analyst Says Chipmakers Could Gain Manufacturing Contracts', ""UPDATE: Tigress' Feinseth Tells Benzinga He Believes Tesla Wants To Collaborate With NVIDIA or Skyworks Solutions, Says 'Tesla's not going to, in theory, buy a chip factory'"", ""Tigress Financial's Ivan Feinseth Reacts To Report Tesla Designing Its Own A.I. Chip For Vehicles, Tells Benzinga He Believes If Tesla Is Designing Chip Will Likely 'Go to somebody like NVIDIA or Skyworks to work on actually making the chip.'"", 'Tesla Shares Up Slightly Pre-Market Following Electrek Report Co. Working On Its Own A.I. Chip For Autonomous Vehicles, Potentially Impactful For Nvidia, Skyworks Solutions Among Others', ""NVIDIA Announces TITAN V, World's Most Powerful GPU for the PC""]",8
NVDA,2017-12-09,"['How 3 College Students Turned $500K Into $2.6 Million In 4 Weeks', 'ICYMI: Digital Power Shares Sink On News, Unexpected Winners From A Tesla Report, And Will Bitcoin Go Boom Or Bust?']",2
NVDA,2017-12-11,['AI In Focus: 3 Pure-Play Stocks That Hold Promise'],1
NVDA,2017-12-12,"[""Short Seller Claims 'If You Want Something Bitcoin-Related, Digital Power Isn't It'"", ""What's Up With Nvidia?"", ""UPDATE: Social Capital's Chamath Palihapitiya On CNBC Said NVIDIA Could Be A Short In Chip Space"", ""Social Capital's Chamath Palihapitiya Currently On CNBC Discussing Chip Cos. Cautiously; Could Explain Move Lower In NVIDIA, AMD"", 'UPDATE: NVIDIA Shares Down 1.2% In Pre-Market Trade; Not Yet Seeing Any News To Justify Move Lower', 'NVIDIA Shares Fall ~$3 In Pre-Market Action, Touch Low At $190.75']",6
NVDA,2017-12-13,"['NVIDIA Late Tuesday Announced Partnership With Japanese Construction Co. Komatsu', ""ICYMI: MoviePass' Unexpected New Partner, Venture Capitalist Makes A Pair Of Calls, Premarket Prep's Bitcoin Special""]",2
NVDA,2017-12-15,"['NVIDIA May Reportedly Offer Short-Term, Unsecured Commercial Paper Notes Of Up To $575M']",1
NVDA,2017-12-17,"[""Benzinga's Weekly Bulls & Bears: Bitcoin, Ford, Lululemon, Nike And More""]",1
NVDA,2017-12-19,"['Watching Semi/Chip Stocks Following Micron Earnings Beat, Strong Q2 Guidance; Western Digital Shares Up 1%, Intel, AMD Up 0.5%, NVIDIA Up 0.4%']",1
NVDA,2017-12-21,"['Jim Cramer Advises His Viewers On Groupon, Buckle And More']",1
NVDA,2017-12-22,"[""12 Stocks Getting Crushed By Bitcoin's Rout"", 'AMD Shares Down 4.5%, NVIDIA Shares Down Nearly 2%; Some Traders Attributing Weakness To Decline In Bitcoin/Other Cryptocurrencies']",2
NVDA,2017-12-23,"[""AMD, Fitbit Top List Of Robinhood Broker's 'Most Traded' Stocks Of The Year""]",1
NVDA,2017-12-27,"[""Melco Resorts, Nvidia, Tesla, SMH: 'Fast Money' Picks For December 27""]",1
NVDA,2017-12-28,"[""Bitcoin, China, And AI Highlight Some Of The Year's Best ETFs"", 'Chips On The Table: An Aggressive Semiconductor Idea', 'Stocks Which Moved Lower Last Time There Was Major Cryptocurrency News (Dec. 22), But Are Higher Pre-Market Thurs.: On Track Innovation Shares Up 2.5%, Seven Stars Cloud 1.4%, Social Reality 1%, AMD 0.5%, NVIDIA 0.3%']",3
NVDA,2017-12-30,['Our Most-Read Stories Of The Year'],1
NVDA,2018-01-02,['Taiwan Semiconductor Lands Short Lead-time HPC Chip Orders from China -DigiTimes'],1
NVDA,2018-01-03,"[""ICYMI: Intel's Issues Impact AMD, Nvidia A Favorite At BofA, Citron Calls Out Cannabis Company"", 'Chip Stocks Volatile Hearing Amid Report Intel Offered Response To Report Of Security Research Findings', 'Nvidia, AMD Among Top Semis In 2018, According To Bank Of America', ""Intel's Potentially Major Security Flaw Boosting AMD, Other Chip Stocks""]",4
NVDA,2018-01-04,"[""Analysts Weigh In On Intel's Security Issues"", ""Cramer: AMD Needs To Take Advantage Of Intel's 'Messy' Security Issues""]",2
NVDA,2018-01-05,['REMINDER: NVIDIA CEO To Present At CES Sunday Jan. 7th 11pm ET'],1
NVDA,2018-01-06,"[""Barron's Picks And Pans: FedEx, Intel, Caterpillar And More""]",1
NVDA,2018-01-07,"[""New Year's Benzinga Bulls & Bears: Apple, Disney, Netflix And More""]",1
NVDA,2018-01-08,"['Foresight Autonomous Shares Up 18.96%; In Earlier 6-K Filing Presentation, Co. Reported Collaboration With Nvidia In Rail', 'The Market In 5 Minutes: Bitcoin ETFs, GoPro Downgrade, Nvidia Partners With Uber And Volkswagen', 'Nvidia To Partner With Volkswagen, Uber For Self-Driving Car Technology', 'NVIDIA Announces Big Format Gaming Displays at #CES2018', 'NVIDIA, Aurora Announce Collaboration to Build Next-Generation Autonomous Vehicle Computer Platform at #CES2018', 'Volkswagen, NVIDIA Announce Use of NVIDIA DRIVE IX with AI in Future Vehicle Lineup at #CES2018', 'Uber Selects NVIDIA Technology for AI Computer System to Power Its Self-Driving Fleets; Announcement Made at CES#2018', ""NVIDIA, ZF, Baidu Launch Industry's First AI Autonomous Vehicle Computer for China at#CES2018""]",8
NVDA,2018-01-09,"['Investor Movement Index December Summary', 'Maxim Integrated Products Reports Collaboration With NVIDIA For Autonomous Driving, Safety Applications']",2
NVDA,2018-01-10,"[""Nvidia At CES: Oppenheimer's Major Takeaways""]",1
NVDA,2018-01-11,"['Auto Stock Roundup: Self-Driving Move Continues, Recalls Keep Hurting']",1
NVDA,2018-01-12,"['Here Are The 5 Most Bought And Sold Stocks Of TD Ameritrade Clients In 2017', ""ICYMI: Snap Sinks, Bitcoin Trust Splits, Facebook's Facelift, Intel's 'Processor-Gate'"", ""Bank Of America On AMD, Nvidia, And Intel's 'Processor-Gate'"", 'TD Ameritrade Index Indicates Retail Investors Are At Their Most Bullish Point Yet']",4
NVDA,2018-01-14,"[""AI Development In Automotive Is 'Full Steam Ahead,' Nvidia Exec Says In Detroit""]",1
NVDA,2018-01-15,['18 Stocks And ETFs To Watch In 2018'],1
NVDA,2018-01-16,"[""Bernstein Surveys The Semis Space After 'Processor-Gate'""]",1
NVDA,2018-01-17,['Nvidia Option Alert: Feb 16 $255 Calls at the Ask: 1350 @ $1.48 vs 282 OI; Earnings 2/8 After Close [est] Ref=$218.92'],1
NVDA,2018-01-19,"[""BofA: Nvidia Is The Beneficiary Of A Supercomputing 'Arms Race'"", 'Nvidia Shares Rise 4.5% Premarket to $228.75 as Bank of America Raises PT to $275']",2
NVDA,2018-01-20,"[""Benzinga's Weekly Bulls & Bears: Apple, Eli Lilly, GE, Nike And More""]",1
NVDA,2018-01-22,['An Electric Vehicle ETF Revs Up'],1
NVDA,2018-01-23,"[""ICYMI: Ransomware Hits Allscripts, Trump's Tariffs, New IPOs, And Ethereum"", 'Ferocious FANGs: Leveraged ETNs For The Tech Sector Debut', 'Vetr Community Downgrades Nvidia', 'An ETF For Early Exposure To The Electric Car Market', ""Morgan Stanley Sees Ethereum's Strength Benefiting AMD, Nvidia"", ""Morgan Stanley Raises Estimates On AMD, NVIDIA Amid Ethereum Strength, Says 'In Oct. we published an analysis suggesting Ethereum mining should slow, but a 200%+ increase in the currency value changes those economics materially'""]",6
NVDA,2018-01-24,"['Chip Stocks Q4 Earnings: Intel Sets The Tone For AMD, Nvidia']",1
NVDA,2018-01-25,"['NVIDIA To Report Q4 Results Feb. 8 After Hours Approximately 4:20pm ET', 'Off The Block: A Fast Start For A Blockchain ETF']",2
NVDA,2018-01-26,['A Third Blockchain ETF Debuts'],1
NVDA,2018-01-29,"['AMD Bear Admits Q4 Earnings Upside Is Likely On Cryptocurrency Strength', ""Aquantia Reports Will Deliver Multi-Gig Ethernet Capabilities On NVIDIA's DRIVE Autonomous Vehicle Platforms""]",2
NVDA,2018-01-31,"['Samsung Enters The Cryptocurrency Mining Space, Announces First-Ever Stock Split', ""What AMD's Q4 Means For The Semi Space""]",2
NVDA,2018-02-01,"['ICYMI: Nvidia, Qorvo, Bitcoin Breaks Down', ""Aquantia Shares Seeing Continued Upside From Monday's Announcement Co. Will Partner With NVIDIA On Autonomous Cars; Since News Of Partnership Stock Has Gained 26%"", 'Earnings Preview: Reports From ExxonMobil And Chevron Wrap Up A Busy Week', 'Goldman Sachs Removes Nvidia From Conviction List, But Maintains Bullish Stance', ""NVIDIA Shares Down 1.6% Premarket; Goldman Removes Stock From 'Conviction Buy' List""]",5
NVDA,2018-02-02,"[""Citron Thinks Nvidia Shares Could Fall 15%, Calls It 'Great Company, Dangerous Stock'"", ""Citron Tweets '$nvda shareholders can expect to see $200. Since Jan 1 $nvda has added over $30 bil in mkt cap (more than 2 $amd valuations). Great company dangerous stock'"", 'The Companies Behind The Chips That Power Cryptocurrency Mining']",3
NVDA,2018-02-05,"['ICYMI: Super Bowl Commercials, Nvidia, Roku, And A Bitcoin Bull', 'Vetr Crowd Upgrades Nvidia To Buy', 'The Week Ahead: IPOs Ramp Up Just As Earnings Season Fades', 'Nvidia Partners With Continental On AI Self-Driving Cars', 'Amazon, Nvidia, And 3 Other Stocks In A Bullish Technical Trend', 'Disney Earnings Preview: Will Fox Deal Distract From Everything Else?', 'Continental, NVIDIA Report Partnership For Enabling Of Global Production Of AI For Self-Driving Cars', 'Continental, NVIDIA Partner to Enable Worldwide Production of AI Self-Driving Cars; Sees 2021 Market Introduction For Continental Autonomous Vehicle Systems']",8
NVDA,2018-02-06,"[""'Busiest Trading Day Ever': Brokerages, Retail Clients React To Volatility""]",1
NVDA,2018-02-07,"['Which Chipmaker Leads The Autonomous Driving Space?', 'Is Nvidia A Buy? Only If Shares Fall Further, Says Miller Tabak Analyst']",2
NVDA,2018-02-08,"['ICYMI: Nvidia, Snap, The VIX, And MoviePass', ""8 Stocks Moving In Thursday's After-Hours Session"", 'From NVIDIA Q4 Earnings Conference Call: CFO Colette Kress Says While Overall Contribution From Crypto Is Difficult To Quantify, Segment Was Higher As A Percentage Of Sales This Qtr. vs Last Qtr.', 'Nvidia Caps Record Year With Big Q4 Earnings Beat', 'NVIDIA Shares Up 5.3% Following Q4 Earnings Beat, Q1 Guidance', 'NVIDIA Sees Q1 Sales $2.9B Plus Or Minus 2% vs $2.47B Est.', 'NVIDIA Reports Q4 Adj. EPS $1.72 vs $1.16 Est., Sales $2.9B vs $2.68B Est.', 'Video: Does The Tech Selling Scare You Away From Buying NVIDIA stock?', 'ICYMI: Snap Earnings, VIX Instruments, AMD And Nvidia', ""Benzinga Pro's 6 Stocks To Watch Today"", 'Nvidia Q4 Earnings Preview', '13 Stocks To Watch For February 8, 2018', 'Earnings Scheduled For February 8, 2018']",13
NVDA,2018-02-09,"[""Wall Street Reacts To Nvidia's Blowout Q4 Quarter"", ""Jim Cramer Tweets 'they couldn't crack the market at the 2:45 post.. good sign typically to 3:30...i would go buy some Nvidia $NVDA right now betting that the 2:45 checkpoint held'"", 'Mid-Afternoon Market Update: Dow Falls Over 250 Points; Expedia Shares Tumble On Earnings Miss', 'Amended 13G Filing From Vanguard Shows 6.78% Stake In NVIDIA', ""38 Stocks Moving In Friday's Mid-Day Session"", 'Mid-Day Market Update: Crude Oil Down Over 2%; Mobileiron Shares Spike Higher', 'BMO Capital Maintains Market Perform on NVIDIA, Raises price target to $225.00', 'B. Riley Maintains Buy on NVIDIA, Raises price target to $290.00', '5 Tech Growth Stocks To Click With Investors Despite Selloff', 'Morgan Stanley Maintains Equal-Weight on NVIDIA, Raises price target to $258.00', 'Mid-Morning Market Update: Markets Open Higher; NVIDIA Earnings Beat Estimates', ""Benzinga Pro's 6 Stocks To Watch Today"", 'The Market In 5 Minutes: Budget Deal, MoviePass, Nvidia, And More', '5 Biggest Price Target Changes For Friday', ""Munster On Nvidia's Q4: 'Its Products Are A Foundational Part Of The Future Of Technology'"", 'NVIDIA Shares Moving Lower Off The Open, Traders Attributing Move To Big Seller In Shares', 'Deutsche Bank Maintains Hold on NVIDIA, Raises price target to $230.00', ""KeyBanc Has Valuation Concerns With Nvidia's Stock"", 'Citigroup Maintains Buy on NVIDIA, Raises price target to $270.00', ""28 Stocks Moving In Friday's Pre-Market Session"", 'A Peek Into The Markets: U.S. Stock Futures Mixed Ahead Of Wholesale Trade Report', '8 Stocks To Watch For February 9, 2018']",22
NVDA,2018-02-10,['BofA: Three Semiconductor Picks In A Choppy Market'],1
NVDA,2018-02-12,"[""A Look at AMD's New Gaming APUs"", ""Benzinga's Bulls & Bears Of The Week: Apple, Cisco, Lululemon, Nike, Wells Fargo And More"", '44 Biggest Movers From Friday']",3
NVDA,2018-02-14,"['Form 4 Filing Late Tuesday Showed NVIDIA Director Perry Sold 17.307K Shares at $227.93', ""Chip Stocks Lower Premarket: Micron Shares Down 1.6%, Western Digital Down 1.5%, AMD Down 0.9%, NVIDIA Down 0.6%; Traders Attributing Weakness To Nikkei Report 'Apple in talks for first order from a Chinese chipmaker'""]",2
NVDA,2018-02-15,['Vetr Crowd Downgrades Nvidia To Hold'],1
NVDA,2018-02-16,"['Stocks That Made New 52-Wk Highs Earlier Include: Accenture, M&T Bank, PNC, Ansys, Lockheed Martin, Deere, Raytheon, Intuit, Comerica, Interpuclic, Northrop Grumman, VeriSign, Estee Lauder, Bristol-Myers, Red Hat, Nike, NVIDIA and Global Payments']",1
NVDA,2018-02-18,['Amplify ETFs CEO Breaks Down The Merits Of Blockchain Investing'],1
NVDA,2018-02-20,"['Chip Stocks Higher Tues. Despite Seeing Some Notable Bearish Option Activity: NVIDIA Up 2%, AMD Up 1.6%, Micron Up 1.3% (See Body Of This Headline For Details On Option Activity', ""Stocks That Made New 52-Wk Highs Earlier Today Include: Moody's, Adobe, Cognizant, Zoetis, Salesforce, NVIDIA, Red Hat, CSRA, Intuit, Coty, Garmin, Global Payments, and Ansys""]",2
NVDA,2018-02-22,"[""ICYMI: Wayfair's Q4, Snapchat Gets Dissed, Cryptos And Semiconductors"", 'How Long Will The Cryptocurrency GPU Boom Last?']",2
NVDA,2018-02-24,"['Cyclical Fears For Semis Are Rising, Says Deutsche Bank']",1
NVDA,2018-02-25,"['Domo Arigato, Mr. Roboto: First Trust Launches AI, Robotics ETF']",1
NVDA,2018-02-27,"[""Semi Execs Present Optimistic View At Morgan Stanley's TMT Conference"", ""Citi Names Intel A Top Pick, Calls Stock 'The Micron Of 2018'""]",2
NVDA,2018-03-06,"[""An Eventful February Took Its Toll On TD Ameritrade's Investor Index"", 'Investor Movement Index February Summary']",2
NVDA,2018-03-08,"['ICYMI: Cigna And Express Scripts, AMD And Nvidia, Amazon And Wayfair', 'Nvidia Option Alert: May 18 $240 Puts at the Ask: 700 @ $17.301 vs 403 OI; Ref=$241.76', ""4 Semiconductor Stocks Grossly 'Underowned', According To Bank Of America""]",3
NVDA,2018-03-12,"['Stocks That Made New 52-Wk Highs This Morning Include: Edward Lifesciences, Raymond James, NVIDIA, Goldman Sachs, Fastenal, Intercontinental Exchange, Xilinx, CBRE, Bank of America, Oracle, KeyCorp, Intuit, and IHS Markit']",1
NVDA,2018-03-13,"['AMD Investors Shrug Off Negative Headlines', 'NVIDIA Tells Benzinga It Declines To Comment On Earlier Digitimes Article Suggesting The Company Is Planning For A Slowdown In Demand For Cryptocurrency Mining Chips', ""Chip Stocks Largely Unaffected As Traders Circulate Earlier DigiTimes Article 'Nvidia wary of possible cryptocurrency demand drop': NVIDIA Shares Up 0.6%, AMD Up 0.5%, Intel Up 1.8%"", ""Alibaba, Intel, Nvidia, US Steel: 'Fast Money' Picks For March 13"", 'Nvidia Said to be Taking Steps to Offset Drop in Cryptocurrency Mining Demand -DigiTimes']",5
NVDA,2018-03-14,"['Jim Cramer Advises His Viewers On Disney, AMD, RH And More']",1
NVDA,2018-03-19,"['ICYMI: Nvidia, Apple Supplier Sinks, AT&T In Court', 'B Riley FBR: Nvidia Remains Attractive For Growth Investors Ahead Of Analyst Day']",2
NVDA,2018-03-21,"['Vetr Crowd Downgrades Nvidia', 'Esports Continue To Become More Mainstream And a Bigger Part Of The Gaming Industry', 'Vetr Crowd Upgrades Nvidia To Strong Buy']",3
NVDA,2018-03-23,['Vetr Crowd Upgrades Nvidia To Strong Buy'],1
NVDA,2018-03-26,"['Ethereum Mining Competition Turns Susquehanna Bearish On AMD', ""What To Expect From Nvidia's Analyst Day"", ""NVIDIA Shares Up 2% Mon. Ahead Of Analyst Day On Tues.; BMO Sees 'very upbeat tone...particularly in light of the truly solid string of results the company has continued to deliver'"", ""The Week Ahead: Apple Holds A Special Event, Roku's Lockup Expires And More""]",4
NVDA,2018-03-27,"['Marvell Announces Integration Of Ethernet Switch Into the NVIDIA DRIVE Autonomous Vehicle Platform', ""From NVIDIA's GPU Conference: CEO, Pres Jensen Hsun Huang Says Investment In Self-Driving Technology Will Rise Following Uber Fatality"", ""From NVIDIA's GPU Conference In San Jose: Co. Unveiled Cloud Application Used To Simulate Self-Driving Vehicles"", 'Nvidia To Halt AV Fleet Testing As Uber Investigates Fatal Crash', 'NVIDIA Press Release Highlights Series Of Important Advances To Deep Learning Computing Platform', '\'Update: Nvidia tells CNBC that it is ""temporarily suspending the testing of [its] self-driving cars on public roads to learn from the Uber incident""\'-CNBC Now Tweet', ""UPDATE: NVIDIA Will Suspend Self-Driving Auto Test On Public Roads 'To Learn From The Uber Incident,' Co.'s Global Fleet Of Manually-Driven Data Collection Autos Continue To Operate"", 'NVIDIA Temporarily Suspends Self Driving Testing Across Globe Following Uber Fatality']",8
NVDA,2018-03-28,"['After Nvidia Analyst Day, Wall Street Talks AV Testing, Artificial Intelligence, GPUs', 'Tech Wreck Has Traders Getting Cozy With Bearish Chip ETF', ""Bank Of America's Key Takeaways From Nvidia's Investor Day"", ""Benzinga Pro's Top 10 Most-Searched Tickers For Wed., Mar. 28, 2018"", 'After Tech Brings Misery Tuesday, Stronger GDP Reading Could Inject Optimism', 'Adobe, NVIDIA Report Partnership to Deliver New AI Services for Creativity and Digital Experiences']",6
NVDA,2018-04-01,"[""Barron's Picks And Pans: Pot Stocks, Comcast, Bank Buybacks And More""]",1
NVDA,2018-04-02,"['Intel Falls On News Apple Will Shift Toward In-House Mac Chips', 'Are Cryptocurrency Woes Dragging AMD And Nvidia Shares Lower?', 'AMD, Nvidia Cut GPU Prices As Crypto Slump Saps Demand']",3
NVDA,2018-04-03,"[""'Secretive Chinese bitcoin mining company just revealed a new chip that could hurt AMD, Nvidia'"", 'Bank Of America Adds Nvidia To Top Stock List After Latest Gaming Checks', 'NVIDIA Shares Up 3.3% In Early Trading, Facebook Shares Flat-Slightly Higher; Earlier Bank of America Added NVDA To Us 1 List and Removed FB, Which Remains Buy-Rated']",3
NVDA,2018-04-04,"[""Evercore: Nvidia Can 'Power Through' Bitmain Ethereum Mining Tailwinds"", ""Evercore Out Positive On NVIDIA, Says Bitmain Release Of Ethereum-Mining ASIC Creates 'Tremendous Buying Opportunity' For The Company; Firm Reiterates Their Outperform Rating And $275 Price Target"", 'Podcast: How To Control Your Emotions During Stock Market Madness', ""Analyst: Bitmain's New Ethereum Mining Chip Could Spell A Little Bit Of Trouble For AMD And Nvidia""]",4
NVDA,2018-04-05,"['Citron Research @CitronResearch now Citron pressing $NVDA short expect sub $200 soon. Mkt starting to realize that ML/DL is narrowing and hyper-scale core customers experimenting with diff prop hardware solutions, Ether spreads are dead, Auto- unknown. N', 'UBS Initiates On Semis: Intel Is Golden, Micron Is A Sell, Nvidia, AMD And More', ""Benzinga's Top Upgrades, Downgrades For April 5, 2018"", 'UBS Initiates Coverage On NVIDIA with Neutral Rating, Announces $250.00 Price Target']",4
NVDA,2018-04-06,"[""Watch Shares Of AMD As KitGuru Reports 'ASUS ROG may soon be Nvidia exclusive with AMD GPUs being bumped to new 'AREZ' brand'""]",1
NVDA,2018-04-08,"[""Benzinga's Bulls & Bears Of The Week: Amazon, Fitbit, Mattel, Twitter And More""]",1
NVDA,2018-04-09,"['Confirming Morgan Stanley Upgrades NVIDIA to Overweight, Maintains Price Target At $258.00', 'NVIDIA Shares Up ~2% After Hours, Hearing Morgan Stanley Has Upgraded From Equal-Weight To Overweight With a $258 Price Target']",2
NVDA,2018-04-10,"[""Benzinga's Top Analyst Calls From April 10, 2018"", ""25 Stocks Moving In Tuesday's Mid-Day Session"", ""Benzinga's Top Upgrades, Downgrades For April 10, 2018"", ""Morgan Stanley Upgrades Nvidia As The Data Era Is Now 'Investable'""]",4
NVDA,2018-04-11,"[""Forget Crypto: eSports Might Be Where It's At For Nvidia And AMD"", '36 Biggest Movers From Yesterday']",2
NVDA,2018-04-13,"[""'Citron accepting a challenge. @jimcramer has famously named his dog Nvidia. If $NVDA is trading over $230 in 12 months, Citron will donate $230k to the Humane Society...'"", ""'Morons buying $NVDA on higher crypto. They do ethereum and it is 5% max.. So sell it please. Get off my dog.'""]",2
NVDA,2018-04-16,"[""'Partners: Intel's Rumored Plans To Take On Nvidia, AMD With Discrete GPU Good For The Channel'"", 'Elazar Warns Crypto-NVIDIA Shorts']",2
NVDA,2018-04-18,['A Third Electric Vehicle ETF Charges Up'],1
NVDA,2018-04-19,"['NVIDIA Sets Conference Call for First-Quarter Financial Results For May 10th After Market Close', ""Apple, Chips Stocks Falling Amid Taiwan Semiconductor's Weak Guidance"", 'Semi Stocks Lower On Weak Q1 Report, Q2 Guidance From Taiwan Semi: NVIDIA Shares Down 2%, Micron Down 1.8%, AMD, Applied Materials Down 1.7%, Texas Instruments Down 1.3%, Xilinx Down 1%', ""CNBC Reports 'Apple, Nvidia shares fall after a key Asian chip partner gives weak guidance'; Taiwan Semiconductor Manufacturing Said Its Q2 Sales Guidance Is $7.8-$7.9B vs $8.8B Est.; Blames Weakness On Softening High-End Smartphone Demand, Crytpo Market""]",4
NVDA,2018-04-20,"['Leverage Comes To The Robotics Trade', 'Though Their Stocks Have Cooled, The Semiconductor Industry Is As Hot As Ever']",2
NVDA,2018-04-21,"[""Barron's Picks And Pans: General Electric, General Mills, MLPs And More""]",1
NVDA,2018-04-22,"[""4 Reasons Why 'Fortnite' Has Won Over Gamers""]",1
NVDA,2018-04-23,"[""Who Profits From The Incredible Success Of 'Fortnite'?"", ""'Palihapitiya: $NVDA and $GOOG are the two big players in compute AI tech. Much of the value has been seen, but still interesting from this POV. #Sohn2018'- MarketWatch's Ryan Vlastelica Tweet""]",2
NVDA,2018-04-25,"[""'Taiwan graphic card makers to see shipments plunge 40% in April'""]",1
NVDA,2018-04-26,['Zacks: The Not-Good-Enough Earnings Season'],1
NVDA,2018-04-27,"[""Analysts Applaud Intel's Beat-And-Raise Q1 Earnings"", 'Cramer Continues Warming Up To AMD After Listening To CEO', 'U.S. Government May Start Scrutinizing Informal Partnerships Between American and Chinese Companies in AI']",3
NVDA,2018-04-30,"[""Playmakers: The Investor Picks From CNBC's 2018 Stock Draft"", ""'Google brings Nvidia's Tesla V100 GPUs to its cloud'""]",2
NVDA,2018-05-01,['Upcoming Earnings: Tesla To Report Q1 Results on Wednesday'],1
NVDA,2018-05-03,"['Upcoming Earnings: Alibaba Reports Before Market Open On Friday', ""Benzinga's Top Upgrades, Downgrades For May 3, 2018"", 'Barclays Upgrades Nvidia, Says AI Opportunity Is Too Big To Ignore', ""The Market In 5 Minutes: Tesla Earnings, Under Armour's Future, GM, Nvidia, Square And More"", 'A Peek Into The Markets: US Stock Futures Gain Ahead Of Earnings, Economic Data', 'Barclays Upgrades NVIDIA to Overweight', 'Barclays Upgrades Nvidia to Overweight from Equal Weight; Raises PT to $280 from $265']",7
NVDA,2018-05-04,"['An ETF With A Futuristic View Of Transportation', 'Jobs Growth Stays A Little Slow in April As Unemployment Rate Falls', 'Morgan Stanley Previews Semi Earnings, Expects Strong Nvidia Results Despite Crypto Concerns']",3
NVDA,2018-05-06,"[""Benzinga's Bulls & Bears Of The Week: Apple, Alibaba, Spotify, 3M And More""]",1
NVDA,2018-05-07,"[""Benzinga Pro's Top 10 Most-Searched Tickers For Morning Of Mon., May 7"", 'The Week Ahead: Nvidia And Dropbox Earnings, April Retail Sales, Trump Drug Pricing Speech Expected']",2
NVDA,2018-05-08,"[""NVIDIA Shares Largely Unaffected Following Citron Tweet 'Not a story of shorts vs $NVDA it is $NVDA vs $GOOG...Shorting into earnings.'"", 'With Trump Iran Announcement In Focus, US Stock Futures Fall', '8 Biggest Price Target Changes For Tuesday', 'Deutsche Bank Maintains Hold on NVIDIA, Raises Price Target to $240', ""Amgen, Halliburton, Nvidia, Gold: 'Fast Money' Picks For May 8""]",5
NVDA,2018-05-09,"[""Upcoming Earnings: Nvidia Reports After Thursday's Close"", ""'NYTimes.com blames crypto miners for shortages of my chips but that is so yesterday's news. This quarter will show a big drop off in crypto sales. Everyone knows that. At least I thought they did. Nvidia'""]",2
NVDA,2018-05-10,"[""NVIDIA CFO On Conf. Call Reportedly Says Supply Situation Is 'Now Easing' And GPU Channel Prices Normalizing"", ""From NVIDIA Q1 Earnings Conference Call: CFO Says Co.'s Supply Situation Is 'Easing,' Channel Prices For GPUs Normalizing"", 'Nvidia Blows Out Q1 Estimates, Raises Q2 Sales Guidance', 'UPDATE: NVIDIA Sees Q2 Adj. Gross Margins 63.5% +/- 50 Basis Points', 'NVIDIA Shares Initially Move Lower, Now Spiking Higher To $263.50 High, Now Down 0.6%', 'NVIDIA Sees Q2 Sales $3.1B vs $2.95B Est.', 'NVIDIA Q1 EPS $2.05 Beats $1.45 Estimate, Sales $3.21B Beat $2.89B Estimate', 'NVIDIA Shares At Intraday Highs 30 Mins. Ahead Of Q1 Earnings, Touch High At $260.00, Up 1.6% For Session', ""Benzinga Pro's Top 10 Most-Searched Tickers For Afternoon Of Thurs., May 10, 2018"", 'Cryptocurrency Mining Grew Faster Than Expected, Bernstein Says In Semiconductor Roundup', 'As Oil Fuels Equities Rally, Markets Eyeing Key Technical Levels', ""Benzinga Pro's 5 Stocks To Watch Today"", '11 Stocks To Watch For May 10, 2018', 'Earnings Scheduled For May 10, 2018']",14
NVDA,2018-05-11,"['UBS Maintains Neutral on NVIDIA, Raises Price Target to $266', 'B. Riley FBR Maintains Buy on NVIDIA, Raises Price Target to $300', 'Barclays Maintains Overweight on NVIDIA, Raises Price Target to $300', 'Mid-Afternoon Market Update: MoSys Climbs Following Q1 Results; Obalon Therapeutics Shares Slide', ""Wall Street Reacts To Nvidia's Quarter"", 'A BUZ-Worthy ETF', 'Mid-Day Market Update: Trade Desk Surges on Upbeat Earnings; Stellar Biotechnologies Shares Drop', 'Morgan Stanley Lifts Nvidia Price Target After Strong Q1', 'Can Market Draw a Seven? DJIA Up Six Straight Days Amid Tech Rally', 'Mid-Morning Market Update: Markets Open Higher; NVIDIA Earnings Top Expectations', '5 Biggest Price Target Changes For Friday', ""KeyBanc's Takeaways From Nvidia's Q1 Report"", 'A Peek Into The Markets: US Stock Futures Rise Ahead Of Import Prices, Consumer Sentiment Data', '6 Stocks To Watch For May 11, 2018']",14
NVDA,2018-05-14,"[""Benzinga Pro's Top 10 Most-Searched Tickers For Afternoon Of Mon., May 14""]",1
NVDA,2018-05-15,"[""13F From David Tepper's Appaloosa Shows New 150K Share Stake In NVIDIA""]",1
NVDA,2018-05-16,"['Global X Launches AI, Big Data ETF', 'Q1 13F Roundup: How Buffett, Einhorn, Ackman And Others Adjusted Their Portfolio']",2
NVDA,2018-05-17,"['Cowen Names 4 Top Semi Picks: AMD, Ambarella, Broadcom, Monolithic Power', 'Cowen & Co. Initiates Coverage On NVIDIA with Outperform Rating, Announces $325 Price Target', 'NVIDIA Shares Volatile After Hours, Hearing Cowen Initiated Coverage With Outperform Rating, $325 Price Target']",3
NVDA,2018-05-18,['Cowen Models 30% Upside In Nvidia'],1
NVDA,2018-05-20,"[""Benzinga's Bulls & Bears Of The Week: Coca-Cola, Ford, JC Penney, Spotify And More""]",1
NVDA,2018-05-21,"[""Benzinga Pro's Top 10 Most-Searched Tickers For Evening Of Mon., May 21, 2018""]",1
NVDA,2018-05-22,"['Nvdia, AMD May See 2018 Profits Fall as Crypto Mining Craze Fades']",1
NVDA,2018-05-30,['NVIDIA Introduces First Unified Computing Platform for Both AI and High Performance Computing'],1
NVDA,2018-05-31,['Encouraging Data For Electric Vehicle ETFs'],1
NVDA,2018-06-04,"[""Stocks That Made New 52-Week Highs Today: Salesforce, Microchip, Fiserv, Edwards Lifesciences, Nike, Stryker, Align Tech, NVIDIA, Visa, IDEXX Labs, Ralph Lauren, Extra Space Storage, Kohl's, Macy's, Marathon Petroleum, Baxter, Expeditors Int'l & TransDigm"", ""NVIDIA, Taiwan's MOST Announce Collaboration to Supercharge AI Efforts"", 'NVIDIA Launches NVIDIA Isaac Platform to Power Next-gen Autonomous Machines']",3
NVDA,2018-06-06,"['BlueFin Research: Graphics Card Market For AMD, Nvidia Continues To Cool In Q2', 'Three Industries Already Using Self-Driving Vehicles']",2
NVDA,2018-06-07,['Form 4 Filing Late Wednesday Showed NVIDIA Director Brooke Seawell Sold a Total of 21.029K Shares at Avg. Prices Ranging From $264.63 TO $264.85'],1
NVDA,2018-06-12,"[""BofA Highlights The Most 'Underowned' Semi Stocks""]",1
NVDA,2018-06-13,"[""A New Automation ETF For Traders Who Haven't Yet Been Replaced By Robots""]",1
NVDA,2018-06-14,"['Stocks That Made New 52 Week Highs Today Include: Zoetis, Fortive, VeriSign, CF Industries, Ansys, Facebook, IDEXX, Fiserv, Global Payments, CA, Akamai, AES, NVIDIA, Align Tech, and Adobe', 'What The Latest Steam Gaming Data Means For AMD, Nvidia']",2
NVDA,2018-06-18,"[""S&P Dow Jones Indices Announces 'NVIDIA Set to Join S&P 100; FleetCor Technologies to Join S&P 500; Penn Virginia to Join S&P SmallCap 600'""]",1
NVDA,2018-06-19,"[""A Look Back At What's Happened To Each Sector Through The First Half Of 2018 (Part 1)""]",1
NVDA,2018-06-25,['Bank Of America Raises AMD Target On Market Share Optimism'],1
NVDA,2018-06-26,"['Trade Worries Still Weigh On Market A Day After Rout', 'FBN Securities Initiates Coverage On NVIDIA with Outperform Rating, Announces $300 Price Target', ""Benzinga's Top Upgrades, Downgrades For June 26, 2018"", 'Benchmark Initiates Coverage On NVIDIA with Buy Rating, Announces $280 Price Target']",4
NVDA,2018-06-27,"[""Analyst Says Nvidia's Second-Half Outlook Is Promising""]",1
NVDA,2018-06-28,"[""Trade Spat's A Boon For This Bearish Chip ETF""]",1
NVDA,2018-07-02,"[""Tech Sector Earnings: What's Been Going on Ahead Of Q2 Reports?"", 'NVIDIA Option Alert: Jul 20 $220 Puts Sweep (51) below Bid!: 1725 @ $2.601 vs 5202 OI; Earnings 8/9 After Close [est] Ref=$236.12']",2
NVDA,2018-07-05,['The Semiconductor Stocks That Fund Managers Love And Hate'],1
NVDA,2018-07-09,['Forecasting Software: Nvidia Looks Primed For More Upside'],1
NVDA,2018-07-12,"[""NVIDIA Shares Trading Lower As Traders Circulate The Information Article Which Highlights Huawei's AI Push With 'Project Da Vinci' To Challenge NVIDIA's AI Chips""]",1
NVDA,2018-07-13,"['Bluefin Research Talks Trade War Impact On Nvidia, AMD', 'NVIDIA Shares Fall Off The Open, Down 1.34% As Traders Circulate A Mixed Bluefin Note From July 12th; Bluefin Says That While Crypto Demand Is Weak And Graphics Card Sales Are Sluggish, They Believe Data Center Momentum Will Be A Near-Term Primary Driver']",2
NVDA,2018-07-17,"[""Morgan Stanley: Nvidia 'The Cleanest Growth Story In Semis,' With New Products Ahead""]",1
NVDA,2018-07-19,"['NVIDIA To Report Q2 Results August 16th At 4:20pm ET', 'European Union Antitrust Regulators Charge Qualcomm With New Violation In Case Related To NVIDIA Unit, ICERA']",2
NVDA,2018-07-20,['Opinion: Stock-Picking Is A Cult'],1
NVDA,2018-07-22,"[""Benzinga's Bulls & Bears Of The Week: AbbVie, Netflix, Philip Morris, Wells Fargo And More""]",1
NVDA,2018-07-23,"[""TechRadar Reports 'Nvidia GeForce GTX 1180 rumored again to release in August'""]",1
NVDA,2018-07-26,"['Slew Of Semiconductor Earnings Could Elevate This ETF', 'Google Releases Its ASIC AI Infrastructure Called Edge TPU, Watch Shares of NVIDIA On This News']",2
NVDA,2018-07-29,"[""Barron's Picks And Pans: Amazon, Eli Lilly, Fiat Chrysler And More""]",1
NVDA,2018-07-30,"['Watching Self-Driving Fleet Players, Uber Partners For Self-Driving Truck Segment Amid Earlier Report Uber To Stop Development Of Self-Driving Trucks, Will Only Proceed With Cars']",1
NVDA,2018-07-31,"[""Tesla Earnings: Model 3 Production Target Hit, What's Next?""]",1
NVDA,2018-08-01,['Upcoming Earnings: MGM And Activision Blizzard Report Q2 Results On Thursday'],1
NVDA,2018-08-02,"[""NVIDIA Shares Rebound 1.5% From Session Low At Open But Still Down ~0.7% For Session; CNBC Recently Published 'Elon Musk says Tesla A.I. chip project is 'finally coming to fruition''""]",1
NVDA,2018-08-03,"[""Semiconductor, Memory Related Stocks Appear Largely Unaffected Following Report China's Ministry Of Commerce Has Said Semiconductors Will Be One Group Targeted By New Proposed Tariffs On US""]",1
NVDA,2018-08-08,"[""Nvidia's Q2 Likely To Be 'Noisy,' But Goldman Sachs Remains Bullish""]",1
NVDA,2018-08-10,"[""Goldman's Chipmaker Pair Trade: Sell Intel, Not AMD""]",1
NVDA,2018-08-13,"['The Week Ahead: Nvidia, Retailer Earnings In Focus']",1
NVDA,2018-08-14,"['Nvidia Shares Rise 0.8% After-Hours Following Wells Fargo Upgrade to Outperform', '13F From Soros Fund Shows Exited Stake In Fiat Chrysler, Exited Stake In NVIDIA; Reduced Stake In JP Morgan, Netflix; Raised Stake In Lululemon', ""What To Expect From Nvidia's Q2 Earnings""]",3
NVDA,2018-08-15,"['Nvidia Gets Double Upgrade Ahead Of Earnings', 'Upcoming Earnings: Tech Giant Nvidia Unveils New GPUs Ahead Of Q2 Results', ""13F From David Tepper's Appaloosa Late Tuesday Showed Exited Stake In Applied Materials, NVIDIA; New 219.272K Share Stake In NXP Semiconductors"", 'Q2 13F Roundup: How Buffett, Einhorn, Loeb And Others Adjusted Their Portfolio', '10 Biggest Price Target Changes For Wednesday', ""Benzinga's Top Upgrades, Downgrades For August 15, 2018"", 'Wells Fargo Upgrades NVIDIA to Outperform, Raises Price Target to $315']",7
NVDA,2018-08-16,"['Elon Musk Tweet Replying to @StephenNellis @Tesla: Nvidia makes great hardware. High respect for Jensen & company. Our hardware needs were just unique & matched tightly to our software.', ""From NVIDIA's Q2 CFO Commentary, Co. Says It Previously Anticipated Crypto to Be 'Meaningful for the year, we are now projecting no contributions going forward.'"", ""From NVIDIA's Q2 CFO Commentary, Co. Says GPU Sales Up 40% YoY, Down 4% Sequentially; Adds Co. Had Anticipated Crypto-product Sales Declining To ~$100M, But Actual Crypto Sales Were Only $18M"", 'NVIDIA shares are trading down 5% after hours as weak Q3 sales guidance appears to offset Q2 earnings beat.', 'NVIDIA Sees Q3 Sales $3.185B-$3.315B vs $3.34B Est.', 'NVIDIA Q2 Adj. EPS $1.94 Beats $1.66 Estimate, Sales $3.12B Beat $3.11B Estimate', 'NVIDIA Q2 Earnings Due Out After The Close Today; Co. Historically Issues Its Report ~4:20pm ET', ""Benzinga Pro's 5 Stocks To Watch Today"", 'Care Package: Walmart Results, China Trade Talks Might Help Lift Spirits', '10 Stocks To Watch For August 16, 2018', 'Earnings Scheduled For August 16, 2018']",11
NVDA,2018-08-17,"['Podcast: 6 Charts Explain Why The Correction Has Started', ""41 Stocks Moving In Friday's Mid-Day Session"", ""Benzinga Pro's Top 10 Most-Searched Tickers For the Morning of Friday, Aug. 17th"", ""Oppenheimer Upgrades Nvidia: 'We See Continued Outsized Growth'"", '10 Biggest Price Target Changes For Friday', 'Headlights On Deere: Mixed Results As Company Cites Higher Costs', ""Benzinga's Top Upgrades, Downgrades For August 17, 2018"", ""Morgan Stanley Sees Buying Opportunity In Nvidia: 'Clarity Likely After Next Week's Product Launches'"", ""23 Stocks Moving In Friday's Pre-Market Session"", ""Cisco, Macy's, Nvidia, TLT: 'Fast Money' Picks For August 17"", 'Oppenheimer Upgrades NVIDIA to Outperform', 'Stifel Nicolaus Maintains Hold on NVIDIA, Raises Price Target to $250', 'A Peek Into The Markets: US Stock Futures Edge Lower Ahead Of Economic Data', '7 Stocks To Watch For August 17, 2018']",14
NVDA,2018-08-18,"[""What Wall Street Thinks Of Nvidia's Q2 Earnings""]",1
NVDA,2018-08-19,"[""Benzinga's Bulls & Bears Of The Week: Facebook, Netflix, Twitter, Walmart And More""]",1
NVDA,2018-08-20,"[""Nvidia Unveils GeForce RTX Series: 'A New Golden Age Of Gaming'"", 'NVIDIA shares are trading up 2.4% following company updates on RTX 2000 series gaming chips', 'From Gamescom 2018 Conference: NVIDIA Corp RTX 2000 Series Gaming Chips Will Range From $499 To $999 And Will Be Available Starting Sept. 20', 'PR Confirms Gamescom News, NVIDIA RTX Platform Brings Real-Time Ray Tracing and AI to Barrage of Blockbuster Games', ""NVIDIA CEO Jensen Huang Giving Latest Updates From The Company's GeForce Pre-Gamescom Event, Live On YouTube"", 'NVIDIA CEO At Gamescom Says Newest Gaming Chips Will Use AI To Improve Computer Graphics', 'REMINDER: NVIDIA Could Launch Its RTX 2080 Ti and RTX 2080 GPU as Early as Today', '50 Biggest Movers From Friday']",8
NVDA,2018-08-21,"[""Benzinga Pro's Top 10 Most-Searched Tickers For Afternoon Of Tues., Aug. 21, 2018"", ""'I have been a consistent backer of Nvidia. I understood there would be a short raid on it and i was right. No one has been as stalwart as i have been. Join the Club... '-Jim Cramer Tweets"", ""Munster Sees 'Holy Grail' In Nvidia's New GPUs, While Stifel Takes Neutral Stance On Chipmaker"", ""' This is not a short talking- this is Ebay, Don't mess with Google.'-Citron Research Tweets (2/2)"", ""'Citron knows investors don't read full reports So here is the one takeaway to focus on why $NVDA going to $200. Customers are moving away from GPU to TPU as they find it faster and cheaper.'-Citron Research Tweets (1/2)"", ""NVIDIA Shares Fall ~0.5% From Session High Following Tweet From Citron Research Suggesting Stock Is 'On Its Way To $200'; Shares Up 1.4% For Session"", ""'$NVDA on its way to $200. With short interest at an all time low and datacenter facing major competition not even ray tracing can support these lofty levels' -Tweet From Citron"", ""Benzinga Pro's Top 10 Most-Searched Tickers For Morning Of Tues., Aug. 21, 2018""]",8
NVDA,2018-08-22,"[""NVIDIA Shares Unaffected After Hours As Citron's Andrew Left Is Currently On CNBC Discussing His Short Thesis In The Stock"", 'Infographic: PC Gamers Prefer Nvidia GPUs', 'Netflix Vs. Amazon Vs. Nvidia: Picking A Tech Stock For The Long Haul']",3
NVDA,2018-08-23,"['Have You Tried The New Benzinga Pro Chat Beta Yet? We Often Discuss Hot Stocks And The Recent Breaking News Items Over The Last Few Mins.; Check It Out At https://pro.benzinga.com/popout/widget/chat/', 'Rosenblatt Says AMD Now Has A Path To $30 Per Share', 'Fed On Center Stage As Jackson Hole Meeting Starts, With Powell Speech Friday']",3
NVDA,2018-08-24,"[""The Hot Chips 2018 Conference: Morgan Stanley's Takeaways"", 'Stocks Which Set New 52-Week High Yesterday, August 23rd']",2
NVDA,2018-08-25,"[""Benzinga's Bulls & Bears Of The Week: Alibaba, Apple, Nike, Tesla, Verizon And More""]",1
NVDA,2018-08-27,"['Stocks Which Set New 52-Week High Friday, August 24th']",1
NVDA,2018-08-29,['Solid Extra-Base Hit From GDP Breaks Up Otherwise Dull Week On Street'],1
NVDA,2018-08-30,"['Stocks That Made New 52-Week Highs Today Include: FLIR Systems, Textron, Darden Restaurants, United Continental, Intuitive Surgical, TJX, NetApp, Illumina, First Energy, NVIDIA, Microsoft, Visa, and Paypal', 'Stocks Which Set New 52-Week High Yesterday, August 29th']",2
NVDA,2018-08-31,"['Stocks Which Set New 52-Week High Yesterday, August 30th']",1
NVDA,2018-09-05,"['Watching NVIDIA Shares Amid Report Huawei Doing An AI Chip Deal With Microsoft In China', 'Stocks Which Set New 52-Week High Yesterday, September 4th']",2
NVDA,2018-09-10,"['BofA: Latest Steam Gaming Data Good News For Nvidia, AMD']",1
NVDA,2018-09-11,"[""AMD's Setup Gives Rosenblatt Securities Deja Vu"", 'A Chip ETF Bleeds Cash; Some Of It May Be Going Here']",2
NVDA,2018-09-13,['NVIDIA Launches AI Data Center Platform'],1
NVDA,2018-09-14,"[""NVIDIA Shares Indicated Up 1.4% Premarket On Light Volume (~11.5K Shares); Hearing Needham Raised Price Target On Stock To $350, Cited 'increased confidence NVDA will begin to take a larger share of the inference market...'""]",1
NVDA,2018-09-20,"[""Still-Bullish Morgan Stanley Tamps Down Expectations For Nvidia's Turing GPUs""]",1
NVDA,2018-09-24,"[""Bank Of America: Don't Sweat Mixed Nvidia Turing Reviews""]",1
NVDA,2018-09-25,"['KeyBanc Starts Coverage On 10 Semiconductor Stocks, Downgrades Cypress Semi', 'Bank Of America Raises Nvidia Price Target To A Street High, Sees Upside In Multiple Segments', ""Benzinga's Top Upgrades, Downgrades For September 25, 2018"", 'KeyBanc Initiates Coverage On NVIDIA with Sector Weight Rating']",4
NVDA,2018-09-27,"[""'Cutting Edge' Collaborative Intelligence Startup Algo.ai Joins Nvidia Inception Accelerator""]",1
NVDA,2018-09-28,"['Intel Adding $1B To CapEx To Boost Production', 'Watching shares of AMD and NVIDIA after Intel announced it plans to add $1B to capex in order to boost production', 'NVIDIA Option Alert: Fri $275 Calls Sweep (60) near the Ask: 502 @ $2.938 vs 6346 OI; Earnings 11/8 After Close [est] Ref=$277.0', 'NVIDIA Shares Up ~2% On ~16K Shares In Pre-Market Action; Hearing Evercore ISI Analyst Raised Price Target To $400']",4
NVDA,2018-10-01,"['Goldman Selective On Semis: Bullish On Nvidia, Xilinx, Bearish On Intel, Texas Instruments', ""Barclays Downgrades Intel, Says Chipmaker Faces 'Costly Battle' With AMD For Market Share""]",2
NVDA,2018-10-02,"['Stocks Which Set New 52-Week High Yesterday, October 1st']",1
NVDA,2018-10-03,"['Stocks Which Set New 52-Week High Yesterday, October 2nd', ""AMD's Stock Off To Rough October Start Following Best Quarter In Decades""]",2
NVDA,2018-10-05,"['Rambus Renews Patent License With NVIDIA', 'Rambus Wins Patent License Renewal With NVIDIA', 'Trading Journal: Look For Near-Term Weakness In Nvidia']",3
NVDA,2018-10-09,['Investor Movement Index September Summary'],1
NVDA,2018-10-10,"['Seeing downward movement in chip stocks, traders attributing move to earlier news Huawei unveiled new Ascend 910 and Ascend 310 AI chips aimed at data centers and smart devices; Nvidia down 4.3%, AMD down 6.1%, Qualcomm down 2.6%, Intel down 1.9%.', 'Volvo Selects AI-Based NVIDIA DRIVE Computer For Production Cars', 'IBM And NVIDIA Collaborate To Expand Open Source Machine Learning Tools For Data Scientists']",3
NVDA,2018-10-12,"['Shares of tech stocks moving higher as market rebounds from mid-week lows, strength could be related to rotation back into growth names; Netflix up 5.3%, NVIDIA up 5.8%, Salesforce Up 5.1%, PayPal Up 4.4%, Apple up 3.2%, VMWare up 3.0%.']",1
NVDA,2018-10-15,['NVIDIA Option Alert: Fri $235 Puts Sweep (38) below Bid!: 1649 @ $2.846 vs 3277 OI; Earnings 11/8 After Close [est] Ref=$243.9'],1
NVDA,2018-10-16,['Bank Earnings To The Rescue? Market Seeing Some Green After Strong Results'],1
NVDA,2018-10-18,"[""Goldman Sachs Adds Nvidia To 'Conviction Buy' List"", 'Gamers Delight: A New E-Sports ETF Is Here', ""NVIDIA Shares Up 1.2% Premarket; Hearing Goldman Added Stock To Its 'Conviction Buy' List""]",3
NVDA,2018-10-29,['NVIDIA Shares Down 1.3% Over Last Few Mins.; Not Seeing News To Justify Move Lower; Stock Down 5% Over Last Hour Since Price Broke Below Important Technical Level At $200; Stock Down 4.5% For Session'],1
NVDA,2018-10-30,"[""NVIDIA shares are up 4.5% after analysts at JP Morgan upgraded the stock from 'Neutral' to 'Overweight'; Analysts said the company will continue to see outsized growth and clear leadership in data center/HPC and gaming over the next few years."", 'Stocks Which Set New 52-Week Low Yesterday, October 29th', ""Weakness In Nvidia's Gaming Segment Could Be A Passing Phase, JPMorgan Says In Upgrade"", ""NVIDIA Shares Appear Unaffected; Traders Circulating Earlier Forbes Article 'Nvidia RTX 2080 Ti Cards Have A Serious Problem -- They Keep Dying'"", ""Benzinga's Top Upgrades, Downgrades For October 30, 2018"", ""30 Stocks Moving In Tuesday's Pre-Market Session"", 'JP Morgan Upgrades NVIDIA to Overweight, Lowers Price Target to $255']",7
NVDA,2018-11-02,"[""AMD's 'Next Horizon' Event: What You Need To Know"", 'Tug-of-War: Solid Jobs Report, China Trade Talks Lift Market, But AAPL Disappoints']",2
NVDA,2018-11-07,"['BlueFin Offers Q4 Update On PC Space: Oct. OEM Shipments Surprisingly Strong, Signaling A Strong Outlook For Dec. Qtr.; However, Uncertainty Surrounding Tariffs Creates Lack Of Clarity On Demand For Suppliers']",1
NVDA,2018-11-08,"['Morgan Stanley Maintains Overweight on NVIDIA, Lowers Price Target to $260', ""Morgan Stanley's Bull Case For Nvidia Unchanged By Near-Term Concerns"", 'NVIDIA shares are trading down 2.9% after analysts at Morgan Stanley lowered their price target on the stock; Analysts see headwinds in gaming and said they are de-risking their estimates going into earnings.']",3
NVDA,2018-11-09,"['Cold Start: Worries About Hawkish Fed, Rising Prices Seem To Weigh On Sentiment']",1
NVDA,2018-11-12,"['Goldman Sachs Reiterates Buy Rating And Conviction List Status For Nvidia Ahead Of Q3 Earnings; Analysts Say Near-Term Challenges Exist But Long-Term Secular Growth And Recommends Investors Use Recent Pullback To Buy The Stock', 'Citigroup Maintains Buy on NVIDIA, Lowers Price Target to $270']",2
NVDA,2018-11-13,"['Nvidia shares trade up 5.4% after Susquehanna upgraded the stock from Neutral to Positive and FBR maintained shares at a Buy while lowering their price target to $240/share from $250/share. Nvidia reports Q3 results Thursday after the market closes.', ""Benzinga's Top Upgrades, Downgrades For November 13, 2018"", 'B. Riley FBR Maintains Buy on NVIDIA, Lowers Price Target to $240', 'Susquehanna Upgrades NVIDIA to Positive']",4
NVDA,2018-11-14,"['Nvidia Q3 Earnings Preview: Analysts Forecast Data Center, Gaming, Automotive Performance', 'Upcoming Earnings: Tech Giant Nvidia To Report Q3 Results Tomorrow']",2
NVDA,2018-11-15,"[""8 Stocks Moving In Thursday's After-Hours Session"", 'NVIDIA shares down 18% following mixed Q3 reports, concerning Q4 sales guidance; AMD shares were down 6% in sympathy', 'NVIDIA 10-Q Discusses Crypto Mining Impact On Q3 Earnings', 'Nvidia Plummets Following Lower-Than-Expected Q4 Sales Guidance', 'NVIDIA Shares Down 16%; Other Chip Stocks Also Moving Lower In Sympathy: AMD Shares Down 6%, Micron Down 2.4%, Intel Down 1%, Texas Instruments Down 0.3%', 'NVIDIA Adds $7B To Buyback', 'NVIDIA Raises Quarterly Dividend From $0.15 To $0.16/Share', 'NVIDIA Sees Q4 Sales $2.7B +/- 2% vs $3.4B Estimate', 'NVIDIA Corporation Q3 Sales $3.181B Miss $3.24B Estimate', 'NVIDIA Corporation Q3 EPS $1.84 Beats $1.71 Estimate', 'NVIDIA To Report Q3 Earnings After The Closing Bell; Co. Historically Issues Its Report At 4:20 p.m. ET', ""Nvidia shares trade up 1.8% ahead of tonight's Q3 earnings; Analysts estimate EPS of $1.71 and revenues of $3.24 billion."", 'Big Box Bonanza: Walmart Beats Most Estimates, But Brexit Could Steal Attention', 'How Nvidia Historically Trades Following Earnings', 'Earnings Scheduled For November 15, 2018', '10 Stocks To Watch For November 15, 2018']",16
NVDA,2018-11-16,"['Nvidia Gets Burned On Earnings: This Chart Shows More Pain Ahead', ""48 Stocks Moving In Friday's Mid-Day Session"", 'The Chips Are Down: Weak Forecasts Hurt Semiconductor Stocks', 'Mid-Day Market Update: Natural Grocers Climbs Following Strong Q4 Results; Chi-Med Shares Plummet', ""What To Do With Nvidia's Stock After 20% Fall?"", 'Jefferies Maintains Buy on NVIDIA, Lowers Price Target to $246', ""Benzinga Pro's Top 10 Most-Searched Tickers For Morning Of Fri., Nov. 16, 2018"", 'Raymond James Maintains Outperform on NVIDIA, Lowers Price Target to $250', 'BMO Capital Maintains Market Perform on NVIDIA, Lowers Price Target to $175', 'Nomura Maintains Neutral on NVIDIA, Lowers Price Target to $200', 'Mid-Morning Market Update: Markets Mostly Higher; Viacom Beats Q4 Expectations', 'Wells Fargo Maintains Outperform on NVIDIA, Lowers Price Target to $235', 'NVIDIA Option Alert: Fri $167.5 Calls Sweep (8) near the Ask: 618 @ $4.0 vs 9 OI; Ref=$170.2824', 'Stocks Which Set New 52-Week Low Yesterday, Thurs., Nov. 16, 2018', 'Barclays Maintains Overweight on NVIDIA, Lowers Price Target to $250', 'Friday Follies: Brexit, Semiconductor, And Tariffs All Take Center Stage', 'Mizuho Maintains Buy on NVIDIA, Lowers Price Target to $245', 'Citigroup Maintains Buy on NVIDIA, Lowers Price Target to $244', '8 Biggest Price Target Changes For Friday', 'Deutsche Bank Maintains Hold on NVIDIA, Lowers Price Target to $190', 'NVIDIA Option Alert: Jan 18 $240 Calls Sweep (3) near the Ask: 1100 @ $0.384 vs 7227 OI; Ref=$162.3001', ""Benzinga's Top Upgrades, Downgrades For November 16, 2018"", 'NVIDIA shares down 18.1% following mixed Q3 reports, concerning Q4 sales guidance; AMD shares are down 6.9% in sympathy', ""28 Stocks Moving In Friday's Pre-Market Session"", 'Goldman Sachs Downgrades NVIDIA to Buy, Lowers Price Target to $200', 'A Peek Into The Markets: US Stock Futures Fall, Dow Futures Down 100 Points', 'B. Riley FBR Downgrades NVIDIA to Neutral, Lowers Price Target to $190', ""Loup Venture Publishes 'Nvidia: Despite Earnings Miss, Long-Term Story Still Intact'"", '7 Stocks To Watch For November 16, 2018']",29
NVDA,2018-11-19,"[""Benzinga Pro's Top 10 Most-Searched Tickers For Afternoon Of Mon., Nov. 19, 2018"", 'Several tech and tech-related stocks moving lower despite no company-specific news; Move may be linked to reports Apple cut iPhone production orders, as well as sell off in the overall market.', 'Stocks Which Set New 52-Week Lows Fri., Nov. 16, 2018', '55 Biggest Movers From Friday']",4
NVDA,2018-11-20,"[""This Leveraged ETF Rapidly Became One Of November's Best"", 'Citron Turns Bullish On Nvidia, But Technicals Still Look Ugly', 'NVIDIA Option Alert: Mar 15 $175 Calls Sweep (2) near the midpoint: 600 @ $9.95 vs 566 OI; Ref=$147.11', ""'Citron buys $NVDA. This is the first time in 2 years stock offers an appealing risk-reward to investors. $NVDA still a player in AI and Data..will eat through inventory issue. We see $165 before we see 120...' -Citron Research Tweets"", ""Benzinga Pro's Top 10 Most-Searched Tickers For Morning Of Tues., Nov. 20, 2018"", 'Exane BNP Paribas Downgrades NVIDIA to Underperform', 'Stocks Which Set New 52-Week Low Yesterday, Mon., Nov. 19, 2018']",7
NVDA,2018-11-21,"[""Benzinga Pro's Top 10 Most-Searched Tickers For Morning Of Wed., Nov. 21, 2018"", 'Stocks Which Set New 52-Week Low Yesterday, Tues., Nov. 20, 2018', ""20 Stocks Moving In Wednesday's Pre-Market Session"", ""'U.S. chipmaker Nvidia to provide AI platform for Chinese EV start-ups' -Earlier Reuters Report"", 'NVIDIA Shares Up 3% Wed. Morning Following 3% Rebound Tues.; Stock Coming Off Its Fourth-Worst 2-Day Stretch, Had Fallen 28.5% Over Fri., Mon. Sessions']",5
NVDA,2018-11-26,"[""KeyBanc Sees 'Significant Runway' For AMD In Cloud Data Processors"", ""Benzinga Pro's Top 10 Most-Searched Tickers For Morning Of Mon., Nov. 26, 2018"", ""Benzinga's Top Upgrades, Downgrades For November 26, 2018"", 'Credit Suisse Initiates Coverage On NVIDIA with Outperform Rating, Announces $225 Price Target']",4
NVDA,2018-11-27,"[""Watching Semiconductor Stocks, The VanEck Semi ETF Amid Circulation Of Comment From Citi Highlighting A Belief An 'Extreme' Component Of The Trump Admin.'s Crack Down On US Exports Could Include A Ban On The Sale Of US Semi Components To China""]",1
NVDA,2018-11-28,"['Stocks That Will Be Trading Ex Dividend Thurs., Nov. 29, 2018']",1
NVDA,2018-11-29,"['Nvidia And Epic Games Bartering On Fortnite Bundle, Variety Reports', 'Stocks Trading Ex Dividend For Thurs., Nov. 29, 2018']",2
NVDA,2018-11-30,"['Nvidia shares trading up 2.7% after IHS reported worldwide semiconductor revenue hit a record of $129.8B in Q3.', 'Heading South: G20 Meeting In Argentina Puts China Trade Squarely in Focus', 'IHS Reports Worldwide Semiconductor Revenue Hits Record $129.8B in Q3 2018']",3
NVDA,2018-12-03,"[""Boeing, Lennar, Nvidia, Gold ETF: 'Fast Money' Picks For December 3""]",1
NVDA,2018-12-04,"[""'AMD is readying graphics cards to take on Nvidia's GeForce RTX range' -Tech Radar""]",1
NVDA,2018-12-11,"['Hearing Softbank Considering Plan To Sell Stake In NVIDIA In 2019', 'Downside In NVIDIA Shares Intensifies Over Last Few Mins. As $148 Level Breaks Down; Shares Down 4% For Session', ""Intel CPU Shortages May Impact Notebook ODM's in H1 2019""]",3
NVDA,2018-12-12,"['Nvidia Bounces Back After News Of Potential SoftBank Sale', 'NVIDIA Option Alert: Dec 28 $172.5 Calls Sweep (3) near the Ask: 537 @ $0.49 vs 337 OI; Earnings 2/7 After Close [est] Ref=$150.265', '10 Biggest Price Target Changes For Wednesday', 'RBC Capital Maintains Outperform on NVIDIA, Lowers Price Target from $260 to $230']",4
NVDA,2018-12-13,"['Citi Adds Nvidia, Marvell Technology To Holiday Shopping List', ""UPDATE: Citi On NVIDIA Being Added To 'Shopping List,' Cites 'Post Crypto Reset'"", ""Citi Adds NVIDIA To Its 'Semis Christmas Shopping List'"", 'SEMI Reports Semiconductor Equipment Sales to Rise to Record High in 2018']",4
NVDA,2018-12-18,"['Micron Shares Down 7.6% Following Mixed Q1 Report, Concerning Outlook; Other Chip Stocks Trading Down In Sympathy: AMD Shares Down 1.7%, NVIDIA Down 1.5%, Intel Down 0.8%']",1
NVDA,2018-12-19,"['Intel, NVIDIA, and Advanced Micro Devices are trading lower in sympathy with Micron after the company issued concerning Q2 guidance and cut its DRAM bit output growth forecasts.']",1
NVDA,2018-12-20,"['Bank Of America Cuts AMD Target By 10%, Still Bullish In The Long Term']",1
NVDA,2018-12-27,"['Shares of chip stocks are trading lower after RBC analysts reportedly issued cautious commentary on NVIDIA, citing potential softness in the gaming sector.', ""UPDATE: RBC On NVIDIA, AMD: 'We have noticed ASPs for GPUs coming down in the secondary market (Newegg, Amazon.com, eBay). For this reason, we adjust our estimates slightly to reflect potential gaming softness'"", 'RBC Capital Reiterates Outperform On NVIDIA, Lowers Price Target From $230 To $200']",3
NVDA,2018-12-31,"[""'Fortnite' Creator Turns $3B Profit In 2018: The Stocks That Benefit"", 'NVIDIA Option Alert: Mar 15 $130 Calls at the Ask: 2250 @ $15.45 vs 374 OI; Earnings 2/7 After Close [est] Ref=$133.27']",2
NVDA,2019-01-02,"['Tech stocks shares are trading lower after Apple cut Q1 sales guidance drastically.', ""'DRAM Market to See Lower Capital Expenditure and Moderated Bit Output in 2019 Due to Weak Demand, Says TrendForce' -DRAMeXchange Earlier Reported"", 'Supply Chain Conservative About 2019 Mining Asic Outlook']",3
NVDA,2019-01-03,['Several Apple supplier shares are trading lower after Apple lowered Q1 sales expectations by 7.7%.'],1
NVDA,2019-01-07,"['NVIDIA Introduces DRIVE AutoPilot Automated Driving System', 'NVIDIA shares are trading higher after the company announced a new gaming chip at CES 2019.', 'Jon Najarian Sees Big Options Activity In Johnson & Johnson, Nvidia']",3
NVDA,2019-01-08,"['Goldman Sachs Shares Semiconductor Stock Picks For A Challenging 2019', '4 Tech Stocks That Are Showing Signs Of Life Right Now', 'Credit Suisse Sounds Alarm On Risks To Nvidia Estimates', ""Semiconductor stocks are trading lower after Goldman Sachs analysts announced they expect a 'challenging' 2019 for the space."", ""Goldman Expects '2019 to be another challenging year for Semis, particularly in 1H'; Firm Is 'least negative on Semi Cap Equipment as the stocks already seem to be pricing in a downturn'""]",5
NVDA,2019-01-10,"[""Morgan Stanley's Key CES Takeaways For Semi Companies"", ""Nvidia's Huang Dismisses Rival AMD's Latest Graphics Card As 'Underwhelming'""]",2
NVDA,2019-01-12,"[""Benzinga's Bulls & Bears Of The Week: Delta Air, McDonald's, Netflix, Nokia, Tesla And More""]",1
NVDA,2019-01-16,"['Tech Sector Earnings: Revenue Growth Widely Expected To Slow, Will Global Uncertainty Weigh?']",1
NVDA,2019-01-17,"[""JP Morgan Sees A 'Solid entry point for long-term investors - top pick remains AVGO, and we also favor NVDA, INTC, MXIM, MU, IPHI and MLNX' As Firm Sees 'value in semi stocks' And Thinks 'weak sentiment and estimate cuts are largely priced' IN""]",1
NVDA,2019-01-18,['Shares of semiconductor stocks are trading higher potentially due to renewed optimism in US-China relations.'],1
NVDA,2019-01-22,['Chip and semiconductor stocks are trading lower; Dip may be related to ongoing concerns over China growth and trade talks.'],1
NVDA,2019-01-23,"['Big Chip Earnings Preview: Intel, AMD Set To Report Amid Changing Competitive Landscape, Cycle Risk', 'Motherboard Manufacturers to See Shipments plummet in Q1 2019']",2
NVDA,2019-01-24,"['Stocks in the semiconductor space are trading down following concerning earnings reports from Western Digital and Intel; Intel also issued weak guidance estimates.', ""9 Stocks Moving In Thursday's After-Hours Session"", 'Other Semi Stocks Fall Following Concerning Earnings From Intel, Western Digital: NVIDIA Shares Down 2.7%, AMD Down 2.5%, Seagate Down 2.4%, Micron Down 2.1%,', 'Semiconductor stocks are trading higher following strong earnings from multiple large companies in the space.', ""35 Stocks Moving In Thursday's Pre-Market Session""]",5
NVDA,2019-01-25,"['NVIDIA shares are trading lower potentially on rumors that Jefferies removed the stock from their Franchise Pick List.', 'Hearing Jefferies Removes NVIDIA From Franchise Pick List; Unconfirmed', 'IC Insights Reports Semiconductor Unit Shipments Topped 1 Trillion In 2018']",3
NVDA,2019-01-26,['Breaking Down The Incredible Rise Of Esports'],1
NVDA,2019-01-28,"[""36 Stocks Moving In Monday's Mid-Day Session"", 'Mid-Morning Market Update: Markets Open Lower; Caterpillar Profit Misses Expectations', 'Nvidia Cuts Q4 Sales Guidance, Chips Stocks Tumble', 'Shares of NVIDIA are trading lower after the company cut Q4 guidance, citing weaker sales in its gaming and datacenter platforms.', 'VanEck Vectors Semiconductor ETF Down 2.4% Following Q4 Sales, Gross Margin Guidance Cut From NVIDIA', 'NVIDIA Shares Down 9% Following Q4 Sales, Gross Margin Guidance Cut; AMD Shares Down 4.3%, Seagate Down 3.2%, Micron Down 2.5%, Intel, Western Digital Down 1.5%, Texas Instruments Down 1%', ""NVIDIA Guidance Cut Reflects 'Weaker Than Forecasted' Sales Of Its Gaming And Datacenter Platforms,"", 'NVIDIA Cuts Q4 Gross Margin Guidance From ~62.5% To ~56.0%', 'NVIDIA Cuts Q4 Sales Guidance From $2.7B To $2.2B vs $2.7B Est.']",9
NVDA,2019-01-29,"[""Analysts React To Nvidia's Guidance Cut"", 'Apple Today, Powell Tomorrow: Busy Earnings And Fed Week Continues', 'Top 3 Price Prediction Bitcoin, Ripple, Ethereum: Suffers Amid NVidia And QuadrigaCX As Technical Levels Weigh', ""Nvidia shares are trading lower on continued weakness; Multiple analyst have downgraded the stock and cut price targets following the company's guidance cut."", 'UBS Turns Bullish On Nvidia After Guidance Cut, Sees Buying Opportunity', '8 Biggest Price Target Changes For Tuesday', ""Morgan Stanley Downgrades Nvidia, Faces 'More Significant Challenges' Than Expected"", ""Benzinga Pro's Top 10 Most-Searched Tickers For Morning Of Tues., Jan. 29, 2019"", ""UPDATE: Needham Downgrades NVIDIA And Removes $225 Price Target As Firm Believes 'end demand will deteriorate further in its core markets, gaming (54% of sales) and datacenter (25%) driven by an ongoing deceleration in the Chinese economy'"", ""Benzinga's Top Upgrades, Downgrades For January 29, 2019"", ""UPDATE: Morgan Stanley Downgrades NVIDIA As Firm Notes 'Missing the quarter this badly in gaming indicates more significant challenges than we had anticipated, given that this is still a channel fill quarter for midrange/high end'"", ""UPDATE: UBS Upgrades NVIDIA As Firm Notes 'Important Q's remain unanswered, but we believe the ~20% miss to FQ4:19 (Jan '19) revenue and -15% stock move finally sets the stage for a new positive revision cycle starting this summer'"", 'Needham Downgrades NVIDIA to Underperform', 'Morgan Stanley Downgrades NVIDIA to Equal-Weight, Lowers Price Target to $148', 'UBS Upgrades NVIDIA to Buy, Lowers Price Target to $180', '50 Biggest Movers From Yesterday', 'Morgan Stanley Downgrades Nvidia to Equal-Weight from Overweigth; Lowers Prices Target to $148 from $220']",17
NVDA,2019-01-30,"['NVIDIA Option Alert: Fri $136 Calls Sweep (2) near the Ask: 500 @ $2.9 vs 1359 OI; Earnings 2/7 After Close [est] Ref=$136.9', 'Analysts Weigh In On AMD Earnings Relief Rally', 'Chip and semiconductor stocks are trading higher following Apple and AMD earnings; Apple beat Q1 estimates and AMD reported Q4 margin improvement.']",3
NVDA,2019-01-31,"['Cypress Semiconductor Corp shares are trading higher after the company beat Q4 earnings estimates; shares of other semiconductor stocks are trading slightly higher in sympathy.', 'Earnings, Volatility, Brexit Are Key Topics Heading Into February']",2
NVDA,2019-02-05,['AMD Falls As Major Shareholder Sells'],1
NVDA,2019-02-06,['Semiconductor and microchip stocks are trading higher after Microchip Technology reported strong earnings and Skyworks reported a $2 billion buyback.'],1
NVDA,2019-02-07,"['Weak Eurozone Forecast Add To Concerns About Global Growth', 'Shares of several semiconductors are trading lower after NXP Semiconductors provided weak Q1 sales guidance.']",2
NVDA,2019-02-08,"['Hearing CalPERS Reduced Holdings In Apple, Amazon, Microsoft, Exxon Mobil, JP Morgan, Facebook And NVIDIA In Q4']",1
NVDA,2019-02-11,"[""Bernstein Downgrades 'Hamstrung' Nvidia"", ""Benzinga Pro's Top 10 Most-Searched Tickers For Morning Of Monday, February 11, 2019"", '10 Biggest Price Target Changes For Monday', ""Benzinga's Top Upgrades, Downgrades For February 11, 2019"", 'NVIDIA shares are trading lower after Bernstein downgraded the stock from outperform to market preform and lowered the price target from $250 to $175.', 'UPDATE: Bernstein Downgrades Nvidia As Firm Notes \'the latest cut appears much more fundamentally demand-driven, with the question of the ""true"" run-rate of the gaming business remaining up in the air for now\'', 'Bernstein Downgrades NVIDIA to Market Perform, Lowers Price Target to $175']",7
NVDA,2019-02-14,"[""7 Stocks Moving In Thursday's After-Hours Session"", 'Nvidia Shares Spike Higher Following Q4 Earnings Beat', 'NVIDIA Q4 EPS $0.80 vs $0.75 Reuters Estimate, Sales $2.21B Beat $2.2B Reuters Estimate', ""Oppenheimer On Feb. 11 Previewed NVIDIA Earnings, Said Sees 'negative bias to Street Q1 sales/EPS,' Noted Q4 Guidance Cut Stemmed From 'lingering Pascal-crypto drag, though most of the incremental weakness came from DC and high-end Turing GPU demand'"", 'NVIDIA To Report Q4 Earnings After The Closing Bell, Co. Historically Issues Its Report At 4:20 p.m. ET; Things To Watch Include Gaming And Datacenter Revenue, For Which The Company Previously Guidance', '11 Stocks To Watch For February 14, 2019', 'Earnings Scheduled For February 14, 2019']",7
NVDA,2019-02-15,"['Nvidia Shares Up After Earnings, But A Weak Recovery Does Not Bode Well For The Chart', ""52 Stocks Moving In Friday's Mid-Day Session"", ""Benzinga Pro's Top 10 Most-Searched Tickers For Afternoon Of Fri., Feb. 15, 2019"", 'Analysts: Nvidia Needs A Big Second Half Of 2019', ""Benzinga Pro's Top 10 Most-Searched Tickers For Morning Of Fri., Feb. 15, 2019"", ""31 Stocks Moving In Friday's Pre-Market Session"", 'NVIDIA shares are trading higher after the company said it expects 2020 revenue to be roughly the same as 2019 while analysts expected a revenue drop.', 'A Peek Into The Markets: US Stock Futures Edge Higher Ahead Of Economic Reports', ""UPDATE: Loup's Munster Sees NVIDIA Shares Being 'range bound in the coming months, as investors will likely trim revenue expectations'"", ""Loup Ventures' Gene Munster On NVIDIA Results: 'While we are believers in the Nvidia story...we believe that there remains risk to FY20 guidance'"", '10 Stocks To Watch For February 15, 2019']",11
NVDA,2019-02-19,['An Electric Outlook For The Esports ETF'],1
NVDA,2019-02-22,"['Why This Analyst Sees 25% Upside In NVIDIA', ""UPDATE: Atlantic Equities Initiates NVIDIA With Overweight And A $195 Target As Firm Believes 'the headwinds are transitory and growth should re-accelerate given underlying fundamentals, leaving the recent sell-off creating an attractive entry point'"", 'Atlantic Equities Initiates Coverage On NVIDIA with Overweight Rating, Announces $195 Price Target']",3
NVDA,2019-02-23,"[""Barron's Picks And Pans: Apple, Altria, Micron Technology, Nvidia And More""]",1
NVDA,2019-02-25,"['As Trade Optimism Grows, Markets Turn Green and Boeing, Caterpillar Among Leaders']",1
NVDA,2019-03-06,['Semiconductor Industry Association Reports 7.2% Decline in Global Chip Sales in January'],1
NVDA,2019-03-07,"[""'Global semiconductor market dips for first time in 30 months; Shrinking demand from data centers and China blamed for decline' -Nikkei Asian Review""]",1
NVDA,2019-03-08,['Do You Love Cult Stocks?'],1
NVDA,2019-03-10,['Nvidia Near Deal to Acquire Mellanox Technologies for $7B+ in Cash'],1
NVDA,2019-03-11,"[""The Early Reaction To Nvidia's Acquisition Of Mellanox"", 'Mid-Afternoon Market Update: Crude Oil Up 1.2%; Yatra Online Shares Spike Higher', ""40 Stocks Moving In Monday's Mid-Day Session"", 'Mid-Day Market Update: NASDAQ Rises Over 100 Points; Axovant Sciences Shares Surge', 'NVIDIA shares are trading higher after the company announced it will acquire Mellanox Technologies for $6.9 billion.', 'Mid-Morning Market Update: Markets Mostly Higher; Nvidia To Buy Mellanox Technologies For $6.9B', 'From NVIDIA Call To Discuss Mellanox Purchase: CFO Says Mgmt. To Focus Rest Of Calendar Year To Close Deal, Notes Approval In US, China Still Needed', 'Nvidia To Buy Mellanox Technologies For $6.9B', 'A Peek Into The Markets: Boeing Leads Dow Futures Lower', 'Mellanox to be Acquired by NVIDIA for $125/Share Cash', '7 Stocks To Watch For March 11, 2019']",11
NVDA,2019-03-12,"[""What's Next For Nvidia And Mellanox?"", 'Starboard Value Comments Following News Of NVIDIA Offer To Mellanox, Says Has Sold Its Entire Position In Mellanox', 'Brexit Time Again: As Parliament Votes, U.S. Stocks Have Mixed Tone With Boeing Down', '50 Biggest Movers From Yesterday']",4
NVDA,2019-03-14,"[""Pro: Nvidia's Stock At A Tipping Point"", 'Global Barometer: Oracle Earnings Could Provide Insight On Economy', 'China Might Take Some Starch Out of U.S. Rally With More Weak Economic Data']",3
NVDA,2019-03-15,['Shares of several semiconductor companies are trading higher after Broadcom reported better-than-expected Q1 EPS and issued strong FY19 guidance.'],1
NVDA,2019-03-19,"['Samsung CEO Sees Intensified Competition in Chip Market Due to Oversupply', ""45 Stocks Moving In Tuesday's Mid-Day Session"", ""45 Stocks Moving In Tuesday's Mid-Day Session"", ""AMD Analyst Says Cloud Gaming A Good Opportunity, But Stock Is 'Ahead Of Itself'"", 'ON Semiconductor Collaborates With NVIDIA On Cloud-Based Autonomous Vehicle Simulation', ""Analysts Dissect Nvidia's Product Announcements: 'Evolutionary Rather Than Game-Changing'"", 'NVIDIA shares are trading higher after the company teamed up with Amazon Web Services IoT to bring AI to millions of connected devices.', 'NVIDIA Teams with Amazon Web Services to Bring AI to Millions of Connected Devices']",8
NVDA,2019-03-20,"['Sell-Side Largely Bullish On Nvidia, With Eye On Anticipated Second-Half Recovery', ""Fed And FedEx: While Fed Meeting Dominates News, Don't Forget Trade Situation"", '70 Biggest Movers From Yesterday']",3
NVDA,2019-03-21,"[""Shares of several semiconductor stocks are trading higher after Micron reported better-than-expected Q2 EPS and revenue; the company's CEO also stated they expect NAND bit supply growth in FY20 to be below industry demand.""]",1
NVDA,2019-03-22,"['Shares of the overall market are trading lower after the yield curve inverted for the first time since 2007; some attribute this as a sign of the economy slowing.', 'The Place To Be With Israel ETFs', 'Light Goes From Green To Red As Weak European Data Puts Brakes On U.S. Rally']",3
NVDA,2019-03-26,"['Nvidia Gets Boost From Bullish Piper Jaffray Initiation', ""Benzinga's Top Upgrades, Downgrades For March 26, 2019"", 'NVIDIA shares are trading higher after Piper Jaffray initiated coverage on the stock with an Overweight rating and announced a $200 price target.', 'Piper Jaffray Sees Opportunity For NVIDIA To Significantly Expand Margins', 'PiperJaffray Initiates Coverage On NVIDIA with Overweight Rating, Announces $200 Price Target']",5
NVDA,2019-03-31,"[""NVIDIA's Director of Technical Marketing Tom 'TAP' Petersen Departs for Intel""]",1
NVDA,2019-04-01,"['Shares of several semiconductor stocks are trading higher following strong manufacturing data from China after a guidance warning by Infineon last week dragged the sector lower. Strength may also be related to news of a lower value-added tax in China and positive US manufacturing data.', ""Stifel Nicolas Analyst Kevin Cassidy, When Asked About News Impacting Semiconductor Sector, Tells Benzinga, 'I think it's the news of lower VAT and positive PMI data for March'""]",2
NVDA,2019-04-03,"[""UPDATE: Nomura Initiates NVIDIA With Neutral, $147 Target As Firm Believes Co's Current Valuation Factors In Co's 'impressive history of developing new markets for its products, and the computing accelerator and automotive' Market Opportunities"", 'Nomura Initiates Coverage On Semi Stocks, Picks AMD And Intel As Winners', 'Shares of several semiconductor companies are trading higher after a report stating AMD sales will increase ""sharply"" in the second half of 2019 given a ramp up in CPU and GPU shipments for notebooks, motherboards, and servers.', ""Benzinga's Top Upgrades, Downgrades For April 3, 2019"", 'Nomura Initiates Coverage On NVIDIA with Neutral Rating, Announces $147 Price Target']",5
NVDA,2019-04-09,['Seeing weakness in the microchip and semiconductor space. Not currently seeing any news to justify price action.'],1
NVDA,2019-04-11,['Ad Revenue Another Big Catalyst For The Esports ETF'],1
NVDA,2019-04-12,"['DZ Bank Downgrades NVIDIA To Sell, Announces $170 Target']",1
NVDA,2019-04-17,"['Hot, Fresh Earnings On The Menu As Netflix, Morgan Stanley Results In Focus']",1
NVDA,2019-04-18,"['Jim Cramer Shares His Thoughts On AMD, Gilead, Nvidia And More']",1
NVDA,2019-04-19,['Another Electric Vehicle ETF Revs Up'],1
NVDA,2019-04-23,"[""Quarterhill's Wi-LAN Reports Polaris Innovations Subsidiary Granted Term License For Certain Patents Owned By Polaris To NVIDIA As Well As Options for NVIDIA To Renew Through Life Of Patents""]",1
NVDA,2019-04-24,['Shares of several microchip and semiconductor stocks are trading higher after Texas Instruments and Silicon Laboratories reported strong quarterly results.'],1
NVDA,2019-04-25,"['AMD Shares Trading 1.7% Higher, NVIDIA Down 2.6%, Micron Down 2.4% Following Q1 Earnings And Q2 Guidance From Intel', 'Shares of several companies in the semiconductor and microchip sector are trading lower after Xilinx reported Q4 earnings. Xilinx reported weakness in the data center and TME end markets.', 'Seeing Weakness In Several Semiconductor And Microchip Stocks; Susquehanna Analyst Christopher Rolland Tells Benzinga The Sector Is Weak On The Back Of Xilinx Earnings.', 'Big Chip Q1 Earnings Preview: A Focus On Industry Downturn, Product Delays, Competitive Dynamics, New Tech', 'NVIDIA Option Alert: May 3 $187.5 Calls Sweep (3) near the Ask: 814 @ $3.951 vs 2432 OI; Earnings 5/9 After Close [est] Ref=$186.44']",5
NVDA,2019-04-26,"['Intel Guidance Disappoints, But Earnings Season Overall Has Surprised To Upside', 'Shares of several semiconductors and microchip stocks are trading lower in sympathy with Intel after it issued worse-than-expected Q2 and FY19 guidance.']",2
NVDA,2019-04-30,"['Shares of several semi/microchip companies are trading higher after Advanced Micro Devices reported better-than-expected Q1 EPS and sales results.', 'You\'re Entering the ""Show-Me State"" As Chip Firms Get Ready To Report']",2
NVDA,2019-05-01,"[""Analysts Impressed With AMD's Execution, Pipeline Following Solid Q1 Results""]",1
NVDA,2019-05-02,"['NVIDIA To Report Q1 Earnings On Thurs., May 16, 2019 After Market Close']",1
NVDA,2019-05-06,"['Boeing, Caterpillar, Chipmakers Retreat After Trump Threats To Raise China Tariffs', 'Shares of several multinational companies are trading lower following a tweet from President Trump which hinted at additional tariffs on China and China indicated it may back out of upcoming trade negotiations.']",2
NVDA,2019-05-07,"['Many stocks are trading lower amid continued uncertainty about the future of trade between the US and China, and concerns on U.S. sanctions on Iran and Venezuela.']",1
NVDA,2019-05-08,['Autonomous Driving Startup Drivent Comes Out Of Stealth Mode'],1
NVDA,2019-05-09,"[""Shares of several semiconductor stocks are trading lower after Intel issued concerning guidance at an investor event on Wednesday; BMO also downgraded the company's stock from Outperform to Market Perform."", 'Key Day Shapes Up For Trade Talks But Earnings Also In Focus As Disney Results Gleaned', 'Red Hat Reports Expansion Of Alliance With NVIDIA To Accelerate, Scale AI/Machine Learning Workloads Across Hybrid Clouds, No Terms Disclosed']",3
NVDA,2019-05-10,"['Shares of several technology companies are trading lower on continued uncertainty surrounding the future of trade relations between the US and China after the Trump Administration increased tariffs on $200 million of Chinese goods from 10% to 25%.', 'Tariff Troubles: Market Retreat Looks To Continue As U.S. Raises Levies On China Goods']",2
NVDA,2019-05-13,"['Morgan Stanley Earlier Maintained Equal-Weight on NVIDIA Corporation - Common Stock, Raised Price Target to $170', ""Goldman Maintains Buy On Nvidia, Maintains $185 Target Ahead Of Co's Earnings 5/16 Post Close As Firm Remains Bullish Long-Term, But Expects 'Gaming to remain weak on channel adjustments while Datacenter likely to be impacted by near term customer pauses'"", 'Trade War Heats Up As China Retaliates With Raised Tariffs Of Its Own', 'Shares of several technology companies are trading lower amid continued US-China trade concerns. Proposed tariffs between the two nations could raise input costs, while trade tensions could hurt tech companies with China exposure.']",4
NVDA,2019-05-14,"['Shares of several semiconductor and microchip companies are trading higher as US markets rebound on renewed optimism surrounding US-China trade talks.', 'Stifel Nicolaus Maintains Hold on NVIDIA Corporation - Common Stock, Lowers Price Target to $145']",2
NVDA,2019-05-15,"['Nvidia Q1 Earnings Preview: Data Center, Gaming Inventory In Focus Amid Fundamental Uncertainties', 'IDC Issues Press Release Highlighting Research Showing Forecast For Global Semi Sales To Be Down 7.2% In 2019']",2
NVDA,2019-05-16,"['From NVIDIA Q1 Earnings Conference Call: Sales To Gaming Unit $1.05B, Down 39% Year Over Year, Sales To Data Center Unit $634M, Down 10% YoY', ""5 Stocks Moving In Thursday's After-Hours Session"", ""Nvidia Trades Higher After Q1 Earnings Beat, CEO Says It's Back On Upward Trajectory"", 'NVIDIA shares are trading higher after the company reported better-than-expected Q1 EPS and sales results; the company issued inline Q2 sales guidance.', 'NVIDIA Sees Q2 Adj. Gross Margins 59.5% +/- 50 Bps', 'NVIDIA Sees Q2 Sales $2.55B +/- 2% vs $2.54B Estimate', 'NVIDIA Q1 Adj. EPS $0.88 Beats $0.79 Estimate, Sales $2.22B Beat $2.2B Estimate', 'Shares of several semiconductor companies are trading lower after President Trump signed an executive order restricting companies deemed a national security threat from selling to the U.S. and threatened to blacklist Huawei Technologies.', '7 Stocks To Watch For May 16, 2019', 'Earnings Scheduled For May 16, 2019']",10
NVDA,2019-05-17,"[""A Look At Benzinga Pro's 10 Most-Searched Tickers For May 17, 2019"", ""Morgan Stanley On Nvidia Notes 'We're surprised at the magnitude of data center weakness, and continue to forecast a recovery'; Maintains Equal-weight, Maintains $170 Target"", 'Nvidia Analysts Sold On Long-Term Story, But Cautious On Data Center Weakness, Competition', 'China Accuses U.S. Of ""Bullying Behavior,"" Helping Pressure Market Sentiment', ""Benzinga Pro's Top 10 Most-Searched Tickers For Morning of Fri., May 17, 2019"", 'Summit Insights Group Downgrades NVIDIA Corporation - Common Stock to Hold', 'UBS Maintains Buy on NVIDIA Corporation - Common Stock, Lowers Price Target to $195', 'A Peek Into The Markets: US Stock Futures Signal Lower Start On Wall Street', 'IDC Reports Worldwide Semiconductor Revenues to Decline 7.2% in 2019', '5 Stocks To Watch For May 17, 2019']",10
NVDA,2019-05-20,"[""Chips Stocks Rattled As Companies Halt Supplying China's Huawei"", ""Shares of many semiconductor companies are trading lower after Trump added China's Huawei to a trade blacklist.""]",2
NVDA,2019-05-21,"['NVIDIA Has Filed With China Regulator SAMR For Approval For Mellanox Deal', 'Shares of many Semiconductors stocks are trading higher after the US granted temporary relief for Huawei suppliers.']",2
NVDA,2019-05-23,['Shares of many semiconductor companies are trading lower on continued US-China tension after the Trump administration said it would add up to 5 more Chinese surveillance companies to the blacklist.'],1
NVDA,2019-05-28,"[""Rosenblatt: AMD Will Be 'Much Bigger Player In High-End GPU Gaming'""]",1
NVDA,2019-05-29,['Shares of several technology companies are trading lower with the overall US market as US-China trade tensions continue to concern investors.'],1
NVDA,2019-05-30,"[""FAANG's Out: Investing Gems In Today's Technology Landscape"", 'Jim Cramer Tweets Building Stake in Nvidia in Charitable Trust']",2
NVDA,2019-05-31,['Many mega-cap stocks trading lower following a tweet from President Trump late Thursday the US will impose a 5 percent tariff on goods from Mexico.'],1
NVDA,2019-06-04,"[""Shares of several technology companies are trading higher after China's Commerce Ministry stated they are open to dialogue to resolve trade tensions; Mexico trade concerns also eased after Mexican officials said it could find common ground with the US.""]",1
NVDA,2019-06-05,"['Shares of several technology companies are trading lower after Pivotal Software provided Q2 and FY20 sales guidance significantly below analyst estimates.', 'Boomerang Seems To Continue As Caterpillar, Nvidia, Apple Among Early Gainers', 'Nvidia to Adopt Samsung 7nm EUV Process in Next-gen GPU Production']",3
NVDA,2019-06-06,"[""Morgan Stanley Upgrades AMD, Says 'Table Is Set Well' For 2020"", 'Barclays Maintains Overweight on NVIDIA, Lowers Price Target to $180']",2
NVDA,2019-06-08,"['Ready Trader One: Events, Stocks To Watch At E3']",1
NVDA,2019-06-10,"['Shares of several technology companies are trading higher after the U.S. and Mexico signed part of an immigration deal. If reached, Mexico would avoid previously announced tariffs; if not reached, President Trump stated tariffs would be reinstated.']",1
NVDA,2019-06-11,"[""Analyst: AMD's New Graphics Cards Make 'Meaningful Improvement' But Cost More Than Expected"", 'Shares of Shares of several semiconductor and technology companies are trading higher on continued trade optimism. The recent US-Mexico deal boosted confidence that the US could also strike a deal with China.', ""Super Micro Computer Reports Support for NVIDIA EGX Platform On Co.'s NGC-Ready Industry-Leading 1U, 2U GPU Servers, Edge Computing Servers""]",3
NVDA,2019-06-12,"[""Shares of several semiconductor stocks are trading lower after the FTC opposed Qualcomm's antitrust request.""]",1
NVDA,2019-06-13,"['Oppenheimer Bullish On Nvidia, Cautious On AMD, Intel', 'As Oil Prices Jump, Energy Shares Help Fuel Market Rally']",2
NVDA,2019-06-14,"['Chip Stocks Fall In Sympathy With Broadcom After Q2 Sales Miss, Guidance Cut', 'Shares of several semiconductor companies are trading lower after weak quarterly results from Broadcom, citing ""broad-based"" demand weakness and the U.S. crackdown on Huawei.']",2
NVDA,2019-06-17,"['Internet Trends Report: Why Immigration Is Critical To The US Tech Industry', 'Nvidia Announces Support For Arm CPUs: Why It Matters', 'NVIDIA Announces Support for Arm CPUs']",3
NVDA,2019-06-18,"[""Cloud Looming? Oracle's Revenue Seen Down In Competitive Atmosphere"", 'Nvidia To Partner With Volvo On Self-Driving Trucks', ""Shares of several semiconductor companies are trading higher after President Trump said he spoke with China's Xi and announced they will have an extended meeting at G20, renewing trade optimism. NOTE: Semis have major China exposure."", 'Volvo Group Partners With NVIDIA to Develop Advanced AI Platform for Autonomous Trucks']",4
NVDA,2019-06-20,['Shares of several technology companies are trading higher amid renewed hopes of a Federal Reserve rate cut this year and in sympathy with Oracle reporting strong Q4 earnings.'],1
NVDA,2019-06-24,"['As Anticipation Firms For Trump/Xi Meeting, Focus Is On Earnings, Iran Tensions']",1
NVDA,2019-06-26,['Shares of companies in the semiconductor space are trading higher after Micron reported strong Q3 earnings.'],1
NVDA,2019-06-27,"['NVIDIA shares are trading higher after Wedbush initiated coverage on the stock with an Outperform rating and announced a $184 price target.', ""Benzinga's Top Upgrades, Downgrades For June 27, 2019"", 'Wedbush Initiates Coverage On NVIDIA with Outperform Rating, Announces $184 Price Target']",3
NVDA,2019-07-01,"['AMD-Nvidia Graphics Competition Heats Up', 'Shares of several hardware suppliers are trading higher after President Trump said he would ease the ban on US companies selling to Huawei.', 'Competition Between AMD and Nvidia in Graphics Card Market Expected to Heat Up in Early July']",3
NVDA,2019-07-02,"['With Jobs Report Ahead, Focus Turns To Economic Data, Auto Sales, Tesla Output']",1
NVDA,2019-07-05,['AMD Reportedly Slashes Prices On Graphics Card Ahead Of Launch'],1
NVDA,2019-07-08,"[""AMD's RX 5700 Graphics Cards Now Available: What You Need To Know""]",1
NVDA,2019-07-09,"['Will Earnings Season Prompt a Resurr-tech-tion?', 'As Investors Await Fed Chair Testimony Wednesday, PepsiCo Delivers Strong Results', 'Kinahan Says Millennials Are Buying The Stocks They Know, Like Beyond Meat And Tesla']",3
NVDA,2019-07-11,"['Boutique Research Firm Upgrades Nvidia, Says AI, Ray Tracing Will Drive Demand For Chipmaker', 'NVIDIA shares are trading higher after Cascend upgraded the stock from Hold to Buy and announced a price target of $190 per share.', 'Cascend Upgrades NVIDIA to Buy, Announces $190 Price Target']",3
NVDA,2019-07-12,"['Shares of several semiconductor companies are trading higher amid positive trends in US-China trade negotiations, Trump loosening the Huawei ban and the Fed signaling a rate cut. Japan/Korea trade tensions could also drive up memory prices.', ""UPDATE: Cassidy Also Tells Benzinga 'Japan / Korea trade issues may drive up the prices of memory devices following a year of memory prices in free fall. Prices for memory increased w/w for the first time in over a year.'"", ""Stifel Nicolaus Analyst Kevin Cassidy On Semiconductors Strength, Tells Benzinga 'The fed signaling lower interest rates and Trump loosening the ban on Huawei are both huge news for semiconductor companies.'"", ""Tigress Financial Analyst Ivan Feinseth Comments On Semiconductors Strength, Tell Benzinga 'Positive trends in US-China trade negotiations is lifting all the chip stocks.'""]",4
NVDA,2019-07-13,"[""Barron's Picks And Pans: Dollar Tree, Expedia, Nvidia, Prudential And More""]",1
NVDA,2019-07-16,['Rekor Systems Earlier Announced It Has Joined NVIDIA Metropolis Software Partner Program To Apply Deep Learning To Video Streams'],1
NVDA,2019-07-22,"['Shares of several semiconductor companies are trading higher after Kudlow and Mnuchin invited U.S. tech companies to discuss the Huawei ban; Goldman Sachs upgraded companies in the sector, believing excess inventory will be depleted more quickly.']",1
NVDA,2019-07-23,['Some Perspective On The Potent Esports ETF'],1
NVDA,2019-07-24,['Shares of several semiconductor companies are trading higher in sympathy with Texas Instruments and Teradyne after both companies reported positive Q2 EPS and sales results. Both companies also issued in-line Q3 guidance.'],1
NVDA,2019-07-25,['NVIDIA shares trading lower despite no company news. Note that shares of NVIDIA have rallied about 8% over the last 2 weeks and over 32% since the beginning of June.'],1
NVDA,2019-07-26,"['Stock Wars: Intel Vs. AMD Vs. Nvidia', 'Semiconductor Equipment Billings Stay above $2B in June']",2
NVDA,2019-07-29,['Shares of several semiconductors companies are trading lower on seemingly no news. It could potentially be a sell-off following the sector experiencing continued growth over the course of the last two months.'],1
NVDA,2019-07-30,['China Fortunes Keep Chip Stocks On Wild Ride As Advanced Micro Reports'],1
NVDA,2019-07-31,"['AMD Drops On Mixed Quarter, Analysts Weigh In', 'Shares of several semiconductor companies are trading lower in sympathy with Advanced Micro Devices after the company issued Q3 sales guidance below analyst estimates.', 'Jim Cramer Gives His Opinion On Nvidia, Cisco And More', 'What To Watch In August: Retail Earnings, IPOs, Fed Moves']",4
NVDA,2019-08-01,"['Analysts Weigh In On The Semiconductor ETF And NVIDIA', ""Shares of several semiconductor companies are trading higher on seemingly no sector-specific news. Strength may be due to a rebound following yesterday's sector-wide weakness after AMD issued weak Q3 sales guidance.""]",2
NVDA,2019-08-02,"[""26 Technology Stocks Moving In Today's Pre-Market Session""]",1
NVDA,2019-08-05,['Shares of several semiconductor companies are trading lower after President Trump announced additional tariffs on Chinese goods.'],1
NVDA,2019-08-08,['Shares of several semiconductors companies are trading higher on a potential rebound following a recent downturn the sector has experienced over the past few months amid growing trade tensions.'],1
NVDA,2019-08-09,"['Shares of several semiconductor companies are trading lower after President Trump announced the U.S. is not doing any business with Huawei. Huawei is an important customer for many semiconductor companies.', ""Twists And Turns: This Week's Wild Ride Swings Through U.K., Italy, China""]",2
NVDA,2019-08-12,"[""Report: AMD Prepping For Launch Of 'Nvidia Killer' Graphics Card In Mid-2020"", 'Market Remains On Edge As Tensions Between U.S., China Continue']",2
NVDA,2019-08-13,"['Shares of several semiconductor companies are trading higher in sympathy with the overall market after the U.S. Trade Representative reported that some tariffs will be delayed to Dec 15 on some products including cell phones, monitors, and laptops.']",1
NVDA,2019-08-14,"['Nvidia Analysts Preview Q2 Earnings: A Challenging Near Term, But Out Years Hold Promise', 'Shares of several semiconductors companies are trading lower after the spread between the 2-year and 10-year yield curve inverted for the first time since 2007, potentially signaling an oncoming recession.']",2
NVDA,2019-08-15,"[""5 Stocks Moving In Thursday's After-Hours Session"", 'Nvidia Trades Higher On Q2 Earnings Beat', 'NVIDIA Sees Q3 Sales $2.842B-$2.958B vs $2.97B Estimate, Adj. Gross Margin ~62.5%', 'NVIDIA Q2 Adj. EPS $1.24 Beats $1.14 Estimate, Sales $2.58B Beat $2.55B Estimate', '10 Stocks To Watch For August 15, 2019', 'Earnings Scheduled For August 15, 2019']",6
NVDA,2019-08-16,"[""41 Stocks Moving In Friday's Mid-Day Session"", ""A Look At Benzinga Pro's Most-Searched Tickers For August 16, 2019"", 'What Analysts Have To Say About Nvidia Following Earnings Beat', ""UPDATE: Raymond James Reiterates Outperform On NVIDIA, Reiterates $180 Target As Firm Thinks 'the pause in hyperscale spending this year (which affected all suppliers) provides a strong setup for next year'"", 'Investors Seem More Optimistic As Trade, Bond Market Worries Ease', 'Mid-Morning Market Update: Markets Open Higher; Deere Earnings Miss Views', ""UPDATE: Morgan Stanley On NVIDIA Continues 'Bulls probably wanted more clarity on data center than we heard despite a return to q/q growth'"", ""UPDATE: Morgan Stanley Maintains Equal-weight On NVIDIA, Raises Target To $180 As Firm Notes 'Headline is a sharp recovery in gross margins in the October quarter that drives up EPS, unexpectedly'"", ""Top 10 Movers Via Benzinga Pro's Screener Tool For Morning of Friday., August 16, 2019"", ""Benzinga Pro's Top 10 Most-Searched Tickers For Morning of Friday., August 16, 2019"", '10 Biggest Price Target Changes For Friday', ""7 Technology Stocks Moving In Friday's Pre-Market Session"", 'NVIDIA shares are trading higher after the company reported better-than-expected Q2 EPS and sales results.', 'Morgan Stanley Maintains Equal-Weight on NVIDIA, Raises Price Target to $180', ""26 Stocks Moving in Friday's Pre-Market Session"", 'A Peek Into The Markets: US Stock Futures Signal Higher Start On Wall Street', '7 Stocks To Watch For August 16, 2019']",17
NVDA,2019-08-17,"['Bulls And Bears Of The Week: Apple, Cisco, Salesforce, Walmart And More']",1
NVDA,2019-08-19,"['Shares of several semiconductors are trading higher on renewed hopes of a resolution to trade tensions between the US and China.', ""Busy Week Ahead With Fed Symposium And Retail Earnings Marching On With Target, Kohl's"", ""27 Technology Stocks Moving In Monday's Pre-Market Session"", '60 Biggest Movers From Friday']",4
NVDA,2019-08-20,"['Nomura On Semiconductors: Analyst Eyes Data Center, PC Trends', 'Graphics Card Market to See Heated Competition between Nvidia, AMD, Intel in 2021']",2
NVDA,2019-08-21,"['Shares of several technology companies shares are trading higher in sympathy with the overall market.', 'NVIDIA shares are trading higher after Benchmark assumes the stock with a Buy rating and announced a $210 price target.', 'Benchmark Assumes NVIDIA at Buy, Announces $210 Price Target']",3
NVDA,2019-08-23,"[""Nvidia's Newest Competitor Is One Of Trump's Biggest Foes"", 'China To Impose $75 Billion In Retaliatory Tariffs', 'Shares of several semiconductors companies are trading lower on escalated trade tensions after China announced it plans to impose a 5% to 10% tariff rate on $75 billion worth of U.S. goods.']",3
NVDA,2019-08-26,"['Shares of several semiconductor companies are trading higher amid easing trade tensions. President Trump said China is ready to come back to the negotiating table.', 'Week Starts With Trade Hopes Slightly Improved, But Caution Remains Watchword']",2
NVDA,2019-08-29,"[""Shares of several semiconductor companies are trading higher after China's Ministry of Commerce said the country is willing to work to resolve US trade tensions and does not want any further escalation."", ""24 Technology Stocks Moving In Thursday's Pre-Market Session""]",2
NVDA,2019-08-30,"[""AMD Desktop GPU Shipments Overtake Nvidia's For First Time In 5 Years""]",1
NVDA,2019-09-03,"['Shares of several semiconductor companies are trading lower as trade concerns continue to escalate following a new 15% tariff, which was added to $112 billion worth of Chinese goods on Sunday.', 'Trader Toolkit: Return Of The MACD', ""27 Technology Stocks Moving In Tuesday's Pre-Market Session""]",3
NVDA,2019-09-04,"['Shares of many semiconductor companies are trading higher as Hong Kong tensions ease on the withdrawal of the extradition bill that has caused mass protesting. The protests are seen as a potential disruption to the global economy and U.S.-China trade talks.', 'These Are The Leveraged ETFs At Play When Trade War Worries Strike']",2
NVDA,2019-09-05,"['Shares of many semiconductor companies are trading higher with the broader stock market after the Chinese Minister of Commerce said the U.S. and China are set to meet in Washington D.C in early October.', ""14 Technology Stocks Moving In Thursday's Pre-Market Session"", 'IHS Says Chip Sales Fell ~14% in H1 2019']",3
NVDA,2019-09-10,['Game On: Nvidia Reportedly Working On Sub-$300 Graphics Card To Take On AMD'],1
NVDA,2019-09-11,['Shares of several semiconductor companies are trading higher after China released a tariff exemptions list for certain products from the U.S. Apple also released new iPhones which are expected to benefit several companies within the sector.'],1
NVDA,2019-09-15,['Examining The VanEck Esports ETF And Its 30% Surge This Year'],1
NVDA,2019-09-18,"['Jim Cramer Weighs In On Centene, Fastly And More']",1
NVDA,2019-09-19,"[""Report: AMD's Low-End Dominance Threatened As Nvidia Preps Budget Graphic Card Launch""]",1
NVDA,2019-09-23,"['SunTrust Robinson Humphrey Maintains Buy on NVIDIA, Raises Price Target to $216']",1
NVDA,2019-09-24,"[""'Fast Money Halftime Report' Traders Weigh In On Apple, Uber And More"", ""Shares of companies in the semiconductor space are trading lower after Trump criticized China's trade policies in front of the UN. The sector has exposure to China and is sensitive to US-China trade relations.""]",2
NVDA,2019-09-25,['NVIDIA shares are trading higher despite no company-specific news. The stock has rallied roughly 14% in the past 3 months.'],1
NVDA,2019-09-27,"[""Shares of several semiconductor companies are trading lower following reports indicating the White House is considering setting limits on US flows to China, delisting Chinese company's from US stock exchanges. NOTE: Semiconductor companies are heavily impacted by U.S.-China trade war uncertainty, especially companies in business with Huawei.""]",1
NVDA,2019-10-01,"['Shares of several semiconductor companies are trading higher on renewed U.S.-China trade optimisim. A U.S. Treasury spokeswoman said the White House ""is not contemplating blocking Chinese companies from listing shares on U.S. stock exchanges at this time.']",1
NVDA,2019-10-02,['Shares of several semiconductor companies are trading lower in sympathy with the overall market on continued fears of a recession amid a weak ADP jobs report. There is also uncertainty in the market over the upcoming U.S.-China meeting next week.'],1
NVDA,2019-10-03,"['Shares of many semiconductor companies are trading higher as investors are optimistic of a trade deal with China that could be reached after President Trump said a Chinese delegation is set to come to the U.S. next week for continued trade talks.', 'NVIDIA shares are trading higher despite no company-specific news. This could potentially be a rebound im sympathy with the overall market.']",2
NVDA,2019-10-07,"[""Investors Sell FANG To Buy IPOs In September's IMX"", 'Best And Worst Short Ideas Of The Week', ""AMD Unveils Budget Radeon Graphics Cards Aimed At Nvidia's Entry-Level Products"", 'Investor Movement Index Summary: September 2019', ""A Look At Benzinga Pro's Most-Searched Tickers For October 7, 2019"", 'Evercore ISI Group Maintains Outperform on NVIDIA, Raises Price Target to $225', 'NVIDIA shares are trading higher after RBC Capital maintained an Outperform rating on the stock and raised the price target from $190 to $217.', 'Talking Trade: Back To The Table This Week, But Will Big Issues Be Addressed?', 'RBC Capital Maintains Outperform on NVIDIA, Raises Price Target to $217', ""17 Technology Stocks Moving In Monday's Pre-Market Session""]",10
NVDA,2019-10-08,"['Shares of several semiconductor companies are trading lower as optimism around the upcoming U.S.-China trade talks waned. A report says China is toning down its expectations of the meeting. The U.S. expanded its trade blacklist, and scheduled an increase in tariffs on $250 billion worth of Chinese goods from 25% to 30% on Oct. 15, which will go into effect if no progress is made.', ""20 Technology Stocks Moving In Tuesday's Pre-Market Session""]",2
NVDA,2019-10-09,"['Option Traders Make Bullish Bets On Nvidia', 'Jim Cramer Shares His Thoughts On Roku, Gilead And More', 'Shares of several semiconductor companies are trading higher after multiple reports suggesting China is open to a partial trade deal surfaced. The reports renewed optimism in the upcoming U.S.-China trade talks.', ""19 Technology Stocks Moving In Wednesday's Pre-Market Session""]",4
NVDA,2019-10-10,"[""Shares of many semiconductors are trading higher on renewed trade optimism after the US was considering suspending tariff increase in exchange for a currency pact. President Trump's administration also plans to allow the sale of some supplies to Huawei.""]",1
NVDA,2019-10-11,['Shares of several semiconductor companies are trading higher after President Trump made positive remarks on the U.S.-China trade talks. Trump is scheduled to meet with Chinese Vice Premier Liu He at the White House today.'],1
NVDA,2019-10-14,"[""Chip Stocks Not Reacting As Traders Circulate Report From WCCF Tech 'Rumor: Intel To Skip 10nm For Desktop CPUs, Will Offer 7nm Desktop CPUs in 2022'""]",1
NVDA,2019-10-15,"[""UPDATE: Cascend Maintains Buy On NVIDIA, Raises Tgt To $220 Notes 'We see hyperscale AI development work continuing to grow off this summers' strong AI pus'; Believes 'this is a prime opportunity to take advantage of bad news already being in this name'"", 'Cascend Maintains Buy on NVIDIA, Raises Price Target to $220', 'Analyst: Nvidia Earnings Will Triple In The Next 5 Years', 'NVIDIA shares are trading higher after Bank of America maintained a Buy rating on the stock and raised the price target from $225 to $250.', '10 Biggest Price Target Changes For Tuesday', 'Bank of America Maintains Buy on NVIDIA, Raises Price Target to $250', ""10 Technology Stocks Moving In Tuesday's Pre-Market Session""]",7
NVDA,2019-10-16,"['Bank Of America Results Keep Financial Sector Flowing, With Netflix In Focus Later', ""Benzinga Pro's Top 10 Most-Searched Tickers For Morning of Wednesday, October 16, 2019""]",2
NVDA,2019-10-17,"[""9 Technology Stocks Moving In Thursday's Pre-Market Session""]",1
NVDA,2019-10-21,"['NVIDIA with Microsoft Announces Technology Collaboration for Era of Intelligent Edge', 'Shares of companies in the semiconductor space are trading higher amid US-China trade optimism. The sector has China exposure and has been highly affected by trade tensions this year.']",2
NVDA,2019-10-22,"[""Analysts Like Nvidia's EGX Edge Supercomputing Platform, 5G Opportunity"", 'Wells Fargo Earlier Maintained Outperform on NVIDIA, Raised Price Target to $220', 'Ericsson and NVIDIA Collaborate to Accelerate Virtualized 5G Radio Access Networks With GPUs']",3
NVDA,2019-10-23,"['NVIDIA shares are trading lower in sympathy with Texas Instruments after the company reported weak Q3 sales results and issued Q4 sales guidance below analyst estimates.', 'Semiconductor Equipment Billings Slip to 5-month Low']",2
NVDA,2019-10-24,"['Shares of several semiconductors shares are trading higher in sympathy with Lam Research after the company reported better-than-expected Q1 EPS and sales results. The company had also issued Q2 EPS and sales above analyst estimates.', 'Big Chip Q3 Earnings Preview: Intel Could Win On Muted Expectations, AMD Makes Inroads']",2
NVDA,2019-10-25,['Nvidia shares are trading higher after RBC raised the price target of the stock from $217 to $251.'],1
NVDA,2019-10-28,"['Shares of several semiconductor companies are trading higher on progression in U.S.-China trade talks and positive sentiment from strong earnings reports.', 'Cramer Advises His Viewers On Del Taco, Tyson Foods And More', 'Another Bonanza Earnings Week As Apple Looms, With Fed, Payrolls Also On Weekly Agenda', 'NVDIA Announces a New Shield TV']",4
NVDA,2019-10-30,"[""Analysts Upbeat On AMD's Product Roadmap, Execution"", ""Video Game ETF Competition Gets Another Entrant With Global X's HERO""]",2
NVDA,2019-10-31,"['NVIDIA To Report Q3 Earnings On Thurs., Nov. 14 After Market Close']",1
NVDA,2019-11-04,"['15 Stocks With A High Current Ratio', 'Earnings Thoughts Turn To Retail Later This Week, But Uber Starts Parade Today']",2
NVDA,2019-11-05,"[""Ark Invest's Catherine Wood On Leveraging Disruption, Innovation To Grow Portfolios"", 'NVIDIA Reports USPS Adopts Co. End-To-End AI Technology, No Terms Disclosed', 'Investor Movement Index Summary: October 2019']",3
NVDA,2019-11-07,"[""3 Reasons Why Tesla Will Hit $6,000, According To Ark Invest's Catherine Wood"", ""Analyst Warns Of Timing Issue With Nvidia's Datacenter Launch, But Remains Bullish"", 'Shares of semiconductor companies are trading higher after Qualcomm reported better-than-expected Q4 results.', ""UPDATE: Raymond James Previews NVIDIA's Q3 Earnings (On Thurs., Nov. 14, 2019), Warns Of Uncertainty On Datacenter Launch Timing, Says Timing Could Impact Qtr. Results"", 'Traders Circulating Word Of Cautious Sell-Side Comments On NVIDIA; Unconfirmed']",5
NVDA,2019-11-11,"[""UPDATE: Deutsche Bank Maintains Hold On NVIDIA, Raises Target To $190 Notes 'while we expect a solid print/guide that may deliver incremental upside to estimates, we believe much of this goodness is already reflected in the shares'"", ""UPDATE: UBS Maintains Buy NVIDIA, Raises Target To $240 As Firm Notes 'Proof points are about to start playing out in':"", 'After Slow Start, Week Might Gain Pace As Retail Sales, Inflation Data, Walmart Loom', 'Deutsche Bank Maintains Hold on NVIDIA, Raises Price Target to $190', 'UBS Maintains Buy on NVIDIA, Raises Price Target to $240']",5
NVDA,2019-11-12,"[""UPDATE: Cascend Maintains Buy On NVIDIA, Raises Target To $240 'on continued hyperscale AI development and fewer GPU price cuts (benefiting margins)'"", 'Cascend Maintains Buy on NVIDIA, Raises Price Target to $240', 'Oppenheimer Maintains Outperform on NVIDIA, Raises Price Target to $250', ""7 Technology Stocks Moving In Tuesday's Pre-Market Session""]",4
NVDA,2019-11-13,['REX Shares Rolls Out A New ETN For FAANG Fans'],1
NVDA,2019-11-14,"[""5 Stocks Moving In Thursday's After-Hours Session"", 'Nvidia Posts Big Q3 Earnings Beat', 'NVIDIA Sees Q4 Sales $2.95B +/- 2% vs $3.06B Est.', 'NVIDIA Q3 Adj. EPS $1.78 Beats $1.58 Estimate, Sales $3.01B Beat $2.92B Estimate', ""NVIDIA Shares Unaffected As Traders Circulate Word From Jefferies Suggesting GPU-Card Maker In Contact With Firm Suggested Co. Stopped Shipping GPUs To It During Second Half Of Oct., Card Maker Sees H2'19 Unit Growth In 15-20% Range"", 'Shoppers Rise To The Occasion As Walmart Reports Another Impressive Quarter', ""A Preview Of Nvidia's Q3 Earnings"", ""Benzinga Pro's Top 5 Stocks To Watch For Thurs., Nov. 14, 2019: NVDA, SINA, DDS, TROV, AMRN"", 'Earnings Scheduled For November 14, 2019', '11 Stocks To Watch For November 14, 2019']",10
NVDA,2019-11-15,"['PreMarket Prep Recap: Breaking Down The Reaction To Walmart And Nvidia Earnings', 'Nvidia Impresses Analysts With Datacenter Resurgence, Expanding Margins', ""UPDATE: Morgan Stanley On NVIDIA Also Notes 'We have been surprised at the strength in the stock, and valuation leaves little room for error, but the company is back in growth mode'"", ""UPDATE: Morgan Stanley Maintains Equal-Weight On NVIDIA, Raises Tgt To $217 Notes Co. 'showed upside to the qtr, but guided revs 4% below consensus/in line with our ests; data center grew in line with ests, vs. an expectation for some upside'"", ""UPDATE: Raymond James Reiterates Outperform On NVIDIA, Raises Target To $240 Notes 'incremental strength appears to secular - coming from AI inferencing (driven by speech recognition), something bulls had been waiting on for several quarters'"", ""UPDATE: Mizuho On NVIDIA Notes Co's 'strong position in gaming, DC growth, low inventories, and good GM positions it well for F21E(Jan)'"", ""UPDATE: Mizuho On NVIDIA Notes 'Looking into JanQ, NVDA noted weakness from PCs and gaming offset by continued Data Center growth and strong GM driven by product mix'"", ""UPDATE: Mizuho Maintains Buy On NVIDIA, Raises Target To $230 Notes 'The OctQ top line was driven by Gaming/Data Center strength from ray tracing RTX GPUs and Hyperscale/Cloud customers'"", 'SunTrust Robinson Humphrey Maintains Buy on NVIDIA, Raises Price Target to $240', ""UPDATE: Bank Of America On NVIDIA Notes 'In Q4, downside came from: (1) gaming – where seasonally declining notebooks and Nintendo consoles are larger/having a greater impact on segment growth (~$500mn combined sales); and (2) autos'"", ""UPDATE: Bank Of America On NVIDIA Notes 'Overall, we raise FY20E/21E pf-EPS by 4%/1%, and take our PO to $275 from $250, based on 37x CY20E P/E ex-cash (vs. 34x prior) to reflect data center reacceleration'"", ""UPDATE: Bank Of America Reiterates Buy On NVIDIA, Raises Target To $275 As Firm Believes Co.'is uniquely positioned to reaccelerate in existing markets while expanding into new markets (edge computing/5G, advanced autos, NLP)'"", ""UPDATE: Citi Maintains Buy On NVIDIA, Raises Tgt To $245 Notes 'We like the stock setup on improving Y/Y comps next couple of quarters and believe NVDA offers the best programmable data center computing platform that can be scaled with high software moat'"", 'NVIDIA shares are trading lower after the company issued Q4 sales guidance below analyst estimates.', 'Driving Higher: Market Keeps Hanging In, On Pace For Another Record-Setting Week', ""Benzinga's Top Upgrades, Downgrades For November 15, 2019"", 'JP Morgan Maintains Overweight on NVIDIA, Raises Price Target to $237', 'Barclays Maintains Overweight on NVIDIA, Raises Price Target to $225', 'Nomura Maintains Neutral on NVIDIA, Raises Price Target to $200', '10 Biggest Price Target Changes For Friday', 'Morgan Stanley Maintains Equal-Weight on NVIDIA, Raises Price Target to $217', 'Raymond James Reiterates Outperform on NVIDIA, Raises Price Target to $240', 'Benchmark Maintains Buy on NVIDIA, Raises Price Target to $240', 'Mizuho Maintains Buy on NVIDIA, Raises Price Target to $230', 'Craig-Hallum Upgrades NVIDIA to Buy', 'A Peek Into The Markets: US Stock Futures Rise Ahead Of Economic Reports', 'New Street Downgrades NVIDIA to Neutral', 'Bank of America Maintains Buy on NVIDIA, Raises Price Target to $275', 'Citi Maintains Buy on NVIDIA, Raises Price Target to $245', 'Wells Fargo Maintains Outperform on NVIDIA, Raises Price Target to $240', '6 Stocks To Watch For November 15, 2019']",31
NVDA,2019-11-18,"['NVIDIA shares are trading higher. Hearing Citigroup raised the price target from $200 to $245. Also saw comments from a Credit Suisse analyst suggesting October graphics cards sales grew month-over-month.', 'NVIDIA Option Alert: Fri $197.5 Puts Sweep (2) near the Bid: 1000 @ $0.331 vs 1465 OI; Ref=$211.25', 'More Records Shattered: Stocks Start Week At Record Highs With More Retail Earnings Next']",3
NVDA,2019-11-19,"[""5 Technology Stocks Moving In Tuesday's Pre-Market Session""]",1
NVDA,2019-11-20,"[""NVIDIA shares are trading higher. Analysts have reacted positively to Tuesday's investor Q&A session, including with regards to the company's 7nm Ampere development."", ""Nvidia Chips Are The 'Engine Of Artificial Intelligence,' CEO Tells Cramer""]",2
NVDA,2019-11-21,"['Despite Tariff Fears, Market Shows Signs Of Resilience As Retail Earnings Continue']",1
NVDA,2019-11-25,"['Cascend Maintains Buy on NVIDIA, Raises Price Target to $250', 'Stocks That Hit 52-Week Highs On Monday', ""Benzinga's Top Upgrades, Downgrades For November 25, 2019"", 'Nvidia Has One Of The Best Opportunities To Maintain High Multiple, Morgan Stanley Says In Upgrade', ""UPDATE: Morgan Stanley On NVIDIA Notes Co's 'ray tracing software support should generate more gamer enthusiasm in gaming products,and new data center workloads around conversational AI should lead to another leg of data center growth'"", ""UPDATE: Morgan Stanley Upgrades NVIDIA To Overweight, Raises Target To $259 Notes 'We see 2020 as a return to solid growth in both key segments, gaming and hpc/cloud (datacenter), even in a tough semiconductor environment'"", ""UPDATE: Morgan Stanley Upgrades NVIDIA To Overweight, Raises Target To $259 Notes 'We see 2020 as a return to solid growth in both key segments, gaming and hpc/cloud(datacenter), even in a tough semiconductor environment'"", ""12 Technology Stocks Moving In Monday's Pre-Market Session"", ""NVIDIA shares are trading higher after Morgan Stanley upgraded the company's stock from Equal-Weight to Overweight and announced a $259 price target."", 'Morgan Stanley Upgrades NVIDIA to Overweight, Announces $259 Price Target']",10
NVDA,2019-11-26,"['Bank Of America Likes AMD, Nvidia Ahead Of 2020 Gaming Market Recovery', ""More Retail Results Pour In Ahead Of Holiday After Monday's Record-Setting Session""]",2
NVDA,2019-11-27,"[""5 Technology Stocks Moving In Wednesday's Pre-Market Session""]",1
NVDA,2019-11-29,"[""Decoding AMD's Breathtaking 2-Year Rally""]",1
NVDA,2019-12-02,['Shares of several technology and growth stocks are trading lower as US equities dip following escalating US-China tensions over Hong Kong. US stocks further fell on worse-than-expected manufacturing data.'],1
NVDA,2019-12-03,"[""Gene Munster Talks Tesla's Energy Business, Apple's Trade War Risk And Facebook Libra"", 'Shares of technology companies are trading lower on global macro concerns after Trump implied a US-China trade deal may not occur until 2020.', ""9 Technology Stocks Moving In Tuesday's Pre-Market Session""]",3
NVDA,2019-12-04,"['Shares of semiconductor companies are trading higher following positive US-China trade reports from earlier, offsetting the sector-wide effects of weak earnings and guidance from Marvell.', ""10 Technology Stocks Moving In Wednesday's Pre-Market Session""]",2
NVDA,2019-12-06,"[""Cramer Gives His Opinion On Taiwan Semiconductor, Wendy's And More""]",1
NVDA,2019-12-10,"['Shares of several semiconductor companies are trading higher on news U.S. and Chinese trade negotiators are planning to delay the December 15 tariffs.', ""8 Technology Stocks Moving In Tuesday's Pre-Market Session""]",2
NVDA,2019-12-12,"['Stocks That Hit 52-Week Highs On Thursday', ""Shares of semiconductor companies are trading higher after President Trump tweeted the US and China are 'getting very close to a big deal.'""]",2
NVDA,2019-12-13,"['Stocks That Hit 52-Week Highs On Friday', 'Nvidia has Not Offered any Concessions to EU Related to $6.8B Mellanox Deal']",2
NVDA,2019-12-17,"['PiperJaffray Maintains Overweight on NVIDIA, Raises Price Target to $250']",1
NVDA,2019-12-18,"[""EU Antitrust Regulators To Approve Without Conditions Nvidia's $6.8 Billion Bid For Mellanox Technologies"", 'Stocks That Hit 52-Week Highs On Wednesday', 'Tencent Games Partners with NVIDIA to Launch START Cloud Gaming Service']",3
NVDA,2019-12-19,"['NVIDIA shares are trading higher in sympathy with Micron, which reported Q1 results and issued guidance late Wednesday, including sector-wide trend outlook.', 'Stocks That Hit 52-Week Highs On Thursday']",2
NVDA,2019-12-20,"['Stocks That Hit 52-Week Highs On Friday', 'Wells Fargo Names Nvidia As Top Semi Idea Into 2020, Lifts Price Target To $270', ""UPDATE: Wells Fargo Maintains Overweight On NVIDIA, Raises Target To $270 Names Co. Firm's 'top Semi idea into 2020' Driven By Firm's Expectation 'of a meaningful reacceleration in data center growth through 2020' And Continued Strong Notebook Adoption"", 'Wells Fargo Maintains Overweight on NVIDIA, Raises Price Target to $270', ""5 Technology Stocks Moving In Friday's Pre-Market Session""]",5
NVDA,2019-12-23,"['Stocks That Hit 52-Week Highs On Monday', ""4 Technology Stocks Moving In Monday's Pre-Market Session""]",2
NVDA,2019-12-26,"['PreMarket Prep Recap: Qiagen Pulls The Rug Out From Investors Banking On A Deal, Bad Data Equals Bad Price Action For Spectrum Pharmaceuticals']",1
NVDA,2019-12-28,['5 Best ETFs Of 2019'],1
NVDA,2019-12-30,"[""Here's How Much Investing $100 In Nvidia Stock Back In 2010 Would Be Worth Today""]",1
NVDA,2019-12-31,"[""Benzinga Pro's Top 5 Stocks To Watch For Tues., Dec. 31, 2019: AMZN, WBAI, NVCN, NIO, NVDA"", '8 Biggest Price Target Changes For Tuesday', 'Benchmark Maintains Buy on NVIDIA, Raises Price Target to $275']",3
NVDA,2020-01-02,"[""24 Technology Stocks Moving In Thursday's Pre-Market Session""]",1
NVDA,2020-01-03,"[""22 Technology Stocks Moving In Friday's Pre-Market Session""]",1
NVDA,2020-01-06,"[""12 Technology Stocks Moving In Monday's Pre-Market Session""]",1
NVDA,2020-01-07,"['Sony, Nvidia, Uber Introduce Electric, Autonomous Auto Concepts At CES']",1
NVDA,2020-01-09,['Stocks That Hit 52-Week Highs On Thursday'],1
NVDA,2020-01-10,"[""UPDATE: B Of A Securities On Nvidia Notes 'In our 2020 playbook, we flag NVDA as our top large cap pick... due to its leading growth (15%+ sales/20%+ EPS CAGR, CY19-21E) at a still reasonable valuation (30x CY21 PE, 2-turns below 3-yr avg.)"", 'Stocks That Hit 52-Week Highs On Friday', 'BofA Names Nvidia, Inphi Its Top Semiconductor Stock Picks For 2020', 'B of A Securities Reiterates Buy on NVIDIA, Raises Price Target to $300', ""Nvidia Added To Citi's Catalyst Watch; Expects Outperformance"", ""13 Technology Stocks Moving In Friday's Pre-Market Session""]",6
NVDA,2020-01-13,"[""NVIDIA shares are trading higher after Needham upgraded the company's stock from Underperform to Hold."", ""Analysts Upbeat After Nvidia's CES Presentations: 'Must-Own Stock For Technology Investors'"", 'Craig-Hallum Earlier Reiterated Buy on NVIDIA, Raised Price Target to $300', ""UPDATE: Needham Upgrades NVIDIA To Hold 'following our positive meeting at CES'; 'we contend the shares are fully valued at 34x our F2021 earnings estimate (near multi-year high). Furthermore, we believe competition will accelerate in AI training in 2020'"", ""UPDATE:Argus Reiterates Buy On NVIDIA, Raises Tgt To $300 Notes Co. Shined At CES As 'CES 2020 provided NVidia an opportunity to highlight rapid adoption of its ray tracing technology, which renders more realistic light and shadows in gaming applications'"", ""Benzinga's Top Upgrades, Downgrades For January 13, 2020"", 'Nvidia Analyst Says Chipmaker Lacks Earnings Potential To Justify Lofty Valuation', '10 Biggest Price Target Changes For Monday', 'Argus Research Maintains Buy on NVIDIA, Raises Price Target to $300', 'Needham Upgrades NVIDIA to Hold']",10
NVDA,2020-01-15,"['Piper Sandler Maintains Overweight on NVIDIA, Raises Price Target to $275', 'Hearing Piper Sandler Out Positive On Semiconductors, Saying 2020 Appears To Be A Recovery Year For The Semiconductor Market; Unconfirmed']",2
NVDA,2020-01-16,"['Another Bank Beats: Morgan Stanley Latest To Exceed Expectations On Strong Trading', ""10 Technology Stocks Moving In Thursday's Pre-Market Session""]",2
NVDA,2020-01-17,"['9 Takeaways From The JPMorgan Healthcare Conference', ""'China Hasn't Started Remedy Talks On Mellanox/NVIDIA' - Deal Reporter"", 'Record Run: Stocks Keep Rolling To New Highs as Housing Data, Earnings Look Solid']",3
NVDA,2020-01-18,"['Bulls And Bears Of The Week: IBM, Microsoft, Tesla And More']",1
NVDA,2020-01-21,"[""AMD Says 'Nvidia Killer' Graphics Card Is Set For Launch This Year""]",1
NVDA,2020-01-23,"['Cramer: Tesla Is A Tech Company On Wheels, Unlike Ford And GM', ""UPDATE: UBS Maintains Buy on NVIDIA, Raises Price Target to $300 As Firm Sees 'a path to ~$10 EPS in FY21 (non-GAAP) on the back of a new 7nm product cycle in both data center + gaming.' Notes 2 Reasons:"", 'UBS Maintains Buy on NVIDIA, Raises Price Target to $300']",3
NVDA,2020-01-24,"['Stocks That Hit 52-Week Highs On Friday', ""3 Chip ETFs To Buy On Intel's Stellar Forecast""]",2
NVDA,2020-01-27,"[""15 Technology Stocks Moving In Monday's Pre-Market Session"", 'Shares of several semiconductor companies are trading lower as concerns about the Wuhan coronavirus continue to grow, prompting travel bans in multiple Chinese cities. Reports say the death toll rose to 80 with more than 2,700 people now infected.']",2
NVDA,2020-01-28,"[""Shares of several technology companies are trading higher, rebounding as fears of the coronavirus's impact on the economy settle. NOTE: Although the market rebounded, there are still concerns over the spread of the virus."", 'Turnaround Tuesday? Stocks Look To Bounce Back As Apple Earnings Loom Later']",2
NVDA,2020-01-30,"['7 Semiconductor Stocks To Buy On Coronavirus Weakness', 'Shares of several semiconductor companies are trading lower as markets sell off on coronavirus worries. The virus has caused global worries and disrupted activity in China, negatively impacting companies with China exposure.', ""14 Technology Stocks Moving In Thursday's Pre-Market Session""]",3
NVDA,2020-01-31,"['Shares of several companies in the broader technology sector are trading lower amid global concerns driven by the coronavirus outbreak in China. The technology sector has strong China exposure and the virus has caused some economic disruption concerns in the country.', 'Position Scrimmage: Coronavirus, End-Of-Month Profit Taking Influencing Markets']",2
NVDA,2020-02-04,"['Nvidia GeForce Now Game Streaming Is Now Available', 'GameStop Shares Volatile Between $4.10-$4.20 Level; Pullback From $4.20 Level On Volume Following The Verge Report Of NVIDIA Streaming Game Service', ""'Nvidia's GeForce Now is finally out of beta, challenges Google Stadia at $5 a month' -TheVerge; NVIDIA Shares Not Seeing Huge Reaction"", ""Shares of technology companies are trading higher amid a continued rebound in equities following last week's selloff. Shares sold off last week amid coronavirus fears in China, as the sector has exposure to the country."", ""14 Technology Stocks Moving In Tuesday's Pre-Market Session""]",5
NVDA,2020-02-06,['Facebook At Key Inflection Point'],1
NVDA,2020-02-07,"['Job Market Heats Up In January, As Warmer Weather Might Have Helped Add Positions']",1
NVDA,2020-02-10,"['3 ETFs To Play For The Week Ahead: REITs, Chips And More', 'NVIDIA shares are trading higher after RBC Capital maintained an Outperform rating on the stock and raised its price target from $251 to $301.', 'Big Week Of Earnings Ahead Featuring Cisco, Nvidia, UnderArmour, Among Others', 'RBC Capital Maintains Outperform on NVIDIA, Raises Price Target to $301']",4
NVDA,2020-02-11,"['NVIDIA shares are trading higher after Oppenheimer maintained an Outperform rating and raised its price target from $250 to $300. Wells Fargo maintained an Overweight rating and raised its price target from $270 to $290.', 'Stocks That Hit 52-Week Highs On Tuesday', 'Under Armour Gets Torn Up As Earnings Disappoint, But Coronavirus Fears Retreat Slightly', 'Oppenheimer Maintains Outperform on NVIDIA, Raises Price Target to $300', 'Wells Fargo Maintains Overweight on NVIDIA, Raises Price Target to $290']",5
NVDA,2020-02-12,"['2020 Mobile World Congress Cancelled Over Coronavirus Fears', 'Nvidia Analysts Raise Price Targets Ahead Of Q4 Print', 'Susquehanna Maintains Positive on NVIDIA, Raises Price Target to $310', 'Wedbush Maintains Outperform on NVIDIA, Raises Price Target to $295']",4
NVDA,2020-02-13,"['NVIDIA shares are trading higher after the company reported better-than-expected Q4 EPS and sales results.', 'Nvidia Trades Higher After Big Q4 Earnings Beat', 'NVIDIA Corp Sees Q1 Of Fiscal 2021 Revenue Is Expected To Be $3B, Plus Or Minus 2 Percent vs $2.85B Est.; Co. Says While Ultimate Coronavirus Effect Is Difficult To Estimate, Reducing Revenue Outlook For Q1 By $100M To Account For Potential Impact', 'NVIDIA Q4 Adj. EPS $1.89 Beats $1.66 Estimate, Sales $3.105B Beat $2.96B Estimate', 'Coronavirus Fears Back On Big Earnings Day As Alibaba, PepsiCo, Nvidia All Report', 'SunTrust Robinson Humphrey Maintains Buy on NVIDIA, Raises Price Target to $314', '10 Biggest Price Target Changes For Thursday', ""Nvidia's Q4 Earnings Outlook"", 'Cascend Maintains Buy on NVIDIA, Raises Price Target to $300', '12 Stocks To Watch For February 13, 2020', 'Earnings Scheduled For February 13, 2020']",11
NVDA,2020-02-14,"['Mid-Afternoon Market Update: Dow Falls Over 100 Points; CarGurus Shares Slide', ""UPDATE: Raymond James Reiterates Outperform On Nvidia, Raises Target To $300 Notes 'Strong Upside Before the Product Cycle Has Even Gotten Started'"", ""UPDATE: Rosenblatt On Nvidia Notes 'Although the market dynamics are different (more competition), from the missionary work Nvidia has done in AI training, we do believe the company's unambiguous leadership in GPU/GPU compute is intact'"", ""UPDATE: Rosenblatt Maintains Buy On Nvidia, Raises Target To $315 Notes 'Solid beat and raise with a conservative guide (coronavirus impact of ~$100 million) that suggests consensus estimates move up driven by a strong data center recovery'"", ""UPDATE: Morgan Stanley On Nvidia Notes 'That strong data center growth is particularly notable in that we see new products coming in the next quarter or two'"", ""UPDATE: Morgan Stanley Maintains Overweight On Nvidia Raises Target To $304 Notes 'As we had hoped for when we upgraded the stock in November, the data center business has surged, growing 33% q/q in January, well above other cloud providers'"", 'Nvidia Analysts Maintain Bullish Outlook Following Q4 Data Center, Gaming Strength', ""50 Stocks Moving In Friday's Mid-Day Session"", 'Mid-Day Market Update: ImmunoGen Surges On Upbeat Q4 Results; LivePerson Shares Plummet', 'Stocks That Hit 52-Week Highs On Friday', 'Mid-Morning Market Update: Markets Mostly Flat; NVIDIA Posts Upbeat Q4 Earnings', 'Travel Stocks May Stay In Focus As Coronavirus Fears Linger', 'Craig-Hallum Maintains Buy on NVIDIA, Raises Price Target to $325', 'Cascend Maintains Buy on NVIDIA, Raises Price Target to $330', 'Oppenheimer Maintains Outperform on NVIDIA, Raises Price Target to $350', 'Morgan Stanley Maintains Overweight on NVIDIA, Raises Price Target to $304', 'Industrials Ended 2019 On A Strong Note, But Are Some Segments In Better Shape Than Others?', ""Benzinga Pro's Top 5 Stocks To Watch For Fri., Feb. 14, 2020: TSLA, ROKU, CRON, YELP, AMD"", '10 Biggest Price Target Changes For Friday', 'Wells Fargo Maintains Overweight on NVIDIA, Raises Price Target to $320', 'Asia Markets Mixed As Coronavirus Cases Rise, Mobile World Congress Canceled', 'Raymond James Maintains Outperform on NVIDIA, Raises Price Target to $300', 'Wedbush Maintains Outperform on NVIDIA, Raises Price Target to $311', ""5 Technology Stocks Moving In Friday's Pre-Market Session"", 'Rosenblatt Maintains Buy on NVIDIA, Raises Price Target to $315', 'UBS Maintains Buy on NVIDIA, Raises Price Target to $320', ""30 Stocks Moving in Friday's Pre-Market Session"", 'NVIDIA shares are trading higher after the company reported better-than-expected Q4 EPS and sales results.', 'Citigroup Maintains Buy on NVIDIA, Raises Price Target to $315', 'A Peek Into The Markets: US Stock Futures Edge Higher Ahead Of Economic Reports', '8 Stocks To Watch For February 14, 2020']",31
NVDA,2020-02-18,"['NVIDIA Option Alert: Fri $300 Calls Sweep (78) near the Ask: 571 @ $2.637 vs 9131 OI; Ref=$296.25', ""UPDATE: Argus On Nvidia Notes 'We believe that most technology investors should own NVDA in the age of deep learning, AI, and GPU-driven applications acceleration'"", ""UPDATE: Argus Reiterates Buy On Nvidia, Raises Target To $340 Notes 'We recommend establishing or adding to positions in this preeminent vehicle for participation in the AI economy'"", 'Susquehanna Upgrades Mellanox Technologies Ahead Of Chinese Decision On Nvidia Deal', 'Market Taking A Step Back: Walmart Misses On Earnings, Apple Lowers Sales Guidance', 'Argus Research Reiterates Buy on NVIDIA, Raises Price Target to $340', '76 Biggest Movers From Friday']",7
NVDA,2020-02-19,"[""Why AMD's Coronavirus Impact Could Be Worse Than Intel, Nvidia"", ""51 Stocks Moving In Wednesday's Mid-Day Session"", 'Stocks That Hit 52-Week Highs On Wednesday', 'NVIDIA shares are trading higher after Bernstein upgraded the stock from Market Perform to Outperform and raised its price target from $300 to $360 per share.', ""Unfazed FAANGs: Pullback In Apple Didn't Carry Over To Other Big Tech Names"", 'Autonomous Yard Trucking Startup Drives Out Of Stealth With $53M In Series A', '10 Biggest Price Target Changes For Wednesday', 'A Peek Into The Markets: US Stock Futures Up Ahead Of Economic Data, Fed Minutes', 'Bernstein Upgrades NVIDIA to Outperform, Raises Price Target to $360']",9
NVDA,2020-02-20,"['Shares of several semiconductor companies are trading lower potentially on coronavirus fears. NOTE: The market had a sharp selloff. Not seeing any news to justify the bearish price action.', 'Stocks That Hit 52-Week Highs On Thursday', ""China Stimulus Doesn't Translate Into US Strength As Deere Prepares To Report Friday"", '78 Biggest Movers From Yesterday']",4
NVDA,2020-02-21,"['Shares of several semiconductor companies are trading lower. Weakness potentially related to the ongoing conronavirus outbreak in China, which has hurt economic activity across sectors including the semi sector, which has China exposure.']",1
NVDA,2020-02-24,"['Rough Start To New Week As Apple, Chip Stocks, Travel And Leisure Sector Hit Hard By Virus', 'Shares of several semiconductor companies are trading lower amid continued spread of coronavirus including notable upticks in Iran and Italy. NOTE: The virus has raised fear of a global economic slowdown.', ""25 Technology Stocks Moving In Monday's Pre-Market Session""]",3
NVDA,2020-02-25,"[""UPDATE: Nomura Downgrades NVIDIA to Reduce, Lowers Price Target to $230 As Firm Notes 'In our view, the risks to the global semiconductor industry posed by the COVID-19 outbreak have grown over the last few weeks.'"", ""Earnings To The Rescue? HP, Macy's, Home Depot All Report Solid Results, Providing Lift"", ""Shares of several semiconductor companies are trading higher as markets partially rebound from Monday's dip. NOTE: While some markets recover, coronavirus fears still persist globally."", 'Nomura Downgrades NVIDIA to Reduce, Lowers Price Target to $230']",4
NVDA,2020-02-26,"['Shares of several semiconductor companies are trading higher. Not seeing any news to justify the price action.', 'March Outlook: Political Season Starts To Sizzle, But Coronavirus Still Hogs Headlines', 'Shares of several semiconductor companies are trading higher. Strength potentially market related as equities begin to rebound from recent selloffs.']",3
NVDA,2020-02-27,"[""'AMD has sold more GPUs than Nvidia, according to this analyst report' -TechRadar"", 'Department Of Correction: Both DJIA And SPX On Verge Of 10% Decline From Peaks', 'Shares of companies in the software, technology and semiconductor spaces are trading lower as continued coronavirus fears cause weakness across sectors.']",3
NVDA,2020-02-28,"['NVIDIA shares are trading higher despite broader market downturn. Mizuho analyst today noted that online gaming and ecommerce cloud remain strong amid the coronavirus outbreak, which the firm said is an advantage for NVIDIA.']",1
NVDA,2020-03-02,"[""What To Expect From AMD's Analyst Day"", 'NVIDIA Says Will Shift Its GTC Chip Conference Scheduled For Mar. 22-26 To Only Online']",2
NVDA,2020-03-03,"['Shares of several technology companies are trading lower in sympathy with the overall market. The Fed cut rates to combat the coronavirus outbreak which caused an initial spike but then continued to trade lower.', '3 ETFs For Stocks With Positive Earnings Revisions', 'Spread of Coronavirus Beyond China to Impact 2020 Semiconductor Market']",3
NVDA,2020-03-04,"[""Shares of several technology companies are trading higher after Joe Biden took the delegate lead on Super Tuesday. Biden's more 'moderate' economic policies have been seen as more favorable for growth.""]",1
NVDA,2020-03-05,"['Shares of several technology, semiconductor, and software companies are trading lower as global markets continue to experience volatility amid the coronavirus spread.']",1
NVDA,2020-03-06,"['Shares of several technology companies are trading lower. Movement appears market related as markets continue to dip amid the global coronavirus outbreak.', ""21 Technology Stocks Moving In Friday's Pre-Market Session""]",2
NVDA,2020-03-09,"['Shares of several companies in the technology, software and semiconductor space are trading lower as equities crash amid coronavirus fears. The virus spread has disrupted economic activity across sectors and caused global macro uncertainty.', ""Here's How Much Investing $100 In Adobe Stock Back In 2010 Would Be Worth Today""]",2
NVDA,2020-03-10,"[""Shares of several technology companies are trading higher as markets look to rebound from Monday's selloff. The technology sector has been highly impacted by the coronavirus due to its China exposure and sensitivity to economic conditions.""]",1
NVDA,2020-03-11,"['Despite Volatility, FANG Continues to Prove Its Popularity', 'Shares of several companies in the technology, software and semiconductor space are trading lower as equities sell off amid coronavirus fears. The virus spread has disrupted economic activity across sectors and caused global macro uncertainty.']",2
NVDA,2020-03-12,"['Shares of several technology, software and semiconductor companies are trading lower as equities sell off amid continued global coronavirus concerns. The virus has caused global economic disruption and negatively impacted stocks across sectors.']",1
NVDA,2020-03-13,"[""Shares of several technology, software and semiconductor companies are trading higher as equities rebound following Thursday's crash. The sector has been negatively impacted recently as the coronavirus outbreak has disrupted economic outlook globally.""]",1
NVDA,2020-03-16,"['Shares of several technology stocks are trading lower amid demand and supply chain disruption concerns driven by coronavirus.', 'Nvidia Urges Gamers To Use Their Gaming PCs To Fight Coronavirus']",2
NVDA,2020-03-17,"['All The Major Events Canceled By Coronavirus (Updated)', ""Shares of several technology, semiconductor, and software companies are trading higher, rebounding from Monday's crash. Stocks may also potentially be getting a boost from expectations of further stimulus proposals.""]",2
NVDA,2020-03-18,"['Morgan Stanley Maintains Overweight on NVIDIA, Lowers Price Target to $268', 'Shares of several technology, software and semiconductor companies are trading lower as equities sell off amid continued global coronavirus concerns. The virus has caused global economic disruption and negatively impacted stocks across sectors.', ""11 Technology Stocks Moving In Wednesday's Pre-Market Session""]",3
NVDA,2020-03-19,"['Esports, Gaming Thrive, Adapt As Nation Grapples With Pandemic', 'Shares of several technology companies are trading higher, rebounding from earlier weakness. Markets have been volatile amid the coronavirus outbreak, with central banks and governments around the world enacting stimulus measures.', 'Shares of several technology, software and semiconductor companies are trading lower amid continued global coronavirus concerns. The virus has caused global economic disruption and negatively impacted supply chains for many tech companies. UPDATE: Several stocks in the sector have since reversed.']",3
NVDA,2020-03-20,"['Why BofA Says AMD, Nvidia Are High-Quality, High-Beta Stocks In A Volatile Market', 'Wells Fargo Maintains Overweight on NVIDIA, Lowers Price Target to $280', 'Shares of several technology companies are trading higher. Market strength has been attributed to strong containment measures taken by California, rebound in oil, central bank actions and expectations of increased technology usage amid the virus outbreak.']",3
NVDA,2020-03-23,"['Shares of several technology, software, and semiconductor companies are trading higher as stocks move higher following Monday morning Fed stimulus action.']",1
NVDA,2020-03-24,"['Nvidia Analyst Says Pandemic Creates More Data Center Demand', ""75 Stocks Moving In Tuesday's Mid-Day Session"", ""UPDATE: Needham On NVIDIA Notes 'we believe the transition to AI, whether from hyperscalers, enterprise or verticals, will accelerate during this COVID-19 outbreak as the shift to private and public cloud will grow'"", ""UPDATE: Needham Upgrades NVIDIA To Buy, Announces $270 Target Notes 'During this uncertain time, superior balance sheets remain supreme'; Firm Believes 'GPUs for medical applications will ramp in light of the COVID-19 pandemic'"", 'RUMOR: Hearing Dealreporter Speculation China Has Reached A Deal For NVIDIA/Mellanox Deal', 'Rise In Semiconductor, Cloud Computing Stocks Could Set Tone For Broader Economy', 'Shares of several technology companies are trading higher amid market strength on hopes of a US economic stimulus package agreement.', ""NVIDIA shares are trading higher as equities gain amid hopes of a US stimulus agreement. Needham also upgraded the company's stock from Hold to Buy."", ""26 Stocks Moving in Tuesday's Pre-Market Session"", 'Needham Upgrades NVIDIA to Buy, Announces $270 Price Target']",10
NVDA,2020-03-25,"['Airline Shares Jump As Stimulus Agreement Offers Relief, While Nike Up On Earnings', '120 Biggest Movers From Yesterday']",2
NVDA,2020-03-26,['Shares of several semiconductor companies are trading higher following a strong Q2 earnings report from Micron.'],1
NVDA,2020-03-27,"[""Mellanox Shares Volatile Over Last Few Mins. On Volume Spike; Hearing Capitol Forum Says Deal Approval 'In Trouble,' Recent Talks Failed To Address Objections""]",1
NVDA,2020-03-30,"[""Shares of several technology companies are trading higher as equities continue to rise following last week's rebound amid US stimulus measures.""]",1
NVDA,2020-03-31,"['Option Traders Make Massive Multimillion Dollar Bets On Nvidia, Microsoft', ""NVIDIA shares are trading higher amid tech sector strength. Susquehanna analysts maintained a 'Positive' rating on the stock."", 'Susquehanna Maintains Positive on NVIDIA, Raises Price Target to $330']",3
NVDA,2020-04-01,"['Some Staples Stocks Bouncing Back After Sliding In Recent Rally As Caution Tightens Grip', 'Shares of several technology, semiconductor, and software companies are trading lower amid market weakness as macro concerns continue to grow as a result of the coronavirus pandemic. The White House said it expects a surge in cases over the next 2 weeks.']",2
NVDA,2020-04-03,"['Despite Near-Term Volatility, Nvidia Analyst Remains Bullish On Data Center Positioning, Gaming Dominance', 'Shares of several semiconductor and chip companies are trading lower amid overall equity weakness. Macro disruption as a result of the coronavirus pandemic has affected businesses across sectors.']",2
NVDA,2020-04-06,['Shares of several semiconductor and large technology stocks are trading higher with the broader market on optimism that coronavirus cases in several US hotspots appear to be reaching their peak.'],1
NVDA,2020-04-07,"['Semiconductors Continue To Lead Rally Efforts, While Consumer Staples Keep Lagging', 'Shares of several technology, semiconductor, and software companies are trading higher amid optimism that coronavirus cases in Asia are potentially easing. Global slowing cases could raise hopes of a sooner return to spending and economic activity.']",2
NVDA,2020-04-08,['Shares of several technology companies are trading higher amid overall market strength on optimism that US coronavirus cases could soon leveling off. NOTE: Some names in the sector have potentially benefited from recent work-at-home trends.'],1
NVDA,2020-04-09,['Will FANG Lead The Market Rebound?'],1
NVDA,2020-04-14,"['Shares of several technology companies are trading higher as markets gain on positive coronavirus outlook. Optimism surrounding the virus has led to hopes of an upcoming return to economic activity, which would benefit the sector.']",1
NVDA,2020-04-15,"['Software Rises Above Semiconductors And Hardware As Tech Heads Into Earnings Season', 'Shares of several technology companies are trading lower as equities fall amid mixed earnings results from banks, a significant decline in the price of oil and worse than expected retail sales in March.']",2
NVDA,2020-04-16,"['NVIDIA Says Mellanox Deal Closing Expected To Occur On Or About Apr. 27', 'NVIDIA shares are trading higher after the company received Chinese approval for its acquisition of Mellanox.', ""Alibaba, Tesla Among Cramer's Stay-At-Home Stock Ideas"", 'Cramer Shares His Thoughts On Yext, Workday And More', 'Hearing Mellanox Reportedly Receives China approval For NVIDIA Merger']",5
NVDA,2020-04-17,"['UBS Maintains Buy on NVIDIA, Raises Price Target to $330']",1
NVDA,2020-04-19,"[""Nvidia, Marvell, Monolithic Are Oppenheimer's Top Picks Ahead Of Semiconductor Earnings""]",1
NVDA,2020-04-21,"['Shares of several technology companies are trading lower amid overall market weakness following a collapse in oil prices. Oil has been negatively impacted by excess supply and low demand amid the coronavirus pandemic.', ""A Look Into NVIDIA's Price Over Earnings""]",2
NVDA,2020-04-22,"['Shares of several semiconductor companies are trading higher, potentially in sympathy with Texas Instruments, which reported better-than-expected Q1 financial results.']",1
NVDA,2020-04-23,"['Shares of several semiconductor companies are trading higher. Strength potentially related to earnings from notable names in the space this week as well as overall market strength amid a rebound in oil.', 'Eli Lilly Kicks Off Earnings Day With A Beat And Investors Prepare For Intel After Close', 'Taiwan Semiconductor Seeing Ramp-up in Orders from AMD, Nvidia']",3
NVDA,2020-04-24,"['Nvidia Reportedly Eyeing 5nm Chips Even As Apple, AMD Ramp Up Orders']",1
NVDA,2020-04-27,"[""'I've Been Dreaming About This,' Nvidia CEO Says After $7B Mellanox Acquisition Deal Finally Closed"", ""Why Nvidia's Stock Is Trading Higher Today"", 'NVIDIA shares are trading higher potentially on overall market strength as some states announced their plans to reopen in phases. The company also announced the completion of the acquisition of Mellanox.', 'A Peek Into The Markets: US Stock Futures Signal Higher Start On Wall Street', 'NVIDIA Completes Acquisition of Mellanox']",5
NVDA,2020-04-28,"['Morgan Stanley Maintains Overweight on NVIDIA, Raises Price Target to $282']",1
NVDA,2020-04-29,"[""Shares of several technology companies are trading higher amid market strength following positive data from a study of Gilead's Remdesivir, which is being evaluated for coronavirus. A successful treatment could mean a sooner return to economic activity. NOTE: Some names may also be moving in sympathy following recent earnings from Google and some semiconductor companies."", 'May Market Outlook: No Spring Fling This Year As Dismal Data, Weak Earnings Seen Ahead']",2
NVDA,2020-04-30,"['NVIDIA To Report Q1 Earnings Thurs., May 21, 2020']",1
NVDA,2020-05-01,['Shares of several technology companies are trading lower on market weakness as investor uncertainty grows following quarterly earnings results from multiple companies. NOTE: This could potentially be a sell-off after the S&P 500 rallied 12.7% over the past month.'],1
NVDA,2020-05-04,"['Susquehanna Maintains Positive on NVIDIA, Raises Price Target to $355', ""NVIDIA Shares Unaffected Following Report 'Nvidia Plans To Buy Cumulus Networks In Networking Software Play'""]",2
NVDA,2020-05-07,"['NVIDIA shares are trading higher after SunTrust analysts maintained a Buy rating on the stock and raised their price target from $294 to $327. The tech sector has been strong this week amid a rebound in economic sentiment.', 'SunTrust Robinson Humphrey Maintains Buy on NVIDIA, Raises Price Target to $327']",2
NVDA,2020-05-08,['Shares of several technology companies are trading higher amid market strength after US job loss figures came in better than expected. The sector has been strong recently as several companies reported strong earnings and benefited from online services.'],1
NVDA,2020-05-10,"[""'Fast Money' Picks For May 11: EA, Nike, Nvidia""]",1
NVDA,2020-05-11,"['Why Nvidia Has A New Street-High Price Target', 'Stocks That Hit 52-Week Highs On Monday', '10 Biggest Price Target Changes For Monday', 'Needham Maintains Buy on NVIDIA, Raises Price Target to $360']",4
NVDA,2020-05-12,"['""Stay at Home"" Stocks Still Rule the Roost as Nvidia, Microsoft, Apple Start Week Firmly', '2 Options Strategies For Nvidia Ahead Of Earnings', 'Stocks That Hit 52-Week Highs On Tuesday', 'Not Just Fun And Games: How Esports Could Offer Potential Investment Opportunities']",4
NVDA,2020-05-13,"['Another Nvidia Analyst Boosts Price Target Ahead Of Q1 Report', 'Wedbush Maintains Outperform on NVIDIA, Raises Price Target to $340']",2
NVDA,2020-05-14,"['NVIDIA Datasheet Shows DGX A100 To Use Dual AMD Rome 7742', 'Nvidia CEO Talks New Ampere-Based GPU, Advanced AI System In GTC 2020 Keynote', 'NVIDIA Highlights Expansion Of Its Clara Healthcare Platform With New Capabilities, Partnerships To Help Medical Community Track, Test, Treat Coronavirus']",3
NVDA,2020-05-15,"[""Nvidia Analyst Says New, Ampere-Based Data Center GPU Makes Chipmaker 'Unassailable'"", 'Quick Retreat: Impressive Thursday Turnaround Halted in Its Tracks Amid Fresh Trade Tiff', 'Raymond James Reiterates Outperform on NVIDIA, Raises Price Target to $330']",3
NVDA,2020-05-18,"[""BMO Turns Bullish On Nvidia, Says It's Uniquely Positioned For Computing Shift"", 'Walmart, Target And Home Depot Among Major Retailers Set To Report Earnings In Days Ahead', 'Stocks That Hit 52-Week Highs On Monday', ""Benzinga's Top Upgrades, Downgrades For May 18, 2020"", '10 Biggest Price Target Changes For Monday', ""NVIDIA shares are trading higher after BMO Capital upgraded the company's stock from Market Perform to Outperform and raised its price target from $285 to $425."", 'BMO Capital Upgrades NVIDIA to Outperform, Raises Price Target of $425']",7
NVDA,2020-05-19,"['Nvidia Investors Accuse Chipmaker Of Misrepresenting $1B In Crypto Revenue In Lawsuit', 'Stocks That Hit 52-Week Highs On Tuesday', 'Walmart Earnings Look Strong Across the Board, But Home Depot Down After Missing on EPS', ""NVIDIA shares are trading higher after Susquehanna and RBC Capital maintained their bullish ratings on the company's stock along with raising their price targets."", 'Susquehanna Maintains Positive on NVIDIA, Raises Price Target to $410', 'RBC Capital Maintains Outperform on NVIDIA, Raises Price Target to $385']",6
NVDA,2020-05-20,"['Chop Chop: Strong Earnings Lift Markets After Tuesday Thud; FOMC Minutes Ahead', ""Benzinga Pro's Top 5 Stocks To Watch For Wednesday, May 20, 2020: BABA, SPOT, NVDA, SGBX, JD""]",2
NVDA,2020-05-21,"['Nvidia Reports Q1 Earnings Beat', 'NVIDIA Sees Q2 Sales $3.65B +/- 2% vs $3.15B Estimate, Gross Margins 58.6-66%', 'NVIDIA Q1 Adj. EPS $1.800 Beats $1.680 Estimate, Sales $3.080B Beat $2.980B Estimate', ""Here's How Long It Took Nvidia To Reach A $100B Market Cap"", 'Climate Change: Up And Down Pattern Continues As Week Advances And Powell Awaited', 'Credit Suisse Reinstates Outperform on NVIDIA, Announces $425 Price Target', 'A Peek Into The Markets: US Stock Futures Down Ahead Of Earnings, Jobless Claims Data', '8 Stocks To Watch For May 21, 2020', 'Earnings Scheduled For May 21, 2020']",9
NVDA,2020-05-22,"[""9 Nvidia Analysts On Q1 Beat, Ampere GPU: 'A Pure Play In Accelerated Computing'"", 'Moderna, NVIDIA, Deere Form Bright Spots Amid Worries Over U.S.-China Relationship', 'Cascend Maintains Buy on NVIDIA, Raises Price Target to $380', 'Piper Sandler Maintains Overweight on NVIDIA, Raises Price Target to $390', 'UBS Maintains Buy on NVIDIA, Raises Price Target to $400', 'NVIDIA shares are trading higher after the company reported better-than-expected Q1 EPS and sales results.', 'B of A Securities Reiterates Buy on NVIDIA, Raises Price Target to $420', 'Deutsche Bank Maintains Hold on NVIDIA, Raises Price Target to $315', 'Raymond James Reiterates Outperform on NVIDIA, Raises Price Target to $370', 'Oppenheimer Maintains Outperform on NVIDIA, Raises Price Target to $400', '10 Biggest Price Target Changes For Friday', 'Wedbush Maintains Outperform on NVIDIA, Raises Price Target to $420', 'Mizuho Reiterates Buy on NVIDIA, Raises Price Target to $400', 'Wells Fargo Maintains Overweight on NVIDIA, Raises Price Target to $430', 'Nomura Instinet Maintains Reduce on NVIDIA, Raises Price Target to $260', 'SunTrust Robinson Humphrey Maintains Buy on NVIDIA, Raises Price Target to $384', 'Rosenblatt Maintains Buy on NVIDIA, Raises Price Target to $400', 'Needham Maintains Buy on NVIDIA, Raises Price Target to $400', 'A Peek Into The Markets: US Stock Futures Down Ahead Of Three-Day Weekend', '7 Stocks To Watch For May 22, 2020']",20
NVDA,2020-05-23,"['Bulls And Bears Of The Week: Carvana, Comcast, Walmart And More']",1
NVDA,2020-05-26,"['Stocks That Hit 52-Week Highs On Tuesday', '3 Non-Semiconductor ETFs Benefiting From Nvidia Exposure', 'NVIDIA shares are trading higher after Morgan Stanley maintained its Overweight rating on the stock and raised its price target from $282 to $363 per share.', 'Morgan Stanley Maintains Overweight on NVIDIA, Raises Price Target to $363']",4
NVDA,2020-05-27,"['Chip Stocks Move Higher Following Strong Guidance Out Of Memory Manufacturer Micron: Intel Shares Up 0.1%, AMD Down 3.3%, NVIDIA Down 4%', 'Shares of several companies in the broader technology sector are trading lower despite market strength. Weakness potentially related to business reopenings and eased lockdown restrictions, as several names in the tech sector have benefited from work-from-home, home entertainment and e-commerce trends amid the pandemic.']",2
NVDA,2020-05-28,"[""Synopsys' Silicon-Proven DesignWare DDR IP for High-Performance Cloud Computing Networking Chips Selected by NVIDIA""]",1
NVDA,2020-05-31,['Semiconductor Industry to Lobby for Billions to Boost U.S. Manufacturing'],1
NVDA,2020-06-02,"['Why BofA Recommends Buying GPU Plays AMD and Nvidia', 'Cramer Weighs In On Ciena, Harley-Davidson And More']",2
NVDA,2020-06-08,"['Afternoon Market Stats in 5 Minutes', 'Shares of some technology companies are trading lower despite market strength. The sector has performed well this year to date and appears to be giving back some gains following run up.', 'Morning Market Stats in 5 Minutes']",3
NVDA,2020-06-09,['Shares of several technology companies are trading higher despite market weakness. The sector recently experienced some welling and appears to be rebounding following dip.'],1
NVDA,2020-06-10,"['Shares of several technology companies are trading higher on continued volatility despite market weakness. The sector sold off recently as other sectors gained amid US economic reopening and appears to be rebounding.', 'Afternoon Market Stats in 5 Minutes', 'Morning Market Stats in 5 Minutes']",3
TSLA,2019-07-01,"[""Tesla's Q2 Delivery Number Could Cause A Big Move"", ""'Tesla Electric Airplane? Elon Musk sees electric aircraft in 5 years' -Earlier Electrek Article"", ""UPDATE: JMP Reiterates Outperform, $347 Target On Tesla As Firm Notes 'In general we think the Street is underestimating the pace of recovery in Model 3 demand in the U.S., and additionally is not accounting for a full quarter of Model 3 exports'"", 'Tesla shares are trading higher after JMP Securities reiterated a Market Outperform rating on the stock and announced a $347 price target.']",4
TSLA,2019-07-02,"[""Tesla, Unum Therapeutics Making Big Moves In Tuesday's After-Hours Session"", 'Tesla Surges After Q2 Deliveries Come In Higher Than Expected', 'Tesla shares are trading higher after the company released its Q2 vehicle production and delivery numbers.', 'Tesla Says Entering Q3 With Increase In Order Backlog', 'Tesla Q2 Model S/X Production 14,517, Deliveries 17,650; Model 3 Production 72.531, Deliveries 77,550', ""'Tesla Sales Could Boom in China as Local Competitors Lose Some Advantage' -Barrons"", ""A Look At Benzinga Pro's Most-Searched Tickers For July 2, 2019"", ""Benzinga Pro's Top 10 Most-Searched Tickers For Morning of Tuesday, July 2, 2019"", 'With Jobs Report Ahead, Focus Turns To Economic Data, Auto Sales, Tesla Output', 'Reports: 2 More Tesla Execs Depart', ""'Tesla loses engineering VP amid end-of-quarter delivery rush' -Business Insider"", ""Electrek.Co Tweet: Tesla's head of Europe is out""]",12
TSLA,2019-07-03,"['Big Tesla Options Trades Could Signal Institutional Interest', ""33 Stocks Moving In Wednesday's Mid-Day Session"", 'Wall Street Analysts Still Divided On Tesla Following Record Deliveries', 'Flags Waving As Holiday Approaches, With Tesla Quarter Showing Unexpected Strength', 'Tesla shares are trading higher following news of Q2 vehicle production and delivery numbers.', ""Europe's Auto Safety Panel Says Tesla's Model 3 Set A New Benchmark In Safety"", ""24 Stocks Moving In Wednesday's Pre-Market Session"", 'A Peek Into The Markets: US Stock Futures Rise Ahead Of Economic Reports', ""UPDATE: 'Tesla Model 3 aces Euro NCAP safety tests' -UK's Auto Express"", 'Hearing Tesla Says Model 3 Has Earned 5-Star Safety Rating From Euro NCAP', '5 Stocks To Watch For July 3, 2019', ""Tesla Model 3 aces crash test, sets 'new safety technology benchmark'""]",12
TSLA,2019-07-05,"[""'Tesla reduces the price of its solar systems' -Electrek"", ""Benzinga Pro's Top 7 Most-Searched Tickers For Morning of Friday., July 05, 2019"", '48 Biggest Movers From Wednesday']",3
TSLA,2019-07-06,"[""Barron's Picks And Pans: Coca-Cola, Kroger, Shopify And More"", 'Bulls And Bears Of The Week: Apple, Nike, Tesla, Uber And More']",2
TSLA,2019-07-08,"['Investor Movement Index Summary: June 2019', 'Industry Shift: With Four Departures This Year, Who Is The Longest-Tenured Automotive CEO?', 'Morgan Stanley Cuts Tesla Second-Half 2019 Revenue Growth Forecast']",3
TSLA,2019-07-09,"[""Nio Shares Rise For Sixth Straight Session: What's Behind The Momentum?"", ""'Tesla Model 3 is the best road trip car: 10 hours of driving on Autopilot and 0 hours waiting for charging' -electrek"", ""'Tesla Autopilot team loses several more engineers as Elon Musk takes over ' -Tesla"", 'As Investors Await Fed Chair Testimony Wednesday, PepsiCo Delivers Strong Results', ""'Frustrated Musk Shakes Up Autopilot Team' -The Information"", 'Kinahan Says Millennials Are Buying The Stocks They Know, Like Beyond Meat And Tesla']",6
TSLA,2019-07-10,"[""June's IMX Shows Traders Dropping Equity For The First Time Since 2016"", ""'Tesla is going to the Connecticut Supreme court due to ridiculous effort from car dealers' -electrek"", 'Report: Tesla Planning For Production Bump At Fremont Plant', 'Nio Reports Q2 Deliveries Above Guidance', 'ElectrekCo Tweet: Elon Musk hints at Tesla vehicles finally getting Spotify', ""Tesla Tells Employees It's Preparing to Increase Production at Fremont, CA Plant"", ""Telsa's Model 3 Can Now Use DC Fast Chargers Across the US""]",7
TSLA,2019-07-11,"['Mobileye Founder Says Robo-Taxis Are Necessary Precursor To Private Self-Driving Vehicles', 'Tesla To Report Q2 Earnings After The Closing Bell On Wed., Jul. 24', 'Tesla-Heavy ETF Gets A New Look', ""'Tesla engineer admits uploading Autopilot source code to iCloud before leaving for competitor' -Electrek"", ""Munster Expects Tesla's 'Bumpy Year' To Continue: 'This Story Remains Emotionally Charged'"", 'China FineBlanking Technology to Increase Monthly Shipments of Components for Relays Used in Tesla Model 3']",6
TSLA,2019-07-12,"[""Musk Vs. Bezos Vs. Branson: Who's Winning The Space Tourism Race?"", 'EV Battery Prices Expected to Fall to US$100/kWh in 2022']",2
TSLA,2019-07-15,['Tesla Option Alert: Aug 16 $180 Puts Sweep (21) above Ask!: 9874 @ $1.218 vs 16653 OI; Earnings 7/24 After Close Ref=$246.93'],1
TSLA,2019-07-16,"[""'Cost of Tesla full self-driving option increasing by ~$1000 on August 16' -Elon Musk"", 'Tesla Tweaks Pricing Across All Models', ""Trader Idea Feed: 'Tesla shares shorted vs stock price since 2016. Shorts have made back a large portion of their mark-to-market losses, they are up +$2.35 billion, +27.18%, in mark-to-market profits in 2019...' @ihors3 Via Twitter"", 'Tesla Cuts Model 3 Price to $30,315 from $32,225; Raises Model S Price to $70,115 from $65,125; Raises Model X Price to $75,315 from $71,325']",4
TSLA,2019-07-17,"[""'Tesla Model 3 production at Gigafactory 3 to start in November, says Morgan Stanley' -electrek"", 'Stock Wars: GM Vs. Ford Vs. Tesla Vs. Toyota']",2
TSLA,2019-07-22,"['8 Of The Best Investments For Boomers Concerned About Retirement', ""Tesla Drops Restraint Request Against Short Seller 'Skabooshka'"", 'Key Earnings Week As Amazon, Boeing, Alphabet, Facebook Results All Expected', 'Roth Capital Downgrades Tesla to Neutral', 'Tesla Drops Case Against Supposedly Dangerous Short-Seller After Being Asked to Show Evidence']",5
TSLA,2019-07-23,"[""'Tesla Faces Eroding Sales of Higher-End Vehicles Amid Model 3 Gains' -Dow Jones"", ""'New York Pressures Tesla to Open Up Supercharger Network' -Electrek""]",2
TSLA,2019-07-24,"['Tesla CEO Musk on Conf Call Says Co Should Be Breakeven on Profit This Quarter and Profitable Next Quarter', ""6 Stocks Moving In Wednesday's After-Hours Session"", 'Tesla Falls After Q2 Earnings Miss', 'Tesla shares are trading lower after the company reported worse-than-expected Q2 EPS and sales results.', 'Tesla Sees FY19 Capex $1.5B-$2B', 'Tesla Reaffirms FY19 Deliveries Guidance 360K-400K Units', 'Tesla Says Remains On Track To Launch Local Production Of Model 3 In China By End Of Year, Model Y In Fremont By Fall 2020, Accelerating European Gigafactory Efforts', 'Tesla Q2 Generated $614M In Free Cash Flow', 'Tesla Q2 Deliveries 95,356 Vehicles, Production 87,048 Units', 'Tesla Q2 Update Full Press Release', 'Tesla Qtr. Cash, Cash Equivalents $5B', 'Tesla Q2 Adj. EPS $(1.12) Misses $(0.48) Estimate, Sales $6.35B Miss $6.43B Estimate', 'Tesla Says Is On Track To Launch Gigafactory Shanghai By End Of 2019, Model Y By Fall 2020', 'Hyperloop Test Pod Breaks Speed Record And Wins The Annual Hyperloop Pod Competition', 'Weak Boeing, Caterpillar Q2, Rate Pressure On Banks, All Weigh', 'Ahead Of Earnings, Analysts Are Divided On Tesla', 'Tesla Gets Ready To Report After Upside Surprise On Q2 Vehicle Deliveries', '14 Stocks To Watch For July 24, 2019', 'Earnings Scheduled For July 24, 2019']",19
TSLA,2019-07-25,"[""Trader Idea Feed: 'Tesla needs to generate at least $1.4B in automotive gross margin to break even on a GAAP basis. They generated $1.0B on 95,200 deliveries. Do the math. It is a structurally bankrupt company that will shrink in Q3...' -Tweet"", ""Trader Idea Feed: 'Tesla numbers are ok. The margin issue is clearly from the sale of old model S that they discounted as its old technology. They got them off the books. Best cash position in Tesla's history...' @GerberKawasaki Via Twitter"", ""50 Stocks Moving In Thursday's Mid-Day Session"", ""UPDATE: CFRA's Nelson Tells Benzinga Tesla Earnings Release 'Raises Larger Questions Regarding Their Path To Profitability'"", ""CFRA Research Analyst Garrett Nelson Tells Benzinga 'Exodus Of [Tesla] Senior Mgmt. Continues, Which We View As A Red Flag, As The Talent Departures Could Challenge The Co.'s Ability To Meet Its Operational Goals'"", 'CFRA Research Earlier Downgraded Tesla From Sell To Strong Sell, Cut Price Target From $150 To $135', ""'Concerning Trend': Wall Street Weighs In On Tesla's Q2 Earnings"", 'ECB Chimes In: Hints Of Rate Cut Could Support Ahead Of Amazon, Alphabet', 'Tesla Co-Founder JB Straubel Is The Latest Executive To Depart', ""Baird On Tesla Also Notes 'JB Straubel's announced transition to a senior advisor role may be an area of focus; we view the succession plan favorably, though Mr. Straubel's contribution will be missed'"", ""Baird Reiterates Outperform On Tesla As Firm Notes 'Headline cash balance ($5B) and cash generation ($614M) numbers were extremely favorable, in our view, and should support future growth investments'"", ""Benzinga Pro's Top 10 Most-Searched Tickers For Morning of Thursday., July 25, 2019"", 'Tesla Option Alert: Jan, 2021 $690 Calls Sweep (3) near the Ask: 880 @ $0.85 vs 7944 OI; Ref=$229.88', ""Needham Maintains Underperform On Tesla As Firm Is Cautious On Co's Ability To Fulfill '360-400k FY19 delivery target', 'Q/Q delivery growth in 3Q & 4Q', 'break even in Q3 and turn a profit in Q4' As 'the ramp requires a significant snapback in 2H19'"", 'Tesla Stock Drops On Q2 Losses', ""UPDATE: Nomura Maintains Neutral On Tesla, Lowers Target To $270 As Firm Notes 'Overall, we doubt this quarter will inspire enough confidence to get the stock working'"", ""Morgan Stanley Maintains Equal-Weight On Tesla, Maintains $230 Target; Notes 5 Key Thoughts Following Earnings Call, Including Firm's Belief That JB Straubel Giving Up CTO Role 'may be the biggest news of the quarter'"", ""'Tesla co-founder and CTO JB Straubel stepping down' -TechCrunch Article From Late Wed."", '10 Biggest Price Target Changes For Thursday', 'Tesla Inc shares are trading lower after the company reported worse-than-expected Q2 EPS and sales results.', 'How This Investor Passed On 100,000% Returns', 'Barclays Reiterates Underweight on Tesla, Maintains $150 Price Target', 'Canaccord Genuity Maintains Buy on Tesla, Lowers Price Target to $350', ""25 Stocks Moving In Thursday's Pre-Market Session"", 'Nomura Maintains Neutral on Tesla, Lowers Price Target to $270', 'A Peek Into The Markets: US Stock Futures Mixed Ahead Of Earnings', '12 Stocks To Watch For July 25, 2019']",27
TSLA,2019-07-26,"[""Beyond Meat Shorts Take Another $100M Hit On Dunkin' Partnership"", ""Tesla's Chart Looks Horrible"", 'UPDATE: Cox Auto Sees Jul. Auto Sales 1.38M, Up 0.5% Year Over Year', ""Cox Auto Sees Jul. US Auto Sales 'slightly higher than year-ago levels, but down from a surprisingly strong June'"", ""Today's Pickup: Omnitracs To Collaborate With Cummins On Remote Software Solution"", ""A Look At Benzinga Pro's Most-Searched Tickers For July 26, 2019"", 'Tesla Short Sellers Bank $1.5B On Earnings Miss', ""Benzinga Pro's Top 10 Most-Searched Tickers For Morning of Friday, July 26, 2019"", ""'Tesla adds roadside assistance integration to mobile app' -Electrek"", '64 Biggest Movers From Yesterday']",10
TSLA,2019-07-27,['Tesla Analyst: Q2 Print Was Disastrous'],1
TSLA,2019-07-28,"['Dan Nathan Gives An Update On His Tesla Trade', '@elonmusk Tweet Ability to stream YouTube & Netflix when car is stopped coming to your Tesla soon! Has an amazingly immersive, cinematic feel due to the comfy seats & surround sound audio.']",2
TSLA,2019-07-29,"['Weekly Top 10: Some Big Bearish Bets In The Options Market', 'Tesla Option Alert: Fri $240 Calls Sweep (4) near the Ask: 958 @ $1.2 vs 3492 OI; Ref=$229.64', ""CNBC's Jim Cramer Calls Beyond Meat Founder, Pres, CEO Ethan Brown 'The Elon Musk Of Meat'""]",3
TSLA,2019-07-30,"[""'Elon Musk Tweeting on Tesla Production Raises Questions on SEC Deal' -Bloomberg; Note: Article References Solar Roofs Not Cars"", 'Tesla Option Alert: Fri $250 Calls Sweep (3) near the Ask: 500 @ $0.82 vs 7656 OI; Ref=$239.92', ""A Look At Benzinga Pro's Most-Searched Tickers For July 30, 2019"", ""Benzinga Pro's Top 10 Most-Searched Tickers For Morning of Tuesday., July 30, 2019"", 'Tesla Option Alert: Fri $250 Calls at the Ask: 986 @ $0.761 vs 7656 OI; Ref=$238.135', ""'Tesla Model 3 adds another 5-star safety rating to its collection' -Electrek"", ""'Tesla to Pay China $323 Million a Year in Tax for Factory Site' -Bloomberg Article Late Monday""]",7
TSLA,2019-07-31,"[""Today's Pickup: Shale Gas Production Might Have Dark Days Ahead""]",1
TSLA,2019-08-01,"['This Clean Energy ETF Is Cleaning Up', ""'I'm told import duties are extremely high (up to 100%), even for electric cars. This would make our cars unaffordable.' -Tweets Elon Musk""]",2
TSLA,2019-08-02,"[""Hearing Tesla's Energy Unit Has Reshuffled Executive Ranks""]",1
TSLA,2019-08-04,"['Notable Insider Buys: AbbVie, Bristol-Myers And More']",1
TSLA,2019-08-05,"[""'Tesla loses head of 'manufacturing quality' in production leadership shake-up' -Electrek"", ""'Tesla has started a new anti-fraud department, according to a recent job listing' -CNBC"", ""'Elon Musk's Boring Company to launch China branch this month' -Xinhuanet"", 'Tesla To Offer Free Unlimited Supercharging', 'Tesla Says All New Model S, X Orders Now Come With Free Unlimited Supercharging']",5
TSLA,2019-08-06,"[""'China Doubles Size Of Shanghai Free-Trade Zone To Include Tesla Town In Drive To Open Markets' South China Morning Post"", ""'Tesla battery research partner unveils path to more energy-dense Li-ion cells that could beat solid-state' -Electrek""]",2
TSLA,2019-08-07,"[""From $420 To $230: Where Tesla Stands One Year After Elon Musk's 'Funding Secured' Tweet"", ""'Tesla plans to increase its Full Self-Driving price again on August 16' -Electrek"", 'Tesla could raise prices in China due to lower yuan ahead of Chinese-made Model 3 rollout', 'Tesla Scrutinized by NHTSA over Model 3 Safety Claims']",4
TSLA,2019-08-08,['Shares are several consumer technology companies are trading higher in sympathy with the overall market.'],1
TSLA,2019-08-09,['What is the Driving Force Behind Car Companies Offering Insurance?'],1
TSLA,2019-08-12,"[""'Tesla Autopilot applied brakes in Model 3 crash that resulted in explosions' -Electrek"", 'Elon Musk Kills Plan for Tesla Model 3 Air Suspension for Now']",2
TSLA,2019-08-14,"[""'Tesla executives who report directly to Elon Musk have much higher turnover rate, says report' -Electrek"", 'Tesla Model 3 Arrives in Australia, New Zealand', 'Tesla Korea to Start Deliveries of Model 3 in Q4 in S, Korea']",3
TSLA,2019-08-15,['A Closer Look At The New Clean Energy ETF'],1
TSLA,2019-08-16,"[""'Tesla loses major $5 million Model 3 order from rental company over service and quality issues' -Electrek""]",1
TSLA,2019-08-19,"['Tesla sales are keeping electric car market in California alive', ""'A Tesla car went on fire in a repair shop in Hangzhou' -YouTube"", 'Tesla shares are trading higher after reports indicating the company is showing interest in building large factories in India to make lithium-ion batteries.', 'Tesla is showing interest in battery factory project in India+', ""Tesla Shows Interest in India's Plans to Build Battery Plants""]",5
TSLA,2019-08-20,"[""'Price increase for Tesla FSD postponed until version 10 with smart summon is in wide release, which is about 4 to 8 weeks away, depending on how early access goes' -Elon Musk"", 'Hearing Walmart Suing Tesla Energy Operations Over Solar Panel Fires', ""'Tesla Gigafactory 3 obtains official govt certificate in record time ahead of production' -Electrek"", ""Ron Baron Remains A Tesla Bull Despite Its 'Self-Inflicted Wounds'"", ""'Tesla releases new software update with adaptive suspension damping improvements and more' -electrek"", 'Tesla Brings Back Solar Panel Leasing In 6 States', 'Ron Barron Says Has Not Sold Any Tesla Stock, Says Opportunity Has Not Shrunk', 'Billionaire Investor Ron Baron Says Thinks In Two More Years Tesla Would Do $100B Of Revenues; Says Co. Has Had Some Self Inflicted Wounds']",8
TSLA,2019-08-21,"[""'Tesla is losing market shares to Audi e-tron and Jaguar I-Pace, claims analyst — really?' -electrek"", 'Walmart Sues Tesla: Pay Us For Solar Panel Damages You Caused', ""'Walmart shines light on Elon Musk's thorny SolarCity deal in new lawsuit against Tesla -CNBC""]",3
TSLA,2019-08-22,"['What Motivates CEOs Like Tim Cook And Elon Musk To Wake Up Every Morning', ""Today's Pickup: No-Deal Brexit Might Unleash An Explosive Growth In Grey Market Goods"", ""'Tesla is looking at Gigafactory sites in Lower Saxony, local govt says' -Electrek"", 'Tesla Option Alert: Aug 30 $227.5 Calls Sweep (2) near the Ask: 500 @ $3.9 vs 2564 OI; Ref=$224.08', 'Volkswagen Denies Report Saying CEO Diess Is Interested In Tesla Stake', 'Tesla Ticks Higher On Rumor Of Volkswagen Interest', 'Tesla shares are trading higher following a report from a German publication that the company may be preparing for sale to a German car maker.', ""Tesla's Largest Institutional Shareholder Says He Can Imagine Tesla Without Musk as CEO""]",8
TSLA,2019-08-23,"[""'Tesla announces expansions in Poland, Hungary, Romania, and Slovenia' -Electrek"", ""Moody's Says Impact On U.S. Auto Sector From Potential Dec. Tariffs By China To Be More Muted As U.S. Cos Generate Vast Majority Of Chinese Sales Through Local Production"", 'Shares of several auto manufacturers companies are trading lower on escalated trade tensions after China announced it plans to impose a 5% to 10% tariff rate on $75 billion worth of U.S. goods.', ""'There Is A Lot Of Nonsense': Talking Markets With Quoth The Raven's Chris Irons"", 'Walmart, Tesla Look to Address Issues Surrounding Solar Systems', ""Tesla to Buy Batteries from South Korea's LG Chem for Vehicles Made in China""]",6
TSLA,2019-08-26,"[""'Tesla Gigafactory 3 leaked images show Model 3 production setup tests' -electrek"", 'CNBC Takes Closer Look At Auto Stocks Amid Trade War Concerns', ""'Elon Musk asks utilities to buy Tesla's new Megapack to replace peaker plants'"", 'Tesla Option Alert: Fri $225 Calls Sweep (2) near the Ask: 681 @ $1.2 vs 2218 OI; Earnings 10/23 After Close [est] Ref=$213.075', 'Tesla German PR Head Stefan Keuchel Quits', 'Tesla to Raise Prices in China on August 30; May Increase Again in December']",6
TSLA,2019-08-27,"[""'I'm A Fundamentals Guy': J Mintzmyer On Picking Winners""]",1
TSLA,2019-08-28,"['Tesla Rolls Out Car Insurance Unit For Drivers of Its Cars In California', 'Tesla Launching Tesla Insurance, An Insurance Offering Designed To Provide Tesla Owners With Up To 20% Lower Rates, In Some Cases As Much As 30%']",2
TSLA,2019-08-29,"[""Wedbush Maintains Neutral, $220 Target On Tesla As Firm Notes 'While there have been some delivery speed bumps/service snafus in the European delivery process, it appears the timing of deliveries and ramping demand is roughly on track in the region'"", ""Tesla Analyst: Europe Business Steady, 'Demand Challenges Remain'""]",2
TSLA,2019-08-30,"[""'Tesla software shows upcoming 'Smart AC Charging' feature, 'Feeling Lucky' update, & games' -Electrek"", 'Tesla Raises Prices In China Ahead Of Tariff Increase', ""'All $tsla models are waivered sales tax in China, according to gov agency MIIC. This comes today as Tesla is raising price due to Renminbi appreciation. Good for China sales.' -Ming Zhao Of 86 Research"", 'Tesla shares are trading higher after the company raised prices in China ahead of new tariffs. It was also reported China will exempt 16 Tesla variants from an auto purchase tax.', 'China Will Exempt 16 Tesla Variants From Purchase Tax', 'Tesla To Be Exempt From China auto Purchase Tax', 'Bargersville, Indiana, Police Department Switching to Tesla Model 3 vs Dodge Charger', 'Tesla Raises Prices for Model X SUV, Some Model 3 Vehicles in China']",8
TSLA,2019-09-02,['Electric Cars Represented 39% of All New Car Sales in Norway in August'],1
TSLA,2019-09-03,"[""Tesla Analysts Debate Chinese Tax Exemption: 'Small Victory' Or 'Pretty Big Deal'?"", 'Tesla Owners Reportedly Got Locked Out of Their Cars Because the App Was Down']",2
TSLA,2019-09-04,"['Tesla Providing Clean Energy To Places Around The World That Desperately Need It', 'Tesla Shares Dip Following Estimated Aug. Model 3, S And X Sales Results; Inside EVs Estimates Co. Delivered 13.15K Model 3 Vehicles, 1,050 Model S Vehicles and 1,825 Model X Vehicles']",2
TSLA,2019-09-05,"[""'Tesla Model 3 Sales Shine In British EV Market In August -Inside EVs"", 'Chinese Electric Carmaker Nio Announces $200M Debt Offering', 'Shares of several tech companies are trading higher with the broader stock market after the Chinese Minister of Commerce said the leaders of the US and China are set to meet in Washington D.C in October.', ""'Tesla's insurance program will use direct driver data where it can with permission, exec says' -Electrek""]",4
TSLA,2019-09-06,['Safety Group Calls For Tesla Recall After NTSB Report'],1
TSLA,2019-09-07,"[""Elon Musk Tweets in Response to Question Regarding Launch Date for Pickup Truck: 'November most likely'"", 'Tesla Eliminates Fee to Remove Solar Rental Products']",2
TSLA,2019-09-09,"['U.S. House Democrats to Probe DoJ Antitrust Investigation Into Automakers Working With California', 'This ARK ETF Is Flipping Its Script', 'Tesla Officially Launches in Iceland']",3
TSLA,2019-09-10,"[""'Tesla is working on 5th assembly line at Fremont factory ahead of Model Y production' -Electrek"", 'Tesla Option Alert: Fri $245 Calls at the Ask: 730 @ $0.42 vs 1635 OI; Earnings 10/23 After Close [est] Ref=$234.68', 'Tesla Option Alert: Oct 18 $260 Calls Sweep (6) near the Ask: 500 @ $4.25 vs 2952 OI; Earnings 10/23 After Close [est] Ref=$233.23', ""'Tesla adds pedestrian warning system to Model 3' -Electrek"", 'Tesla Option Alert: Fri $242.5 Calls Sweep (3) near the Ask: 1001 @ $0.557 vs 5838 OI; Earnings 10/23 After Close [est] Ref=$231.7', 'Tesla Permit Application Hints at Another Fremont Assembly Line']",6
TSLA,2019-09-11,"[""'Tesla is installing a solar array at Fremont factory and new 24-stall Supercharger' -Electrek"", 'Tesla shares are trading higher. Not seeing any news to justify the price action. Note that the stock, after selling off following earnings, saw a high of $246.68. Bulls could be looking to fill that gap.', 'Rivian Nabs $350M From Cox Automotive', 'China Association of Automobile Manufacturers Says Sales of New Energy Vehicles in China Declined 15.8% YoY in August']",4
TSLA,2019-09-12,"['Hearing Toyota Is Using Panasonic Batteries Designed For Tesla Electric Cars In Its Own Plug-In Hybrids For Chinese Market', 'Tesla Rally Takes A Breather, But Option Market Suggests More Upside Ahead', ""Elon Musk Says Tesla's New Model S Prototype is a 7 Seater""]",3
TSLA,2019-09-13,"[""'Tesla Model S prototype shows new fascia, strange rear spoiler, and more ' -Electrek"", ""'Tesla patents new longer lasting battery with better performance and cheaper cost' -Electrek"", 'Ford, GM Racing to Develop Electric Pickup Trucks to Compete Against Tesla']",3
TSLA,2019-09-16,"[""Today's Pick-Up: Musk Invokes Amazon's Name Not In Vain; Using A Customer To Rake XPO"", 'Report: Tesla Might Be Expanding Its Gigafactory', ""'Tesla appears to be preparing an expansion at Gigafactory 3' Electrek""]",3
TSLA,2019-09-17,"[""Today's Pickup: Technology Deployment Specialist Velociti Enters Construction Market""]",1
TSLA,2019-09-18,"[""'Tesla's used cars prove popular in China with impressive value retention' -Electrek"", 'Tesla Model 3 Becomes Best-selling Car in the Netherlands with 10,000 Units']",2
TSLA,2019-09-19,['Tesla Announces Model 3 Earns the 2019 IIHS TOP SAFETY PICK+ Award'],1
TSLA,2019-09-20,"[""'Tesla loses head of energy division and North American sales' -Electrek"", 'From Solar Panels To Alternative Beef: Beyond Meat Poaches Tesla Exec', 'Tesla Changes End-of-quarter Incentives After Some Abuse']",3
TSLA,2019-09-21,"[""Nio On The Radar Ahead Of Chinese EV Manufacturer's Q2 Print""]",1
TSLA,2019-09-23,"[""Today's Pickup: Elon And Jeff: The Best Of Enemies; India Advances National Logistics Policy"", ""'Hoping to open in Slovakia, Croatia, Serbia & most of Eastern Europe early next year...' -Tweet From Elon Musk"", ""'Tesla is switching to NCM battery cells for Chinese Model 3, LG starts mass production, report says' -Electrek"", ""Judge: Tesla Shareholder Suit Targeting Musk's Compensation Can Proceed""]",4
TSLA,2019-09-24,"['Wells Fargo Starts Coverage Of Music & Radio Stocks, Names iHeartMedia Top Pick', ""Unsealed Court Docs Raise New Questions About Tesla's SolarCity Acquisition"", 'Tesla shares are trading lower as traders potentially took profits after the stock increased roughly 20% since the end of August. The stock fell below the $240 support level today and continued to trade lower.', 'Nio To Eliminate 21% Of Global Workforce As Q2 Loss Widens, August Deliveries Miss Mark']",4
TSLA,2019-09-25,"[""'Tesla is accelerating Supercharger deployment, 10 more V3 stations confirmed' -Electrek""]",1
TSLA,2019-09-26,"['Tesla To LAunch Tesla Theater With IQIYI And Tencent Video Access For China-Based Customers; Latest Update Will Enable Streaming Media Access To Spotify, Tunein, Slacker While Parked & Connected To Wifi For Selected Model Cars', 'Tesla shares trading higher following an Electrek report highlighting a leaked email from Elon Musk as suggesting the company ""has a shot"" at a record 100,000 cars this quarter.', ""'Tesla 'has a shot' at record 100,000 cars this quarter – Elon Musk in leak email' -Electrek"", ""'Tesla produces complete Model 3 body-in-white at Gigafactory 3, production to start Oct. 14' -electrek"", ""'Tesla starts wider release of V10, and it finally includes Spotify' -Electrek"", ""Thursday's Market Minute: CEO Exodus"", 'China Renaissance Initiates Coverage On Tesla with Buy Rating, Announces $324 Price Target']",7
TSLA,2019-09-27,"[""'Tesla To Set Model 3 Sales Record In The Netherlands: 6,500 In Q3' -Inside EVs"", ""A Look At Benzinga Pro's Most-Searched Tickers For September 27, 2019"", 'Tesla Analyst: September Rally In Deliveries Could Help Automaker Meet Street Expectations', ""Benzinga Pro's Top 10 Most-Searched Tickers For Morning of Friday, September 27, 2019""]",4
TSLA,2019-09-28,"['First Report Of Accident With Tesla Smart Summon Emerges', ""Barron's Picks And Pans: American Airlines, Chipotle, GM, Wells Fargo, More""]",2
TSLA,2019-09-30,"[""Tesla Shares Unaffected Following Recent Headline Co.'s Director Of Central Europe Has Confirmed He Is Leaving Co.""]",1
TSLA,2019-10-01,"[""'Tesla Gigafactory 3 has major ongoing expansion and new Supercharger station' -Recent Electrek Article"", 'Tesla Deliver 7K+ Model 3 Cars in the Netherlands in Last 3 Months']",2
TSLA,2019-10-02,"['Tesla Stock Drops After Coming Up Short On Q3 Vehicle Delivery Expectations', ""Tesla Says 'nearly all of our Model 3 orders were received from customers who did not previously hold a reservation, solidifying the transition to generating strong organic demand'"", 'Tesla Says Is Continuing To Focus On Increasing Production To Meet Demand', 'UPDATE: Tesla Q3 Model S/X Production 16.318K, Model 3 Production 79.837K', 'UPDATE: Tesla Q3 Model S/X Deliveries 17.4K, Model 3 Deliveries 79.6K', ""UPDATE: Tesla Says Delivery Count Should Be Viewed As 'Slightly Conservative'"", 'Tesla shares are trading lower after the company reported Q3 total production of 96,155 and deliveries of 97,000.', 'Tesla Says Entering Q4 With Increase In Order Backlog', 'Tesla Q3 Total Production 96,155, Deliveries 97K', 'National Highway Traffic Safety Admin. Says It Is In Ongoing Contact With Tesla, Continues To Gather Info', ""US Auto Safety Agency Says It Is Aware Of Reports Involving Tesla's 'Smart Summon' Feature"", 'Department Of Good News: Lennar Earnings Look Solid, SPX Still Within Long-Term Range']",12
TSLA,2019-10-03,"['Talk Of Tesla Acquiring Deepscale Accelerates Road-Ready Robotaxis', 'PreMarket Prep Recap: Bull And Bears, Tesla Falls Short', ""28 Stocks Moving In Thursday's Mid-Day Session"", ""A Look At Benzinga Pro's Most-Searched Tickers For October 3, 2019"", 'Tesla Analysts: While Short Of Expectations, Q3 Delivery Number Is Pretty Good', ""Morgan Stanley Maintains Equal-Weight, $230 Target On Tesla As Firm Notes 'The release of the 3Q delivery number was slightly below many real time buy side expectations, lending support to bears who see fundamental pressure ahead of 3Q results'"", ""Nomura Maintains Neutral, $270 Tgt On Tesla As Firm Notes 'Weaker Mix Overshadows Solid Model 3 Sales'; Expects 'investors to focus on the ongoing deceleration in sales of the premium luxury vehicles and the impact this will likely have on profitability'"", ""Benzinga Pro's Top 10 Most-Searched Tickers For Morning of Thursday, October 3, 2019"", 'Lots Of Earnings In The Mix as Market Digests PepsiCo Results, Awaits Costco', ""Benzinga's Top Upgrades, Downgrades For October 3, 2019"", ""Wedbush On Tesla Also Notes 'While the doomsday scenario is off the table with cash in the coffer (convert) and Model 3 sales ramping, the question on the minds of investors is around profits into 2020'"", ""Wedbush Maintains Neutral, $220 Target On Tesla As Firm Notes 'In our opinion this was an impressive delivery number for Tesla overall that should be viewed as a positive step in the right direction'"", ""Canaccord Genuity Maintains Buy, $350 Target On Tesla As Firm Notes Co. Reported 'essentially inline Q3 deliveries with record net new orders'; Firm Is 'encouraged that production woes appear to have abated'"", ""UPDATE: JMP On Tesla Also Notes 'yesterday's announcement was the first time since covering the stock that we found ourselves wondering whether demand growth for TSLA's cars might be leveling off'"", ""UPDATE: JMP Downgrades Tesla To Market Perform As Firm Notes 'unit production and delivery data yesterday, although not significantly far off consensus, undershot our higher Expectations'"", 'Tesla shares are trading lower after the company reported Q3 total production of 96,155 and deliveries of 97,000. JMP Securities also downgraded the stock from Market Outperform to Market Perform.', ""21 Stocks Moving in Thursday's Pre-Market Session"", ""'Tesla offers 72-hour backup of Sentry Mode videos in data collecting effort' -Electrek"", 'JMP Securities Downgrades Tesla to Market Perform', 'A Peek Into The Markets: US Stock Futures Up Ahead Of Economic Reports', '7 Stocks To Watch For October 3, 2019']",21
TSLA,2019-10-04,"['Tesla Sets Record For Deliveries, But Stock Price Falls', 'Tesla Semi Electric Trucks Roll Into Frito-Lay Plant', ""A Look At Benzinga Pro's Most-Searched Tickers For October 4, 2019"", ""Got A Portfolio That Can't Be Beat? Webull Will Give You A Tesla Or Pay Down Your Student Loans If You Prove It"", ""'Tesla's software update that resulted in battery capacity loss is under probe by NHTSA' -Electrek"", 'US Auto Safety Regulators Reviewing Petition Suggesting 2K Tesla Vehicles Could Be Prone To Battery Fires', ""Benzinga Pro's Top 10 Most-Searched Tickers For Morning of Friday, October 4, 2019"", ""'Tesla is developing a bezel-less display technology with 'holographic' feature' -Electrek"", ""''There's absolutely no reason to own' Tesla in the near term, says wealth manager' -CNBC"", '42 Biggest Movers From Yesterday']",10
TSLA,2019-10-07,"[""Today's Pickup: Fool On For The Final Mile; IMO 2020's Long Reach"", ""Home Depot, Twilio And More 'Fast Money Halftime Report' Picks From October 7"", 'Best And Worst Short Ideas Of The Week', 'What Traders Should Watch For This Week As The WeTrader Paper Trading Competition Kicks Off', 'Tesla Acquires Canadian Battery Maker Hibar Systems', 'Electrek Reports Drone Footage Showing A Tesla Model 3 At A Tesla Gigafactory In China Where The Company Is Expected To Begin Model 3 Production', ""'Tesla reportedly bought a company that specializes in high-speed battery manufacturing' -CNBC""]",7
TSLA,2019-10-09,"['Elon Musk Tweet: Also adding Tesla Solar to our Supercharger stations as fast as possible. Goal is 24/7 clean power with no blackouts.', 'Elon Musk Tweet: All Tesla Supercharger stations in regions affected by California power outages will have Tesla Powerpacks within next few weeks. Just waiting on permits.', 'Tesla To Report Q3 Earnings On Wed., Oct. 23, 2019 After Market Close', 'Has Nio Turned A Corner With Q3 Delivery Beat?', 'Renault Planning To Compete With Tesla In The Electric Market']",5
TSLA,2019-10-10,"[""German Electric Vehicle Automaker Sees 'Huge Market Opportunity' In The US""]",1
TSLA,2019-10-11,['WeTrader Competition: Round One Wrap-up'],1
TSLA,2019-10-13,"['Tesla Ends Sale Commission, Increases Salaries and Stock Bonus After Compensation Cut']",1
TSLA,2019-10-14,"[""Tesla shares are trading higher after Elon Musk gave hints about the company's pickup truck design, and called it the 'Cybertruck'. NOTE: Musk said that the company plans to unveil its electric pickup truck in November."", ""Porsche Debuts The Taycan 4S, Its New 'Entry Level' Electric Car"", 'Earnings, Econ Numbers And The Beige Book Pepper The Second Round of The WeTrader Competition', 'Elon Musk Says Tesla Pickup Looks Like an Armored Personnel Carrier from the Future']",4
TSLA,2019-10-15,"['CleanTechnica Reports On Unofficial Leak Indicating Model Y Production May Be Starting In Q1 Of 2020', 'Tesla expands Powerwall Installations To Japan']",2
TSLA,2019-10-16,"['EVs To The Rescue: Lessons From A California Blackout', ""'AIG Faces Potential Claim in Elon Musk Defamation Case, Filing Shows' -Bloomberg""]",2
TSLA,2019-10-17,"['How Earnings Season Is Playing Out In The WeTrader Paper Trading Competition', ""'Did Musk Already Reveal The Tesla Pickup Truck To the World?' -InsideEVs"", ""China's Ministry of Industry and Information Technology Grants Tesla Car Manufacturing Certificate""]",3
TSLA,2019-10-18,"['WeTrader Competition: Round Two Wrap-up', ""'Tesla pushes Model 3 delivery time in US as demand surges in other markets' -Recent Electrek Article"", ""Report: NASA Paid $5M For SpaceX Employee Review After Musk's On-Camera Toke"", ""Wedbush On Tesla Notes 'and that in order to hit its ambitious unit guidance of 360K – 400K the company will have to deliver about 105K vehicles in 4Q which we continue to view as a difficult task'; Expects China Ramp To Be Major Focus On Earnings Call'"", ""Wedbush Maintains Neutral, $220 Tgt On Tesla Ahead Of Co's Earnings 10/23 After The Bell Notes 'While the company did hit the target set back in July to sequentially increase the amount of vehicles delivered which we applaud' 'it was only by ~1,700 units'""]",5
TSLA,2019-10-21,"[""'PG&E says rolling blackouts expected in California for next 10 years!' 'Order Tesla Solar + Powerwall battery for 24/7 clean power & no blackouts!' -Tweets From Elon Musk"", 'Earnings Season Kicks Into Full Gear In Round 3 Of The WeTrader Competition', ""'Tesla patent reveals cooling system in battery packs' -Electrek"", 'Tesla Patents Efficient Crash Can That Improves Passenger Protection During Collisions', 'Tesla EVs Now Part of Car-sharing Ekar App in the UAE']",5
TSLA,2019-10-22,"['Zoox CEO Reportedly Says Believes Tesla Will Need 50 More Years Of Progress To Make Fully Self-Driving Vehicles That Require No Human Input', 'Earnings: Tesla Facing What May Be Its First Annual Revenue Drop Since 2012', 'Tesla Option Alert: Fri $300 Calls Sweep (6) near the Ask: 645 @ $0.351 vs 2844 OI; Earnings 10/23 After Close Ref=$253.84', 'Tesla Shares Not Affected Following Tweet From Mark Spiegel Suggesting Co. Incorrectly Replaced Many Defective Airbags', ""'I was contacted by a former $TSLA employee who says Tesla incorrectly replaced MANY defective Takata airbags, using European bags in N. American cars & N. American bags in Euro&Asian cars, & is hiding it to save money. *UNVERIFIED*' -Mark Spiegel"", '3 ETFs For Tesla Earnings', 'Apple CEO Joins Chinese Business School As Board Member']",7
TSLA,2019-10-23,"[""4 Stocks Moving In Wednesday's After-Hours Session"", ""Tesla's Stock Surges After Big Q3 Profit Beat; Says Trial Production Underway In Shanghai"", ""UPDATE: Tesla Says Positive GAAP Net Income Going Forward Will Possibly Have Temporary Exceptions 'particularly around the launch and ramp of new products'"", 'Tesla Says Is Highly Confident In Exceeding 360K Deliveries This Year', 'Tesla Says During Q3 We Registered One Accident For Every 4.34 Million Miles Driven In Which Drivers Had Autopilot Engaged', 'Tesla Says Model Y Is Scheduled For Production In Summer 2020', 'Self-Driving Startup Zoox Raises $200M', 'Tesla shares are trading higher after the company reported better-than-expected Q3 EPS results.', 'Tesla Q3 Adj. EPS $1.86 vs $2.90 In Same Qtr. Last Year', 'Tesla Q3 2019 Update Now Available On Co. Website', 'Hearing Tesla Q3 Adj. EPS $1.86', 'Tesla Trial Production Of Model 3 In Shanghai Has Begun, Is Ahead Of Schedule', 'Tesla Planning To Produced Limited Volumes Of Tesla Semi In 2020', 'Tesla Sees Positive GAAP net Income Going Forward', 'Tesla Says Is Ahead Of Schedule To Produce Model Y, Sees Launch By Summer 2020', 'Tesla Q3 Adj. Basic $1.91, Diluted EPS $1.86 Beats $(0.42) Estimate, Sales $6.3B Miss $6.34B Estimate', 'Tesla Shares Up 5% Following Earnings Press Release, Results To Be Released On Co. Site Shortly', '16 Stocks With The Highest Long-Term Sales Growth Rate', 'Roger DaSilva Highlights Unusual Options Activity In Tesla', 'Tesla Is By Far The Most Profitable Short Trade Of 2019', 'Wall Street Looks For Direction Amid Mixed Earnings Results', ""'Tesla starts trial production of Chinese Model 3, reportedly plans to sell cars to Gigafactory 3 workers' -Electrek"", '12 Stocks To Watch For October 23, 2019', 'Earnings Scheduled For October 23, 2019', ""Tesla's Futuristic Door Handles Blamed for Death in Fiery Wreck""]",25
TSLA,2019-10-24,"['Tesla Shares Unaffected Following Sun Article About Lawsuit Alleging Driver Died After Crash Due To Inability To Open Doors', 'Tesla Short Sellers Take $1.4B Earnings Hit', 'PreMarket Prep: A Big Winner And A Big Loser Off Q3 Earnings', 'Today Pickup: Fabric Raises $110 Million To Grow Automated Retail Logistics Platform', ""21 Stocks Moving In Thursday's Mid-Day Session"", ""'Game Changing': Wall Street Weighs In On Tesla's Q3 Earnings"", 'Catching Wall Street Off Guard, Tesla Turns A Profit, Beats Q3 Estimates', 'Canaccord Genuity Maintains Buy on Tesla, Raises Price Target to $375', 'Tesla Has Finally Found Its Way To Profitability, Crushing Wall Street Estimates', 'Earnings Deluge As Twitter, Ford, 3M Fall While Tesla, Microsoft Rise; Amazon Later', 'The Tesla Surge Early Reaction: Jefferies Says To Hold Off On Celebrating, Horwitz Says To Sell While Stock Higher', 'UPDATE: Bank Of America On Tesla Continues \'with 3Q:19 deliveries up a mere 2% sequentially from 2Q:19, but, more importantly, revenue down 8% YoY, marking the first decline in seven years for the ""growth"" company\'', ""UPDATE: Bank Of America Reiterates Underperform On Tesla, Raises Target To $235 Notes 'Profits emerge, but growth disappears'; Notes 'the one very concerning aspect of the quarter was that top-line growth reversed to a decline'"", ""UPDATE: Wedbush Maintains Neutral On Tesla, Raises Target To $270 As Firm Is Waiting To See 'how sustainable this level of demand/profitability is going forward, this morning we move one step closer to believing this Tesla turnaround story'"", ""UPDATE: Credit Suisse On Tesla Also Notes Co. 'will need to put together a string of similar datapoints to demonstrate the sustainability of results...and its track record has been spotty on this'"", ""UPDATE: Credit Suisse Maintains Underperform On Tesla, Raises Target To $200 As Firm Notes 'That was a solid beat...now question is on sustainability'"", ""UPDATE: Nomura On Tesla Also Notes 'This said, we expect some skepticism will remain for at least another quarter, given the magnitude of the improvement in profitability over just three months and some items that may be one-time in nature'"", ""UPDATE: Nomura Maintains Neutral On Tesla, Raises Target To $300 Notes Co's '3Q19 results were a surprise. Automotive gross margin expanded nearly 4ppts QoQ, and exceeded consensus by nearly 5ppts'"", 'RBC Capital Maintains Underperform on Tesla, Raises Price Target to $220', 'CORRECTION: RBC Did Not Maintain Underperform On Twitter And Raise Target From $190 To $220; The Headline Was Intended To Be For Tesla', 'Bank of America Reiterates Underperform on Tesla, Raises Price Target to $235', 'Wedbush Maintains Neutral on Tesla, Raises Price Target to $270', 'Tesla shares are trading higher after the company reported better-than-expected Q3 EPS results.', 'Credit Suisse Maintains Underperform on Tesla, Raises Price Target to $200', 'Nomura Maintains Neutral on Tesla, Raises Price Target to $300', 'JP Morgan Maintains Underweight on Tesla, Raises Price Target to $220', '12 Stocks To Watch For October 24, 2019']",27
TSLA,2019-10-25,"['WeTrader Competition: Round Three Wrap-up', 'Whitney Tilson Loses Tesla Bet With Andrew Left, Will Donate $15K To Charities', 'Tesla shares are trading higher after the company announced it started to sell its China-made Model 3 with autopilot function starting at 355,800 Yuan.', ""'Tesla is in 'final stages' of selecting site for European Gigafactory' -Electrek"", ""'Tesla Model Y prototype makes it all the way to Michigan, watch it zip by cars' -Electrek"", 'Barclays Maintains Underweight on Tesla, Raises Price Target to $200', 'Tesla Begins China-Made Model Sales With Autopilot: Report', 'Tesla Starts Selling China-made Model 3 With Autopilot Function Starting at 355,800 Yuan']",8
TSLA,2019-10-28,"[""'If you're directly affected by wildfire power outages, Tesla is reducing Solar+Powerwall prices by $1000 as of today' -Tweet From Elon Musk"", 'More Earnings And A Fed Decision In Week Four Of The WeTrader Competition', ""'US clean energy incentive drops by 4% on Jan 1, so orders must be received by roughly Nov 15 to be installed in time' -Tweet From Elon Musk"", 'Another Bonanza Earnings Week As Apple Looms, With Fed, Payrolls Also On Weekly Agenda', ""Guy Gentile Details Short Position In Tesla; Says 'the company is over valued due to a short squeeze and should have a big pull back they will also face a hard time with major competition coming to market.'"", 'SpaceX Plans To Land Starship On The Moon By 2022']",6
TSLA,2019-10-29,"['GM Beats Wall Street Estimates Despite Strike Hit', ""'Tesla Model 3 becomes first electric car approved as NYC yellow cab' -Electrek"", 'Tesla shares are trading lower after the company in its 10-Q guided capital expenditures slightly below its prior guidance range. Roth Capital downgraded the stock from Neutral to Sell.', 'Roth Capital Downgrades Tesla to Sell', ""'Tesla confirms several acquisitions worth $96 million' - Electrek"", 'UPDATE: Tesla 10-Q Shows Co. Expecting FY19 Capex Slightly Below $1.5B', 'Tesla 10-Q Filing Just Out', 'Judge: Elon Musk To Face Trial In Defamation Lawsuit']",8
TSLA,2019-10-30,"['\'Greenlight capital Q3 2019 Letter: Einhorn Bemoans "" For now, the accepted reality appears to be that Elon Musk is above the law.""\' -ValueWalk $', ""How Peter Thiel Praised Elon Musk By Calling Him A 'Negative Role Model'"", 'Electrek.Co Tweet: Tesla is being sued in Germany for allegedly false advertising on Autopilot']",3
TSLA,2019-10-31,"['Morgan Stanley Maintains Equal-Weight on Tesla, Raises Price Target to $250']",1
TSLA,2019-11-01,"['WeTrader Competition: Round Four Wrap-up', ""'Forging Their Own Path': The Top Stocks Owned By Millennials"", ""'Tesla increases range and price of the Model 3 Long Range' -Electrek"", ""'Going offline' -Tesla's Elon Musk; Reminder Musk Has Done This Previously"", '\'Per $TSLA, these 8 pages of comprehensive NHTSA investigative demands NHTSA constitute a mere ""request for information""...Tesla has used this language to hide subpoenas as well...\' -Tweet From Stanphyl Capital\'s Mark Spiegel', ""Norway's New Car Sales -10.1% YoY In October; Electric Cars Represented 35.7% Share Of All New Car Sales In Norway In October""]",6
TSLA,2019-11-04,"[""Tesla Shares Unaffected Following Earlier Bloomberg Article 'Hedge Fund Scraps Tesla Short in New Letter After Surprise Rally'""]",1
TSLA,2019-11-05,"['Tesla Reaches Preliminary Battery-Supply Deal With CATL', ""October's IMX Reveals Traders Making The Most Of The Rally While It Lasts"", 'Nio To Go Driverless In China With Mobileye Collaboration', ""'Russian engineer sends Elon Musk design for crypto protection of Tesla' -Earlier TASS Article"", 'Hearing Walmart And Tesla Agree To End Solar Panel Lawsuit; Unconfirmed', 'Investor Movement Index Summary: October 2019', 'Tesla Chairwoman Robyn Denholm Says Firm Has 42,000 Employees Globally and 3,200 in China; Says Already Producing in China Factory']",7
TSLA,2019-11-06,"['Tesla shares are trading higher after S&P affirms its ratings on the stock and raised its outlook from Negative to positive.', ""UPDATE: S&P Outlook Upgrade On Tesla Related To 'Improving Business Prospects,' 'Increased Likelihood Co.'s Credit Metrics Will Improve More Than S&P's Base-Case Projection'"", 'Tesla Shares Tick To Session High, Up 1.2%, As Hearing S&P Affirms Ratings, Raises Outlook From Negative To Positive', 'Elon Musk On Twitter Says Tesla Plans On Using Higher Capacity Battery Pack For Model S And X', ""Today's Pickup: India Gains $755 Million In Additional Exports To The US Due To US-China Trade War"", ""Uber Is Still Whitney Tilson's Favorite Short Idea"", ""'Tesla is planning massive service and charging expansion in China ahead of Gigafactory 3 volume' -Electrek"", ""China's Electric Utility Giant State Grid Said a National Network of EV Charging Stations Has Been Built"", 'Tesla Reaches Preliminary Battery-Supply Deal With CATL', 'Tesla Plans to Revamp Showrooms in China to Support Delivery and Maintenance', 'Elon Musk Pitches Tesla Electric Pickup Truck to the US Military']",11
TSLA,2019-11-07,"[""3 Reasons Why Tesla Will Hit $6,000, According To Ark Invest's Catherine Wood"", ""Tesla shares are trading higher on continued momentum after S&P affirms its ratings on the stock and raised its outlook from Negative to positive. The S&P outlook upgrade is related to the improving business prospects and the increased likelihood of the company's credit metric that will improve more than the S&P's base case projection.""]",2
TSLA,2019-11-08,"['Musk Vs. Einhorn: Tesla CEO Offers Hedge Fund Manager A Pair Of Short Shorts', 'These Are The Stocks Being Traded By Some Of The Top Traders On Webull', ""Elon Musk Taunts Tesla Short David Einhorn and Makes Him Smart Offer He Can't Refuse"", 'China Considers Cutting Electric-Car Subsidies Again']",4
TSLA,2019-11-09,"['Bulls And Bears Of The Week: Roku, Tesla, Twitter, Uber And More', 'Cramer Weighs In On Nike, Beyond Meat And More']",2
TSLA,2019-11-11,"['Nio Could Be In For More Pain As Industry Association Issues Bleak EV Sales Forecast', ""Jefferies Raises Tesla Price Target To $400: 'A Better Foundation'"", 'Tesla shares are trading higher after Jefferies maintained its Buy rating on the stock and raised the price target from $300 to $400 per share.', ""UPDATE: Jefferies On Tesla Notes 'Stabilization in 2019 sets a better foundation for a return to growth in 2020 revenue and earnings. We continue to see Tesla maintaining its edge in product, affordability and technology'"", ""UPDATE: Jefferies Keeps Buy On Tesla, Raises Target To $400 Notes 'Without assuming it is smooth sailing from here, Q3 reported gross margin levels that are consistent with sustained profitability while ASPs should stabilize ahead of H2 2020 improvements'"", ""'Tesla unveils Model 3 made-in-China with media test drives' -Electrek"", 'Jefferies Raises Tesla Price Target From $300 To $400', 'Jefferies Maintains Buy on Tesla, Raises Price Target to $400', 'Sales of Automobiles in China Have Declined for 16 Consecutive Months in October, According to China Association of #automobile Manufacturers']",9
TSLA,2019-11-12,"['Tesla To Open A Gigafactory In Berlin', ""'Tesla to locate first European production plant in Berlin' -FT"", ""Is Tesla's 40% Run Just The Beginning?"", ""'Tesla's safety problems at its Nevada Gigafactory detailed in new report' -CNBC"", ""'California drops EV rebates for cars over $60k, plug-ins below 35 miles of EV range' -Electrek"", ""Morgan Stanley Maintains Neutral, $250 Target On Tesla Ahead Of Co's Pickup Truck Unveil On November 21st As Firm Notes 'The event is significant as it marks a foray into one of the largest and most profitable segments in global autos'"", ""'Tesla is planning new largest Supercharger V3 station to connect LA and Phoenix' -Electrek""]",7
TSLA,2019-11-13,"['Morgan Stanley: Tesla China Margins Could Exceed 30%', 'Tesla Finally Settles On Berlin For Its Next Gigafactory', ""German Gov't. Official Says Tesla German Plant Production Expected To Start In Q1'21"", 'REX Shares Rolls Out A New ETN For FAANG Fans', ""Germany's Altmaier Says Tesla Move To Germany Is Recognition Of Country's Attractiveness As Location For Production"", ""Tesla Obtained Mass Production License For Pure Electric Passenger Cars From China's MIIT"", 'Tesla Gigafactory Europe to be Built in Germany, Not UK, as Elon Musk Blames Brexit Uncertainty', ""Tesla's Chinese Competitor Raises $400M""]",8
TSLA,2019-11-14,"[""Latest Consumer Reports Report Restored Recommended Rating To 2 Of Tesla's Models, The 3 And S""]",1
TSLA,2019-11-15,['Volkswagen CEO Says Co. Not Considering Any Cooperation With Tesla'],1
TSLA,2019-11-17,"[""Barron's Picks And Pans: Medtronic, Tesla, Walmart And More""]",1
TSLA,2019-11-18,"[""'Tesla Model 3 Performance Sets New 1/2-Mile Record, Crushes Hellcat' -InsideEVs"", 'Deutsche Bank Maintains Hold on Tesla, Raises Price Target to $290', ""What To Know About Ford's Electric Mustang Mach-E"", ""Nissan's Nightmare Isn't Over Yet"", 'Volkswagen CEO Says There Are No Common Projects on Sourcing or Technology With Tesla']",5
TSLA,2019-11-19,"['CBOE, IBM Watson, Sequentum Execs On Alternative Data: Quality Is Key', 'Tesla shares are trading higher after the company said its China-made Model 3 Standard Range Plus will arrive in stores Friday.', ""Today's Pickup: Ferrero Turns To FourKites To Track Shipments"", ""Bezos' Blue Origin, Musk's SpaceX Can Bid On The Next Big NASA Contract"", 'An Active Approach To Autonomous Vehicle Investing', ""What To Expect From Tesla's 'Cybertruck' Event"", 'Tesla Tuesday said China made #Model3 Standard Range Plus will arrive in stores on Friday', 'Didi Chuxing to Trial Japan Premium Service with Tesla, Mercedes Cars']",8
TSLA,2019-11-20,"['Shares of several auto-related companies are trading lower in sympathy with the overall market on worries around the U.S.-China trade deal. A report said the phase one deal between the two countries may not be completed before 2020.', ""What Tesla Analysts Are Saying Ahead Of Thursday's 'Cybertruck' Event"", 'Out Of This World: Is Space A New Twist On Frontier Investing?', ""Today's Pickup: Hyperloop Route Between Chicago To Pittsburgh Can Create 900,000 Jobs Over A 25-Year Period"", ""Nio CEO Confident Following Rebound In Deliveries: 'Spring For Electric Vehicles Is Near'"", ""'2020 Tesla Model S And Model X Standard Range Show Up On EPA Site' -InsideEVs"", ""'Tesla Cybertruck: Elon Musk has to deliver on high expectations, like $50,000 price tag' -Electrek"", ""Shopify's Quest Of Being Anti-Amazon Is Giving Amazon A Run For Its Money"", ""Benzinga Pro's Top 5 Stocks To Watch For Wed., Nov. 20, 2019: TSLA, PDD, CRM, TGT, CGC"", 'Credit Suisse Previews Tesla Event Thurs., Reminds Main Event Remains Models 3, Y, Highlights Volumes For Pickup Likely A Fraction Of 3, Y Units, Sees ~50K Units For Pickup By 2025 vs ~300K For 3, ~400K For Y', ""UPDATE: Wedbush Sees Tesla Cybertruck Helping Co. 'expand its market opportunity outside itscore customer base over time,' But Has Concerns Of Difficulty In Gaining Market Share From Stalwarts Such As Ford, GM"", ""Wedbush Previews Tesla's Cybertruck Event Thurs.: Sees Base Version Of Pickup Costing ~$50K, Sees Possibility For Different Versions Offering More Or Less Seats, Interior Design, Towing Capacity, Longer Battery Range""]",12
TSLA,2019-11-21,"[""Tesla Unveils 'Bulletproof' Cybertruck With 'Unbreakable Glass'"", ""'Lordstown Motors claims it's going to beat Tesla to market with all-electric pickup with $52,500 price' -Electrek"", ""Jim Chanos In Hedgeye Webcast Says 'Tesla is and remains one of our biggest and our best short positions.'""]",3
TSLA,2019-11-22,"['Electric Trucks: What Tesla, Rivian, The Big 3 Are Bringing To Market', ""Tesla's Triangular Nightmare: Cybertruck – What The Truck?!?"", ""Why Tesla Shorts Can't Stop, Won't Stop"", 'David Einhorn Tweets an Email He Sent to Elon Musk', ""41 Stocks Moving In Friday's Mid-Day Session"", 'Why Elon Musk Had To Apologize For Smoking Weed With Joe Rogan', 'PreMarket Prep Recap: Tesla Price Action Mimics Window Smashing', ""'Cramer compares the Tesla Cybertruck to the spectacular failure of the Ford Edsel 60 years ago' -CNBC"", ""Mixed Reactions To Tesla's Cybertruck: Is Futuristic Design A Sales Driver Or Just Weird?"", ""Why Tesla's Cracked Cybertruck Window May Have Been A Shrewd Marketing Move"", ""Benzinga Pro's Top 5 Stocks To Watch For Fri., Nov. 22, 2019: TSLA, UBER, SPLK, EYEG, WKHS"", 'Regulators Waver On Autonomous Vehicle Crash Safety Oversight', ""22 Stocks Moving in Friday's Pre-Market Session"", ""Tesla shares are trading lower following Thursday's Cybertruck unveil."", 'Tesla Unveils Electric Pickup Truck Priced at $39,900', ""Panasonic Won't Make Batteries For Tesla In China""]",16
TSLA,2019-11-23,"['Elon Musk Tweet: 146k Cybertruck orders so far, with 42% choosing dual, 41% tri & 17% single motor', ""Barron's Picks And Pans: Pfizer's New Identity, Electric Vehicles, Hong Kong Exodus — And Is The Bull Market About To End?"", 'Bulls And Bears Of The Week: Nio, Target, Apple and More']",3
TSLA,2019-11-24,"['Tesla Received Another 41,000 Cybertruck Orders Since Yesterday, Bringing Total to 187,000']",1
TSLA,2019-11-25,"['Musk and UK Caver To Testify In Defamation Trial', 'PreMarket Prep Recap: Merger Monday, Tesla Two-Step, Street Fades Netflix Downgrade', 'Porsche To Feature Taycan Electric Vehicle In Super Bowl Ad', ""Today's Pickup: A Race To The Bottom In E-Grocery Delivery; Stylish Delivery Robots; Using The Bathroom While You Work At UP"", 'Musk Shows His Mastery Yet Again As Orders Pick Up Despite Launch Fail', 'Retail Still Front And Center As Holiday Week Kicks Off', ""Benzinga Pro's Top 6 Stocks To Watch For Mon., Nov. 25, 2019: TSLA, UBER, IBKR, XRX, DIS, EBAY"", ""Tesla shares are trading higher after it was reported the company's Cybertruck has reached 200K online preorders."", ""18 Stocks Moving In Monday's Pre-Market Session"", '50 Biggest Movers From Friday', ""China's EV Market to See Sales Rebound Next Year"", ""Tesla's Cybertruck Reaches 200,000 Preorders""]",12
TSLA,2019-11-26,"[""Tesla shares are trading lower after China Renaissance downgraded the company's stock from Buy to Hold and announced a $346 price target."", 'PreMarket Prep Recap: Q3 Earnings Season Coming To An End, Tesla Still Looks Toppy', ""Today's Pickup: Schneider Adds Tool To Allow Carriers To Book Loads At The Click Of A Button"", ""Benzinga's Top Upgrades, Downgrades For November 26, 2019"", 'Elon Musk And Neil deGrasse Tyson Talk Physics Of Tesla Cybertruck, Ford F-150', 'China Renaissance Downgrades Tesla to Hold, Announces $346 Price Target']",6
TSLA,2019-11-27,"[""Elon Musk Tweeted Last Night ' 250k', Indicating Total of 250K CyberTruck Orders""]",1
TSLA,2019-11-29,"['PreMarket Prep Recap: Muted Reaction To Trade Tensions, A Look At The Dividend Capture Strategy']",1
TSLA,2019-12-02,"[""Tesla's Gets Order For 15 Cybertrucks To Be Converted Into Police Vehicles""]",1
TSLA,2019-12-03,"[""'Thought He Was Just Some Random Creepy Guy,' Musk Testifies In Defamation Case"", ""'Tesla Model Y deliveries will start in Q1, says Deutsche Bank' -Electrek"", ""Can Tesla's Stock Continue Revving After 50% Rally?"", ""Gene Munster Talks Tesla's Energy Business, Apple's Trade War Risk And Facebook Libra"", '10 Biggest Price Target Changes For Tuesday', 'PiperJaffray Maintains Overweight on Tesla, Raises Price Target to $423', ""'Tesla Gigafactory 3 starts producing a lot of Model 3 vehicles, but still no sales approval' -Electrek"", 'Piper Jaffray Raises Tesla Price Target to Street High $423 from $372; Says Cybertruck is Awesome']",8
TSLA,2019-12-04,"[""Roku, Tesla And More 'Fast Money Halftime Report' Picks From Dec. 4"", ""UPDATE: Tesla's Elon Musk Says Co. Aiming To Deliver 'All Cars' By End Of 2019, 'Immediately' Increase Rate Of Solar Deployments By 'Significant' Degree"", ""'Elon Musk announces Tesla's 'two most critical priorities' by end of year' -Electrek"", ""Tesla's All-Electric Cybertruck To Join Mexican City's Police Force"", '10 Biggest Price Target Changes For Wednesday', ""NASA, SpaceX To Launch 'Robot Hotel'"", 'Citigroup Maintains Sell on Tesla, Raises Price Target to $222', 'Tesla Says its Model X SUV has been Awarded a Five-star Rating by the European New Car Assessment Programme']",8
TSLA,2019-12-05,"['Tesla Shares Up 1% After Hours As Hearing Morgan Stanley Raised Bull-Case Target From $440 To $500', ""'Tesla's Biggest Market In Europe Becomes The Netherlands As Model 3 Sales Surge' - Electrek"", 'Convoy Closes Out Year Of ""Multiple Breakthroughs""', 'Nio Sustains Sales Momentum In November, Launches Third SUV', ""'I Don't Have A Lot Of Cash:' Day Two Of Elon Musk's Defamation Trial""]",5
TSLA,2019-12-06,"[""Jury Clears Elon Musk In 'Pedo Guy' Defamation Trial"", 'Lawyer For British Cave Explorer Suing Elon Musk For Defamation Says Elon Musk Should Pay His Client At Least $190M In Damages', ""Today's Pickup: Seattle-Based Shipium Lands $2M Seed Round"", ""Morgan Stanley Raises Tesla's Stock Bull Case On China, Cybertruck Opportunities"", 'The Evolution Of Daseke – Great Quarter, Guys', ""Benzinga Pro's Top 5 Stocks To Watch For Fri., Dec. 6, 2019: TSLA, ONTX, XHB, BIG, SFIX"", 'Tesla Model 3s Can Earn Subsidies In China', 'Morgan Stanley Maintains Equal-Weight on Tesla, Maintains $250 Price Target; Raises Bull Case Price Target From $440 To $500', ""'Tesla releases Autopilot update with new speed adjustments, stop sign warnings, and more' -Electrek"", ""Tesla Says China-Made Model 3 Vehicles To Get China's Subsidies For New Energy Vehicles"", ""'Did Someone At 10 Downing Street Ask If You Were A Pedophile?' Musk's Lawyer To UK Caver""]",11
TSLA,2019-12-08,"['Bulls And Bears Of The Week: Facebook, Intel, Netflix, Tesla And More']",1
TSLA,2019-12-09,"['These Pros Agree: Owning Tesla Stock Requires Confidence In Long-Term Goals', 'CNBC Highlights Tesla Model 3 That Crashed Over The Weekend Was Engaged In Autopilot', ""'Tesla Dials Up VW Challenge With German Service Expansion' -Bloomberg"", 'Elon Musk Takes Grimes For A Drive In The Cybertruck', ""SpaceX Successfully Delivers 'Mighty Mice' To International Space Station""]",5
TSLA,2019-12-10,"['Electrek Reports HBO, Hulu, Twitch, Comedy Central iQiyi, Tencent Possibly Coming to Tesla OS', 'Investor Movement Index: November 2019', ""Toyota's Lexus Plans To Launch Electric Vehicles In China"", 'Exane BNP Paribas Maintains Buy on Tesla, Raises Price Target to $400', 'Tesla shares are trading higher on rumors that the company has started receiving orders for the China-made Model 3 and that the orders have been ""very strong.""', 'Technology Stocks Could Be In Focus Today As Trade Dominates The Headlines', ""Germany's €500 Million Cathode Factory To Boost European Electric Battery Production"", ""Tesla Shares Tick Slightly Higher At Open, Up ~0.3%; Traders Circulate Word Co. Has Started Receiving Orders For China-Made Model 3, Orders Have Been 'Very Strong'""]",8
TSLA,2019-12-11,"[""How TD Ameritrade Clients Positioned Themselves In Disney And Tesla After November's Disney+ And Cybertruck Events"", '6 Key Takeaways From The Morgan Stanley Space Summit', ""Tesla Model 3 Named 'Best Electric Car' By Edmunds"", ""What A Difference: Year's Last Fed Meeting Ends Today With Rates Not Seen Changing"", 'Tesla More Than A Tech Company That Makes Cars', ""Porsche's All-Electric Model Secures 30,000 Deposits Ahead Of Its 2020 Launch"", 'Tesla Wants to Produce 500K Electric Cars per Year at Planned Gigafactory in Brandenburg, Germany']",7
TSLA,2019-12-12,"[""'Is Nio's Third Mass-Production Vehicle A Tesla Model 3 Competitor?' -InsideEVs"", 'China Joins Satellite Space Race: Chinese Company To Launch 5G Comms Satellite', ""'Tesla Loses Its Third General Counsel in the Course of a Year' -Bloomberg"", ""'I Can't Fight It Anymore': Why Cramer Likes Tesla Now"", 'Jeff Bezos Named Businessperson Of The Decade: Global CFOs Survey', 'Electrek Tweet: Tesla Gigafactory 4 leaked plans reveal room for expansions']",6
TSLA,2019-12-13,"['US Safety Agency Will Investigate Dec. 7 Crash Of A Tesla Model 3 After It Rear-Ended A Parked Police Car In Connecticut', 'Inside EVs Reports Tesla Cybertruck Will Compete With The Ford F-250, Ram 2500 And Chevy Silverado 2500 And Not Directly Against The Ford F-150']",2
TSLA,2019-12-14,"[""Bulls And Bears Of The Week: Disney, Macy's, Netflix, Tesla And More""]",1
TSLA,2019-12-16,"['Sen. Stabenow Says E-Car Tax Credit Unlikely In Spending Deal', ""Today's Pickup: Tesla's Truck May Not Ride In Europe; Pushback On Morgan Stanley's Amazon Forecast"", ""'Tesla (TSLA) close to all-time high on EV tax credit talk' -Electrek"", 'Tesla shares are trading higher on reports the U.S. Congress is in talks to reinstate tax extenders that will benefit electric car manufacturers.']",4
TSLA,2019-12-17,"['NADA Says U.S. New-vehicle Sales to Fall to 16.8M in 2020', ""Electrek.Co Tweets 'Tesla is nerfing Autopilot for Model S/X in Europe to comply with regulations'"", 'Stocks That Hit 52-Week Highs On Tuesday', ""'Tesla is going to deploy a big battery in Alaska to replace fossil-fuel plant' -Electrek"", ""3 Consumer Cyclical Stocks Moving In Tuesday's Pre-Market Session"", ""Tesla Building 'Canopy Covers' To Hide Its Solar Test Houses""]",6
TSLA,2019-12-18,"[""Here's What Helped Boost Tesla Stock To A New All-Time High"", ""Tesla Analyst Says Automaker's Drive Forward Will Be Smoother"", 'Tesla shares are trading higher after the U.S. extended tax credits for EV charger installations, motorcycles, and fuel cells. NOTE: Earlier reports suggested a possible extension of the tax credit for EVs.', 'Stocks That Hit 52-Week Highs On Wednesday', ""'Tesla leaks 'Acceleration Boost' upgrade planned for Model 3' -Electrek"", ""'US extends tax credits for EV chargers, motorcycles, fuel cells, again retroactively' -Electrek"", 'Tesla Might Lower China-Built Model 3 Prices Next Year', 'Tesla Considers Cutting China-built Model 3 Sedan Prices Next Year']",8
TSLA,2019-12-19,"[""'Tesla partners with EVgo to deploy Tesla connectors on their nationwide charging network' -Electrek"", 'Tesla shares are trading higher, breaking above the $400 level. Positive catalysts in recent days include reports suggesting the company could cut prices of China-built Model 3s next year and the extension of US EV tax credits.', ""Tesla's Stock Crosses $400 Per Share For The First Time Ever"", 'Stocks That Hit 52-Week Highs On Thursday', 'Tesla Shares, After Briefly Flirting With Over $400 Level Earlier In Thurs. Trading Session, Now Up Nearly $2 Over Last Few Mins.; Stock Now Trading Near $401.70, Up 2.2% For Session', ""'Tesla Supercharger network reaches 15,000 chargers — still one of its best assets' -Electrek"", 'Micron Yesterday, Nike Today: Earnings Keep Rolling In As Week Winds Down', ""Thursday's Market Minute: Tesla Hits All-Time High""]",8
TSLA,2019-12-20,"['A Tesla Short Squeeze Years In The Making May Have Finally Arrived', 'Stocks That Hit 52-Week Highs On Friday', ""'Tesla delivers 5,000 cars in November alone in China' -Electrek"", ""'Tesla opens first Supercharger V3 in Europe' -Electrek"", ""7 Consumer Cyclical Stocks Moving In Friday's Pre-Market Session"", 'Tesla Adds Internet-Connected Video Games, More Content To Chinese Customers']",6
TSLA,2019-12-21,"[""Benzinga's Bulls And Bears Of The Week: Apple, Microsoft, Netflix, Peloton And More"", 'We Tested Your Tesla Knowledge. Here Are The Results.']",2
TSLA,2019-12-22,"[""Tesla's Chief of Production, Bert Bruggeman, Steps Down""]",1
TSLA,2019-12-23,"[""Today's Pickup: Car Hauling's Challenging Times; Amazon's Foray Into Freestanding Logistics"", ""PreMarket Prep Recap: $TSLAQ Crowd Continues To Be Punished, Eli Lilly's Incredible Friday Open"", 'Rivian Closes $1.3B Funding Round', ""'Whoa … the stock is so high lol' -Tweet From Elon Musk"", ""'Funding Secured': Tesla's Stock Hits Musk's Infamous $420 Level"", 'Tesla Shares Pullback From Session High At $420.42; Shares Up 3.3% For Session', 'Stocks That Hit 52-Week Highs On Monday', ""'Tesla scores large order from taxi company in Germany' -Electrek"", 'Tesla shares are trading higher following reports the company is borrowing $1.4 billion from Chinese banks for its Shanghai factory.', ""6 Consumer Cyclical Stocks Moving In Monday's Pre-Market Session"", 'Tesla Reportedly Borrowing $1.4B From Chinese Banks For Shanghai Factory', 'Tesla Publishes a Software Update, According to Electrek', 'Tesla to Take New $1.4B Loan from Chinese Banks for Shanghai Factory']",13
TSLA,2019-12-24,"['PreMarket Prep Recap: The Importance Of PRs, FedEx Downgrade And Interviews With A Tesla Bear And Bull', ""Morgan Stanley On Tesla Hitting $420: 'Fundamentally Overvalued, Strategically Undervalued'"", ""GLJ's Johnson Says Believes Tesla Will Have Big Issues To Deal With In 2020, Notes Gov't Incentive To Buy A Tesla Will Go Away In Just A Few Days (Starting 2020)"", ""GLJ's Gordon Johnson, On Benzinga's PreMarket Prep, Says Believes Valuation For Tesla Has Completely Decoupled From Reality, Notes Tesla's Enterprise Value Now More Than GM, Ford Combined"", ""Benzinga Pro's Top 5 Stocks To Watch For Tues., Dec. 24, 2019: TSLA, WCC, ACST, YMAB, ITCI""]",5
TSLA,2019-12-25,['Tesla Gigafactory 3 Shanghai Photos Hint at Impending Mass MIC Model 3 Deliveries'],1
TSLA,2019-12-26,"['Tesla Gets $1.6B Loan From Chinese Banks For Shanghai Gigafactory', 'Tesla 8-K Shows Co. Enter Deals With Syndicate Of Lenders In China For RMB9B Secured Term Loan, RMB2.25M Unsecured Revolving Facility', ""Gene Munster Talks Tesla's Opportunity, Apple's Valuation, Netflix's Headwinds"", ""'Turn on auto navigate feature & car will activate traffic-based navigation to work, home or calendar, depending on context, as soon as you sit down. No input required at all' -Tweet Form Elon Musk"", ""Tesla's Elon Musk Responds To Tweet In Which Tesla Fan Asks If Co. Could Add Disney+ To Tesla Theatre In Future, Says 'Coming soon'"", 'Tesla Option Alert: Jan 3 $500 Calls at the Ask: 500 @ $0.671 vs 1763 OI; Earnings 1/29 After Close [est] Ref=$430.7487', 'Morgan Stanley Says Tesla Faces Strong Competition From Rivian, Others', '8 Biggest Price Target Changes For Thursday', 'Starsky Robotics Seeks Potential Buyers As Autonomous Startup Struggles To Raise Funds', 'Wedbush Maintains Neutral on Tesla, Raises Price Target to $370']",10
TSLA,2019-12-27,"['Tesla Option Alert: Fri $430 Calls Sweep (2) near the Ask: 761 @ $0.625 vs 5543 OI; Earnings 1/29 After Close [est] Ref=$430.015', ""Citron Research Says Tesla Shares Are Doing 'Too Much Too Fast'"", 'Stocks That Hit 52-Week Highs On Friday', 'Cox Auto Sees Total Auto Sales For 2019 17M+ Units', 'Cox Auto Sees Dec. Auto Sales Volume Down 3.2% Year Over Year To 1.58M Units', ""'Tesla Files New Patent For Advanced Battery Chemistry' -InsideEVs"", '\'Citron took A LOT of criticism for change of heart on TSLA. Short interest now at all-time lows. Capitulation has created a ""too much too fast"" stock. Short term risk/reward now skewed to downside. Much respect to Musk but we are buyers 100 pts lower\'', 'Kenny Glick Says Believes AMD Still Has Not Hit All-Time Highs, Also Still Likes Tesla At Current Levels', ""5 Consumer Cyclical Stocks Moving In Friday's Pre-Market Session"", 'Tesla To Start Delivering Its First China-Made Models On Monday', 'China Finance Ministry Says Will Support Development of New Energy Vehicles', ""China Adds Tesla's China-Made Model 3 To List Of NEV Exempt From Purchase Tax"", 'Tesla to Deliver 15 China-made Model 3 Vehicles to Customers on December 30']",13
TSLA,2019-12-28,"['Bulls And Bears Of The Week: Amazon, Apple, Boeing, Netflix, Tesla And More']",1
TSLA,2019-12-30,"[""'Tesla Model 3 Deliveries In The Netherlands Exceed 11,000 This Month' -Inside EVs"", ""'Tesla delays some US deliveries to next year in end-of-year rush ' -Electrek"", ""Wedbush Projects Apple To Dominate 5G 'Super Cycle,' Disney To Beat Netflix"", ""'Tesla batteries help power new solar water desalination plant in Africa' -Electrek"", ""Tesla shares are trading lower after Cowen & Co maintained an underperform rating despite raising the price target from $190 to $210. The firm noted 'We believe Tesla will deliver ~356k vehicles for the year, just slightly missing the low end of the 360-400k delivery guide for the year.'"", ""Inside EVs Video Shows Tesla Gigafactory 3 Parking Lot Is 'Almost Complete'"", ""Cowen Still Bearish On Tesla, Says Chinese And Dutch Help Isn't Enough"", '10 Biggest Price Target Changes For Monday', ""UPDATE: Cowen On Tesla Notes 'Despite commentary earlier this year suggesting a smoothing of deliveries throughout the quarter, Tesla appears to continue to stress its logistics for end of quarter surges'"", ""UPDATE: Cowen On Tesla Notes 'We are raising our 4Q19 delivery estimate from 95k to 101k to reflect better expectations for both the Netherlands and China ahead of anticipated subsidy reductions in 2020'"", ""UPDATE: Cowen Maintains Underperform On Tesla, Raises Target To $210 Notes 'We believe Tesla will deliver ~356k vehicles for the year, just slightly missing the low end of the 360-400k delivery guide for the year'"", 'Chinese EV Manufacturer Nio Rallies On Q3 Earnings, Sales Beat', 'Cowen & Co. Maintains Underperform on Tesla, Raises Price Target to $210', 'Tesla China General Manager Wang Hao Says Sales of China-made Model 3 Have Been Very Good', 'Tesla Delivers 15 China Made Model 3 Vehicles From Its Shanghai Plant; Tesla Senior China Official Xue Juncheng Says Firm Will Build Dozens of New Tesla Centers in China Next Year', 'Tesla Begins Delivery Of First China-Made Model']",16
TSLA,2019-12-31,"['10 Things You Stopped Using This Decade', ""4 Consumer Cyclical Stocks Moving In Tuesday's Pre-Market Session"", ""'Car And Driver's Long-Term Tesla Model Had 3-Way Failure While Parked' -InsideEVs""]",3
TSLA,2020-01-02,"['Tesla Cuts Price for China-made Model 3 Vehicles to 299,050 Yuan', 'Tesla shares are trading higher after the company said it would deliver a second batch of China-made Model 3S on January 7th.', 'Canaccord Lifts Tesla Price Target Above $500 Amid International Opportunity', ""Today's Pickup: Asia's Richest Man Looks To Stand Up To Amazon's Might In India"", 'Wedbush Says Tesla Poised For Q4 Delivery Upside On Model 3 Demand, European Strength', ""UPDATE: Canaccord Genuity Maintains Buy On Tesla, Raises Target To $515 As Firm Believes 'the trend towards electrification will only accelerate in 2020'; Anticipates Co's Q4 Delivery Numbers Will Be Above Co's 360,000 Unit Guidance For 2019"", ""2020 Vision: Rally Mode To Start Off Decade As Last Year's Strength Rolls Along"", '10 Biggest Price Target Changes For Thursday', 'Tesla To Begin Delivering China-Made Model 3 To Public On Jan. 7', 'Canaccord Genuity Maintains Buy on Tesla, Raises Price Target to $515', ""10 Consumer Cyclical Stocks Moving In Thursday's Pre-Market Session"", ""10 Consumer Cyclical Stocks Moving In Thursday's Pre-Market Session"", 'Hearing Canaccord Genuity Raised Tesla Price Target From $375 To $515; Unconfirmed', 'Tesla Says will Deliver Second Batch of China-made Model 3s on January 7']",14
TSLA,2020-01-03,"['Tesla Shorts Are Still Holding On (For Now)', ""Canaccord Maintains Buy, $515 Target On Tesla As Firm Notes 'we view these results as a clear indication that EV demand remains strong for Tesla and that the company is well positioned for 2020 with continued positive momentum in all business areas'"", 'Tesla shares are trading higher after the company reported record deliveries of roughly 367,600 in FY19, which is a 50% year-over-year increase.', 'Tesla Reports Record Q4 Deliveries', ""Benzinga Pro's Top 5 Stocks To Watch For Fri., Jan. 3, 2020: TSLA, AAPL, YUMA, AXE, CMG"", ""UPDATE: Tesla Says 'Our delivery count should be viewed as slightly conservative, as we only count a car as delivered if it is transferred to the customer and all paperwork is correct'"", 'Tesla Reports Q4 Model S/X Production ~17.9K Vehicles, Model 3 Production ~86.96K Vehicles', 'Tesla Reports FY19 Deliveries ~367.6K, Up 50% Year Over Year', 'Tesla Q4 Production Almost 105K Vehicles, Deliveries ~112K Vehicles', ""16 Consumer Cyclical Stocks Moving In Friday's Pre-Market Session"", 'China-made Exports of Ford, Tesla, BBMW Set to Surge as Beijing Opens Auto Industry, Government Says', 'Tesla Cuts Price of Made-in-China Model 3 to ~$43,000 after Incentives', 'Chinese EV Maker Lixiang Files for Minimum $500M U.S. IPO']",13
TSLA,2020-01-04,"[""Benzinga's Bulls And Bears Of The Week: Apple, Disney, Starbucks, Tiffany And More"", 'Tesla Model 3 Production In China Already Above 3,000 Per Week']",2
TSLA,2020-01-06,"[""'Tesla Model 3 to be $5,000 cheaper in New Jersey; Turnpike getting electrified' -Electrek"", ""'Tesla plans to build 'future vehicles' at Gigafactory 4 as new details emerge' -Electrek"", 'Tesla Option Alert: Jan, 2021 $200 Puts at the Bid: 1000 @ $7.25 vs 10524 OI; Earnings 1/29 After Close [est] Ref=$445.46', 'RBC Capital Maintains Underperform on Tesla, Raises Price Target to $315', 'Perspective Time: Geopolitics Hits Markets, But Losses Not Too Steep Yet And Volatility Tame', 'Nio Shares Retest $4 Level After December, Q4 Deliveries Beat Guidance', 'Tesla CEO Elon Musk Plans to Attend a Delivery Ceremony for Made-in-China Teslas in Shanghai on Tuesday']",7
TSLA,2020-01-07,"[""3 Tesla Pros On The Automaker's China Milestone"", 'Argus Raises Price Target On Tesla From $396 To $556', ""Benzinga Pro's Top 5 Stocks To Watch For Tues., Jan. 7, 2020: TSLA, SQ, LEN, APOP, PIR"", 'Elon Musk Busts A Move As First Chinese-Made Model 3s Delivered']",4
TSLA,2020-01-08,"[""Tesla, Musk Approach Historic Milestones As Automaker's Stock Rally Continues"", ""Tesla shares are trading higher, potentially amid continued optimism surrounding the company's China production. CEO Elon Musk on Twitter suggested the company was making 'amazing progress' in China, sending shares higher."", ""Elon Musk Tweets: 'Tesla China Team Such amazing progress!!'"", ""Cramer Questions Why Tesla's Stock Isn't Higher"", ""'Tesla has to move endangered bats to build Gigafactory 4, could delay and faces opposition' -Electrek"", ""13 Consumer Cyclical Stocks Moving In Wednesday's Pre-Market Session"", 'Electrek Reports Daimler/BMW Ride-Hailing Service Is Ordering 60 Tesla Vehicles']",7
TSLA,2020-01-09,"['Stocks That Hit 52-Week Highs On Thursday', ""UPDATE: Baird On Tesla Notes 'Shares now fairly reflect future execution, in our view, including a smooth Model Y ramp; while this is certainly achievable, we believe there is some risk (as with any product launch)'"", ""UPDATE: Baird Downgrades Tesla To Neutral, Raises Target To $525 Notes 'We are moving to the sidelines, admittedly battle-weary after a hard-fought several years, including ~20% outperformance over the last year'"", 'Tesla shares are trading lower after analysts at Baird downgraded the stock from Outperform to Neutral, recommending investors take profits . CFRA also downgraded the stock from Hold to Sell, citing near-term risks.', 'PreMarket Prep Recap: Tesla Shrugs Off Double Downgrade, Bed Bath & Beyond Continues Fall', ""Benzinga's Top Upgrades, Downgrades For January 9, 2020"", 'Back To The Grind: Iran Fears Ease, So Focus Turns To Jobs, Fed Speakers, Earnings', ""Is Elon Musk's Girlfriend Grimes Pregnant?"", 'CFRA Research Downgrades Tesla, Sees Risks Ahead After Huge Run', ""Should Nio Be Worried About Tesla's Model 3 Order Overflows In China?"", 'CFRA Downgrades Tesla to Sell, Announces $400 Price Target', 'Hearing CFRA Downgrades Tesla From Hold To Sell; Unconfirmed', 'Baird Downgrades Tesla to Neutral, Raises Price Target to $525', 'CORRECTION: Baird Downgrades Tesla to Neutral from Outperform; Raises Price Target to $525 from $355', ""Billionaire Gives Away $9M As 'Social Experiment,' Breaks Twitter Records""]",15
TSLA,2020-01-10,"[""GM's New Electric Hummer-Branded Vehicles Will Go On Sale Starting In Late 2021 Starting With EV Pickup"", 'GM Plans All-Electric Hummer Pickup Truck To Be Sold Under GMC Brand', '10 Biggest Price Target Changes For Friday', 'Piper Sandler Maintains Overweight on Tesla, Raises Price Target to $553', ""11 Consumer Cyclical Stocks Moving In Friday's Pre-Market Session"", ""Here's How Much Investing $100 In Tesla Stock Back In 2010 Would Be Worth Today""]",6
TSLA,2020-01-12,"[""Tesla Will Soon 'Talk To People,' Musk Hints New Feature"", 'Bulls And Bears Of The Week: Apple, Citigroup, Southwest, Walgreens And More']",2
TSLA,2020-01-13,"['Tesla $93B Valuation: Does A Great Product Equate To A Great Stock?', 'Tesla shares are trading higher after multiple firms raised the price target on the stock.', ""Oppenheimer, In Earlier Price Target Raise, Says Tesla Is 'beginning to pose an existential threat to transportation companies that are unable or unwilling to innovate at a faster pace.'"", 'Tesla Gets New Street-High Price Target, Stock Breaks $500', ""'Tesla numbers will go up because of China subsidy extension. Analysts need to raise numbers.. $TSLA' -CNBC's Jim Cramer"", ""'Elon Musk: Tesla's Full Self-Driving 'feature-complete' is coming 'soon'' -Electrek"", '10 Biggest Price Target Changes For Monday', 'Oppenheimer Maintains Outperform on Tesla, Raises Price Target to $612', 'Hearing Oppenheimer Raised its Price Target on Tesla from $385 to $612']",9
TSLA,2020-01-14,"['Bears Fawning For FANG With A Newly Upsized ETN', 'Tesla Option Alert: Jan, 2021 $640 Calls at the Ask: 500 @ $61.8 vs 182 OI; Earnings 1/29 After Close [est] Ref=$533.0', ""'Chevy is offering $10,000 lease discounts on Bolt EV' -Electrek"", ""Tesla Shorts Vs. Beyond Meat Shorts: Who's Getting Squeezed Harder?"", 'US National Transportation Safety Board Will Hold Feb. 25 Meeting To Determine Probable Cause Of 2018 Fatal Tesla Crash', ""Tesla shares are trading higher after Jefferies maintained a Buy rating on the company's stock and raised the price target from $400 to $600."", 'Jefferies Maintains Buy on Tesla, Raises Price Target to $600', ""5 Consumer Cyclical Stocks Moving In Tuesday's Pre-Market Session"", '3 ETFs With Meaningful Tesla Exposure']",9
TSLA,2020-01-15,"['Honda And Isuzu Will Work Together On Fuel Cell-Powered Electric Trucks', 'Tesla shares are trading lower on a potential sell-off after the stock increased roughly 15% since Monday.', ""'Tesla owners are unintentionally buying expensive software upgrades and not getting refunds, Musk says will address' -Electrek"", 'Jeffrey Epstein May Have Tried to Befriend Elon Musk, Report Says', ""Today's Pickup: Aerial Vs. Ground Autonomous Transportation"", ""Wednesday's Market Minute: How Will The Party End?"", ""14 Consumer Cyclical Stocks Moving In Wednesday's Pre-Market Session""]",7
TSLA,2020-01-16,"[""'Tesla Autopilot crash rate increases, but still lower than without Autopilot' -Electrek"", ""Today's Pickup: Last-Mile Delivery Growth Will Increase Carbon Emissions By 30% By 2030"", ""PreMarket Prep Recap: Morgan Stanley Beats, Tesla's Battle For $500 And Shorts On The Run In Signet Jewelers"", ""'Tesla releases new design drawing, announces design center to build 'Chinese-style' car ' -Electrek"", ""Benzinga Pro's Top 5 Stocks To Watch For Thurs., Jan. 16, 2020: TSLA, MS, BYND, RBZ, PECK"", 'Morgan Stanley Downgrades Tesla On Risk, Valuation Following Massive Stock Run', ""UPDATE: Morgan Stanley Downgrades Tesla To Underweight, Raises Target To $360 'based on (1) valuation, (2) unfavorable risk-reward, and (3) risks to the long-term Chinese business that may not be fully appreciated by the market'"", '10 Biggest Price Target Changes For Thursday', ""7 Consumer Cyclical Stocks Moving In Thursday's Pre-Market Session"", ""21 Stocks Moving in Thursday's Pre-Market Session"", ""Tesla shares are trading lower following a report the company's vehicle registrations have declined from last year. Morgan Stanley also downgraded the company's stock from Equal-Weight to Underweight."", 'Morgan Stanley Downgrades Tesla to Underweight, Raises Price Target to $360', ""'New Tesla registrations in California nearly halves in fourth quarter: data' -Reuters Article From Late Wed. Evening"", 'A Peek Into The Markets: US Stock Futures Gain Ahead Of Morgan Stanley Earnings', 'Dominion Cross-Sell Reports Total Q4 Registrations for Tesla Vehicles in California 13,584 Vs 25,402 YoY Total Q4 Registrations for Tesla Vehicles Across U.S. States 25,614 Vs 46,197 YoY', 'Hearing Morgan Stanley Downgrades Tesla From Equal Weight to Underweight; Raises Price Target From $250 to $380', ""From 'Made in China' to 'Designed in China:' Tesla Is Hiring Staff To Design Models In A New Local Research Center""]",17
TSLA,2020-01-17,"[""'The NHTSA is looking into claims that Tesla vehicles have a flaw that could lead to unintended acceleration' -Bloomberg"", 'Tesla Option Alert: Jun 19 $700 Calls Sweep (2) near the Ask: 500 @ $16.7 vs 7123 OI; Earnings 1/29 After Close [est] Ref=$509.14', ""Electrek Article Highlights Sales Data Showing Tesla's Model 3 Is Disrupting US Luxury Sedan Market Based On Sales"", 'NHTSA Considers Investigation Into Reports Of Teslas With Unintended Acceleration', ""'#Tesla announced Friday on Weibo that it will replace its #mapping provider with #BaiduMaps...' -China's National Business Daily"", ""Benzinga Pro's Top 5 Stocks To Watch For Fri., Jan. 17, 2020: TSLA, NFLX, IBM, TWTR, PLAY"", 'Watch Tesla Shares As Hearing US Auto Safety Agency Is Reviewing A Petition Seeking A Formal Probe Into 500K Tesla Vehicles For Sudden Unintended Acceleration']",7
TSLA,2020-01-18,"['Bulls And Bears Of The Week: IBM, Microsoft, Tesla And More', ""Barron's Picks And Pans: Apple, Boeing, Disney, Tesla And More""]",2
TSLA,2020-01-20,"[""Tesla Says No Unintended Acceleration in Its Vehicles, in Response to Petition to NHTSA to Investigate and Recall Around 500,000 of the Company's Electric Cars Over the Alleged Defect""]",1
TSLA,2020-01-21,"['Tesla And Michigan Reach Settlement For Direct Delivery To Customers', 'Just Getting Started? New Street Gives Tesla An $800 Price Target', ""83 Consumer Cyclical Stocks Moving In Tuesday's Session"", ""5 Auto Manufacturers Stocks Moving In Tuesday's Session"", ""Ex-Ford CEO Mark Fields Talks About Tesla Building An 'Iconic Brand'"", 'Tesla Reaches Settlement With Michigan Over Ban Blocking Sales; Settlement Filing Is Expected As Soon As Wed.', 'Elon Musk Talks Tesla In China, Explains SpaceX And PayPal Launches In New Podcast', ""'Unofficial: First Tesla Model Y Deliveries Expected Within Two Weeks' -InsideEVs"", ""Today's Pickup: A Pragmatic Approach To Zero-Emissions Logistics; At XPO, Breaking Up Will Be Interesting To Do"", ""Tuesday's Market Minute: Earnings, Ecodata & Central Bank Policies"", 'Tesla shares are trading higher after New Street Research reiterated a Buy rating on the stock and Raised the price target from $530 to $800.', 'New Street Maintains Buy on Tesla, Raises Price Target to $800', 'Tesla Plans for German Factory Faces Challenges', ""Tesla Says Petition Claiming 'Unintended Acceleration' In Cars Brought By 'Tesla Short-Seller'""]",14
TSLA,2020-01-22,"[""'Tesla Model Y prototypes spotted cold-weather testing in Minnesota snow' - Electrek"", ""58 Consumer Cyclical Stocks Moving In Wednesday's Session"", ""46 Stocks Moving In Wednesday's Mid-Day Session"", ""Elon Musk's Big Day: Trump Compares CEO To Thomas Edison As Tesla's Stock Sets Milestone"", 'PreMarket Prep Recap: Netflix Beat Not Good Enough, ACP Theory On Tesla', 'Stocks That Hit 52-Week Highs On Wednesday', ""Wednesday's Market Minute: Stocks Aren't The Problem"", ""Benzinga Pro's Top 5 Stocks To Watch For Wed., Jan. 22, 2020: NFLX, TSLA, NNVC, SKT, SPCE"", 'Nio Will Build 200 Brick-And-Mortar Stores This Year, Report Says', '10 Biggest Price Target Changes For Wednesday', ""Tesla Hits $100B Market Cap, Gerber Says Stock Is 'Correctly Valued Now'"", 'Tesla shares are trading Higher after Wedbush analysts raised their price target on the stock from $370 To $550, citing strong expected deliveries amid China demand.', 'Wedbush Maintains Neutral on Tesla, Raises Price Target to $550', ""4 Consumer Cyclical Stocks Moving In Wednesday's Pre-Market Session"", 'Tesla Becomes First $100B Public Car Company in Extended Trading Tuesday']",15
TSLA,2020-01-23,"[""Want To Ask Elon Musk A Question On An Earnings Call? Here's How"", ""Ralph Nader Says Tesla Is The Reason The 'Stock Market Bubble Implodes'"", 'Cramer: Tesla Is A Tech Company On Wheels, Unlike Ford And GM', ""'Tesla is about to launch a new branded wireless phone charger' -Electrek"", ""'AT&T, Amazon, IKEA, others join new Corporate Electric Vehicle Alliance' -Electrek"", ""UPDATE: UBS On Tesla Notes 'view Tesla as the original equipment manufacturer with the biggest long-term AV opportunity.'"", ""UPDATE: UBS Reinstates Sell on Tesla, Raises Price Target to $410 As Firm Expects 'Tesla to reach 10% OP margin and generate $3-5B annual free cash flow from 2022 onwards, based on known products and capacities.'"", ""UBS Maintains Sell Rating On Tesla After Shares 'Left The Orbit'"", 'Texas Instruments And Procter & Gamble Results Front And Center, But So Is Asian Virus', ""Tesla Opens Store On Alibaba's Tmall To Sell Car Accessories"", '10 Biggest Price Target Changes For Thursday', 'UBS Reinstates Sell on Tesla, Raises Price Target to $410', ""'Tesla Remains a Sell at UBS After Target More Than Doubled' -Bloomberg"", ""'China must increase imports of US-made cars; Tesla likely key beneficiary' -Electrek"", 'Exane BNP Paribas Downgrades Tesla to Neutral, Announces $555 Price Target', '70 Biggest Movers From Yesterday']",16
TSLA,2020-01-24,"['CFRA Analyst To Tesla Investors: Sell Your Stock', ""'Tesla releases first software update of 2020' -Electrek"", ""'Volkswagen CEO says he can catch up to Tesla and 'probably overtake' them' -Electrek"", 'Statement From Senator Markey Says Tesla Should Rebrand Autopilot', ""Today's Pickup: Fuel-Saving TruckWings Hits Efficiency Milestones"", 'Intel, American Express Report Strong Quarters, Helping Set Positive Early Tone', ""5 Consumer Cyclical Stocks Moving In Friday's Pre-Market Session""]",7
TSLA,2020-01-26,"[""Benzinga's Bulls And Bears Of The Week: Apple, Boeing, Netflix, GE And More""]",1
TSLA,2020-01-27,"[""UK's Prince Andrew Not Cooperating In Epstein Case, Says Prosecutor"", ""'Tesla ramps up Solarglass roof installations' -Electrek"", 'Commercial Vehicles Charge Toward Electric Future', 'How Elon Musk Bought The Tesla.com Domain Name', 'Going Viral: Stocks On Their Back As Virus Spreads Heading Into Key Earnings, Fed Week', ""Hearing General Motors' All-Electric Truck to Begin Production in Late 2021"", 'Shares of several auto manufacturing companies are trading lower as concerns about the Wuhan coronavirus continue to grow, prompting travel bans in multiple Chinese cities. Reports say the death toll rose to 80 with more than 2,700 people now infected.', ""19 Consumer Cyclical Stocks Moving In Monday's Pre-Market Session"", 'Tesla Could Focus Model Y Deliveries in Canada to Take Advantage of Incentives', 'Musk Counters Critics Who Say Tesla Gigafactory In Berlin Will Hurt The Environment']",10
TSLA,2020-01-28,"['Tesla Q4 Earnings Preview: Can The Good News Keep Coming?', 'GM Invests $2B In Detroit Plant, Retools For Self-Driving EVs', 'Turnaround Tuesday? Stocks Look To Bounce Back As Apple Earnings Loom Later']",3
TSLA,2020-01-29,"['From Conference Call: Tesla Says Has No Acquisition Plans, Does Not Plan to Raise Money to Pay Down Debt', 'From Conference Call: Tesla Says Ramping Up Battery Production Will Be the Focus This Year-', 'From Conference Call: Tesla Declined to Provide Capex Guidance for This Year, but Said Will Spend a Lot of Money This Year', 'From Conference Call: Tesla Says There Will Be an Insurance Rate Cut for Customers Driving With Autopilot', 'From Conference Call: Tesla Says Car Insurance Will Be Quite a Major Product Over Time', 'From Conference Call: Tesla Says It is Our Intention to Make Tesla Technology Available for Ride-share', 'From Conference Call: Tesla Says Model Y and Shanghai Factory Ramp-up Expected to Temporarily Weigh on Margins', 'From Conference Call: Tesla Says Expects a One to One-and-a-half Week Week Delay in the Ramp of Shanghai-built Model 3 Due to a Government Required Factory Shutdown', ""From Conference Call: Tesla CFO Says We're Trying to Estimate Impact from Coronavirus"", ""10 Stocks Moving In Wednesday's After Hours Session"", ""Tesla Charges Ahead With Q4 Earnings Beat; Deliveries Should 'Comfortably' Exceed 500K Units"", ""Tesla Says Due To Strong Initial Customer Demand In China, Co.'s Goal Is To Increase Model 3 Capacity Even Further Using Existing Facilities; Plans For Model Y Capacity To Be At Least Equivalent To Model 3 Capacity"", 'Tesla shares are trading higher after the company reported better-than-expected Q4 EPS and sales results. The company also reported Q4 Model 3 deliveries were up 46% year-over-year.', 'Tesla Shares up 7% Following Earnings, Guidance', 'Tesla Expects To Produce Limited Volumes Of Tesla Semi This Year', 'Tesla Says In Q4 Deployed 54 MW Of Solar, Up 26% From Last Quarter', 'Tesla Says Model 3 Production In Shanghai Continuing To Ramp, Model Y Production In Shanghai Will Begin In 2021', 'Tesla Says Production Ramp Of Model Y In Fremont Has Begun Ahead Of Schedule', 'Tesla Sees Positive GAAP Net Income Moving Forward', 'Tesla Continues To Believe Its Business Has Grown To The Point Of Being Self-Funding', 'Tesla Q4 Model 3 Deliveries 92,620 Up 46% YoY, Model S/X Deliveries 19,475 Down 29% YoY', ""Tesla Sees Positive Qtr. Free Cash Flow Moving Forward, 'with possible temporary exceptions, particularly around the launch and ramp of new products'"", ""Tesla Sees FY20 Vehicle Deliveries 'Comfortably' Exceeding 500K Units"", 'Tesla Reports Q4 Vehicle Deliveries 112,095', 'Tesla Q4 Adj. EPS $2.14 Beats $1.72 Estimate, Sales $7.384B Beats $7.02B Estimate', 'Tesla Q4 GAAP EPS $0.58', ""Tesla shares are trading higher in anticipation of the company's Q4 earnings scheduled for after the close today. The current Q4 EPS estimate is $1.72 and the sales estimate is $7.02 billion."", 'This Might Be The Best Song Ever Written About A Tesla', ""Analyst Acknowledges 'Rude Awakening' On Tesla, But Remains Cautious"", ""'Tesla Model Y spotted in Canada as rumors of deliveries increase ' -Electrek"", ""A Bull Vs. Bear Take On Tesla's Stock"", 'Chancellery In German State Of Brandenburg Says Tesla Notary Has Certified Purchase Agreement Between Tesla And State Of Brandenburg For Site In Gruenheide', 'Chancellery In German State Of Brandenburg Says Tesla Plans To Produce Up To 500,000 Electric Cars In Its European Gigafactory', ""Benzinga Pro's Top 5 Stocks To Watch For Wed., Jan. 29, 2020: AAPL, TSLA, FB, BYND, MSFT"", '10 Biggest Price Target Changes For Wednesday', ""7 Consumer Cyclical Stocks Moving In Wednesday's Pre-Market Session"", 'B of A Securities Maintains Underperform on Tesla, Raises Price Target to $350', '12 Stocks To Watch For January 29, 2020', 'Earnings Scheduled For January 29, 2020']",39
TSLA,2020-01-30,"['Cramer Compares Tesla Investors To Amazon, Netflix: If You Love The Product, You Love The Stock', ""Electrek Reports Elon Musk On Conference Call Said Tesla Is ' rapidly approaching a 400-mile range for Model S'"", ""50 Stocks Moving In Thursday's Mid-Day Session"", ""'Leader Of The EV Revolution': 5 Analysts Weigh In On Tesla's Q4 Beat"", 'Oppenheimer Maintains Outperform on Tesla, Raises Price Target to $684', 'UPDATE: B of A Securities Maintains Underperform on Tesla, Raises Price Target to $370 Notes 10 Potential Catalysts To Remain Cautious:', 'B of A Securities Maintains Underperform on Tesla, Raises Price Target to $370', 'CFRA Still Says To Sell Tesla On Competition, China Production Concerns', ""UPDATE: Canaccord Genuity Maintains Buy on Tesla, Raises Price Target to $750 Notes 'we expect the upcoming (April) Battery day to help investors understand the lead TSLA maintains, as well as its energy density strategy.'"", 'Stocks That Hit 52-Week Highs On Thursday', 'Canaccord Genuity Maintains Buy on Tesla, Raises Price Target to $750', 'Tough Lead-In: Virus Fears Crush Hong Kong Stocks Overnight, Putting Pressure On US', 'Continuing A Run Of Good Fortune, Tesla Posts Second Quarterly Profit', 'Credit Suisse Maintains Underperform on Tesla, Raises Price Target to $415', '10 Biggest Price Target Changes For Thursday', ""Benzinga Pro's Top 5 Stocks To Watch For Thurs., Jan. 30, 2020: TSLA, AMZN, INO, QRVO, AMGN"", ""'Tesla unveils new Model Y wheels: Überturbine and Induction wheels' -Electrek"", 'Roth Capital Maintains Sell on Tesla, Raises Price Target to $350', ""16 Consumer Cyclical Stocks Moving In Thursday's Pre-Market Session"", ""'Exponential Growth': Tesla's Scale, Ambition Hurts Bears After Another Big Quarter"", ""32 Stocks Moving in Thursday's Pre-Market Session"", 'RBC Capital Maintains Underperform on Tesla, Raises Price Target to $530', 'Baird Maintains Neutral on Tesla, Raises Price Target to $650', 'Tesla shares are trading higher after the company reported better-than-expected Q4 EPS and sales results. The company also reported Q4 Model 3 deliveries were up 46% year-over-year.', 'A Peek Into The Markets: US Stock Futures Tumble Ahead Of Earnings, GDP Data', 'Hearing Wedbush Saying New Long-Term Bull Case Scenario Price Target For Tesla Is $1,000', 'Deutsche bank Maintains Hold on Tesla, Raises Price Target to $510', ""Hearing Baird Out With Call To Take Profits On Tesla, Sees Expectations 'Now Properly Calibrated' To Stock Valuation"", 'Piper Sandler Maintains Overweight on Tesla, Raises Price Target to $729', 'Tesla Shares Jump Nearly 12% In After-Hours Session After Q4 Earnings Beat', ""All Tesla Directors Except Elon Musk Settle Investors' SolarCity Suits"", '14 Stocks To Watch For January 30, 2020']",32
TSLA,2020-01-31,"['Position Scrimmage: Coronavirus, End-Of-Month Profit Taking Influencing Markets', '70 Biggest Movers From Yesterday', 'Elon Musk Just Released A New Song']",3
TSLA,2020-02-01,"['Bulls And Bears Of The Week: Amazon, Tesla, GE And More', ""Here's How Tesla Shares Will Hit $7,000 By 2024""]",2
TSLA,2020-02-02,"['CATL Confirms Battery Supply Agreement With Tesla In China', 'Contemporary Amperex Technology Says It Signs Production Pricing Agreement to Sell Lithium-ion Batteries to Tesla; Says Under Agreement, Tesla Does Not Guarantee the Purchase Volume of the Product']",2
TSLA,2020-02-03,"['Elon Musk Getting Richer Faster Than Any Other Billionaire This Year', ""Verizon Exec Talks 'First 5G Super Bowl,' Musk Downplays 5G Health Scare"", ""Baron Capital's Ron Baron To Appear On CNBC's Squawk Box Tuesday Feb. 4 At 4:00 p.m."", 'What To Know About Elon Musk, Bitcoin And Twitter Scammers', ""Fund Manager's Bullish Tesla Options Bet Nets 6,000% Return"", ""61 Stocks Moving In Monday's Mid-Day Session"", ""'Chinese battery giant CATL confirms supply agreement with Tesla' -Electrek"", 'Stocks That Hit 52-Week Highs On Monday', 'Mid-Morning Market Update: Markets Open Higher; SYSCO Reports Mixed Q2 Results', ""Tesla's Stock Gets Another New Street-High Price Target"", 'Surprise, Surprise: Stocks Wearing Their Rally Hats Despite China Market Tanking', ""Benzinga Pro's Top 5 Stocks To Watch For Mon., Feb. 3, 2020: SYY, PCG, NNVC, UBER, TSLA"", ""UPDATE: Argus On Tesla 'Despite past production delays, parts shortages, labor cost overruns, and other difficulties, we expect Tesla to benefit from its dominant position in the electric vehicle industry and to improve performance in 2020 and beyond'"", ""UPDATE: Argus Reiterates Buy On Tesla, Raises Target To $808 Notes 'Our positive view assumes continued revenue growth from the legacy Model S and Model X, as well as strong demand for the new Model 3, which accounted for more than 80% of 4Q19 production'"", 'Argus Research Reiterates Buy on Tesla, Raises Price Target to $808', 'Hearing Argus Research Raised its Tesla Price Target to $808', 'Tesla shares are trading higher after Argus Research raised its price target on the stock from $556 to $808.', ""11 Consumer Cyclical Stocks Moving In Monday's Pre-Market Session""]",18
TSLA,2020-02-04,"[""One Of Tesla's Largest Investors Sold 99.5% Of Its Stake Before New Year's Rally"", ""How Kevin O'Leary Came To Love Tesla's Stock"", 'UPDATE: Tesla Shares Fall ~9% Over Last Few Mins, Still Up 14% for Session; Not Seeing News To Justify Move', 'Tesla Shares Fall ~$108 Over Last Few Mins', 'Tesla Owns More Than Half The Us Market, Keeps Electric Car Sales Growing - Electrek.Co', ""Saudi Arabia's Public Investment Fund Sold ~8.2M Shares Of Tesla Over Last Qtr."", 'Saudi Arabia Public Investment Fund Dumped All But 39K Shares Of Tesla In Q4', 'Tesla Shares Tick Slightly Lower As Hearing Saudi Arabia Fund Sold Almost All Of Its Tesla Holdings In Q4', ""55 Stocks Moving In Tuesday's Mid-Day Session"", ""Musk On Why Tesla's Founding Principles Were 'Wrong,' What The Customer Wants"", ""UPDATE: Tesla Says Is Taking Steps To Join OSHA's Voluntary Protection Program At Facilities In Lathrop, Fremont, California, Nevada, New York, Michigan, Minnesota"", 'Tesla Says Rate Of Injury Per Vehicle Produced In 2019 Reduced By More Than 50% At Fremont Factory', ""Citron Shorts Tesla, Again: 'Even Elon Would Short The Stock Here'"", 'Tesla Shares Back Over $900 Level, Now Up 16.2% For Session To ~$907 Level', ""Citron's Andrew Left Confirms To Benzinga He Is Short Shares Of Tesla"", 'PreMarket Prep Recap, Feb. 4, 2020: TSLA Continues Its Unbelievable Move', ""Citron Research On Tesla Says '...when the computers start driving the market, we believe even Elon would short the stock here if he was a fund manager. This is no longer about the technology, it has become the new Wall St casino.'"", 'Tesla Short Sellers Eat $8.3B Loss So Far In 2020', 'Stocks That Hit 52-Week Highs On Tuesday', 'Innovation Is The Answer To Auto Industry Uncertainty', 'China Reportedly Considering Further Stimulus To Help Economy Weather Coronavirus', ""Benzinga's Top Upgrades, Downgrades For February 4, 2020"", 'Tesla Shorts Keep Getting Squeezed', 'Early Tesla Investor Ron Baron Sees Path To $1T In Revenue', 'New Street Downgrades Tesla to Neutral', 'Tesla shares are trading higher on continued momentum following recent positive catalysts, including recent steep analyst price target raises from Argus and Ark Invest. Investor Ron Baron today said he expects $1 trillion in revenue in 10 years and is not selling shares amid the rally.', ""8 Consumer Cyclical Stocks Moving In Tuesday's Pre-Market Session"", ""4 Auto Manufacturers Stocks Moving In Tuesday's Pre-Market Session"", ""Ron Baron On CNBC Says Tesla's Business Was Growing When Stock Price Wasn't"", ""33 Stocks Moving in Tuesday's Pre-Market Session"", 'Ron Baron Says Not Selling Tesla Shares', 'Ron Baron Says In 10 Years, Expects Tesla Revenue To Be $1T+', '85 Biggest Movers From Yesterday']",33
TSLA,2020-02-05,"['6 Potential M&A Targets For Tesla', ""Needham Maintains Underperfom On Tesla, Saying 'Irrational Exuberance' Has Driven Rally; Notes That Co. 'has never posted a full annual profit since going public' And That Growth Rate And Gross Profit Declined In 2019"", ""68 Stocks Moving In Wednesday's Mid-Day Session"", 'Shorts In A Twist: Tesla Shares Seem To Be Going Through A Classic ""Squeeze""', ""Canaccord Pumps The Brakes On Tesla Following Stock's Huge Run"", ""'How Can You Be Short This Market?': PreMarket Prep Recap For Feb. 5, 2020"", 'Tesla Analyst Lays Out The Case For An Equity Offering', 'PreMarket Prep Stock Of The Day: Tesla', 'Earnings Bonanza: Results Keep Pouring In, With Investors Looking Over Merck, Disney', ""Benzinga's Top Upgrades, Downgrades For February 5, 2020"", 'Will Tesla Reach $1 Trillion In Sales?', 'Tesla Shares Fall Below $800 Level, Down ~11% For Session', ""Benzinga Pro's Top 5 Stocks To Watch For Wed., Feb. 5, 2020: TSLA, DIS, SNAP, QCOM, GRUB"", ""GM CFO, When Asked About Tesla Stock Run Up, Says Co. Is 'Compelling Investment Opportunity'"", 'Elon Musk Offers Short Sellers An Overlooked Argument Against Tesla', ""5 Consumer Cyclical Stocks Moving In Wednesday's Pre-Market Session"", ""3 Auto Manufacturers Stocks Moving In Wednesday's Pre-Market Session"", ""36 Stocks Moving in Wednesday's Pre-Market Session"", 'Tesla shares are trading lower following days of upward momentum after the company suggested it will delay February delivery of some China-made Model 3 vehicles. Additionally, Canaccord Genuity downgraded the stock to Hold.', '68 Biggest Movers From Yesterday', 'Tesla Executive Says Co Will Delay February Delivery of Some Made-in-China Model 3 Cars; Says Shanghai Plant Plans to Restart Production on February 10', 'Canaccord Genuity Downgrades Tesla to Hold, Maintains $750 Price Target']",22
TSLA,2020-02-06,"[""Tesla Remotely Removed Autopilot From A User's Car Without Telling Them: Report"", 'Teslamania Runs Wild! Now What?', ""'Tesla has a new high-tech steering wheel with touchscreens and haptic feedback' -Electrek"", ""Joe Rogan's Cannabis Advocacy Is Altruism In Its Purest Form"", ""Tesla shares are trading higher. The stock has been increasingly volatile and reached a high of $968. Cramer said the company's stock will eventually rise above $968."", ""Cramer Says Tesla's Stock Will Eventually Rise Above $968"", 'Twitter Up, Tesla Down: Strong User Numbers Help TWTR, But TSLA Selling Continues', ""44 Stocks Moving in Thursday's Pre-Market Session"", '90 Biggest Movers From Yesterday']",9
TSLA,2020-02-07,"[""SpaceX's Starlink Satellite Internet Business 'Likely' To Go Public"", 'Ford Faces A Titanic Perspective While Tesla Reaches The Moon', 'No Fear Friday: PreMarket Prep Recap For Feb. 7, 2020', 'Job Market Heats Up In January, As Warmer Weather Might Have Helped Add Positions', '3 Popular ETFs With No Tesla Exposure', 'Tesla shares are trading lower as the stock continues to come down from the recent rally. Shares initially began selling off on Wednesday when the company suggested it will delay February delivery of some China-made Model 3 vehicles. UPDATE: Shares have reversed as of the market open, now trading higher.', 'Tesla Files For Touchscreen Steering Wheel Patent']",7
TSLA,2020-02-08,"[""Barron's Picks And Pans: GM, Kraft Heinz, Tesla, Under Armour And More"", 'What Tesla Investors Can Learn From Where GM Was 100 Years Ago']",2
TSLA,2020-02-09,"[""Benzinga's Bulls And Bears Of The Week: Apple, Comcast, GE, Netflix And More""]",1
TSLA,2020-02-10,"[""Elon Musk Is Getting Excited About Solarglass: 'This Is A Very Important Product'"", 'Susquehanna Reports 6.7% Passive Stake In Tesla', ""'The degree to which SolarGlass will positively effect the esthetics & energy sustainability of neighborhoods throughout the world is not yet well appreciated' -Musk Tweet"", ""'Tesla April company talk will be from our Giga New York factory, where we make SolarGlass & several other products. Will also offer customer & media tours' -Tweet From Elon Musk"", ""These Trading Pros Agree: GM's Stock Is Showing A Little More Promise Than Ford"", ""'Tesla leaks new air suspension coming for Model 3' -Electrek"", ""'Tesla Gigafactory 3 Resumes Production' -Inside EVs"", 'Tech Companies Who Have Superpowers To Change Their Industry- And The World', ""'Tesla to soon announce solar roof tile expansion in Europe and China' - Electrek.Co"", ""6 Consumer Cyclical Stocks Moving In Monday's Pre-Market Session"", ""30 Stocks Moving in Monday's Pre-Market Session"", 'Tesla shares are trading higher following an article indicating China said it would help companies like Tesla ""resume production as soon as possible"" in Shanghai.', ""'Google Could Acquire Tesla For $1,500 Per Share On Its Way To $2 Trillion Stock' -Forbes Contributor Article From Trefis, Great Speculations""]",13
TSLA,2020-02-11,"[""'Tesla Gigafactory 3 Is Back Online: February 10, 2020 Video' -InsideEVs"", ""'Tesla is building a pilot battery cell manufacturing line in Fremont - getting into the cell business' -Electrek"", 'Under Armour Gets Torn Up As Earnings Disappoint, But Coronavirus Fears Retreat Slightly', 'The Tesla Cybertruck Has A New Rival, The Nikola Badger', 'Waiting On The Tesla Semi']",5
TSLA,2020-02-12,"['Tesla Recalls 15,000 Vehicles Due To Power Steering Issue Causing Potential Crash', 'Tesla Recalling 15,000 Model X SUVs For Power Steering Issue In North America', ""'Connect The Marketplace:' Say Technologies Delivers An Interactive Corporate Engagement Tool"", ""UPDATE: Berkshire's Munger Says Elon Musk Overestimates Himself But He May Not Be Wrong All The Time"", ""Berkshire Hathaway's Charlie Munger, When Asked About Tesla, Says Would Never Buy It, Would Never Sell The Stock Short"", 'Tesla Shares Down 0.5% Over Last Few Mins., As Price Falls Below Near-Term Support Level At $775; Stock Down ~0.3% For Session', 'Tesla Might Be Serious About Producing Its Own Batteries', ""Musk On Tesla Founder Martin Eberhard: 'He Is Literally The Worst Person I've Ever Worked With'"", 'Electric Vehicles And Solar Technology – The New Era Of Energy Revolution', ""'Tesla now disables Supercharging in salvaged vehicles' -Electrek"", 'Apple Engineer Who Died In 2018 Tesla Crash Previously Complained Of Autopilot Malfunction']",11
TSLA,2020-02-13,"[""Tesla Says 'Public Health Epidemic Originating In China' A 'Risk Factor' For Its Business"", 'Source Familiar With Matter Tells Benzinga Tesla Offering To Price At $767/Share', ""Tesla's Unexpected Capital Raise Leads To Surprising Stock Surge"", ""'Tesla wins Taiwan military contract for a fleet of 20 electric vehicles' -Electrek"", 'Tesla shares are trading higher. Shares dipped this morning when the company announced an equity offering and have since reversed. The stock has seen heavy momentum in recent weeks.', ""'One of Tesla's biggest backers says the offering increases confidence in her $7,000 forecast' -CNBC"", ""Gene Munster's Loup Ventures Issues Post On Tesla Following Offering News 'Tesla Capitalizes on Its Surge'"", 'To The Moon And Back: White House Asks For Big Increase In NASA Budget', 'UPDATE: CFRA Reiterates Sell Rating On Tesla, Says Continues To View Risk/Reward Profile As Unfavorable; Notes Higher Capex Guidance For 2020-2022 Should Equate To Weaker Free Cash Flow Than It Has Generated In Recent Quarters', ""CFRA Says It's Unsurprised By Tesla Capital Raise Considering Co.'s 'Ambitious Growth Plans' In Light Of Stock's Run Up; Firm Says Recent 'Speed Bumps' Such As Coronavirus, Model X Recall 'Likely Factored Into' Decision To Proceed With Offering"", 'Coronavirus Fears Back On Big Earnings Day As Alibaba, PepsiCo, Nvidia All Report', 'Source Familiar With Matter Tells Benzinga Tesla ~2.65M Share Offering Expected To Price After The Close Today; Overallottment Is Additional 397,500 Shares', ""Benzinga Pro's Top 5 Stocks To Watch For Thurs., Feb. 13, 2020: FXI, TSLA, BABA, NIO, CAT"", 'Tesla Announces $2B Offering, Musk To Buy $10M In Common Stock', 'Tesla Says Will Use Net Proceeds From Offering To Further Strength Its Balance Sheet, General Corporate Purposes', 'Tesla shares are trading lower after the company issued a 10-K filing indicating the SEC has issued a subpoena seeking info related to certain financial data. The company also reported a $2 billion common stock offering. NOTE: Shares have since reversed and are now trading higher.', 'Tesla Gross Proceeds From Offering $2.3B', ""Tesla's Elon Musk To Buy $10M In Common Stock Offering; Larry Ellison To Buy $1M In Shares"", 'Tesla Reports $2B Common Stock Offering', ""5 Consumer Cyclical Stocks Moving In Thursday's Pre-Market Session"", ""Tesla 10-K Shows SEC Issued Subpoena Seeking Info Related To Certain Financial Data, Contracts Including Co.'s Regular Financing Arrangements"", 'Tesla Sees Average Annual Capex In FY20-FY22 $2.5B-$3.5B', 'Tesla 10-K Just Out', 'Tesla Wants To Manufacture Model 3 With A Longer Range in China', 'Tesla Seeks Approval to Build Longer Range Model 3s in China', 'Charlie Munger Talks About Chinese Companies, Poor Investment Choices, And Why He Would Never Buy Tesla Stock']",26
TSLA,2020-02-14,"['Tesla Shares Unaffected Following Amended 13G Filing From T. Rowe Price Showed Raised Stake In Co. To 0.9%', ""Gene Munster Defends Tesla Bulls, Roth Capital's Irwin Makes Bear Case"", 'How Tesla Could Use Its $2B In Offering Cash: A Cybertruck Plant, China, Debt Payoff', 'Walking On Sunshine Is Good – But Earning On Sunshine Is Good Too!', ""'Tesla is starting to add third-party charging stations to its in-car navigation' -Electrek"", ""Benzinga Pro's Top 5 Stocks To Watch For Fri., Feb. 14, 2020: TSLA, ROKU, CRON, YELP, AMD"", 'Tesla shares are trading lower after the company priced its 2.65 million share offering at $767 per share. The company also had a recall of 3,183 Model X vehicles in China.', ""6 Consumer Cyclical Stocks Moving In Friday's Pre-Market Session"", 'Tesla Prices 2.65M-Share Offering At $767', ""'Dean Of Valuation' Says Tesla Still Has Long Way To Go To Justify Stock Price"", 'Tesla Filing Shows 2.65M Share Offering Priced At $767', ""China Association of Automobile Manufacturers Says China's Auto Sales May Fall 10% in H1 Due to Coronavirus"", 'Tesla to Recall 3,183 Model X Vehicles in China']",13
TSLA,2020-02-15,"['Elon Musk Tweets Looking Forward to International Expansion of Solar Roof Business Later this Year', ""Barron's Picks And Pans: Berkshire Hathaway, Bitcoin, Roku And More"", ""Benzinga's Bulls And Bears Of The Week: GM, Luckin, Slack, Tesla And More""]",3
TSLA,2020-02-16,"[""Tesla's Berlin Factory Preparation Work Halted by German Court""]",1
TSLA,2020-02-17,['Apple To Miss Q2 Earnings As Coronavirus Outbreak Hits Both Supply And Demand'],1
TSLA,2020-02-18,"['Tesla Model 3 Teardown Finds Technology Years Ahead Of Established Automakers', 'Tesla Could Buy Cheaper Cobalt-Free Batteries To Lower Production Costs: Report', 'Tesla Faces Huge Execution Risk Ahead, Analyst Says Stock Price Remains On Mars', 'Market Taking A Step Back: Walmart Misses On Earnings, Apple Lowers Sales Guidance', ""UPDATE: Cowen On Tesla Thinks 'VALUATION REMAINS ON MARS'"", ""UPDATE: Cowen Maintains Underperform On Tesla, Raises Target To $290 As Firm Sees It As A Positive That The Co. 'is taking advantage of the staggering dislocation between its stock price and our assessment of its fair value to raise additional capital'"", ""Benzinga Pro's Top 5 Stocks To Watch For Tues., Feb. 18, 2020: AAPL, WMT, TSLA, FLR, SPWR"", 'Global Stocks Drop As Apple, Others Share Grim Outlook Due To Coronavirus Outbreak', ""UPDATE: Morgan Stanley On Tesla Notes 'Our new bull case reflects 4 million units of auto volume by 2030 with a 12% operating margin. This compares with our base case forecast of 2.2 million units and a 10% OP margin by 2030'"", ""UPDATE: Morgan Stanley Maintains Underweight On Tesla, Raises Target To $500, Raises Bull Case Target From $650 To $1,200 Believes 'investors should expect a very challenging 1Q, with our bull case moving to expansionary mode on battery capacity'"", '10 Biggest Price Target Changes For Tuesday', 'Cowen & Co. Maintains Underperform on Tesla, Raises Price Target to $290', ""6 Consumer Cyclical Stocks Moving In Tuesday's Pre-Market Session"", 'Morgan Stanley Maintains Underweight on Tesla, Raises Price Target to $500', 'Tesla shares are trading higher after Morgan Stanley reportedly raised its price target to $500 and its bull case to $1.200.', 'Hearing Morgan Stanley Raised Tesla Price Target To $500, Raised Bull Case To $1,200', 'Bernstein Maintains Market Perform on Tesla, Raises Price Target to $730', ""Tesla said to be in talks to use CATL's cobalt-free batteries in China-made cars"", 'GM Ceases Operations In Australia, New Zealand, Thailand, Ends Iconic Holden Brand']",19
TSLA,2020-02-19,"['Tesla Charges Ahead In Efforts To Achieve 400 Mile Range', ""'Tesla is working on new ~110 kWh battery pack for more than 400 miles of range' -Electrek"", 'Electrek Co Says Tesla Has A New Building Next To Its Giga Nevada Factory', ""51 Stocks Moving In Wednesday's Mid-Day Session"", ""Italy's Pirelli CEO Says Co. Supplying 10% Of Tires Used By Tesla And Share Will Grow, Co Will Participate In Model 3 By Year-End"", 'Tesla Shares Cross $900 As Piper Sandler Raises Price Target To Street High', ""Unfazed FAANGs: Pullback In Apple Didn't Carry Over To Other Big Tech Names"", 'Autonomous Yard Trucking Startup Drives Out Of Stealth With $53M In Series A', '10 Biggest Price Target Changes For Wednesday', ""Elon Musk Not Happy About Bill Gates' Porsche Purchase, Calls Their Conversations 'Underwhelming'"", ""7 Consumer Cyclical Stocks Moving In Wednesday's Pre-Market Session"", ""Tesla shares are trading higher after Piper Sandler analysts raised their price target on the stock, citing potential in the company's battery and solar segments."", ""24 Stocks Moving in Wednesday's Pre-Market Session"", 'Elon Musk Thinks All Artificial Intelligence Needs To Be Better Regulated, Including At Tesla', 'Tesla Shares Rise 7.5% Premarket to $922; Piper Sandler Raises Price Target from $729 to $928; Says Next Big Thing for Co is Batteries and Solar Power']",15
TSLA,2020-02-20,"['German Court Dismisses Environmental Challenge To Halt Preparations For Tesla Plant Near Berlin', ""Citron Likes Recent IPO Schrodinger, Compares Company To 'An Early Stage Tesla'"", ""UPDATE: '10 Top Picks of 2020: Best Cars of the Year' -Consumer Reports"", ""'Tesla's lead in batteries and energy efficiency validated by Consumer Reports' -Teslarati"", 'Tesla Shares Relatively Quiet As Hearing Consumer Reports Report Shows Tesla Is The Highest-Ranked US Auto Brand, Model 3 Is A Top Pick', 'Tesla shares are trading lower. Not currently seeing company-specific news items. Movement potentially in sympathy with global equities following steep mid-day selloff.', ""'Tesla loses one of its most senior executives and Gigafactory builder' -Recent Electrek Article"", ""China Stimulus Doesn't Translate Into US Strength As Deere Prepares To Report Friday"", ""'China considers extending EV subsidies after sales slump, report says' -Automotive News"", ""7 Consumer Cyclical Stocks Moving In Thursday's Pre-Market Session"", '3 Alternative Energy ETFs Crushing It This Year', 'Hefei Metalforming Intelligent Manufacturing Says It Does Not Have Direct Cooperation and Supply Relationship With Tesla in Response to Recent Unusual Share Price Movements', '78 Biggest Movers From Yesterday']",13
TSLA,2020-02-21,"['A Smaller, Cheaper Cybertruck: Mattel Partners With Tesla To Make RC Toys', ""Report: Tesla's Shanghai Gigafactory Up And Running Following Coronavirus Production Hit"", ""Mattel Shares Unaffected Following 'Tesla partners with Hot Wheels on Cybertruck remote-controlled toys, pre-orders open' -Electrek"", '\'Cheaper CATL Batteries May Spur Demand for Tesla in China: BNEF"" Lower-energy density battery (lithium-iron-phosphate) for $TSLA in China could = opening up a new segment for Tesla in China\' -Tweet From Bloomberg Reporter', 'Ark Invest Says Autonomous Ride-Hailing Now Looks Even More Profitable Than Previously Estimated', ""'Tesla Cybertruck Or Model X? Canadian Law Enforcement Asks Musk' -Inside EVs"", ""4 Consumer Cyclical Stocks Moving In Friday's Pre-Market Session"", ""'China Car Sales Slump 92% in First Half of February on Virus' -Bloomberg Article From Late Thurs."", 'Tesla Gets Court Approval To Continue Work At Berlin Gigafactory']",9
TSLA,2020-02-22,"['Consumer Reports Names Tesla Model 3 Top Electric Vehicle For 2020', ""Benzinga's Bulls And Bears Of The Week: Merck, Nike, Target And More""]",2
TSLA,2020-02-23,"['Notable Insider Buys Last Week: Moderna, Tesla And More']",1
TSLA,2020-02-24,"[""Tesla's Cybertruck Sets Internet Abuzz (Again) As Musk Reveals Features On Twitter"", 'China, Japan Stocks Edge Lower As Coronavirus Fears Continue, South Korea Recoups', 'Jefferies Downgrades Tesla from Buy to Hold; Raises Price Target from $600 to $800', ""'Tesla under scrutiny again over fatal crash on Autopilot' -Electrek"", 'Big Tech Corporations Turning To The Sun – Literally', 'Rough Start To New Week As Apple, Chip Stocks, Travel And Leisure Sector Hit Hard By Virus', ""Tesla shares are trading lower in sympathy with the overall market on increased coronavirus fears. Global Equities' Chowdhry said Tesla is likely being impacted by shortages from China."", ""Global Equities' Chowdhry Says Tesla Likely Being Impacted By Shortages From China"", ""20 Consumer Cyclical Stocks Moving In Monday's Pre-Market Session""]",9
TSLA,2020-02-25,"['Tesla Autopilot Limitations, Video Game Caused The 2018 Death Of Apple Engineer, NTSB Says', 'Selloff Resumes, With Bond Yields Hitting New Record Lows As CDC Virus Report Spooks', 'Hearing NTSB To Add Recommendations For Partial Self-Driving Cars', ""NTSB Chair Says US Auto Safety Regulators Have Ignored Board's Recommendations for System Safeguards In Tesla Autopilot Probes"", 'NTSB Chair, On 2018 Tesla Autopilot Crash In California, Says There Was A Lack Of System Safeguards To Prevent Misuse Of Autopilot', ""Tesla shares are trading lower after analysts at Jefferies downgraded the company's stock to Hold, saying that the stock's valuation needs to be 'grounded into some visibility on market size and potential profitability.'"", ""Jefferies Downgrades Tesla's Stock On Valuation, Unclear Battery Business Model"", 'Is It A Good Time For Investment Into Alternative Energy Companies?', ""Earnings To The Rescue? HP, Macy's, Home Depot All Report Solid Results, Providing Lift"", ""UPDATE: Jefferies Downgrades Tesla to Hold, Raises Price Target to $800 As Firm Notes 'However convinced we are about the Tesla equity opportunity, we still need valuation to be grounded into some visibility on market size and potential profitability.'"", 'A Peek Into The Markets: US Stock Futures Up Ahead Of Home-Price, Consumer Confidence Data', 'Ling Yun Industrial Says It is Not a Battery Case Supplier to Tesla and Has Not Received Any Major Orders From Tesla Recently, Responding to Recent Share Price Movement', 'Jefferies Downgrades Tesla to Hold, Raises Price Target to $800', 'US Safety Board Holds Meeting To Determine The Cause Of 2017 Tesla Crash Today']",14
TSLA,2020-02-26,"['Microsoft Shares Fall As Company Warns Of Q3 Earnings Miss Due To Coronavirus Impact', 'March Outlook: Political Season Starts To Sizzle, But Coronavirus Still Hogs Headlines', ""'Tesla asks Model Y buyers to change configuration to get sooner delivery, hinting at high volume' -Electrek"", 'Are Spaceflights Just Around The Corner?', 'The Effects Of The Coronavirus On The Market', 'JD Power Sees Feb. Total Vehicle Sales 1.332M Units, Down 1.8%; Sees 2020 Light-Vehicle Sales 16.8M Units, Down 1.1%', ""'Tesla May Be Less Vulnerable To Coronavirus Crisis Than Rivals' -Electrek"", ""Tesla shares are trading lower. Weakness potentially related to announcement that Panasonic plans to exit solar cell production at the company's NY plant, as well as recent autopilot safety concerns and the broader market selloff. UPDATE: Shares have since reversed, now trading higher."", ""6 Consumer Cyclical Stocks Moving In Wednesday's Pre-Market Session"", ""Panasonic to Exit Solar Cell Production at Tesla's NY Plant"", ""Musk's SpaceX Gets Los Angeles Approval To Build Spaceship At Port"", 'Tesla And Panasonic Are No Longer Producing Solar Cells Together']",12
TSLA,2020-02-27,"['Baidu Reports Q4 Earnings Beat, Shares Tank On Grim Q1 Outlook Due To Coronavirus', ""'Tesla sales in China drop despite start of local production, people panic and TSLA crashes' -Electrek"", ""Why Tesla CEO Elon Musk 'Clearly Understands The Wall Street Game'"", ""100 Stocks Moving In Thursday's Mid-Day Session"", 'Gordon Johnson Maintains Bearish Tesla Thesis Despite Rally: PreMarket Prep Recap For Feb. 27, 2020', ""Tesla shares are trading lower. Potential catalysts include market-wide weakness, profit taking from recent highs and the recent announcement that Panasonic will stop joint solar cell production at company's NY plant."", ""'Tesla's massive 1GWh Megapack battery project with PG&E is approved' -Electrek"", ""10 Consumer Cyclical Stocks Moving In Thursday's Pre-Market Session"", 'Hearing Tesla Jan. New-Car Registrations In China Down 46% Month Over Month', 'Tesla Supplier CATL Plans To Raise $2.85B To Expand Electric Battery Business']",10
TSLA,2020-02-28,"['Key Stocks Like Apple, Disney Close To Or Already In Bear Territory As Selloff Continues', ""Gene Munster On Apple's Future, Tesla's Valuation And The 2020 Election"", 'Coronavirus Is Not Only Eating Into Growth, But Might Also Break Some Bubbles', ""'Why Tesla Could Be Worth $1.5 Trillion by 2030, According to Ron Baron' -Barron's"", 'Worst Of The Worst: Losses Accelerate Into Close As Toughest Week In Years Continues', 'Tesla shares are trading lower. Movement appears market related as equities continue to sell off amid the global coronavirus spread.', ""9 Consumer Cyclical Stocks Moving In Friday's Pre-Market Session"", '140 Biggest Movers From Yesterday', 'Hyundai Stock Dips As Company Shuts Down Factory After Worker Tests Positive For Coronavirus', ""Tesla And PG&E To Build World's Largest Battery Farm""]",10
TSLA,2020-03-01,"[""Barron's Picks And Pans: COVID-19 Stocks, Intel, Tesla And More"", 'Bulls And Bears Of The Week: Apple, Chesapeake, GE And More']",2
TSLA,2020-03-02,"[""'He Has A Good Heart': Elon Musk Expresses Support For Dorsey To Continue As Twitter CEO"", 'How The COVID-19 Outbreak Is Benefiting Biotech Investors', ""'Tesla Cybertruck is already boosting sales, keeping momentum without tax credit' - Electrek.Co"", 'Tech Industry Being Smashed By Coronavirus', 'Emerging Companies That Have The Power To Change The World', 'Tesla shares are trading higher, potentially on a rebound after the stock traded lower with the overall market amid coronavirus fears.', ""10 Consumer Cyclical Stocks Moving In Monday's Pre-Market Session"", 'Visser, Parts Manufacturer for Tesla and SpaceX, Confirms Data Breach']",8
TSLA,2020-03-03,"['Fed Surprise: 50 Basis Point Cut Does Little To Support Wobbly Markets', '5 Reasons Why Tesla Is Way Ahead Of Traditional Automakers', ""Benzinga's Top Upgrades, Downgrades For March 3, 2020"", ""Super Tuesday Begins As Investors Eye Earnings From Kohl's, Target, And G7 Disappoints"", ""5 Consumer Cyclical Stocks Moving In Tuesday's Pre-Market Session"", ""Tesla shares are trading higher. JMP analysts upgraded the company's stock from Market Perform to Market Outperform, saying the recent market pullback represents an opportunity for investors. UPDATE: Shares have since reversed, now lowe."", 'JMP Securities Upgrades Tesla to Market Outperform', '108 Biggest Movers From Yesterday']",8
TSLA,2020-03-04,"[""'GM reveals 10 new production EVs all at once, with range up to 400 miles' -Electrek"", 'The Sustainable Energy Heroes Who Are Resisting A Tough Macroeconomy', 'Tesla Blames COVID-19 Impact For Model 3 Hardware Botch In China, Promises Free Replacement', 'EVs Kingdom – Do Traditional Automakers Have A Shot?', ""WeWork Crisis Prompted Nikola's Pivot On Going Public"", ""13 Consumer Cyclical Stocks Moving In Wednesday's Pre-Market Session"", ""'Tesla's quiet chip downgrade sparks anger in China' -Nikkei"", 'Tesla shares are trading higher. Move appears market related amid a rebound in equities following several sessions of weakness. UPDATE: Shares have since reversed, now lower.']",8
TSLA,2020-03-05,"[""'SpaceX plans to fly three space tourists to the International Space Station late next year' -CNBC"", 'GM Is Charged Up About Electric Vehicles, Makes Push To Challenge Tesla', 'Solar Companies Who Are Not Only Dominating The Industry But Are Thriving Despite Coronavirus', 'Tesla shares are trading lower. Weakness appears market related, as equities across sectors continue to sell off amid coronavirus concerns. Additionally, GM recently revealed its new electric car battery, which could be a potential competitor to Tesla.', ""8 Consumer Cyclical Stocks Moving In Thursday's Pre-Market Session"", 'Angry Chinese Customers Threaten To Boycott Tesla']",6
TSLA,2020-03-06,"[""Nio's History Of Capital Raises: A Look At The Chinese EV Manufacturer's Debt"", 'Hearing Of Job Posts By Tesla, Seeking Staff For Solar, Energy Storage Business In China', ""Grimes Confirms Tesla's Elon Musk Is Father Of Her Child"", ""Investing In Solar Companies Equals Investing In The Only Future We've Got?"", 'Coronavirus Crushes Hopes of Chinese Car Market Recovery', 'Tesla shares are trading lower in sympathy with the overall market despite the Chinese government giving the company approval to sell longer-range China-made Model 3 vehicles in China.', ""24 Consumer Cyclical Stocks Moving In Friday's Pre-Market Session"", 'Chinese Government OKs Tesla Sales Of Long-Range Model 3: Report', 'Tech Giants Ask Seattle Employees To Work Remotely As Coronavirus Cases Rise', 'Tesla Obtains Chinese Government Approval to Sell Longer Range China-made Model 3 Vehicles in China', 'Hangzhou Zhongheng Electric, General Manager Warned By Regulator For Information Disclosure Violation Related to Tesla']",11
TSLA,2020-03-08,['Top Tesla Investor Says C is Better Run After Leadership Tumult'],1
TSLA,2020-03-09,"['Elon Musk Says Market Was Too High, Due For A Correction', 'Crude Awakening: Energy Sector Takes A 20% Spill As Crude Price War Sends Oil To 4-Year Low', ""'Market was bit high anyway, so due for a correction' -Tweet From Elon Musk"", 'Investor Movement Index Summary: February 2020', '10 Most Profitable Shorts Since The Coronavirus Sell-Off Ramped Up: Tesla, Amazon And More', 'Auto Shows Are Being Canceled But EV Game Of Thrones Is On!', ""Tesla Now China's Largest EV Manufacturer By Output: Report"", ""51 Consumer Cyclical Stocks Moving In Monday's Pre-Market Session"", ""Benzinga Pro's Top 5 Stocks To Watch For Mon., Mar. 9, 2020: XOM, GLD, BA, TSLA, SPEX"", 'Tesla shares are trading lower in sympathy with the broader market amid a steep decline in the price of oil after OPEC members failed to reach a production agreement and Saudi Arabia pledged to cut its oil prices and increase supply.', ""Major Tesla Investor Feels More 'Comfortable Now' After Musk Supervisors Appointed"", ""'The Black Swan' Author To Elon Musk: 'Saying The Coronavirus Panic Is Dumb Is Dumb'""]",12
TSLA,2020-03-10,"['Tesla Searches For New Gigafactory Sites In US', ""'Tesla gets banned from KC Auto Show, owners volunteer to take over' -Electrek"", 'No Starlink Spin-Off In The Works, Says Elon Musk', 'Nio Fundamentals Have Bottomed Out; COVID-19, Tesla Competition Keep BofA On Sidelines', ""82 Stocks Moving In Tuesday's Mid-Day Session"", ""One-Year Anniversary Of Whitney Tilson's $100 Tesla Call"", 'The Main Challenges Faced By The Upcoming EV Era', 'The Electric Revolution Speeding Up From Increased Regulations', ""'Tesla to add production capacity for 250,000 cars at Gigafactory Shanghai' -Electrek"", ""11 Consumer Cyclical Stocks Moving In Tuesday's Pre-Market Session"", ""Benzinga Pro's Top 5 Stocks To Watch For Tues., Mar. 10, 2020: FXI, TSLA, OXY, CORV, CLDR"", ""25 Stocks Moving in Tuesday's Pre-Market Session"", ""Tesla shares are trading higher following reports suggesting the company plans to increase production capacity for certain parts at its Shanghai factory. Movement may also be market related, as equities rebound from Monday's selloff."", ""China's Industry Ministry Urges Tesla to Keep Products Consistent as Buyers Complain About Computers Containing Less Advanced Chips""]",14
TSLA,2020-03-11,"['Despite Volatility, FANG Continues to Prove Its Popularity', 'Only Technology Can Save And Lead The Automotive Industry Forward', 'Coronavirus – Another Severe Hit To The Automotive Industry', ""Tesla shares are trading lower. Weakness potentially related to global coronavirus outbreak, which has caused global economic disruption and could negatively impact the company's China operations."", '108 Biggest Movers From Yesterday']",5
TSLA,2020-03-12,"[""UPDATE: Morgan Stanley On Tesla Notes 'Cutting Tesla FY20 Deliveries to 452k'; 'Our previous 500k delivery estimate is a bull case while 400k units is a bear case'"", ""UPDATE: Morgan Stanley Maintains Underweight On Tesla, Lowers Target To $480 Notes 'we are marking to market our forecasts for Tesla in the midst of the COVID-19 pandemic, mainly to adjust for lower expectations of growth outside of China'"", ""'Tesla withdraws US employees working on Gigafactory Berlin over coronavirus concerns...' -Electrek"", '10 Biggest Price Target Changes For Thursday', ""Tesla shares are trading lower on continued weakness amid global coronavirus outbreak, which has caused global economic disruption. Morgan Stanley has also maintained an underweight rating on the co.'s and lowered its price target from $500 to $480."", 'Morgan Stanley Maintains Underweight on Tesla, Lowers Price Target to $480']",6
TSLA,2020-03-13,"['Elon Musk Trial Schedule For Monday Over Tesla-Solarcity Deal Has Been Postponed Due To Coronavirus', 'Tesla shares are trading lower, reversing from earlier strength. Not currently seeing company-specific news.', ""Tesla shares are trading higher on a rebound with the overall market following Thursday's crash. UPDATE: Shares have since reversed, now lower.""]",3
TSLA,2020-03-16,"[""Tesla's Model Y Is Out For Delivery"", 'Tesla Starts Delivering Model Y', 'Coronavirus Downturn Prompts Bitcoiners To Take A Bet On Alternate Markets', ""'Tesla is still not cheap after 40% plunge, Bernstein says' -CNBC Pro Tweet"", 'Tesla shares are trading lower after RBC analyst cut its price target on the stock from $530 to $380 per share.', 'Hearing Telsa Shares are Trading Lower Amid a Price Target Cut at RBC', ""Zhejiang Yinlun Machinery's Units Signs Agreements With Tesla, Tesla Shanghai""]",7
TSLA,2020-03-17,"[""California's Alameda County Says Tesla Factory Cannot Continue Usual Operation Due to Coronavirus Measures"", 'Tesla HR Exec Comments In Email To Staff That Tesla And Its Suppliers To Continue Operations', 'Tesla Factory In California Will Remain Open During Pandemic: Officials', ""Tesla's U.S. Factory to Stay Open as Coronavirus Lockdown Begins""]",4
TSLA,2020-03-18,"[""Munster Says Tesla Can 'Survive' Multiple Quarters Of Fremont Factory Shutdown"", 'Alameda County Spokesperson Says Is In Talks With Tesla About Factory, Says Co. Must Move To Minimum Basic Operations, Comply With Health Order If Its Still Making Cars', 'Class 8 Truck Production Could Fall To Less Than Half Of 2019', ""'Tesla Will Reduce Its Factory Workforce And Remain Open, A Sheriff's Office Said' -BuzzFeed"", ""Attorneys For California's Alameda County And City Of Fremont Discuss How To Respond To Tesla Factory Operating Despite Lockdown Order; Fremont Police Spokeswoman Says 'This Is All Very New And There Are A Lot Of Moving Parts'"", ""Tesla Tells Employees It's Awaiting 'Final Word' On US Plant, Tells Workers 'No Changes' In Normal Assignments"", ""'Tesla Fremont factory is still operating despite Sheriff's order' -Electrek"", ""UPDATE: B of A Securities Upgrades Tesla to Neutral, Raises PT to $500 Views Co. 'as a trailblazer in the electric vehicle market, and believe the company could be successful as demand for EVs increases over time' But Also Cites 4 Potential Risk Factors:"", ""People Seen Going To Work At Tesla's Fremont Factory Despite Alameda County's Order For Lockdown"", 'Democrats Want An Electric Car Tax Credit Extension In Coronavirus Bill', 'BofA Is Less Bearish On Tesla Now, Upgrades Stock', '10 Biggest Price Target Changes For Wednesday', ""Benzinga Pro's Top 5 Stocks To Watch For Wed., Mar. 18, 2020: GIS, TSLA, BYND, ARMK, APRN"", ""12 Consumer Cyclical Stocks Moving In Wednesday's Pre-Market Session"", ""Here's How Much Investing $100 In The 2018 Nio IPO Would Be Worth Today"", ""Tesla shares are trading lower as equities fall amid the global coronavirus outbreak. The company's Fremont factory could also be forced to shut down temporarily as Alameda County said Tesla is not 'an essential business' as defined by the county."", 'A Peek Into The Markets: US Stock Futures Signal Lower Start On Wall Street', 'B of A Securities Upgrades Tesla to Neutral, Raises Price Target to $500', 'Hearing B Of A Global Upgrades Tesla From Underperform To Neutral; Unconfirmed', ""Tesla Shares Drop As Alameda County Says Fremont Factory 'Not An Essential Business'""]",20
TSLA,2020-03-19,"['Tesla To Shut Down Fremont Factory Due To Coronavirus, Says It Has Enough Cash To Survive', 'Tesla Says Cash Position At End Of Q4 Was $6.3B Before Recent $2.3B Capital Raise', 'Tesla Says Believes Level Of Liquidity Is Sufficient To Successfully Navigate An Extended Period Of Uncertainty; Says At End Of Q4 2019 Had Available Credit Lines Worth Approximately $3B Including Working Capital Lines', 'Tesla Reports It Will Temporarily Suspend Production In Fremont and New York', 'Alameda County Spokesman California City Of Fremont Is Meeting With Tesla Today To Discuss Coronavirus Lockdown Order', ""'elon musk offers to build ventilators for hospitals in need. mayor of NYC accepts via Twitter' -Tweet Highlighted By CNBC's Carl Quintanilla; BZ NOTE: Musk Tweeted Referenced Did Not Suggest Musk Agreed To Make Ventilators"", 'Fremont City, California Officials Will Meet With Tesla Over Compliance With Health Shut Down Order', ""Tesla shares are trading higher after a Morgan Stanley analyst upgraded the company's stock from Underweight to Equal-Weight."", 'Morgan Stanley Upgrades Tesla On More Realistic Stock Price, Can Weather Coronavirus Downturn', 'Canaccord Genuity Maintains Hold on Tesla, Lowers Price Target to $400', '10 Biggest Price Target Changes For Thursday', 'Wedbush Maintains Neutral on Tesla, Lowers Price Target to $425', ""Tesla shares are trading higher after a Morgan Stanley analyst upgraded the company's stock from Underweight to Equal-Weight. UPDATE: Tesla shares have reversed and are now trading lower."", 'Morgan Stanley Upgrades Tesla to Equal-Weight, Lowers Price Target to $460']",14
TSLA,2020-03-20,"['COVID-19 Has Hit the Auto Industry Hard, But Could Hit EVs Even Harder', ""Elon Musk Tweets: Yes, we're working on ventilators, even though I think they probably won't be needed"", 'Tesla shares are trading higher, rebounding from after hours weakness when the company announced it will temporarily suspend production at its Freemont factory. The company said it believes liquidity is sufficient for a period of uncertainty.', ""Friday's Market Minute: Calm After the Storm?"", 'A Peek Into The Markets: US Stock Futures Surge; Crude Oil Up Over 6%', 'Registration of New Tesla Cars in China in February Declined 35% MoM, Following a 46% MoM Decline in January', '6 Stocks To Watch For March 20, 2020']",7
TSLA,2020-03-21,"['Bulls And Bears Of The Week: Amazon, Boeing, Coca-Cola And More']",1
TSLA,2020-03-22,"['Elon Musk Says We Expect to Have Over 1200 Ventilators to Distribute This Week', 'A New Arsenal? Trump Greenlights US Automakers To Produce Ventilators, Other Metal Products', 'President Trump Says Ford, GM, Tesla Getting Go Ahead to Make Ventilators']",3
TSLA,2020-03-23,"['Benzinga CEO Talks Hedging Bets, Dividend Plays On PreMarket Prep', ""'Tesla Semi electric truck spotted coming back from winter testing ahead of production' -Electrek"", ""Dr. Oz Says 'Men Die More Frequently Than Women' From Coronavirus"", 'Tesla shares are trading higher. US President Trump on Sunday said auto companies, including Tesla are being given the go ahead to make ventilators. Strength also potentially related to Monday morning Fed actions, which boosted stocks. UPDATE: Shares have reversed are are now trading lower.']",4
TSLA,2020-03-24,"[""75 Stocks Moving In Tuesday's Mid-Day Session"", 'Argus Downgrades Tesla On Coronavirus Impact, Slashes 2020 Delivery Forecast By 19%', ""UPDATE: Argus Research On Tesla Also Notes 'in the near term, we believe that consumers will focus on basic concerns and expect consumer confidence and spending to take a major hit as consumers defer large discretionary purchases.'"", ""UPDATE: Argus Research Downgrades Tesla to Hold, Notes 'we expect the coronavirus pandemic to have a negative impact on vehicle deliveries.'"", 'Morgan Stanley Maintains Equal-Weight on Tesla, Lowers Price Target to $440', ""Benzinga's Top Upgrades, Downgrades For March 24, 2020"", 'How Ford, GM And Chrysler Are Producing A New Arsenal To Help Fight COVID-19', 'Argus Research Downgrades Tesla to Hold', ""Tesla shares are trading higher after UBS upgraded the company's stock from Sell to Neutral."", ""26 Stocks Moving in Tuesday's Pre-Market Session"", 'Citigroup Maintains Sell on Tesla, Lowers Price Target to $246', 'UBS Upgrades Tesla to Neutral', 'Elon Musk Donated 1,000 Ventilators to California Hospitals', 'Tesla Has Already Delivered 1,000 Ventilators To Help Hospitals Fight Pandemic, California Governor Says']",14
TSLA,2020-03-25,"[""Elon Musk's SpaceX Makes And Donates Face Shields, Protective Suits, Sanitizer For COVID-19 Healthcare Workers"", 'Auto Manufacturers Enter A New Field As They Are About To Start Producing Medical Equipment', 'Tesla shares are trading higher as equities gain after the White House and Senate reached a $2 trillion stimulus deal aimed at supporting the economy.', 'Tesla, Wayfair And Other Profitable Short Trades Could Get A Short Covering Boost', '120 Biggest Movers From Yesterday', 'SpaceX Worker Tests Positive For COVID-19, Some Employees Sent Home']",6
TSLA,2020-03-26,"['Tesla shares are trading lower despite overall market strength. Not currently seeing company-specific news from the session.', ""Tesla's Long-Term Prospects Remain Positive While Automakers Turn To Ventilators"", 'A Peek Into The Markets: US Stock Futures Down, Jobless Claims Data In Focus', 'Tesla To Reopen New York Gigafactory To Make Ventilators For COVID-19 Patients']",4
TSLA,2020-03-27,"['How Will Traditional Automakers Transition To Electric Vehicles?', 'Electrek Reports European EV Registrations Rose by 92% in February', ""'Biggest value Tesla is providing is precise delivery of ventilators exactly to the ICU where & when they're needed. There are many ventilators in warehouses, but stuck in logistics/routing/paperwork issues' -Elon Musk Tweet"", ""'Tesla Gigafactory Shanghai makes 3,000 cars per week amid other factory shutdowns' -Electrek"", 'Piper Sandler Maintains Overweight on Tesla, Lowers Price Target to $820', ""Benzinga Founder, CEO Jason Raznick To Appear On Benzinga's PreMarket Prep Morning Trading Show at 8:45 a.m. EDT; Will Be Talking Overall Market, Tesla, Peloton, Smile Direct Club and Dividend Stock Ideas; premarket.benzinga.com"", 'Hearing New Street Upgrades Tesla From Neutral To Buy, Announces $800 Target', ""13 Consumer Cyclical Stocks Moving In Friday's Pre-Market Session"", 'Tesla To Reduce 75% Of All On-Site Staff At Nevada Gigafactory Due To Pandemic', ""1,000 Google Employees Volunteer To Help Expand Sister Company's Coronavirus Testing Program"", ""Hearing Piper Sandler Says Tesla Should Be Bought On Recent 'Market Dislocation', Has $820 Price Target"", ""Trump Lashes Out At Washington, Michigan Governors For Pandemic Response: 'We Don't Like To See The Complaints'""]",12
TSLA,2020-03-28,"[""Benzinga's Bulls And Bears Of The Week: Boeing, Netflix, Nike, Target And More""]",1
TSLA,2020-03-29,"[""Barron's Picks And Pans: Tech Picks, SoftBank, REITs, Tesla And More""]",1
TSLA,2020-03-30,"['Another One Bites the Dust: Tesla Reduces Its Nevada Gigafactory Activities', ""'Tesla starts preparing Model Y rear-wheel-drive deliveries amid drop in demand' -Electrek"", 'Tesla shares are trading lower. Not seeing any news to justify the price action.']",3
TSLA,2020-03-31,"[""What Tesla Analysts Expect From This Week's Q1 Delivery Report"", ""Automakers Plan To Restart North American Factories – But Cars Aren't First On The List"", ""Trading 212 Takes On Disciplined Investing With 'Next Generation Product'"", ""'Tesla is using its logistic network to deliver ventilators to hospitals for free' - Electrek. Co"", ""'How Tesla Fought to Keep Its Plant Open in a Locked-Down City' -Earlier Bloomberg Article"", ""'Tesla reveals insane $172,000 Powerpack price and here's why it makes sense' -Electrek"", 'Tesla shares are trading higher despite analyst expectations of lower deliveries. Additionally, the company recently announced it is reopening a NY factory to make ventilators.', ""Musk Says Tesla Has 'Extra' Ventilators Ready For Shipping"", ""'We have extra FDA-approved ventilators. Will ship to hospitals worldwide within Tesla delivery regions. Device & shipping cost are free...' -Tweet From Tesla's Elon Musk"", 'JMP Securities Reduces Tesla 2020 Deliveries Est. To 90K', 'Tesla Worker At Nevada Gigafactory Tested Positive For Coronavirus As Company Cut 75% Staff', 'Ford Collaborates With GE, Plans To Make 50,000 Ventilators In Michigan In 3 Months']",12
TSLA,2020-04-01,"['Tesla shares are trading lower. Weakness potentially related to concerns of lower deliveries. NOTE: Many stocks across sectors are trading lower amid the continued growth in coronavirus cases.', ""A Peek Into Tesla's Price/Earnings Ratio"", ""'Does The Coronavirus Guarantee The Tesla Cybertruck Will Be Delayed?' -InsideEVs"", 'China May Ease Electric Car Quotas, Delay Emission Rules to Help Automakers']",4
TSLA,2020-04-02,"[""Tesla Is 'Crushing The Auto Industry', Munster Says, As Company Posts Q1 Delivery Figures"", 'Tesla Trades Higher After Strong Q1 Delivery Figures', 'Tesla shares are trading higher after the company reported Q1 delivery and production figures.', 'Tesla Shares Up ~4% Following Q1 Delivery And Production Figures', 'Tesla Q1 Model S/X Deliveries 12,200, Model 3/Y Deliveries 76,200; Total Deliveries 88,400, Total Production 102,672', ""Tesla Is Still A 'Maximum Short' For Chanos"", 'Tesla shares are trading lower, potentially amid continued concerns over lower deliveries.', 'Chanos Says Tesla Short Still One Of His Favorite Positions', ""Chanos Says Tesla Is Increasing Capacity At 'Exactly The Wrong Time'"", 'Short-seller Chanos Says He Is Still Maximum Short On Tesla', ""Elon Musk's SpaceX Bans Employee Use Of Zoom: Report"", 'Cramer Shares His Thoughts On Procter & Gamble, Virgin Galactic And More', ""Ford's US Sales Chief Says Following Coronavirus Crisis, 'Some Level' Of Gov't. Stimulus To Help Customers, Auto Industry Recover 'Would Be Appropriate'"", ""Tesla Can Help With Lithium-Ion Batteries For Its Ventilators, Says ResMed's CEO""]",14
TSLA,2020-04-03,"[""40 Stocks Moving In Friday's Mid-Day Session"", ""Tesla Analysts Dissect 'Surprisingly Strong' Q1 Deliveries Data"", 'Morning Market Stats in 5 Minutes', ""'Tesla Software Update Allows In-Car Viewing Of Sentry Mode Videos' -InsideEVs"", ""5 Consumer Cyclical Stocks Moving In Friday's Pre-Market Session"", 'Tesla shares are trading higher after the company reported strong Q1 delivery and production figures.', ""25 Stocks Moving in Friday's Pre-Market Session"", 'Global Coronavirus Cases Surge Past 1M, Medical Equipment Remains In Shortage', 'A Peek Into The Markets: US Stock Futures Down, All Eyes On Jobs Report', '5 Stocks To Watch For April 3, 2020']",10
TSLA,2020-04-04,"['Bulls And Bears Of The Week: Amazon, Boeing, Microsoft, Twitter And More', ""'Fast Money' Traders Weigh In On AT&T, Tesla And Twitter""]",2
TSLA,2020-04-05,['Apple To Make 1M Face Shields Per Week For Coronavirus Health Workers'],1
TSLA,2020-04-06,"[""'Tesla is making improvements to Fremont factory — increasing Model Y production capacity' -Electrek"", 'Investor Movement Index Summary: March 2020', ""66 Stocks Moving In Monday's Mid-Day Session"", ""Jefferies Upgrades Tesla, Says Company Is 'Doubling Market Coverage With Model Y'"", ""Benzinga's Top Upgrades, Downgrades For April 6, 2020"", '10 Biggest Price Target Changes For Monday', 'Jefferies Upgrades Tesla to Buy, Lowers Price Target to $650', ""Tesla shares are trading higher after analysts at Jefferies upgraded the company's stock from Hold to Buy."", ""26 Stocks Moving in Monday's Pre-Market Session"", 'A Peek Into The Markets: US Stock Futures Jump; Crude Oil Falls Over 3%', '74 Biggest Movers From Friday', ""Tesla Shows 'Car Parts-Based' Ventilator Prototype For Coronavirus Pandemic"", 'Jefferies Upgrades Tesla from Hold to Buy; Lowers Price Target from $800 to $650']",13
TSLA,2020-04-07,"[""'Tesla will slash employee pay, and will furlough hourly workers until May 4' -CNBC"", ""Why Tesla's Stock Is Trading Higher Today"", 'Carmakers Are Showing The World How To Work Together', ""56 Stocks Moving In Tuesday's Mid-Day Session"", ""'Tesla prepares to increase the price of 'Full Self-Driving' again with new features' -Electrek"", ""22 Stocks Moving in Tuesday's Pre-Market Session"", ""Tesla shares are trading higher, potentially on reports the company plans to debut a new Model 3 in China as well as the company's progress on ventilator production. Movement also likely related to overall market strength."", '84 Biggest Movers From Yesterday', 'Tesla Nearing Debut of Longer Range China-made Model 3']",9
TSLA,2020-04-08,"['Hearing Tesla Hopes To Resume U.S. Car Production May 4', 'Tesla to Furlough Hourly Workers at U.S. Car Plans Amid Coronavirus Shutdown; Hopes to Resume U.S. Car Production May 4', 'iPhone Maker Foxconn To Produce Ventilators In US', 'A Peek Into The Markets: US Stock Futures Flat Ahead Of Fed Minutes', 'Tesla Announces Pay Cuts, Furloughs; Aims to Get Back to Production By May 4', '5 Stocks To Watch For April 8, 2020', '80 Biggest Movers From Yesterday', 'Tesla Furloughs All Non-Essential Workers In The US, Others To Get Pay Cut']",8
TSLA,2020-04-09,"['Tesla shares are trading higher amid overall market strength following a Fed loan program and optimism towards a coronavirus recovery. The company reportedly sold 10,160 units in China in March.', 'Will FANG Lead The Market Rebound?', 'Auto Industry Survey Shows New Vehicle Sales Expected To Be Down 50+% In Apr.', 'A Peek Into The Markets: US Stock Futures Mixed Ahead Of Economic Data', 'Tesla Sold 10,160 Units in China in March']",5
TSLA,2020-04-10,"['Tesla Says Starts Selling Locally-made Long-range Model 3 Vehicles in China to be Priced at 339,050 Yuan After Subsidies; Locally-made Performance Model 3 to be Priced at 419,800 Yuan', ""Why Tesla Might Have The 'Competitive Advantage' Post-Pandemic""]",2
TSLA,2020-04-11,"[""Benzinga's Bulls And Bears Of The Week: Apple, Disney, Intel And More"", 'Mike Khouw Sees Unusual Options Activity In Tesla']",2
TSLA,2020-04-13,"[""Why Tesla's Stock Traded 17% Higher On Monday"", ""'Elon Musk: Tesla's upcoming event will focus on batteries, not powertrain — 'a lot to talk about'' -Electrek"", 'Tesla shares are trading higher following a media report that the company is now producing all Chinese Model 3s in China, meaning vehicles are not subject to import tax.', 'Tesla Furlough Has Hit New Workers In Delivery And Sales The Worst: Report']",4
TSLA,2020-04-14,"['Zoox and Tesla Settle Lawsuit; Zoox to Make Payment to Tesla', ""Tesla's Stock Keeps Rising After Goldman Sachs Gives Shares $864 Price Target"", ""'Tesla is still getting tons of Cybertruck orders months after electric pickup unveiling' -Electrek"", ""Here's How Long It Took Tesla To Reach A $100B Market Cap"", ""55 Stocks Moving In Tuesday's Mid-Day Session"", 'Morning Market Stats in 5 Minutes', ""Benzinga's Top Upgrades, Downgrades For April 14, 2020"", '10 Biggest Price Target Changes For Tuesday', ""10 Consumer Cyclical Stocks Moving In Tuesday's Pre-Market Session"", 'Tesla Striving To Cut Costs By Seeking Rent Relief As Coronavirus Affects Business', ""31 Stocks Moving in Tuesday's Pre-Market Session"", ""Tesla shares are trading higher after Credit Suisse analysts upgraded the company's stock from Underperform to Neutral and raised their price target from $415 to $580."", 'Credit Suisse Upgrades Tesla to Neutral, Raises Price Target to $580']",13
TSLA,2020-04-15,"['VW Settlement, Market Momentum Boost California Clean Truck Projects', 'Tesla To Report Q1 Earnings Wed., Apr. 29 After Market Close', ""Steve Grasso Says Tesla Has 'Defied All Laws Of Probability'"", ""Every Member Of Trump's 'Great American Economic Revival' Industry Groups"", ""Goldman Initiates Coverage On Auto Stocks, Says Industry 'Significantly Better Positioned' Than In 2008"", 'Morning Market Stats in 5 Minutes', 'Bank Earnings, Crude Weigh On The Market, But Signs On Pandemic Front Encourage', ""Benzinga's Top Upgrades, Downgrades For April 15, 2020"", 'Tesla China Car Registrations Buck Industry Slump In March', 'Cramer Advises His Viewers On Alcoa, Xerox, Tesla And More', 'Startup Zoox Acknowledges Some Employees Were In Possession Of Tesla Confidential Information', ""Tesla shares are trading higher after Goldman Sachs initiated coverage on the company's stock with a Buy rating and $864 price target. The company also reported China registrations rose in March."", 'A Peek Into The Markets: US Stock Futures Down Ahead Of Citigroup, Goldman Sachs, Bank of America Earnings', 'Goldman Sachs Initiates Coverage On Tesla with Buy Rating, Announces Price Target to $864', ""Tesla's China Registrations Rose to 12,709 Units in March vs 2,314 in February"", ""'Choose Joplin,' A Missouri City Trying To Get Tesla To Build Gigafactory There, Offers $1B In Incentives"", '78 Biggest Movers From Yesterday']",17
TSLA,2020-04-16,"[""Big Stocks Moving After Hours As Market Cheers Gilead, 'Reopening' Updates"", 'S&P 500 Futures Up 3.2% After Hours; Many Other Stocks Moving Higher With Futures; Investors Reacting Favorably To White Phase Guidelines On Reopening Economy', 'Elon Musk Tweets Partial List Of Hospitals To Which Tesla Sent Ventilators', ""'California governor says ventilators promised by Elon Musk never made it to hospitals' -The Hill"", ""Alibaba, Tesla Among Cramer's Stay-At-Home Stock Ideas"", ""CEO Elon Musk's 'Taking Tesla Private' Tweet Wasn't Merely 'Aspirational,' Judge Rules He Must Face Lawsuit""]",6
TSLA,2020-04-17,"['Ross Gerber Says Tesla Is Pushing Ahead Of Competitors During COVID-19 Pandemic', ""'Tesla completes massive expansion of its 'world's biggest battery' -Electrek"", ""'Tesla angers Chinese buyers by rushing deliveries before the release of long range #Model3.' -China's National Business Daily"", ""Chinese Self-Driving Startup Launches 'Contactless' Deliveries To Combat Coronavirus Pandemic In California""]",4
TSLA,2020-04-20,"['Jerremy Newsome Shares The Rules For His Options Strategy', 'The Sound Of Electric Vehicles']",2
TSLA,2020-04-21,"['Tesla shares are trading lower amid overall market weakness. Stocks across sectors are moving lower today after oil prices fell to lows, partially stemming from weak demand caused by the coronavirus pandemic.', 'CocaCola, IBM Earnings Under Scrutiny As Both Multinationals Withdraw Guidance, Netflix Later', 'IHS Markit Sees Global Light Vehicle Sales Down To 70.3M In 2020']",3
TSLA,2020-04-22,"['JD Power Says Auto Retail Sales Show Signs Of Recovery During First 2 Weeks Of Apr.', ""Benzinga's Top Upgrades, Downgrades For April 22, 2020"", ""BofA Downgrades Tesla, Says Company 'Faces Several Hurdles'"", 'B of A Securities Downgrades Tesla to Underperform, Lowers Price Target to $485', 'Gene Munster Sees Apple And Tesla As Biggest Winners This Earnings Season']",5
TSLA,2020-04-23,"['Tesla Appoints Japanese Pension Fund Manager Hiromichi Mizuno As Director', 'Tesla Appoints Hiromichi Mizuno As New Independent Director To Its Board']",2
TSLA,2020-04-24,"['The Benefits Of Electric Vehicles Are Clear As Day', ""'NIO said Friday that it will cover the subsidy decline for buyers who pick up their cars before May 31. NIO is exempted from the price limit for subsidy qualification that excluded Model 3...' -Tweet From China's National Business Daily"", ""'China extends new energy vehicle subsidy for two more years, but excludes premium models like Tesla's #Model3. Industry expects @Tesla to cut price to meet subsidy standards' -Tweet From China's National Business Daily"", 'Tesla Raises China-made Model 3 Prices after EV Subsidies Cut']",4
TSLA,2020-04-25,"['Bulls And Bears Of The Week: Amazon, Boeing, Disney, Netflix And More']",1
TSLA,2020-04-26,['Fremont Tesla Employees Asked To Go Back To Work Despite Coronavirus Health Orders In Place'],1
TSLA,2020-04-27,"['Tesla Reverses Gear On Reopening Fremont Facility As Stay-At-Home Orders Likely To Be Extended', ""'All-Electric Lexus Goes On Sale In China This Week, Two Toyota EVs To Follow' -Electrek"", 'Tesla Backtracks From Recalling Some Workers To Plant This Week', 'Tesla shares are trading higher, potentially in anticipation of Q1 results this week. Not currently seeing company-specific news from the session.', ""'Tesla doubles down on claim Chinese EV startup stole its Autopilot source code' -Electrek""]",5
TSLA,2020-04-28,"[""'Electric vehicles are taking over sales charts in Europe and the @Tesla Model 3 has been leading the way' -Inside EVs"", 'Tesla Q1 Earnings Preview: Analysts Convinced Of Long-Term Potential Ahead Of The Print', ""'Tesla Is Working On Pay-As-You-Go Subscription To Its Self-Driving Package'"", 'Earnings Feast: Bring a Plate With Healthcare and Caterpillar in Morning, GOOGL And AMD Later', 'Tesla Vehicles Will Now Recognize Traffic Lights And Stop Signs With Updated Software', 'A Peek Into The Markets: US Stock Futures Up Ahead Of Earnings, Economic Reports', ""Tesla's Musk Nears $750M Options Payday""]",7
TSLA,2020-04-29,"[""'Impressive Performance In A Dark Environment,' Wedbush, Gene Munster React To Tesla's Q1 Results"", ""Elon Musk Calls Bay Area's Shelter-In-Place Order 'Fascist' In Vulgar Conference Call Rant"", 'From Conference Call: Tesla CEO Says Might Announce Next Gigafactory in 1-3 Months in the U.S.', ""13 Stocks Moving In Wednesday's After-Hours Session"", 'Tesla shares are trading higher after the company reported better-than-expected Q1 EPS and sales results. The company also reported Q1 Model S/X production was up 9% year over year and Model 3/Y product was up 39% year over year.', ""Tesla Reports Big Q1 Earnings Beat, Near-Term Profitability 'On Hold'"", 'Tesla Says Will Shift First Tesla Semi Deliveries To 2021', 'Tesla Says Continues To Build Capacity For Model Y At Gigafactorys In Berlin, Shanghai, Remain On Track To Start Deliveries From Both Locations In 2021', ""Tesla Says Sees Production Of Model Y In Fremont, California, Model 3 In Shanghai, China Continuing To Ramp 'Gradually' Through Q2"", ""UPDATE: Tesla Says 'we will achieve industry leading operating margins and profitability with capacity expansion and localization plans underway'"", 'Tesla Says Near-Term Profitability Is On Hold', 'Tesla Says Reached Production Of 1,000 Solar Roofs In A Single Week', 'Tesla Q1 Total Deliveries Up 40% YoY', 'Tesla Sees Capacity Installed Exceeding 500K Vehicles Delivered In 2020', 'Tesla Q1 Model S/X Production Up 9% YoY, Model 3/Y Production Up 39% YoY', 'Tesla Says Will Revisit Outlook When Co. Gives Q2 Earnings/Update', 'Tesla Says Model Y Deliveries Began, Significantly Ahead Of Schedule', 'Tesla Q1 Adj. EPS $1.240 Beats $(0.360) Estimate, Sales $5.985B Beat $5.900B Estimate', 'JMP Analyst Sees Tesla Coming Out Of Crisis Stronger', 'Hedge Fund Manager Makes Bold Tesla Prediction Ahead Of Earnings', ""'California proposes an increase in electric trucks to 300,000 by 2035' -Electrek"", 'Tesla Considering Cutting Price Of Model 3 In China To Regain Access To Incentives', 'Morning Market Stats in 5 Minutes', 'Ford Terminates Electric Vehicle Program With Rivian', 'Alphabet, Boeing Shares Get A Lift Following Earnings, While GE Falls Short', 'Tesla Shares Up 2.3% For Session But Down Sharply After Touching $800 Level; Hearing M Science Sees Reservations For Tesla Models Down 65.8% From Last Qtr.', ""Tesla's 500,000-Vehicle Target In Question After Company Shuts Factories"", ""'Free America Now': Tesla CEO Elon Musk Calls For Reopening Economy Despite Pandemic"", '3 ETFs For Tesla Earnings', 'Tesla shares are trading higher potentially in anticipation of the company Q1 earnings report.', ""Tesla Reveals How Much Business It Has Done With Elon Musk's Other Company SpaceX Since 2019"", 'A Peek Into The Markets: US Stock Futures Rise Ahead Of Earnings, Fed Decision', 'Earnings Scheduled For April 29, 2020', '10 Stocks To Watch For April 29, 2020']",34
TSLA,2020-04-30,"[""7 Times Elon Musk Wasn't Afraid To Speak His Mind"", 'Blue Origin, SpaceX Land NASA Deal', ""Earlier Bloomberg Article Highlights Greenlight's Einhorn Questioning Tesla's Billing Practices"", ""'Jeff Bezos and Elon Musk win contracts for spacecraft to land NASA astronauts on the moon'"", 'Tesla Analysts Break Down Free Cash Flow, Fremont Shutdown, 2020 Expectations After Q1 Print', ""61 Stocks Moving In Thursday's Mid-Day Session"", ""'Elon Musk: one of the most exciting days in Tesla history is coming – hints at 'Terafactory'' -Electrek"", 'Morning Market Stats in 5 Minutes', 'Apple And Amazon Up To Bat this Afternoon As Investors Ponder Microsoft, Facebook Results', ""Thursday's Market Minute: Stocks Rally As GDP Plummets"", 'Oppenheimer Maintains Outperform on Tesla, Raises Price Target to $968', 'B of A Securities Reiterates Underperform on Tesla, Raises Price Target to $500', '10 Biggest Price Target Changes For Thursday', 'JMP Securities Maintains Market Outperform on Tesla, Raises Price Target to $1020', 'Tesla shares are trading higher after the company reported better-than-expected Q1 EPS and sales results. The company also reported Q1 Model S/X production was up 9% year over year and Model 3/Y product was up 39% year over year.', ""15 Consumer Cyclical Stocks Moving In Thursday's Pre-Market Session"", 'Wedbush Maintains Neutral on Tesla, Raises Price Target to $600', 'Credit Suisse Maintains Neutral on Tesla, Raises Price Target to $700', 'Piper Sandler Maintains Overweight on Tesla, Raises Price Target to $939', ""35 Stocks Moving in Thursday's Pre-Market Session"", 'Tesla 10-Q Filing Recently Out; Showed Co. Intends To Apply, Sees Being Granted Deferral For Obligations Related To Investment, Employment Targets At Gigafactory New York For 1 Year', 'A Peek Into The Markets: US Stock Futures Edge Higher Ahead Of Apple Earnings', 'Tesla Says Price for China-made Standard Range Plus Model 3 Vehicles Will Be Lowered to Below 300,000 Yuan to Qualify for Subsidies', '10 Stocks To Watch For April 30, 2020', 'Government Subsidies Drive Tesla To Lower Model 3 Price In China']",25
TSLA,2020-05-01,"['Amazon, Exxon Mobil Earnings Weigh On Market To Start New Month As Caution Steers The Wheel', 'Markets Have Best Month Since 1987, But End Week On Low Note', 'Elon Musk Says Twitter Comments are Not a Joke', ""Elon Musk Says Tesla's Stock Price Is Too High, Tweets About Freedom, Gene Wilder And More"", ""Tesla Shares Fall 5+% To Below $760 Level Following Elon Musk Tweet The Share Price Is 'Too High'"", ""'Tesla stock price is too high imo' -Tweet From Elon Musk"", ""Tesla shares are trading lower potentially on market weakness as investor uncertainty grows on quarterly earnings reports from multiple companies. NOTE: David Einhorn questioned Tesla's accounting practices on Thursday."", 'US Billionaires Add $406B To Collective Wealth While More Than 30M People Lose Jobs During Pandemic', ""Tesla Shares Decline After Einhorn Publicly Questions Automaker's Accounting Practices""]",9
TSLA,2020-05-02,"[""Here's What Warren Buffett Thinks About Tesla And Elon Musk"", 'Tesla Applies for UK Electricity Provider Licence', 'Tesla Achieves Record Safety with Autopilot – More than 50% Improvement']",3
TSLA,2020-05-03,"['Tesla Teases Battery Module And Pack Production Line At Giga Shanghai', ""Benzinga's Bulls And Bears Of The Week: Ford, Gilead, Microsoft, Intel And More""]",2
TSLA,2020-05-04,"[""Elon Musk Confirms Grimes Has Given Birth: 'Mom & Baby All Good'"", ""2 Of Elon Musk's Houses May Actually Be For Sale: Here's Why"", ""'Tesla gets hope to reopen Fremont factory quicker as California relaxes quarantine' -Electrek"", ""Why Tesla's Stock Is Trading Higher Today"", 'Tesla shares are trading higher after Morgan Stanley raised its price target on the stock from $440 to $680.', 'Morgan Stanley Maintains Equal-Weight on Tesla, Raises Price Target to $680']",6
TSLA,2020-05-05,"['Elon Musk Qualifies For $700M In Stock Options As Tesla Tops $100B Market Cap Average', 'Electreck.Co Says Tesla Modle 3 Was The Best Selling Car In The UK In April', ""6 Reasons Why Morgan Stanley Says Tesla's Next Gigafactory Location Is Texas"", 'Cramer Shares His Thoughts On Nokia, Intel And More']",4
TSLA,2020-05-06,"['Tesla Prepares To Restart Production At Fremont Factory This Week: Report', '3 ETFs For Square Earnings']",2
TSLA,2020-05-07,"[""'Elon Musk said in a podcast interview released on Thursday that the company's planned Roadster sports car would take a backseat to the development of other vehicle model' -Reuters"", 'Elon Musk Talks Neuralink, Brain Stimulation And AI With Joe Rogan', ""'Elon Musk hints at Tesla Roadster being delayed to 2022' -Electrek"", ""Here's What Elon Musk Thinks About Warren Buffett"", 'Tesla Reportedly Halts Production At Chinese Factory, Bringing Global Production To Standstill', ""Elon Musk To Join Joe Rogan's Podcast Again During Eventful Week For Tesla CEO"", ""'Tesla Shanghai factory halts production for unknown reasons, shaking concept stocks' -China's National Business Daily"", 'Tesla Preparing to Restart Some Car Production in Fremont']",8
TSLA,2020-05-08,"['Tesla Says on May 7. As Part of Expansion of Production at Gigafactory Shanghai, Unit Entered Into a Working Capital Loan Contract; Under 2020 Working Capital Facility, Tesla Shanghai May Draw Funds From Time to Time on an Unsecured Revolving Facility of Up to RMB 4B', ""'California's county tells Tesla it 'Must Not Reopen' vehicle plant at present' -Reuters"", 'Calif. Alameda County Health Official: Asking Local Factories To Wait Until Next Week To Discuss Safe Ways To Resume Operations', ""UPDATE: 'We Have Said It Was Not Appropriate To Move Forward' -Alameda County Health Official On Tesla Fremont Factory"", ""Tesla Has Not Received Green Light To Resume Production -Health Official For San Franciso Bay Area's Alameda County"", 'The Future Of Car Sales Favors Tesla', ""Elon Musk Says Coronavirus A 'Trial Run' For Future Pandemic, Questions Mortality Rate"", 'Tesla shares are trading higher amid overall market strength. The company is aiming to restart production at its San Francisco Bay area plant. CEO Elon Musk also said the company filed a patent for a new battery cell.', 'Tesla Aims to Restart Fremont Plant as Early as Friday', 'A Peek Into The Markets: US Stock Futures Gain; All Eyes On Jobs Report', ""Tesla Confirms Shanghai Gigafactory Shutdown, But Says It's All 'According To Plan'"", ""Elon Musk Says Tesla Battery Patent 'Way More Important Than It Sounds'""]",12
TSLA,2020-05-09,"['Tesla Sales Surpass 1M Electric Cars Globally', 'Musk Threatens To Move Tesla Out Of California Over COVID-19 Lockdown Restrictions', 'Elon Musk Says Tesla will Move its HQ to Texas/Nevada Immediately', 'Elon Musk Talks Baby X Æ A-12, Selling Possessions']",4
TSLA,2020-05-10,"['Major US Automakers Plan To Return To Work May 18 With Enhanced Safety Measures In Place', ""'F*** Elon Musk,' Responds California Assemblywoman To Musk's Threats To Leave State"", ""Elon Musk Talks About The Tesla Cybertruck Smash-Up: 'I Was Not Expecting That'"", ""Mike Khouw's Tesla Options Trade: All-Time High A Resistance Level""]",4
TSLA,2020-05-11,"[""Tesla Restarts Production, Musk Tweets 'If Anyone Is Arrested, I Ask That It Only Be Me'"", ""Elon Musk Tweets: 'Tesla is restarting production today against Alameda County rules. I will be on the line with everyone else. If anyone is arrested, I ask that it only be me.'"", 'California Governor Newsom Says Will Look Into Tesla Reopening Related To Possible Violation Of Public Health Order', 'Tesla Tells California Factory Employees Furlough Has Ended, Employees Back To Normal Employment Status As Of Sunday', ""California Governor Says Tesla's California Plant Could Open As Soon As Next Week"", ""'Tesla has already started making cars again at its California factory' -The Verge"", ""'Volvo will introduce XC100 Recharge as sleeker, full-size all-electric SUV' -Electrek Report"", 'Tesla Negotiates $565M Loan In China Amid Factory Shutdowns, Shrinking Sales', 'Mnuchin Says California Should Act To Ensure Tesla Can Operate', ""Tesla shares are trading lower after April sales of the company's Model 3 in China fell over 64% from last month."", ""'Tesla Model X with extreme mileage racked up $29,000 in repair/maintenance and that's good' -Electrek"", ""Tesla's China Sales Dropped 64% In April, Even As Wider Market Recovered, CPCA Says"", 'A Peek Into The Markets: US Stock Futures Edge Lower; Crude Oil Down Over 3%', 'Wuhan Considers Policies to Help Automaker Dongfeng', 'China Passenger Car Association Reports China Sold 3,635 Model 3 Vehicles in April, Down 64% vs March']",15
TSLA,2020-05-12,"['Musk Reopens Tesla Plant Despite County Orders', ""Here's What Kara Swisher And Chamath Palihapitiya Think About Elon Musk's Threats To Leave California"", 'Blink Charging Shares Spike To Session High On Volume As Traders Circulate Alert From Buy Sell Short Suggesting Blink Could Be A Play On Rallies In Tesla, VectoIQ', 'Tesla shares are trading higher after CEO Elon Musk said the company is restarting production at its Alameda Country facility despite COVID-19 health orders.', ""Trump Tweets: 'California should let Tesla & @elonmusk open the plant, NOW. It can be done Fast & Safely!'"", ""Tuesday's Market Minute: Tesla's Fremont Plant To Open Full Speed Ahead"", ""'[Elon] will bring back American manufacturing. He's the best we have...' -Jim Cramer"", 'Elon Musk Appoints Paint Operations Director To Oversee Fremont Production', ""Musk and Tesla Putting 'Major Pressure' On Alameda County, Say Wedbush Analysts""]",9
TSLA,2020-05-13,"['Do Elon Musk And Grimes Smoke Weed?', ""Tesla Shares Tick Lower As Calif. AG Says 'Ready To Enforce State Rules If Needed'"", ""A Look Into Tesla's Price Over Earnings"", 'Alameda County Will Allow Tesla To Reopen Fremont Factory If Certain Conditions Met', 'Tesla Reopens Nevada Gigafactory', ""Musk Is 'Dead Right,' Says Cramer On Tesla Reopening California Factory""]",6
TSLA,2020-05-14,"[""'Exclusive: Tesla's secret batteries aim to rework the math for electric cars and the grid' -Earlier Reuters Report"", 'Toyota Believes The Worst Is Behind It', ""'Tesla Has Plans To Open Its First True Standalone Store In Michigan' Inside EVS"", ""'Tesla to introduce a new low-cost, long-life battery in China that it expects will bring the cost of electric vehicles in line with gasoline models, and allow EV batteries to have second and third lives...' -Tweet From Reuters Business"", ""'Elon Musk's Boring Company completes excavation of Las Vegas' electric 'Loop'' -Electrek"", ""Morgan Stanley Analyst Says Many Investors 'Absolutely Adore' Musk's Dominating Strategy"", 'China Global Times Says Tesla Clarified the Price of its Shanghai-made Long-range Version of Model3 will Remain Unchanged, Reuters had Reported the Price Would Drop After July', 'Tesla Has Produced China-made Longer Range Model 3 Vehicles, Aims to Deliver Them Soon; To Lower Price After July', 'Tesla Employees Who Choose To Stay Home Might Not Receive Unemployment Benefits, Internal Email Says']",9
TSLA,2020-05-15,"[""'Tesla's next factory is going to be in Austin, Texas and it's going to happen quickly' -Electrek"", ""Tesla To Launch Low-Cost 'Million Mile' Battery That Drastically Reduces Cost Of EVs: Report"", ""'Elon Musk delays Tesla 'Battery Day' to next month electrek.co/2020/05/15/tes… by @FredericLambert' -Electrek.Co Tweet"", ""Tesla Shares Relatively Quiet Following Recent Tech Node Article 'Tesla is facing 10 civil lawsuits in China'""]",4
TSLA,2020-05-16,"[""Elon Musk Reveals He Owns 'Only 0.25 Bitcoins' In Crypto Convo With JK Rowling"", 'Q1 13F Roundup: How Buffett, Einhorn, Ackman And Others Adjusted Their Portfolios']",2
TSLA,2020-05-17,"[""Tesla Receives County Approval To Restart Fremont Production A Week After Musk's Threats"", ""Benzinga's Bulls And Bears Of The Week: Boeing, SmileDirectClub, Tesla And More"", 'Chinese Automaker BYD Announces the Han EV as Rival to the Tesla Model 3']",3
TSLA,2020-05-18,"[""Tesla 'Full Self-Driving' To Cost Extra $1,000 Starting July, Musk Says"", 'Panasonic Hopes To Recharge Tesla Battery Partnership, Eyes Gigafactory Expansion', 'Tesla Shares Quiet Despite Hearing Co. Near Qualification For Inclusion In S&P 500', 'Hearing Tesla Workers Arriving For Work At Plant In Fremont, Parking Lot Filling Up', 'Tesla shares are trading higher after the company received approval to resume production at its Fremont plant.', 'Illinois Will Classify Defying Stay-At-Home Orders As Misdemeanor For Businesses', 'A Peek Into The Markets: US Stock Futures Up; Dow Futures Surge Over 300 Points', 'Panasonic CFO Says Production at Nevada Gigafactory Has Resumed After Coronavirus Shutdown; Says in Discussions About Expanding Nevada Gigafactory Capacity Beyond 35gwh', ""Elon Musk's 'Take The Red Pill,' Tweet Raises Speculation Over Its Meaning""]",9
TSLA,2020-05-19,"[""Panasonic To Resume Production At Tesla's New York Factory On Wednesday: Report"", 'Wallbox, A Company Founded By Former Tesla Employees, Closes $13M Seed Round', 'Telemedicine A COVID-19 Winner', ""Detroit's Big 3 Automakers Resume Production"", ""'Tesla shows the scale of Gigafactory Berlin ahead of groundbreaking' -Elektrek Report"", 'JMP Securities Maintains Market Outperform on Tesla, Lowers Price Target to $1001', 'Tesla is set to produce 4,000 electric cars per week in Shanghai next month, Model Y in Q1 2021', ""Tesla's Car Registrations Slumped In China In April"", ""A Peek Into The Markets: US Stock Futures Edge Lower Following Monday's Rally"", 'Elon Musk Tweets: Tesla Full Self-Driving option cost rises by ~$1000 worldwide on July 1st', ""Tesla's China Car Registrations Plunge 64% in April""]",11
TSLA,2020-05-20,"['Tesla Will Not Pursue Its Lawsuit Against Alameda County Over Factory Reopening: Report', 'CleanSpark Shares Up 16% For Session; Hearing Rumor Company Is Work With Tesla', 'Tesla Shares Quiet As Hearing Court Records Show Co. Dropped Suit Against California County Over Reopening Its Vehicle Factory Against Lockdown Orders', ""Wednesday's Market Minute: Gettin' Nowhere Fast"", ""Analysts React To Joe Rogan's Spotify Deal: 'This Is Undoubtedly A Coup'"", ""McDonald's Faces Class Action Over Lack Of Worker Protection Against Coronavirus"", 'Tesla Starts Delivering China-made, Longer Range Model 3 Vehicles', ""California Governor Believes Tesla Isn't Moving Out Of The State Anytime Soon""]",8
TSLA,2020-05-21,"[""Today's Pickup: Ford Reopens Two Facilities, Twice In The Same Week Over COVID-19 Scare"", 'Bill Ackman Makes Pitch To Elon Musk For New HQ, Channels Howard Hughes', ""The Auto Industry Is Getting Back Online, And That's Good For Electrification"", ""'Tesla goes back to 'normal' manufacturing operations, calls more workers to come back to work' -Electrek"", ""'Inspired by our namesake Howard Hughes, another visionary American, we propose a few alternatives for your Nevada or Texas move. @HowardHughesCo owns master planned cities where we can create @Tesla new HQ...' -Tweet From Bill Ackman"", 'Apple Vs. Tesla: Morgan Stanley Breaks Down The Parallels', 'New Investors Pile In, Fuel Record Rise In Account Openings, Trading Volumes', ""'Tesla and California Are Making Nice. The Next Factories Will Be Somewhere Else' -Barron's Article"", ""'Tesla Gigafactory Shanghai expansion is back in full swing' -Electrek"", ""'Could Tesla Reveal A 700-Mile Model 3? New Battery Tech May Make This Possible' -InsideEVs"", ""'Tesla starts deliveries of new Model 3 Long Range RWD made-in-China car' -Electrek""]",11
TSLA,2020-05-22,"[""Tesla Employees Fear Conditions At Factory, Describe It As 'Modern-Day Sweatshop'""]",1
TSLA,2020-05-23,['Elon Musk Scraps Plan to Make Electric Pickup Smaller'],1
TSLA,2020-05-26,"[""'All eyes on Tesla's recovery in China — rumors of massive backlog' -Elektrek Report"", 'Automotive Industry Eyes Slow Recovery', 'Grimes And Musk Rename Baby To Comply With California Law']",3
TSLA,2020-05-27,"['Jay Leno Takes Elon Musk For A Drive In A Tesla Cybertruck', ""What To Know About NASA And SpaceX's Crew Dragon Launch"", ""Twitter Account Highlights Negative Analyst Sentiment On Tesla Following Co.'s North American Price Cuts News, Cites Roth Capital Analyst, Gordon Johnson Of GLJ Research"", ""Why Tesla 'Appears To Be Turning The Corner' Heading Into Summer"", '10 Biggest Price Target Changes For Wednesday', 'Wedbush Maintains Neutral on Tesla, Raises Price Target to $800', 'Tesla To Reduce Car Prices In North America And China', 'Tesla to Cut Prices for Some Models in N. America, China']",8
TSLA,2020-05-28,"['Tesla To Give Musk $700M In Incentives Payment', ""Tesla's FSD Package Shows Automaker's Potential For Software Revenue"", ""'Tesla Requests Approval To Sell Model 3 With Cheaper Battery Chemistry' -InsideEVs"", ""'Biggest UK solar plant approved' -BBC Report"", ""Here's How Amazon Could Become A Threat To Tesla, Ford And More With Zoox Buy"", '3 ETFs For Investors Looking To Access The Final Frontier', 'Tesla Leads Electric Car Sales In South Korea Thanks To Model 3']",7
TSLA,2020-05-29,"[""Benzinga's Top Upgrades, Downgrades For May 29, 2020"", '20 Tesla Employees Worked At SpaceX Ahead Of NASA Astronauts Launch', 'Daiwa Capital Initiates Coverage On Tesla with Outperform Rating, Announces Price Target of $910', ""Tesla's Annual Shareholders Meeting Scheduled For July 7""]",4
TSLA,2020-05-30,"[""American Astronauts Safely Launched into Space Aboard Elon Musk's SpaceX Rocket; Scheduled to Dock With International Space Station on Sunday"", ""Tesla's Stock And SpaceX Launches: Are Traders Looking For A Connection?""]",2
TSLA,2020-05-31,"[""Elon Musk's SpaceX Capsule Links Up With Space Station""]",1
TSLA,2020-06-01,"[""SpaceX Falcon 9 Launch A 'Major Shot In The Arm' For Tesla Brand, Analyst Says"", ""Wedbush Maintains Neutral Rating On Tesla, Says 'We continue to believe EV demand in China is starting to accelerate with Tesla competing with a number of domestic and international competitors for market share'"", ""Wedbush Says 'Battery enhancements and China remain key to the Telsa story'"", ""Wedbush Says 'SpaceX Success Further Elevates Musk and Tesla Brand'; Says While Tesla And SpaceX Are Separate, 'from a consumer perspective the Musk DNA remains the linchpin to both of these next generation technology stalwarts'"", 'Tesla Shares Spike, Hitting Session High Of $886.6 After Wedbush Note Rumors', 'Watching Teslare Shares As Hearing Wedbush Publishing Note On Space X Launch, Battery Announcement', 'PreMarket Prep Stock Of The Day: Tesla', 'Shares of several consumer discretionary companies are trading higher as equities gain amid continued optimism towards a rebound in economic activity, which could lead to a potential rebound in spending.', 'NASA Astronauts Launched By SpaceX Reach International Space Station, Celebrate Historic Moment', 'Cramer Gives His Opinion On Caleres, Cognex And More', 'Nio CEO Says Tesla An Ally In Increasing Sales, Remains Bullish On Chinese EV Market Growth', ""Elon Musk's Baby Has A Nickname, Grimes Reveals""]",12
TSLA,2020-06-02,"['ESPAÑOL • Warren Buffet y Elon Musk, Saqueos en Dispensarios, Aurora Cannabis y Aphria, Clever Leaves, Carey Hart y Más', 'Could COVID-19 Be Good For EVs?', 'Tesla Analyst Values SpaceX At $50B, With Starlink The Biggest Growth Driver', 'Financials Sector Could Be In Focus Today As Treasury Yields Tick Higher', 'Electric Cars Represented 43.1% Share Of All New Car Sales In Norway In May', ""Tesla CEO Musk Says Other Three Officers Should Be Charged In Floyd's Murder Case"", 'Elon Musk Tweets: Off Twitter for a while']",7
TSLA,2020-06-10,"[""Tesla's Stock Closes At All-Time High As Musk Pushes Semi, Employees Reportedly Test Positive For COVID-19"", ""'Tesla factory workplace safety is 5% better than industry average for manufacturers & improving fast' -Tweet From Tesla's Elon Musk"", ""'Tesla hacker unlocks Performance upgrade and acceleration boost at a discount' -Elektrek Report"", 'GM On Track To Spend $20B On EV And AV Development By 2025', ""Tesla's Journey To $1,000 In 2020"", 'Tesla Shares Mark Session And New All-Time High At $1,000', ""Wedbush Says Tesla Has 'Game Changing' Developments, Lifts Target To $1,000"", 'Wedbush Maintains Neutral on Tesla, Raises Price Target to $1000', ""Musk Says It's Time To Ramp Production Of Tesla Semi: Report"", ""Tesla shares are trading higher after Wedbush raised its price target on the company's stock from $800 to $1000.""]",10
