Date,Ticker,Open,High,Low,Close,Volume,Daily_Return,SMA_10,SMA_20,EMA_10,EMA_20,RSI_14,MACD,MACD_signal,MACD_hist,Volatility_20,Volatility_20_annualized
2018-08-22,GOOGL,60.17738531551738,60.787476831600465,60.12782554172561,60.55057907104492,22296000,0.003564928613545293,61.241903686523436,61.504030418396,61.00562134326277,61.49840032983304,51.79905760949125,-0.5862324774899719,-0.4629805531568384,-0.12325192433313348,0.01021331344111331,0.16213132456283488
2018-08-23,GOOGL,60.45790656141297,61.21568682937405,60.43163878141544,60.52134323120117,24666000,-0.0004828333649699035,61.02730598449707,61.34459400177002,60.91757077743338,61.40534727282048,51.540032295268375,-0.5908322592056123,-0.4885508943665932,-0.10228136483901912,0.00997116776756584,0.15828738116329386
2018-08-24,GOOGL,60.76121686857708,61.32620668102879,60.53422952112296,61.29399490356445,24454000,0.0127665982133216,60.94919929504395,61.304598808288574,60.98601152763903,61.39474228527229,57.57767824705214,-0.5260669147862558,-0.4960540984505257,-0.030012816335730053,0.008967028759388901,0.14234716857904245
2018-08-27,GOOGL,61.66024554727935,62.34071224621682,61.48876576119388,62.26141357421875,28580000,0.015783253680501153,60.98701400756836,61.36959743499756,61.21790280883534,61.47728240802909,63.679406449045516,-0.3921567719008152,-0.47527463314058366,0.08311786123976844,0.008668921333923224,0.137614859908459
2018-08-28,GOOGL,62.24307389397882,62.27578478470484,61.60225654145498,61.745487213134766,27330000,-0.008286454345739713,60.9261531829834,61.41578750610351,61.31382724598069,61.502825722801056,58.8204324503374,-0.32392891357959996,-0.44500548922838695,0.12107657564878699,0.00889278114584088,0.1411685242537139
2018-08-29,GOOGL,62.19847752958792,62.801630721454984,62.08944373689959,62.676734924316406,36926000,0.015082036812943622,61.0868782043457,61.49424171447754,61.561628642041725,61.61462659913585,64.13937826831318,-0.1924949745319111,-0.3945033862890918,0.2020084117571807,0.009420273288298675,0.14954220241861776
2018-08-30,GOOGL,62.61477577314226,62.91659999479421,61.812392889065606,62.17071533203125,30104000,-0.00807348361231941,61.237443161010745,61.52722396850586,61.67237167658527,61.66758743084018,59.6321355592175,-0.12769222651978396,-0.3411411543352303,0.21344892781544633,0.009556994150527262,0.15171257882156478
2018-08-31,GOOGL,62.06019862087965,62.07704750902124,60.74882500359902,61.04866790771485,42308000,-0.018047844846628358,61.3164924621582,61.51146354675293,61.5589709913361,61.60864271435205,51.063269037162634,-0.16497371732162236,-0.3059076669325087,0.14093394961088634,0.010415557425411424,0.16534184828250484
2018-09-04,GOOGL,60.588747317717875,60.85389800636838,59.79776081224916,60.033172607421875,41458000,-0.016634192605612053,61.26375961303711,61.44614315032959,61.2815531033517,61.45859794226346,44.790233729489906,-0.27331099227723854,-0.2993883320014547,0.026077339724216164,0.01104503303016996,0.17533446372194328
2018-09-05,GOOGL,59.92959274677737,60.20961099849978,58.25048146505982,59.42804336547851,53988000,-0.010079914414993896,61.1730152130127,61.30554008483887,60.9445513328293,61.26521179209347,41.517188834936405,-0.4033483866308032,-0.32018034292732445,-0.08316804370347874,0.010570262717090705,0.16779771865223939
2018-09-06,GOOGL,59.40177671377289,59.422592049532845,57.6691391707006,58.67918395996094,46854000,-0.012601111581482471,60.9858757019043,61.11388969421387,60.53266635594414,61.01892342712846,37.832734344450444,-0.5603710454775239,-0.36821848343736435,-0.19215256204015957,0.010690815920153031,0.1697114414225705
2018-09-07,GOOGL,58.08494944415617,58.90517953017783,57.94965165488326,58.36199569702149,32658000,-0.0054054647923508226,60.76994094848633,60.8986234664917,60.13799896341274,60.765882690927796,36.36082686851778,-0.7023112687346256,-0.43503704049681663,-0.26727422823780894,0.010619143258740972,0.16857367319517982
2018-09-10,GOOGL,58.68958681588538,58.81150682548309,58.01605854552151,58.236602783203125,27670000,-0.00214853711427776,60.46420173645019,60.70670051574707,59.79229056701099,60.524998890192116,35.76837568970025,-0.8155173026596287,-0.511133092929379,-0.3043842097302497,0.010528878707512774,0.16714076786665186
2018-09-11,GOOGL,58.04034491712475,59.02362654143486,57.78510845523832,58.97654342651367,29254000,0.01270576592637318,60.13571472167969,60.561364364624026,59.64397290510238,60.37752694127036,41.79517055882934,-0.8358912402836864,-0.5760847224002406,-0.2598065178834459,0.011108793112076874,0.1763466236437361
2018-09-12,GOOGL,58.580550747320544,59.01123342912516,57.7955120558936,58.06512451171875,35716000,-0.015453922217916638,59.76767845153809,60.346915817260744,59.35690956085081,60.15729813845592,37.16897556389493,-0.9150336833028874,-0.6438745145807699,-0.2711591687221174,0.011217775568099062,0.17807666649915857
2018-09-13,GOOGL,58.4665683293055,58.87098326434867,57.94717182481978,58.587493896484375,40068000,0.008996267366312205,59.358754348754886,60.22281627655029,59.21701580369327,60.00779297255387,41.18702557919421,-0.9249416443388725,-0.7000879405323904,-0.22485370380648206,0.010786532839668413,0.17123090041436378
2018-09-14,GOOGL,58.87792078186746,58.87792078186746,58.16028137690929,58.38132095336914,24176000,-0.0035190606288691972,58.97981491088867,60.108629035949704,59.06507128545252,59.85289087548866,40.09710988431502,-0.9386104908196913,-0.7477924505898507,-0.1908180402298406,0.010739017611941149,0.17047661955803414
2018-09-17,GOOGL,58.37091550269428,58.57163507815702,57.41390162752247,57.4818000793457,34096000,-0.015407682788505461,58.62312812805176,59.96981029510498,58.777203793433095,59.62707270442743,35.662925918148645,-1.0103799360949068,-0.800309947690862,-0.2100699884040449,0.011115254693791352,0.1764491980734919
2018-09-18,GOOGL,57.62204612138565,58.547343408671246,57.561086124059734,57.84259033203125,32314000,0.006276599761794621,58.404069900512695,59.8339147567749,58.60727407317821,59.457122002294454,38.59601611838243,-1.026314268377277,-0.845510811828145,-0.180803456549132,0.011162340125833238,0.17719665613483307
2018-09-19,GOOGL,57.93428697185783,58.29657210634794,57.4218289338848,58.197452545166016,25962000,0.006134964065367177,58.28101081848145,59.72701301574707,58.53276106808508,59.337153482567935,41.42459973686814,-0.9987944459737648,-0.876167538657269,-0.12262690731649573,0.01130987580830018,0.1795387124867274
2018-09-20,GOOGL,58.51463590103157,59.1752779050067,58.295577676921454,59.05484390258789,29244000,0.01473245511487753,58.31857681274414,59.652226257324216,58.62768521981286,59.310266855903166,47.69402594427703,-0.8974551669063189,-0.8804250643070791,-0.01703010259923976,0.011848495248466477,0.18808903102663654
2018-09-21,GOOGL,59.22087237514745,59.30314304404361,58.08792079313823,58.09089279174805,91222000,-0.016322981268562797,58.291466522216794,59.530703735351565,58.53008659652835,59.194135992650295,42.222404062677725,-0.8847272714429053,-0.8812855057342445,-0.0034417657086608378,0.01231928138148862,0.19556252919868272
2018-09-24,GOOGL,57.46098076733555,58.738649029218344,57.068956754362944,58.459625244140625,31150000,0.006347508786178624,58.313768768310545,59.38898525238037,58.51727544154876,59.12418258803033,44.82974671383371,-0.8352583568981728,-0.8720800759670302,0.03682171906885734,0.011994333402026797,0.19040413994254926
2018-09-25,GOOGL,58.69206828157182,59.31702366726043,58.18853001212674,59.169830322265625,33152000,0.012148642334928184,58.33309745788574,59.234406089782716,58.63592178349728,59.12852999129083,49.551904673168536,-0.7303275104169913,-0.8437295628570225,0.11340205244003121,0.011730625115079971,0.1862179006669803
2018-09-26,GOOGL,59.15991447255411,59.83145757954628,58.74905647285442,59.17824935913086,37650000,0.00014228597275645072,58.444409942626955,59.10604419708252,58.73452679724884,59.13326516918036,49.606968873396184,-0.6391223085474209,-0.8028081119951023,0.16368580344768136,0.011662166210867506,0.18513114925353524
2018-09-27,GOOGL,59.47264059918955,60.30822971739005,59.37599770946262,59.837406158447266,36274000,0.011138497783471646,58.56940116882324,58.96407775878906,58.93505031746673,59.20032621577721,53.8538584051525,-0.507799487666567,-0.7438063871293953,0.23600689946282827,0.011387246236660693,0.18076692996036214
2018-09-28,GOOGL,59.675348121846305,59.89143437232642,59.365099417812154,59.82353591918945,35612000,-0.00023179880526713603,58.713622665405275,58.84671878814697,59.096593154143584,59.25967952086409,53.751206126026595,-0.4002308067728819,-0.6750912710580926,0.2748604642852107,0.011311055545573772,0.1795574402353573
2018-10-01,GOOGL,60.11692822550655,60.67200377685793,59.6307380038181,59.895389556884766,33164000,0.0012010931248258583,58.95498161315918,58.78905487060547,59.241828863732884,59.32022333381844,54.23784603318153,-0.3056604012790842,-0.601205097102291,0.29554469582320675,0.010661574618837608,0.1692472501548154
2018-10-02,GOOGL,59.80321405962955,60.687871474368755,59.45579647434442,59.851287841796875,40180000,-0.0007363123508197233,59.15585136413574,58.77996063232422,59.352639587017244,59.37080090600686,53.86322593576965,-0.23160155485899736,-0.5272843886536323,0.2956828337946349,0.009998705906789841,0.15872453557103094
2018-10-03,GOOGL,60.06736319555159,60.17540630465015,59.57919165347561,60.044071197509766,26246000,0.003221039390538527,59.34051322937012,58.81076202392578,59.47835442528861,59.43492188615,55.31613395065681,-0.15556017894754604,-0.45293954671241504,0.297379367764869,0.009739240014658495,0.1546056422253326
2018-10-04,GOOGL,59.72193898878584,59.76505566200998,57.68103774881195,58.33622741699219,46576000,-0.028443170931893857,59.26865158081055,58.79361419677734,59.27069496923471,59.33028431765878,42.53655605439681,-0.2304490871043896,-0.40844145479080995,0.17799236768642035,0.011373220063715571,0.18054427136760948
2018-10-05,GOOGL,58.28319089338021,58.58055335984854,57.20871881167546,57.87828063964844,31852000,-0.007850126715776562,59.24739036560059,58.769428443908694,59.01752872749175,59.19199825308637,39.87625605719024,-0.3230278995270126,-0.3913587437380505,0.06833084421103791,0.011444669670423723,0.18167849871134834
2018-10-08,GOOGL,57.49021518559159,58.27624447067923,56.271026593154595,57.28800964355469,46190000,-0.010198488786645088,59.13022880554199,58.72199878692627,58.70307071223046,59.01066600455954,36.69096890426912,-0.4389670724863777,-0.40088040948771597,-0.0380866629986617,0.011650822429473772,0.18495107230656585
2018-10-09,GOOGL,57.059538480767145,57.56703939265589,56.705677800090115,56.7552375793457,33690000,-0.009299887839076426,58.88876953125,58.610933494567874,58.34891923352414,58.795863297396316,34.047387481855054,-0.5673004687021361,-0.4341644213306,-0.13313604737153611,0.011347760053097842,0.18014010622878004
2018-10-10,GOOGL,56.32059260740062,56.35132216631771,54.0958209407641,54.12803649902344,58980000,-0.04629001995893944,58.38374824523926,58.414079093933104,57.581486009069465,58.35130836421795,24.625229994227055,-0.8709589083988618,-0.5215233187442524,-0.3494355896546094,0.014847619557911121,0.23569865346918964
2018-10-11,GOOGL,53.477805544718294,55.312538487036065,53.32168863142083,54.05766296386719,67696000,-0.0013001309433701147,57.80577392578125,58.18758754730224,56.940790909941775,57.94238975466074,24.430203155334738,-1.1045563279640405,-0.63812992058821,-0.4664264073758304,0.014571180176014,0.23131031432668447
2018-10-12,GOOGL,55.48995089881344,55.79673221647407,54.270266967598985,55.5345573425293,49370000,0.02732072194185098,57.37687606811524,58.04524936676025,56.68511207950314,57.71307238207679,35.90316219890791,-1.1571717765852014,-0.7419382917876084,-0.41523348479759303,0.016160203828467154,0.25653528279742793
2018-10-15,GOOGL,55.408677799683794,55.5970064651996,54.42836824178441,54.63751602172851,30074000,-0.016152849031783267,56.85108871459961,57.903035163879395,56.312821887180476,57.42016225251981,32.65984787208308,-1.2567664154652647,-0.8449039165231397,-0.411862498942125,0.016192669406711067,0.25705065787464776
2018-10-16,GOOGL,55.18467307835722,56.31911463094881,55.0989350633817,56.15605926513672,38378000,0.027793050526021545,56.48156585693359,57.81870861053467,56.28431959226343,57.29977149181666,42.18169291199142,-1.199336926048531,-0.915790518428218,-0.2835464076203129,0.01746483055299245,0.2772455899986042
2018-10-17,GOOGL,56.49900558528583,56.845927791324584,55.21043252992528,55.88396072387695,35652000,-0.004845399495984393,56.065554809570315,57.703034019470216,56.21152707073861,57.164932371060495,41.061317348578875,-1.1623805210954714,-0.9651085189616687,-0.1972720021338027,0.01739016627078052,0.2760603312632927
2018-10-18,GOOGL,56.00339925031233,56.11986679903433,53.83958782794852,54.41300201416016,46152000,-0.02632166171944772,55.67323226928711,57.47094192504883,55.88452251499707,56.902843765641414,35.562263530009446,-1.237521006638481,-1.0195910164970312,-0.21792999014144976,0.017745247994087703,0.28169707887314305
2018-10-19,GOOGL,54.700456026237575,55.55487911648252,54.36939203447995,54.77330780029297,41286000,0.006621685494195617,55.362734985351565,57.30506267547607,55.68248347595996,56.70003081656061,37.7609997824039,-1.25354661201186,-1.066382135599997,-0.18716447641186296,0.01764353978422821,0.2800825110956523
2018-10-22,GOOGL,55.136591608320536,55.59155696560373,54.516589575483515,55.08009338378906,27116000,0.005601005230771339,55.141943359375,57.1360860824585,55.57295800465616,56.54575106105856,39.64926847886932,-1.2273439302219487,-1.0985744945243874,-0.12876943569756127,0.017623977824955984,0.2797719746193034
2018-10-23,GOOGL,54.084915522979806,55.40868002337412,53.47631372196218,55.25553512573242,37686000,0.003185211410607236,54.991973114013675,56.94037132263183,55.515244753942746,56.422873352932264,40.75621502514457,-1.1788325855281343,-1.114626112725137,-0.0642064728029974,0.017334782657812846,0.2751811436635684
2018-10-24,GOOGL,55.25999456332015,55.34028389764265,52.28933456741099,52.39142990112305,49286000,-0.0518338157089997,54.81831245422363,56.601030349731445,54.947278417066435,56.03892635752186,30.818330581377168,-1.3558667626111927,-1.1628742427023482,-0.19299251990884447,0.020417856771808553,0.3241234279388491
2018-10-25,GOOGL,53.54024537331576,55.399756102645775,53.30483358822123,54.69451141357422,72956000,0.04395912684188463,54.88199729919434,56.343885612487796,54.90132078006785,55.910886839050654,42.8796766344853,-1.295395677992282,-1.189378529760335,-0.10601714823194697,0.023011155103324504,0.3652907627023887
2018-10-26,GOOGL,51.95579712615013,55.35911755170512,51.65347755213339,53.71123123168945,106438000,-0.01797767557423935,54.69966468811035,56.03827037811279,54.684940862180866,55.70139582882578,39.697525265895294,-1.3116940087917257,-1.2138416255666131,-0.09785238322511258,0.02319030854280707,0.3681347353867451
2018-10-29,GOOGL,54.34510918744356,54.95421010383415,49.91737188987562,51.28177261352539,81290000,-0.045231854911020775,54.36409034729004,55.60758953094482,54.06618299878896,55.280479332130504,33.151352192391926,-1.5033182431030525,-1.271736949073901,-0.2315812940291515,0.024793324098408002,0.3935818184340737
2018-10-30,GOOGL,50.55223663950661,52.08315988988406,50.252892879333544,52.0142707824707,59768000,0.014283791913076715,53.949911499023436,55.215738677978514,53.69310805036746,54.96941185121052,36.54874666155338,-1.5778864560168202,-1.332966850462485,-0.24491960555433523,0.025230664609491735,0.40052438381756233
2018-10-31,GOOGL,52.940564118102536,54.913075103966314,52.940564118102536,54.04972839355469,70916000,0.03913267609953608,53.766488265991214,54.916021537780765,53.75794811276513,54.88182295048139,44.92497075001245,-1.4559545460933592,-1.35756438958866,-0.09839015650469918,0.02717584388939204,0.43140314759787385
2018-11-01,GOOGL,54.09036865507806,54.51163245458862,53.41733572962472,53.82175064086914,40132000,-0.0042179259630236166,53.70736312866211,54.69029769897461,53.7695485724204,54.78086368289927,44.2208450290695,-1.3620180323095212,-1.3584551181328324,-0.0035629141766888583,0.026604783755550625,0.42233784901102794
2018-11-02,GOOGL,53.97141943951681,54.41746497825697,52.91379636869127,53.103614807128906,43438000,-0.013342855354744332,53.5403938293457,54.451564407348634,53.64846970600376,54.621125694730665,41.98835230891538,-1.3301866645742848,-1.3528014274211229,0.022614762846838055,0.026678333188635668,0.42350541006510484
2018-11-05,GOOGL,53.15515738482531,53.19579738468106,51.24559163053158,52.322540283203125,45358000,-0.014708500104232525,53.26463851928711,54.203290939331055,53.40739162913091,54.40221279839471,39.6440603344952,-1.352396675641046,-1.3527204770651076,0.0003238014240616316,0.026752834061848786,0.4246880747629792
2018-11-06,GOOGL,52.28736184308262,53.51646493351104,52.21748205444669,53.00846862792969,28660000,0.013109614728449293,53.03993186950684,54.01595249176025,53.33486017436705,54.26947525835042,42.671161738922116,-1.2996678229015899,-1.342109946232404,0.0424421233308141,0.026995353814899127,0.42853795649053117
2018-11-07,GOOGL,53.69833871624577,55.00871775141031,53.55461272403204,54.92496109008789,43388000,0.036154458179318505,53.29328498840332,54.05579872131348,53.62396943177084,54.33190248042065,50.188282383448,-1.0906624247950845,-1.2918204419449402,0.2011580171498557,0.026333337116509436,0.41802876720426413
2018-11-08,GOOGL,54.87837350482619,54.923966830461545,53.74145186342322,54.25043869018555,33694000,-0.012280798866584397,53.248877716064456,54.0654375076294,53.737872933300785,54.32414402420778,47.812045941677134,-0.9682906100338116,-1.2271144755627146,0.258823865528903,0.02649911384670553,0.420660391211826
2018-11-09,GOOGL,53.724615435100866,53.939211902432895,52.74530021774066,53.37769317626953,34860000,-0.016087344821303806,53.215523910522464,53.957594299316405,53.672385704749644,54.23400584821366,44.85298057403685,-0.9310013305186118,-1.167891846553894,0.23689051603528233,0.025959999668320268,0.41210221894616816
2018-11-12,GOOGL,53.18490466787691,53.232978452738934,51.56031020813881,52.0068473815918,34002000,-0.02568199772423252,53.2880313873291,53.82606086730957,53.369560555084576,54.021895518059196,40.60234377857179,-1.000531601351149,-1.1344197975133452,0.13388819616219627,0.026324914753713003,0.4178950663397986
2018-11-13,GOOGL,52.2769508618454,52.86473734212154,51.56278259363126,51.93795394897461,25750000,-0.001324699267227114,53.28039970397949,53.61515560150146,53.10926844488276,53.823424892432094,40.39515517025798,-1.0491005876383994,-1.117355955538356,0.06825536789995668,0.02537054781157566,0.40274496080941913
2018-11-14,GOOGL,52.53416671302797,52.82112338828887,51.597968244023455,52.26554870605469,34666000,0.006307425151978796,53.101981735229494,53.43423500061035,52.95586485600492,53.67505573182472,41.91303454611953,-1.0490647348754365,-1.1036977114057722,0.05463297653033572,0.025463907080959598,0.40422699326565464
2018-11-15,GOOGL,52.11092309230952,53.469376054780525,51.606889506378266,53.08181381225586,41584000,0.01561765113749991,53.027988052368165,53.367675590515134,52.978764666232365,53.61855650138959,45.62844200372299,-0.9719663262630434,-1.0773514343772266,0.10538510811418322,0.02517027888120868,0.39956579009891546
2018-11-16,GOOGL,52.7933663223199,53.15069808752869,52.281403671972924,52.94403076171875,35366000,-0.0025956733698745404,53.01202964782715,53.276211738586426,52.972449410866254,53.55431595475427,45.10400644864554,-0.9114762913387651,-1.0441764057695344,0.13270011443076934,0.02510892956414974,0.3985918998826658
2018-11-19,GOOGL,52.70217568640388,52.930652807571775,50.69398562461438,50.91948318481445,45684000,-0.0382393925769654,52.87172393798828,53.0681812286377,52.59918282431138,53.30337950047429,38.16308895225759,-1.0151989904378809,-1.0383809227032037,0.023181932265322835,0.026348907499380955,0.41827593936964075
2018-11-20,GOOGL,49.92183335408963,51.41162530025383,49.670067994578666,51.06965637207031,54458000,0.002949228426195827,52.677842712402345,52.85888729095459,52.32108710572209,53.09064396443582,38.91400691751933,-1.072914366641136,-1.0452876114907903,-0.02762675515034574,0.02634576714554169,0.41822608779791604
2018-11-21,GOOGL,51.80612344190846,52.27199369417608,51.516194757625584,51.71295166015625,29698000,0.012596428756034284,52.35664176940918,52.82496337890625,52.21051702471012,52.95943517355205,42.154541290326264,-1.0545890188431954,-1.0471478929612714,-0.007441125881924027,0.023969503819185868,0.38050407693107235
2018-11-23,GOOGL,51.22081112953466,51.691638471206154,50.97399912574194,51.05230712890625,14178000,-0.012775223808371594,52.03682861328125,52.64285316467285,51.99993340729123,52.777803931204836,39.81839059659994,-1.080914432390756,-1.0539012008471684,-0.02701323154358759,0.02169534542099368,0.34440293154955914
2018-11-26,GOOGL,51.74119770138357,52.38548236782315,51.53155458783973,52.332950592041016,31558000,0.025084928285437957,51.9323543548584,52.57393913269043,52.06048198633664,52.73543694652257,46.05891698174939,-0.9870620507048358,-1.040533370818702,0.05347132011386613,0.022282110780163875,0.35371754285943013
2018-11-27,GOOGL,52.104977734935865,52.86920114576592,51.81554437238424,52.15156173706055,33048000,-0.0034660544251455816,51.94682579040527,52.617428588867185,52.07704194101371,52.67982978371666,45.34174599562807,-0.916752178263252,-1.015777132307612,0.09902495404435996,0.019736398486786405,0.31330561303265003
2018-11-28,GOOGL,52.408282980563826,54.16272632477953,51.68915764114635,54.10969543457031,46042000,0.037546980997085866,52.16399993896484,52.72219982147217,52.446615303478545,52.81600746475034,53.71943226607724,-0.6950143800730544,-0.9516245818607004,0.25661020178764604,0.02119079642093837,0.33639346447920315
2018-11-29,GOOGL,53.7003250046818,54.524022368221154,53.62449744650469,54.24797058105469,31004000,0.002555459707799912,52.36224212646484,52.73211193084717,52.774134444856024,52.95238490439838,54.2526696181432,-0.5023372970982365,-0.8617671249082077,0.35942982780997124,0.019331386705025332,0.30687625031710425
2018-11-30,GOOGL,54.30001120644811,54.99484634399414,53.68298117891005,54.99484634399414,59668000,0.013767810204503572,52.55354537963867,52.79076671600342,53.177900244699316,53.146905041502734,57.12611933965691,-0.28607499405330117,-0.7466286987372265,0.4605537046839253,0.019524589470725974,0.3099432491410269
2018-12-03,GOOGL,56.11046144473248,56.25121168131936,55.09793621629191,55.3274040222168,57532000,0.006047069868010846,52.79188270568848,52.901956176757814,53.56871911333886,53.35457161109455,58.37968337333361,-0.08684978521055342,-0.6146729160318919,0.5278231308213385,0.0192406926548987,0.3054365269049345
2018-12-04,GOOGL,55.160381048236346,55.222331716328064,52.57282521063844,52.65658187866211,45630000,-0.0482730428212792,52.965592575073245,52.91865825653076,53.40287597976126,53.28809639848193,46.596347087944324,-0.14282895457503741,-0.520304123740521,0.3774751691654836,0.022053905836247452,0.35009490168208035
2018-12-06,GOOGL,51.79075970534888,53.4966340062969,51.66586770011712,53.43022155761719,47436000,0.014692174299079985,53.20164909362793,52.93974590301514,53.40784790300779,53.301632127923384,49.75962850589668,-0.12334475157273062,-0.440912249306963,0.3175674977342324,0.022104120129176705,0.3508920288701909
2018-12-07,GOOGL,53.140293289083,53.774667544723464,51.511732533849006,51.86906433105469,42682000,-0.029218617873014163,53.21726036071777,52.78695106506348,53.12806907174359,53.16519709965017,44.08485105398606,-0.2312104709796401,-0.39897189364149843,0.16776142266185834,0.02139661945624815,0.339660803872312
2018-12-10,GOOGL,51.68866228487641,52.51434095626558,51.19603272852635,52.196163177490234,33652000,0.006306241507420207,53.33164596557617,52.68423728942871,52.95863163642479,53.07290815468256,45.487612939554424,-0.2869924175687757,-0.3765759984269539,0.08958358085817819,0.021359413085420262,0.339070171045925
2018-12-11,GOOGL,52.87812264713939,53.04960244821269,52.04352409160802,52.61594772338867,33852000,0.008042440676548912,53.359945678710936,52.64615001678467,52.89632547041822,53.02938811360695,47.31436175225368,-0.2939385667328196,-0.36004851208812705,0.06610994535530745,0.02118531415616105,0.33630643622386996
2018-12-12,GOOGL,53.380657454034214,54.10671742684411,53.127402351134194,53.214630126953125,28960000,0.01137834495943757,53.4662525177002,52.706539154052734,52.954199044333656,53.047030210116105,49.89326172488755,-0.24827283867976035,-0.3376933774064537,0.08942053872669337,0.02047597740281648,0.32504606435298383
2018-12-13,GOOGL,53.310785727715775,53.94268335710161,52.78147877719862,53.20521926879883,24986000,-0.0001768471965669649,53.37580490112305,52.76990242004395,52.9998390851455,53.062095834752554,49.85195299460416,-0.21041625024389532,-0.31223795197394205,0.10182170173004673,0.020469693630356323,0.32494631255763445
2018-12-14,GOOGL,52.53516262296943,53.115020028595445,52.00734166644957,52.123313903808594,36358000,-0.020334572056254996,53.16333923339844,52.76279067993164,52.840470870356974,52.97268803180551,45.2169894411417,-0.26466446505554586,-0.30272325459026284,0.038058789534716975,0.020994197582839515,0.33327255467728023
2018-12-17,GOOGL,51.89037426011331,52.65212095785888,50.38472798120905,50.831764221191406,49932000,-0.024778733082871263,52.74703102111816,52.65028820037842,52.47525147959959,52.76879052603274,40.38932309335796,-0.40718011270870846,-0.323614626213952,-0.08356548649475648,0.02136023421899565,0.33908320613732684
2018-12-18,GOOGL,51.24559804419074,52.51880841115297,51.07114246659336,51.71196365356445,43640000,0.01731593317404667,52.38548698425293,52.5886848449707,52.33647187486593,52.668140347702426,44.720947986848245,-0.4439821028720701,-0.3476881215455756,-0.09629398132649447,0.02178803541446963,0.34587433958012853
2018-12-19,GOOGL,51.90425553350229,53.31276748688265,50.523501142395304,51.31795501708984,58264000,-0.007619293653480463,52.251624298095706,52.608608436584475,52.15128699163391,52.53955126859647,43.207406509260935,-0.49918683422456667,-0.37798786408137386,-0.12119897014319281,0.020035086943176933,0.3180471452832206
2018-12-20,GOOGL,50.84911046456175,51.91169077294847,49.950084617756865,50.72917556762695,53674000,-0.01147316663859288,51.98151969909668,52.59158439636231,51.892721278178094,52.3671345351708,40.975679472042465,-0.5837178267316858,-0.41913385661143626,-0.16458397012024956,0.020204237976375116,0.32073233469033274
2018-12-21,GOOGL,51.14846003325515,51.42748384212213,48.628307069780966,49.12688446044922,104656000,-0.03158519903485768,51.707301712036134,52.46228103637695,51.38984185677284,52.05853928995922,35.58845067878504,-0.7711118513285768,-0.48952945555486443,-0.2815823957737124,0.02113251075404307,0.33546820820157613
2018-12-24,GOOGL,48.78342561832322,50.16120789199509,48.45335227237143,48.80077362060547,36360000,-0.006638133955070846,51.36776275634766,52.349704360961915,50.919102177469675,51.74827589287791,34.59162611698741,-0.9351574720535183,-0.5786550588545952,-0.35650241319892306,0.02101737918753249,0.33364055124333436
2018-12-26,GOOGL,49.46091860571116,51.96174194605953,49.19626326965174,51.9320068359375,46318000,0.06416359789038073,51.299368667602536,52.32965717315674,51.10326666082746,51.765774077931205,49.281312366604254,-0.80324119222972,-0.6235722855296202,-0.17966890670009983,0.025093272883196006,0.39834335777770424
2018-12-27,GOOGL,50.859019993855526,52.20409130797924,49.90745489277842,52.18228530883789,45996000,0.0048193491480323924,51.19613418579102,52.331193351745604,51.29945186955663,51.80544181420803,50.243200071575885,-0.6707690014557244,-0.6330116287148411,-0.03775737274088331,0.025102948764131612,0.3984969576257308
2018-12-28,GOOGL,52.50938452237577,52.74380563761929,51.64207517305085,51.874019622802734,34398000,-0.005907477685400342,51.06301422119141,52.21940956115723,51.403918733783186,51.81197303407419,49.01029384976497,-0.58392715171302,-0.623194733314477,0.039267581601456936,0.023544046456325844,0.3737501506775384
2018-12-31,GOOGL,52.42662567925508,52.682361277319465,51.19802171272543,51.78878402709961,33110000,-0.001643126873970946,51.02956123352051,52.09645023345947,51.4738942416589,51.809764557219474,48.65477817967306,-0.5160336457118575,-0.6017625157939531,0.08572887008209562,0.023521444473130645,0.3733913553175102
2019-01-02,GOOGL,50.908587439587016,52.57332655771862,50.81343053702723,52.270511627197266,31868000,0.009301774682440644,51.17343597412109,51.960233497619626,51.618733766302235,51.85364523055069,50.825846767742185,-0.4185315900540161,-0.5651163306459658,0.1465847405919497,0.023384114689455688,0.3712113125862728
2019-01-03,GOOGL,52.071769274946,52.84441709717071,50.66920519192251,50.82284164428711,41960000,-0.027695730113284522,51.08452377319336,51.735005378723145,51.47402610775403,51.75547346043035,44.70784039976162,-0.45285514519750336,-0.5426640935562733,0.08980894835876996,0.02396189205278349,0.3803832438854407
2019-01-04,GOOGL,51.66982611745576,53.52537405136797,51.387331238986945,53.42972183227539,46022000,0.05129347560362785,51.29570045471191,51.773662376403806,51.82960714857609,51.91492568632036,55.17212688962237,-0.2666298227473476,-0.4874572393944882,0.22082741664714062,0.024606519070429465,0.3906163805479477
2019-01-07,GOOGL,53.57345286950523,53.65919087290687,52.6650081503317,53.32317352294922,47446000,-0.0019941767554142453,51.55510025024414,51.76830997467041,52.10116467118938,52.04904452790406,54.716328078642086,-0.12618785607028826,-0.41520336272964825,0.28901550665936,0.02440028808053351,0.3873425650765514
2019-01-08,GOOGL,53.822744092306515,54.187014353029106,52.94800088966492,53.79152297973633,35414000,0.008783225487986712,52.02156410217285,51.864432907104494,52.40850254547064,52.21499485664999,56.420614957644325,0.02264427227874677,-0.3276338357279693,0.35027810800671605,0.023451858589354998,0.3722867136581242
2019-01-09,GOOGL,53.92136614202723,54.10226102894677,53.246348142659265,53.60715103149414,26998000,-0.003427527945465303,52.502201843261716,51.93498229980469,52.626438633838546,52.347581159016094,55.53453339533653,0.12428485249552068,-0.2372500980832713,0.361534950578792,0.02346049000501216,0.3724237331338719
2019-01-10,GOOGL,53.274605323618616,53.51596489702843,52.76611372955683,53.4673957824707,26598000,-0.002607026233148124,52.65574073791504,51.97755470275879,52.779339933589846,52.45423017077368,54.83158307033687,0.19135286724473843,-0.15152950501766937,0.3428823722624078,0.023427192298693243,0.3718951484329796
2019-01-11,GOOGL,53.02481631945216,53.196791439584736,52.35723584014416,52.75570297241211,30864000,-0.013310781264793237,52.713082504272464,51.95460834503174,52.7750423042848,52.48294186616781,51.2723696385548,0.18494515757355146,-0.08423457249942522,0.2691797300729767,0.023505144359553993,0.3731325990363147
2019-01-14,GOOGL,52.20409844201894,52.45735358508798,51.966705303267354,52.1134033203125,28490000,-0.012174980445914807,52.737020874023436,51.90001754760742,52.654744307198925,52.447747718943496,48.22961565480355,0.12657965601042065,-0.04207172679745605,0.1686513828078767,0.02365778926141672,0.37555576173169847
2019-01-15,GOOGL,52.43554412141433,53.93524643013607,52.258611888034565,53.848018646240234,37518000,0.03328539714180634,52.9429443359375,51.986252784729004,52.871703277933705,52.581106854876516,55.84981232144364,0.21778306789667568,0.009899232141370295,0.2078838357553054,0.02435264494505646,0.38658625374764166
2019-01-16,GOOGL,54.02098291892573,54.63355115915483,53.922358694920945,53.99669647216797,38280000,0.0027610640031991984,53.11556282043457,52.14449939727783,53.07624749506721,52.71592491366618,56.44162486747963,0.2986172135465637,0.06764282842240897,0.2309743851241547,0.023529090433376254,0.37351273117357525
2019-01-17,GOOGL,53.921368442386935,54.55128090841665,53.68694354161793,54.47297668457031,24896000,0.00882054354284123,53.48057632446289,52.28255004882813,53.33019825679504,52.88326317756181,58.366893991643366,0.3965396270702044,0.13342218815196807,0.26311743891823636,0.023338319011699738,0.3704843287394895
2019-01-18,GOOGL,54.94231563947383,55.40868122487252,54.48090716644396,54.87838363647461,44892000,0.007442349887575084,53.62544250488281,52.460571479797366,53.61168650764587,53.07327464983922,59.988042892676724,0.5010806523238855,0.2069538809863516,0.29412677133753395,0.023225188025958934,0.3686884300164149
2019-01-22,GOOGL,54.31834766794679,54.46554479169045,53.07388180032208,53.457481384277344,39632000,-0.025891838608250728,53.63887329101563,52.59698677062988,53.583649212487956,53.109865767404756,52.30111610083743,0.46392736535506174,0.25834857786009363,0.2055787874949681,0.023931106020676295,0.37989453077658014
2019-01-23,GOOGL,53.86535933176128,54.16718355200719,52.90934000933146,53.74393844604492,25194000,0.005358596296529461,53.634114837646486,52.82783946990967,53.61279270949831,53.17025364156096,53.59221325010027,0.4523830187785478,0.2971554660437845,0.1552275527347633,0.022513844373368588,0.3573961996076646
2019-01-24,GOOGL,53.649778951310104,53.921868095896,53.03076754521757,53.72362518310547,29114000,-0.0003779637951142334,53.645762252807614,53.073982048034665,53.63294406833597,53.222955693136626,53.481662817290406,0.4365625095308019,0.32503687474118803,0.11152563478961386,0.022390553893301614,0.3554390239119907
2019-01-25,GOOGL,54.23062393672968,54.68311263158913,54.11019370892404,54.591426849365234,23260000,0.0161530734998252,53.75816535949707,53.206953048706055,53.807213664886746,53.35328627944411,57.51377300931792,0.488418796066469,0.35771325900624423,0.13070553706022475,0.017828134775679124,0.2830128657395356
2019-01-28,GOOGL,54.024455162568955,54.18800205710422,53.258246677265326,53.51844024658203,29334000,-0.01965485543625578,53.83443908691406,53.27376079559326,53.75470940701316,53.369015228695346,51.56261295791619,0.43788654175055086,0.37374791555510556,0.0641386261954453,0.01849868805613059,0.2936575690648943
2019-01-29,GOOGL,53.57691983324791,53.759799844010175,52.83252112922512,53.032745361328125,19704000,-0.009075281024934712,53.92637329101562,53.33169708251953,53.6234432168886,53.336989527041325,49.08663406397581,0.354560693058275,0.3699104710557395,-0.015349777997464509,0.018578172109297898,0.29491933929215114
2019-01-30,GOOGL,53.39453378878516,54.49279685136186,53.35885090214643,54.416969299316406,29452000,0.02610130643920372,53.983268356323244,53.463106346130374,53.76772068642093,53.439844743448475,55.626426105027086,0.3956587531752618,0.37506012747964396,0.020598625695617823,0.019368436239030576,0.3074643934361165
2019-01-31,GOOGL,55.12321661159004,55.887935409736386,54.77678966410398,55.79971694946289,40232000,0.02541022897730283,54.163570404052734,53.639566612243655,54.137174552428554,53.66459447735461,61.01366022074684,0.5336538122167767,0.4067788644270705,0.12687494778970615,0.019984536010077752,0.31724467409808443
2019-02-01,GOOGL,55.62129291519569,56.2214740701124,55.22282955760962,55.43940734863281,33116000,-0.006457194059898308,54.260213470458986,53.87039489746094,54.373944151738414,53.833624274619204,59.00347256554648,0.6069454280695084,0.4468121771555581,0.16013325091395025,0.018769195469277068,0.29795174112280426
2019-02-04,GOOGL,55.458738999859754,56.61498646067175,55.38439743543495,56.56938934326172,78408000,0.02038228849603274,54.429314041137694,54.02737827301026,54.77311600474265,54.09417332877563,63.10850123053288,0.7475918910234469,0.5069681199291359,0.240623771094311,0.015743949062878876,0.2499274432466755
2019-02-05,GOOGL,55.985062161658846,57.13189434757592,55.68621372843198,57.08728790283203,82296000,0.009155102531295034,54.79229469299317,54.2155839920044,55.19387453166799,54.379231859638146,64.84591318824607,0.8905792682775981,0.5836903495988284,0.3068889186787698,0.01575607293143917,0.25011990369350695
2019-02-06,GOOGL,56.95843868754115,57.19285981317814,55.42652081207824,55.651031494140625,48256000,-0.025158953270578377,54.98300399780273,54.30855941772461,55.276993979390284,54.500355634352665,56.84982462100556,0.8778842034013081,0.6425291203593244,0.23535508304198371,0.016944081364711486,0.2689789529128231
2019-02-07,GOOGL,55.1023946988788,55.11081914301035,54.198907096289624,54.80949401855469,38298000,-0.01512168692999949,55.091590881347656,54.368676567077635,55.19199398651108,54.529797385229045,52.745808100150775,0.7908023544811016,0.6721837671836799,0.1186185872974217,0.01733261690776038,0.2751467634473239
2019-02-08,GOOGL,54.26283655557469,54.769346782323446,54.23112011299676,54.63454055786133,21766000,-0.003192028385340162,55.09590225219726,54.42703380584717,55.09063881766567,54.53977292547974,51.90685354756951,0.6996074406053339,0.6776685018680108,0.02193893873732311,0.01733996407192625,0.27526339606267064
2019-02-11,GOOGL,54.702439178816235,55.18218629544978,54.51658717707621,54.62165451049805,18498000,-0.00023585898648925685,55.20622367858887,54.520331382751465,55.00536894363519,54.547571171671954,51.841448768393455,0.619157752843428,0.6659663520630943,-0.04680859921966629,0.01700645366128481,0.26996908242542095
2019-02-12,GOOGL,55.06224418779155,56.14514435484523,55.06224418779155,55.88346481323242,35036000,0.023100916917334624,55.491295623779294,54.70883445739746,55.16502273810741,54.674799137534855,57.4899752228634,0.6497286740134101,0.6627188164531574,-0.012990142439747387,0.017299200795413115,0.27461629910900315
2019-02-13,GOOGL,56.15406397615929,56.640254172483175,55.805156661249065,55.93550109863281,28042000,0.0009311571065662161,55.643148803710936,54.81320858001709,55.30510971274839,54.79486599097275,57.710264634188235,0.670426977765274,0.6642604487155808,0.006166529049693281,0.015831597117240977,0.25131881297512026
2019-02-14,GOOGL,55.755603216750615,56.30721147033604,55.36357919397051,55.9637565612793,21106000,0.0005051436402914167,55.65955276489258,54.91156158447266,55.42486368520855,54.90618890243052,57.83802731207175,0.6812574010553121,0.6676598391835271,0.013597561871784958,0.015834094678164,0.2513584605256396
2019-02-15,GOOGL,56.46432100885061,56.46432100885061,55.34524245929537,55.489463806152344,27826000,-0.008474998539592549,55.66455841064453,54.962385940551755,55.43660916174378,54.96173889326117,54.84288094400184,0.6441438388244975,0.6629566391117212,-0.018812800287223652,0.01590891798615754,0.25254624371697215
2019-02-19,GOOGL,55.341278267413735,55.98556297395831,55.341278267413735,55.830440521240234,21980000,0.006144891150490439,55.590663528442384,55.00998878479004,55.50821486347041,55.04447238164013,56.58357155934708,0.634926012766627,0.6573505138427024,-0.02242450107607541,0.01588408393770913,0.2521520154195236
2019-02-20,GOOGL,55.94789489522291,56.04949489564427,55.09892423297482,55.53703689575195,24090000,-0.005255262590605159,55.435638427734375,55.11396656036377,55.51345523297614,55.09138328774601,54.6320719466132,0.597063027779015,0.645293016629965,-0.04822998885094998,0.014670528067633911,0.23288741321371378
2019-02-21,GOOGL,55.44733231443277,55.465670982122504,54.41647232015398,54.72523498535156,33272000,-0.014617306860000734,55.34305877685547,55.1630313873291,55.37014246068076,55.0565120208513,49.54096892399134,0.4958350321268199,0.6154014197293359,-0.11956638760251603,0.015104274462618725,0.23977292377291745
2019-02-22,GOOGL,54.99732699877996,55.37150768160095,54.54137097842151,55.337310791015625,29436000,0.011184525855903571,55.39584045410156,55.24371566772461,55.36417306619619,55.08325476086695,53.09045336429472,0.4597013672428716,0.5842614092320431,-0.12456004198917148,0.01526861329951097,0.24238172193191637
2019-02-25,GOOGL,55.60345485849227,55.775429986057915,55.21589260034126,55.3754768371582,26208000,0.0006896982451263245,55.46993408203125,55.28291816711426,55.36622829728019,55.11108543479945,53.31099855760023,0.42919733869567267,0.553248595124769,-0.12405125642909631,0.014878969802661868,0.23619632317609857
2019-02-26,GOOGL,55.228771787399616,55.82696780950887,54.848643329872075,55.60741424560547,35026000,0.004188449864356292,55.56851005554199,55.38736686706543,55.41008028788478,55.158354845352406,54.704693975131974,0.4189091627163606,0.5263807086430873,-0.1074715459267267,0.0140863571482215,0.2236139873581866
2019-02-27,GOOGL,55.21093368851873,55.791781723679335,54.940829672376765,55.651031494140625,22092000,0.0007843782906808983,55.545266723632814,55.51828117370606,55.453889598113115,55.20527643095129,54.97687700969253,0.40955417101780256,0.5030154011180303,-0.09346123010022778,0.013848497313613439,0.21983807954260332
2019-02-28,GOOGL,55.45823966941733,56.20115236463612,55.42899989136633,55.832420349121094,27422000,0.003259397896327787,55.53495864868164,55.58905372619629,55.522713371023656,55.26500442315793,56.15678267538312,0.4120272437764356,0.4848177696497114,-0.07279052587327578,0.012693662053092258,0.2015056381150781
2019-03-01,GOOGL,56.05296461528738,56.99461554133449,56.05296461528738,56.9212646484375,34086000,0.019502007838955393,55.63070945739746,55.64513111114502,55.77699542146254,55.42274349223218,62.508414837101775,0.4961287435324948,0.4870799644262681,0.009048779106226701,0.012162148300307752,0.1930681188654073
2019-03-04,GOOGL,57.22061413135729,57.76379794864619,56.41227962663273,57.16411590576172,35490000,0.004266441703713708,55.798174667358396,55.73136653900146,56.02919914588057,55.5885884839969,63.769141129583225,0.5757390930021984,0.5048117901414542,0.07092730286074422,0.012048890431439427,0.1912702059351268
2019-03-05,GOOGL,57.29197516228845,58.30747226410255,57.14428649875288,57.9456787109375,40094000,0.013672262621261089,56.009698486328126,55.800181007385255,56.37764997589092,55.81307326751505,67.55093149823229,0.6938976351021466,0.5426289591335927,0.15126867596855398,0.011582834611932588,0.1838717991621898
2019-03-06,GOOGL,58.073048813551395,58.220737471130526,57.64137550128369,57.73504638671875,23602000,-0.0036349962396590163,56.229499435424806,55.83256893157959,56.62444932331416,55.99611832648683,65.56467844361285,0.7617617475208149,0.5864555168110371,0.1753062307097778,0.011476961309590462,0.1821911125913193
2019-03-07,GOOGL,57.51500430906147,57.66765009649561,56.583759132984696,57.0367431640625,30086000,-0.012094962528979347,56.460650253295896,55.901854515075684,56.699411839813855,56.09522545387499,59.33561967916913,0.7505454902292925,0.6192735114946882,0.13127197873460428,0.010236914901909014,0.16250598613789452
2019-03-08,GOOGL,56.19669456823695,57.16560400797149,56.01331921369949,56.993133544921875,23694000,-0.0007645881710879321,56.62623252868652,56.011036491394044,56.75281578619713,56.180740510165165,58.95889440781452,0.7297257692833554,0.6413639630524217,0.0883618062309337,0.009503322644099322,0.15086057007057357
2019-03-11,GOOGL,57.093740121067434,58.47697496314685,57.07242945202631,58.44476318359375,30032000,0.025470254895314737,56.93316116333008,56.201547622680664,57.060442585723784,56.39636171715836,66.56794627459226,0.8208975742564206,0.6772706852932215,0.14362688896319908,0.010757826553793138,0.17077520225342196
2019-03-12,GOOGL,58.5954219125641,59.755631944132176,58.5954219125641,59.33634948730469,42220000,0.01525519576339418,57.3060546875,56.43728237152099,57.474243840556674,56.676360552410394,70.21993463319104,0.9540972112207342,0.7326359904787241,0.22146122074201013,0.011034039481835907,0.17515994655243486
2019-03-13,GOOGL,59.76653498347926,59.825509870315194,59.36905853902243,59.42605209350586,25888000,0.0015117648284104224,57.683556747436526,56.61441173553467,57.82911806836562,56.93823593727663,70.56827864381779,1.0547387619157078,0.7970565447661209,0.25768221714958695,0.010105160226172201,0.16041444550147713
2019-03-14,GOOGL,59.42407352566446,59.70557776072939,59.037997286610825,59.10242462158203,27302000,-0.0054458854411968405,58.01055717468262,56.77275791168213,58.060628350768596,57.14434914530572,67.50056301285082,1.0957527282393187,0.8567957814607605,0.23895694677855817,0.010277209725163905,0.16314564662662898
2019-03-15,GOOGL,59.37351961649589,59.55788183348459,58.82884606559129,58.99190139770508,51886000,-0.0018700285916289916,58.217620849609375,56.92416515350342,58.22995072293886,57.320306502677084,66.43833641498455,1.1065822996281511,0.9067530850942387,0.19982921453391245,0.010318851577186582,0.1638066905341339
2019-03-18,GOOGL,58.961676295913904,59.2223652052095,58.55478470956412,58.90517807006836,24442000,-0.0014700887000074214,58.39172706604004,57.09495086669922,58.352719331507856,57.47124665195244,65.5664527571438,1.0955382818492083,0.9445101244452326,0.15102815740397568,0.010034968106850894,0.15930018015115266
2019-03-19,GOOGL,59.06227983897908,59.64164564416971,58.950274057369434,59.59456253051758,29788000,0.01170329134102932,58.55661544799805,57.28315696716309,58.57850900405507,57.67346721181579,69.0441571271191,1.1293944267949882,0.9814869849151838,0.14790744187980442,0.010201114096154679,0.1619376659653243
2019-03-20,GOOGL,59.5420285063516,60.95896482575789,59.45232405589569,60.782527923583984,41508000,0.019934123896925504,58.86136360168457,57.545431518554686,58.97923971669669,57.96956823198419,73.9303734407786,1.2378157748256697,1.0327527428972811,0.2050630319283886,0.010632931557237598,0.16879255564812862
2019-03-21,GOOGL,60.46385278594522,61.278626591033266,60.29435433428484,61.26326370239258,28150000,0.007909111306015015,59.28401565551758,57.87233295440674,59.394516805005026,58.28325351488023,75.6082512614379,1.3470044056398436,1.0956030754457937,0.25140133019404987,0.00963947802681432,0.1530219697645338
2019-03-22,GOOGL,60.90246852521743,61.13936632523386,59.770008410537635,59.851783752441406,34422000,-0.02303958138449691,59.569880676269534,58.098056602478025,59.47765624999346,58.432637347028916,62.82329650488708,1.3046038849922894,1.1374032373550929,0.16720064763719655,0.01147758128015893,0.18220095431898534
2019-03-25,GOOGL,59.45083944772492,59.94049704768397,58.97704007041028,59.342796325683594,27576000,-0.008504131286430572,59.65968399047851,58.2964225769043,59.4531362637553,58.519319154519835,58.95209088604948,1.2159138375072018,1.1531053573855148,0.06280848012168705,0.01179645731857621,0.18726295449924296
2019-03-26,GOOGL,59.729856977123,59.85177697646782,58.56865632835753,58.9691047668457,30752000,-0.006297168013232879,59.622959518432616,58.46450710296631,59.36513053704446,58.56215587950325,56.2133201901232,1.1027606122767466,1.1430364083637612,-0.04027579608701459,0.011997034629457677,0.19044702059864968
2019-03-27,GOOGL,59.072195171422834,59.072195171422834,57.69986152973623,58.382808685302734,29428000,-0.009942428053827279,59.5186351776123,58.60109596252441,59.1865265640005,58.5450751943413,52.121978605567065,0.9547706701950176,1.1053832607300125,-0.15061259053499487,0.012336615746169425,0.195837703707167
2019-03-28,GOOGL,58.258414804745335,58.345143478843994,57.66021873912632,58.098331451416016,22402000,-0.0048726198737734094,59.418225860595705,58.71439151763916,58.98867290716696,58.50252817120556,50.21233582313167,0.8052502163429338,1.0453566518525967,-0.24010643550966293,0.012442817340733214,0.19752360175549274
2019-03-29,GOOGL,58.49034876294825,58.67818587535877,57.80641476822833,58.32729721069336,30890000,0.0039410040453367046,59.35176544189453,58.78469314575195,58.86842278053539,58.48583950829964,51.744775165368395,0.6971929957875744,0.9757239206395923,-0.2785309248520179,0.011762998544233896,0.1867318129227462
2019-04-01,GOOGL,58.85511374092362,59.482549508327345,58.79663418796879,59.422088623046875,27706000,0.01876979501379683,59.40345649719238,58.897591781616214,58.96908929735566,58.57500609065652,58.346515055494834,0.6919213488075897,0.9189634062731918,-0.22704205746560213,0.012386892777293112,0.19663582683323855
2019-04-02,GOOGL,59.47511852040384,59.76058919776436,59.038491841584154,59.74720764160156,18288000,0.0054713495618965435,59.41872100830078,58.98766822814942,59.11056535994582,58.68664433360367,60.092591558348055,0.7058414177671466,0.8763390085719829,-0.17049759080483629,0.012113285079783813,0.19229243928682302
2019-04-03,GOOGL,60.102063267327715,60.49359197451504,59.72441523156577,60.00839614868164,22180000,0.004371560067657709,59.34130783081055,59.10133571624756,59.27380732153414,58.81252545884919,61.48925019415716,0.7295392282829667,0.8469790525141797,-0.11743982423121302,0.012063318466946632,0.19149924389828243
2019-04-04,GOOGL,60.03217721312419,60.49110899110266,59.92066676957939,60.43659210205078,21022000,0.007135600696746014,59.258640670776366,59.271328163146975,59.485222736173526,58.96719847248743,63.73031156180841,0.7739501333344023,0.8323732686782243,-0.05842313534382193,0.011639533188777933,0.1847718611663342
2019-04-05,GOOGL,60.429159736999175,60.48318129422552,59.96973261519408,60.04010772705078,20012000,-0.006560336399023203,59.277473068237306,59.42367687225342,59.58611091633303,59.06938030625537,60.234977199114084,0.7682966742341364,0.8195579497894068,-0.05126127555527038,0.011808157745802851,0.18744869302329237
2019-04-08,GOOGL,60.02326194743682,60.164012178438526,59.70557948026321,59.88300704956055,21750000,-0.00261659552984872,59.331494140625,59.495589065551755,59.6400920314653,59.14686856752253,58.85751009817756,0.7425795605041188,0.8041622719323492,-0.06158271142823046,0.01055828663670458,0.16760760426994134
2019-04-09,GOOGL,59.56631910220037,59.82700424629346,59.39235885352696,59.60596466064453,19668000,-0.004626394073476092,59.39518013000488,59.50906982421875,59.63388705495243,59.190592004962724,56.40774700503861,0.6918681319929476,0.781703443944469,-0.08983531195152139,0.010098089594996158,0.16030220271125273
2019-04-10,GOOGL,59.72491328145135,59.91571864057137,59.50535969306198,59.79231262207031,15510000,0.0031263307705313714,59.53613052368164,59.52738285064697,59.662691703519315,59.247898730401545,57.683581132726694,0.6591177831364732,0.7571863117828699,-0.0980685286463967,0.010114935898297804,0.16056962948553427
2019-04-11,GOOGL,59.91372867849581,60.10404245821148,59.69764623453547,59.94792556762695,16998000,0.0026025577324668703,59.721089935302736,59.56965789794922,59.71455240608434,59.31456795299444,58.76879829436816,0.6383609324456216,0.7334212359154203,-0.09506030346979866,0.010031727035269623,0.15924872973484022
2019-04-12,GOOGL,60.24677696021811,60.61501364805489,60.13130384563559,60.59915542602539,24312000,0.01086325927431453,59.94827575683594,59.650020599365234,59.87538931880089,59.436909617092624,63.040554482385964,0.6667736343413182,0.7200917156005999,-0.053318081259281724,0.010257658199700072,0.16283527578185347
2019-04-15,GOOGL,60.66655768301395,60.92476993297739,60.194248081831006,60.7874870300293,23796000,0.0031078255576317826,60.08481559753418,59.744136047363284,60.04122526629696,59.565536037372304,64.19583538400903,0.6964593420224077,0.7153652408849616,-0.018905898862553894,0.010241425884217979,0.1625775957620433
2019-04-16,GOOGL,60.95945755130198,61.255829336431965,60.7136362107364,61.05411911010742,22622000,0.0043862987780101115,60.21550674438477,59.81711387634277,60.225387783353405,59.707305853823264,65.824568878202,0.7330503120691176,0.7189022551217928,0.014148056947324794,0.009990016119606867,0.15858658947603757
2019-04-17,GOOGL,61.306384043569125,61.707826972891674,61.103187803811146,61.462005615234375,30366000,0.006680736878561078,60.36086769104004,59.851087760925296,60.450227389149944,59.8744201168148,68.20720035594775,0.785902556109356,0.7323023153193056,0.053600240790050435,0.009084496037973615,0.14421190381697863
2019-04-18,GOOGL,61.70286688717368,61.749454667918044,61.42582443060691,61.52791976928711,24750000,0.0010724374089803312,60.470000457763675,59.86432056427002,60.64617145826579,60.03189627419311,68.58831716705377,0.8236129640868626,0.750564445072817,0.07304851901404552,0.008921978289867316,0.1416320145462376
2019-04-22,GOOGL,61.29002693191078,62.165760741296786,61.12647625838535,62.13701629638672,19084000,0.009899514389297703,60.679691314697266,59.97858219146728,60.917234156105955,60.2323838953544,71.9361840424486,0.8923611495462822,0.7789237859675101,0.1134373635787721,0.007286117406198653,0.11566352808012373
2019-04-23,GOOGL,62.279751130770016,63.1614327114639,62.04830201170659,62.97111892700195,31868000,0.01342360287524369,60.988502502441406,60.1599983215332,61.290667750814315,60.49321580313036,75.74808088130823,1.0025924317695925,0.8236575151279266,0.17893491664166583,0.007287877383043604,0.11569146684639356
2019-04-24,GOOGL,62.97112184100096,63.14012496632759,62.43686158073098,62.448753356933594,23396000,-0.008295319806432278,61.27278137207031,60.3339807510376,61.501228770108725,60.67945747492114,69.3912740652416,1.0358602292693604,0.8660980579562134,0.16976217131314697,0.007434218686792158,0.11801456302392739
2019-04-25,GOOGL,62.9567451492081,63.08064648305482,62.34715270413668,62.8100471496582,31344000,0.005785444437290677,61.5745548248291,60.55534267425537,61.73919574820863,60.88237077727705,71.19201368718376,1.0789412252569548,0.9086666914163617,0.1702745338405931,0.006810252741243174,0.1081094107129521
2019-04-26,GOOGL,63.10939566577657,63.38346613255993,62.69407963400979,63.30961990356445,27228000,0.007953707672212262,61.91072425842285,60.815907096862794,62.02472741281878,61.113537360733,73.51245359480198,1.1402504734191723,0.9549834478169239,0.1852670256022484,0.0065615230983368375,0.1041609500400317
2019-04-29,GOOGL,63.46275914712026,64.27853119264928,63.026627793364206,64.24036407470703,72368000,0.01470146515743287,62.274845123291016,61.11156044006348,62.427570442253,61.411330381111476,77.19759635776639,1.249537875535765,1.0138943333606922,0.23564354217507266,0.006957618022157007,0.11044876202405116
2019-04-30,GOOGL,59.0082650592432,59.52121466086454,58.63011791265546,59.421104431152344,133178000,-0.07501918323423928,62.13820686340332,61.11151123046875,61.880940258416516,61.221785052543936,43.47212012197238,0.9364797959357318,0.9984114258757002,-0.06193162993996837,0.018733082195623373,0.2973784606761077
2019-05-01,GOOGL,59.348745012660174,59.43547746773501,58.06909154217159,58.15037155151367,74340000,-0.02138521139591054,61.847832107543944,61.03166942596435,61.202655038979636,60.92926948101724,38.67438414250445,0.5791652326775107,0.9145621872360623,-0.33539695455855156,0.01928766936642258,0.30618225908155733
2019-05-02,GOOGL,58.11468664076694,58.45070777675976,57.40745681106529,57.812862396240234,45098000,-0.005804075645061801,61.48291778564453,60.92189273834229,60.58632910393611,60.63246880627658,37.49088700041032,0.265693944431419,0.7847885386751337,-0.5190945942437146,0.019268006783357477,0.30587012525201684
2019-05-03,GOOGL,58.35307144991088,59.046424401851816,58.161770768787754,58.95473861694336,41588000,0.019751248655997866,61.225599670410155,60.84780006408691,60.28967628811924,60.472684978721034,43.761314130557714,0.10815877102483284,0.6494625851450735,-0.5413038141202406,0.019771659075248624,0.31386535752156697
2019-05-06,GOOGL,58.08494666120773,59.246151168796715,58.04331599247697,59.14851760864258,31774000,0.0032869112177442705,60.926749801635744,60.8032205581665,60.08219289185075,60.34657380061832,44.773759537703235,-0.001040647788080662,0.5193619385584427,-0.5204025863465234,0.019749752211356095,0.3135175968383771
2019-05-07,GOOGL,58.7693876363109,59.21344816190138,57.73803210990946,58.42494201660156,36604000,-0.012233199094330072,60.4721321105957,60.73031730651856,59.78087455089635,60.16356124975958,41.7512490050111,-0.1443050186130037,0.38662854712415345,-0.5309335657371572,0.019918917892542406,0.31620301877509205
2019-05-08,GOOGL,58.347126174016815,58.69306155571075,57.868373445785245,58.02449035644531,25520000,-0.00685412165308541,60.02970581054687,60.65124359130859,59.461531970087066,59.95984021230108,40.136394174927275,-0.2868495439314529,0.2519329289130322,-0.5387824728444851,0.019946261391740414,0.3166370833682054
2019-05-09,GOOGL,57.619078200943854,58.18753532081739,57.22457374671118,57.885215759277344,29556000,-0.002400272648883317,59.537222671508786,60.55588874816895,59.174929022667115,59.762256931060726,39.563251836665934,-0.4063710111894352,0.12027214089253872,-0.5266431520819739,0.019922204348984052,0.3162551896537275
2019-05-10,GOOGL,57.9283361543902,58.297064381319565,56.81471013362452,57.86886215209961,31650000,-0.00028251785819966013,58.993146896362305,60.451935577392575,58.937462318927565,59.58193361877871,39.49194043953046,-0.49668673897337356,-0.0031196350806437373,-0.49356710389272984,0.019901950412048414,0.3159336683725174
2019-05-13,GOOGL,56.75870698729838,57.09224765690935,55.78038253011659,56.33000564575195,45626000,-0.026592133474181767,58.202111053466794,60.238478088378905,58.463379287441086,59.272226192776166,33.39255757788237,-0.6845444608036431,-0.13940460022524362,-0.5451398605783995,0.020425970663205718,0.32425223197166037
2019-05-14,GOOGL,56.61399290816184,56.74037091442283,55.68274773950584,55.74866485595703,40392000,-0.010320268622922901,57.83486709594727,59.98653697967529,57.96979484535307,58.93664892260291,31.4184127208691,-0.8703001239784811,-0.28558370497589114,-0.58471641900259,0.02042007661330233,0.3241586668301042
2019-05-15,GOOGL,55.63417649626703,58.39717855611781,55.57718294046831,58.02547454833984,59302000,0.04084061382035986,57.822377395629886,59.83510475158691,57.979918427714296,58.84987041076833,45.106200007679966,-0.8242913931820368,-0.3933252426171203,-0.4309661505649165,0.022716443841856813,0.3606123664639069
2019-05-16,GOOGL,58.07701671287002,59.18320897931862,57.90900804102215,58.70445251464844,35308000,0.011701377224290654,57.911536407470706,59.69722709655762,58.11165189806595,58.83602108732834,48.41279745244589,-0.7246875481723691,-0.4595977037281701,-0.26508984444419903,0.022848147525622677,0.3627030976278803
2019-05-17,GOOGL,58.27476431465895,58.793166334191085,57.8083987397392,57.92536163330078,25362000,-0.013271410395203853,57.80859870910645,59.5170991897583,58.077780940835915,58.74929161551619,45.05885716563833,-0.7005415000452686,-0.5077864629915898,-0.1927550370536788,0.02297015470407785,0.3646399015420227
2019-05-20,GOOGL,57.14329605896951,57.14329605896951,56.406826508372355,56.72996139526367,30602000,-0.02063690591359013,57.56674308776856,59.24674644470215,57.83272284164096,58.55697445168262,40.43062149479472,-0.7689998403014116,-0.5600291384535542,-0.20897070184785738,0.023099204913368428,0.36668851010456494
2019-05-21,GOOGL,57.21664960649212,57.39110518272423,56.66305999382111,57.21466827392578,20562000,0.008544107324257366,57.445715713500974,58.95892391204834,57.72034928387456,58.42913576808673,42.98775816291921,-0.7752056853347256,-0.6030644478297885,-0.17214123750493704,0.022927479796090083,0.3639624583794735
2019-05-22,GOOGL,57.056564083812255,57.677556750658695,57.04417319422699,57.284542083740234,18826000,0.0012212569245340088,57.37172088623047,58.700713348388675,57.64111161112286,58.320126845768016,43.36518629772706,-0.7656595826795112,-0.6355834747997331,-0.13007610787977808,0.022943892052817463,0.3642229948779975
2019-05-23,GOOGL,56.79984243398992,56.99709087925702,56.16001575727661,56.7636604309082,25214000,-0.009092883243626004,57.259565353393555,58.39839401245117,57.48157503290201,58.1718919491147,41.176780485000094,-0.7910067898544213,-0.6666681378106708,-0.1243386520437505,0.022849194791128857,0.3627197224523963
2019-05-24,GOOGL,57.09372869599101,57.21069157632018,56.33594852969968,56.43011474609375,18554000,-0.005876042564598838,57.11569061279297,58.05441875457764,57.290400435300505,58.00600840596985,39.791992525058376,-0.828459023439855,-0.6990263149365077,-0.12943270850334732,0.02265149712438067,0.35958136928643575
2019-05-28,GOOGL,56.57236026093217,57.316263612047834,56.43309225495322,56.477203369140625,20948000,0.0008344591050142292,57.13041038513184,57.666260719299316,57.14254642327143,57.86040792627183,40.098270383880205,-0.8446044556248182,-0.7281419430741698,-0.11646251255064843,0.022208952855110396,0.3525561968026801
2019-05-29,GOOGL,56.13721470312618,56.25120559403535,55.108835144160835,55.504825592041016,36230000,-0.017217172931599523,57.10602645874023,57.47044677734375,56.84477899941135,57.636066751583186,36.0230968238004,-0.9251974863574546,-0.7675530517308268,-0.1576444346266278,0.015538371283692285,0.2466639971738235
2019-05-30,GOOGL,55.515236489311384,55.84481452164873,55.30460268977048,55.57768249511719,18088000,0.0013126228629500858,56.86124725341797,57.34181232452393,56.614397816812414,57.44003015572928,36.54347267794396,-0.9719846664711653,-0.8084393746788945,-0.16354529179227084,0.014965460776901801,0.2375693248270419
2019-05-31,GOOGL,54.79611233825002,55.18069879925866,54.682616775197495,54.8387336730957,31582000,-0.013295783286509044,56.4746753692627,57.1931058883667,56.2915497906821,57.192287633573706,33.561752459024376,-1.0565120251092992,-0.8580539047649755,-0.19845812034432375,0.015154188250747994,0.24056528059521673
2019-06-03,GOOGL,52.87762624104899,52.881093573067986,50.900161794703344,51.48051452636719,96890000,-0.061238087056267765,55.830190658569336,56.81939468383789,55.4168161062612,56.64830924241118,23.98408766231377,-1.378589266230236,-0.9621609770580276,-0.4164282891722083,0.019174711799589524,0.30438911329829793
2019-06-04,GOOGL,51.76548017733963,52.45685173420947,51.346197732951325,52.261085510253906,60512000,0.015162454980649498,55.38330307006836,56.475023078918454,54.84304690698715,56.23047841077715,29.052153787542423,-1.5529507952744197,-1.080318940701306,-0.47263185457311363,0.019673670067403157,0.3123098302457046
2019-06-05,GOOGL,52.286363563329914,52.37606800920421,51.19603332376587,51.77291488647461,46988000,-0.009340996632829501,54.839127731323245,56.14242172241211,54.284841085075776,55.805948551319766,27.80366752276548,-1.7108037718324667,-1.2064159069275382,-0.5043878649049285,0.019635916744925982,0.3117105148310584
2019-06-06,GOOGL,51.8507330384131,52.03856639384848,51.32043541783683,51.92755126953125,29020000,0.002986820104599497,54.303428649902344,55.8375747680664,53.85624293679495,55.43657738162562,28.84676479685932,-1.8026457511502585,-1.3256618757720824,-0.4769838753781761,0.019732232624356572,0.31323948201673735
2019-06-07,GOOGL,52.25068359643469,53.19976833285925,52.09555736130382,52.94898986816406,43828000,0.019670455734201786,53.92196159362793,55.59076347351074,53.691287833407515,55.19966428510547,35.47811531563711,-1.7725764649567424,-1.4150447936090145,-0.3575316713477279,0.02050768654755651,0.32554943142059584
2019-06-10,GOOGL,53.37669591083266,54.26085796278407,53.29145324063986,53.662166595458984,28510000,0.01346912809990597,53.64516677856445,55.38042869567871,53.68599306287142,55.05323593371057,39.70352512721975,-1.6719260150214126,-1.4664210378914941,-0.20550497712991844,0.02087476305492,0.3313765903243036
2019-06-11,GOOGL,54.36741457439039,54.71533128326021,53.50407158605047,53.57692337036133,33508000,-0.001588516277031382,53.35513877868652,55.24277458190918,53.66616220968776,54.91263473720112,39.37163628701692,-1.580815566333186,-1.4892999435798326,-0.09151562275335334,0.020159043156853098,0.3200148891723105
2019-06-12,GOOGL,53.522903743541775,53.65027241899154,53.00995036632593,53.48077774047851,23670000,-0.0017945343598435581,53.152733993530276,55.129380226135254,53.632455942558806,54.77626740417992,38.97589258579385,-1.4990874808121717,-1.4912574510263006,-0.007830029785871107,0.02007061832688354,0.3186111885133748
2019-06-13,GOOGL,53.758814874137954,54.34759207575198,53.65275685889149,54.071044921875,20814000,0.011036996961054424,53.00207023620605,54.93165874481201,53.71219939334357,54.70910335824612,42.77859906567847,-1.3708850462804634,-1.4671829700771333,0.0962979237966699,0.01769793763612945,0.28094605022357316
2019-06-14,GOOGL,54.00809745670591,54.25689080035816,53.59872921830184,53.837608337402344,24582000,-0.00431721977649846,52.90195770263672,54.68831653594971,53.73500101953607,54.62610383245147,41.67261941828354,-1.2734406436704688,-1.4284345047958005,0.15499386112533164,0.01733876658542599,0.2752443865538024
2019-06-17,GOOGL,53.97637871042667,54.580023375204505,53.92186182122396,54.21377182006836,19770000,0.006987002102853079,53.175283432006836,54.502737045288086,53.82205025599649,54.58683411698641,44.177142489163735,-1.152575826556287,-1.3732627691478978,0.2206869425916107,0.01737089198160714,0.2757543614081908
2019-06-18,GOOGL,55.08653575767853,55.447334881797815,54.555742847957134,54.77628707885742,34526000,0.010375873876770747,53.42680358886719,54.405053329467776,53.99554786015302,54.60487725621222,47.78764929694204,-0.9998733899217598,-1.2985848933026702,0.29871150338091046,0.017110805534691235,0.27162561706068356
2019-06-19,GOOGL,54.87541006056048,54.98394851690062,54.31983533605366,54.740108489990234,26714000,-0.0006604790283631923,53.72352294921875,54.281325340270996,54.13092252012342,54.61775642133394,47.57452519507594,-0.8717262014718941,-1.213213154936515,0.341486953464621,0.01694637035165288,0.2690152894540303
2019-06-20,GOOGL,55.59205929325359,55.64261352675828,54.86351871773,55.17079544067383,24018000,0.007867849782620562,54.04784736633301,54.17563800811767,54.319990323859855,54.67042680412821,50.40987640828672,-0.7270349870880182,-1.1159775213668157,0.38894253427879755,0.017078928261572767,0.2711195810378054
2019-06-21,GOOGL,55.005255895121266,55.833411262620594,54.998317450408834,55.77394104003906,50774000,0.01093233466270771,54.33034248352051,54.12615203857422,54.584344999528795,54.77552339802448,54.149705478719326,-0.5572734466716511,-1.0042367064277828,0.4469632597561317,0.017211401703446684,0.2732225317329204
2019-06-24,GOOGL,55.50780040186352,55.68473263487043,55.1762410507709,55.3442497253418,24236000,-0.007704159087284168,54.49855079650879,54.07185878753662,54.722509495131156,54.82968781014994,51.187987427027984,-0.45219606607432183,-0.8938285783570907,0.4416325122827689,0.017244965234245905,0.27375533626661636
2019-06-25,GOOGL,55.26396142736021,55.29468720373966,53.7533543057993,53.90104675292969,31644000,-0.026076836881416376,54.53096313476563,53.943050956726076,54.5731526329127,54.74124580470039,42.733754861674825,-0.4798445541055898,-0.8110317735067906,0.33118721940120077,0.018135486994250796,0.28789193095100324
2019-06-26,GOOGL,54.07053994053331,54.27473060392131,53.21264951679366,53.54123306274414,34698000,-0.006675449028566205,54.537008666992186,53.84487133026123,54.38553089288205,54.62695887689503,40.919207525153226,-0.5247412473174791,-0.7537736682689283,0.22903242095144927,0.01782573706371246,0.2829748032420595
2019-06-27,GOOGL,53.859913423621485,53.94466075953343,53.31970162089973,53.358360290527344,24078000,-0.003415550254557864,54.46574020385742,53.73390522003174,54.19877260154483,54.506139963907636,39.98980764630305,-0.5685249033461659,-0.7167239152843758,0.14819901193820995,0.017815804856224932,0.2828171343361681
2019-06-28,GOOGL,53.38809843309283,53.66415023803711,53.21810463733783,53.66415023803711,33672000,0.0057308722727758,54.4483943939209,53.67517604827881,54.101568535452515,54.425950466205684,42.34784031396125,-0.5719559211929806,-0.6877703164660969,0.11581439527311632,0.017681681435689343,0.2806879910418091
2019-07-01,GOOGL,54.568131231127936,54.94231570143417,54.28514099136783,54.5165901184082,29196000,0.015884717760179523,54.47867622375488,53.82697982788086,54.17702700508082,54.43458281403449,48.43111940084062,-0.5001251222548291,-0.6502412776238433,0.15011615536901424,0.010974628482000799,0.17421682616820247
2019-07-02,GOOGL,54.75596667777286,55.15542446848692,54.50023489215925,55.14105224609375,20630000,0.011454533864448058,54.51515274047851,53.97097816467285,54.35230432162862,54.50186561708775,52.39399910540081,-0.3883333565220468,-0.597859693403484,0.20952633688143718,0.010786757361290646,0.1712344645846221
2019-07-03,GOOGL,55.43345744358683,55.903789460004994,55.25256255020916,55.65598678588867,20154000,0.009338496797209661,54.60674057006836,54.16513175964356,54.58933749694863,54.611781918878314,55.43520419341619,-0.25524436473612155,-0.5293366276700116,0.27409226293389,0.010490169303776479,0.16652627513253684
2019-07-05,GOOGL,55.476570945686234,56.2338558140835,55.38389450531626,56.13572692871094,29794000,0.008619740130883846,54.70323371887207,54.375540542602536,54.8704992118145,54.75691953886238,58.11952447073472,-0.10979372599225456,-0.4454280473344602,0.3356343213422056,0.01054618525646894,0.1674155008141965
2019-07-08,GOOGL,55.79871733277184,55.865129779203734,55.09942043753115,55.34870910644531,29888000,-0.014019909696103006,54.6607105255127,54.495526504516604,54.95744646538373,54.81328045006075,52.52955631112895,-0.05736751079255242,-0.36781594002607865,0.3104484292335262,0.010594703300847996,0.1681857008913536
2019-07-09,GOOGL,55.02805097489195,55.8973454336571,54.87094341658776,55.72041320800781,29472000,0.00671567788234495,54.698326873779294,54.598438835144044,55.09616769131538,54.89967404605571,54.74349584359559,0.014012529283910169,-0.2914502461640809,0.30546277544799105,0.010323199390096972,0.16387570992438147
2019-07-10,GOOGL,56.11839514961344,56.61499124581362,56.03612446676571,56.54412078857422,30710000,0.014782869206146243,54.96263427734375,54.74679870605469,55.359431890816985,55.05628802153366,59.276141573461906,0.1354862419897529,-0.20606294853331414,0.34154919052306704,0.010672310314360377,0.16941767403784272
2019-07-11,GOOGL,56.804303658897304,57.15519235099968,56.47572008209479,56.70121765136719,26004000,0.002778305871628639,55.278632736206056,54.90782070159912,55.60339293818975,55.21294798627971,60.09697628092803,0.24164589493661737,-0.11652117983932785,0.3581670747759452,0.010618602536885064,0.16856508950182467
2019-07-12,GOOGL,56.64422087470115,56.87071287852547,56.42764309515108,56.7636604309082,21878000,0.0011012599398649847,55.61916275024414,55.04245147705078,55.81435066413856,55.360634885768135,60.43831142844422,0.3270468032209166,-0.02780758322727895,0.35485438644819556,0.010453036919014383,0.16593681679853323
2019-07-15,GOOGL,56.763662740337104,57.02831809039802,56.49901117144503,57.019893646240234,21164000,0.004514036152476697,55.95473709106445,55.201565742492676,56.03354029724795,55.518659529622624,61.87934289748059,0.41066957414569316,0.059887848247315474,0.3507817258983777,0.010336447870467665,0.16408602303024372
2019-07-16,GOOGL,56.83255506449351,57.419850021817865,56.83255506449351,57.16609954833984,25352000,0.0025641209190372383,56.21968803405762,55.34918212890625,56.23946016108284,55.67555857902426,62.71390697195058,0.48316914385087983,0.14454410736802836,0.33862503648285147,0.010292222431653302,0.16338396595389068
2019-07-17,GOOGL,57.04020861918004,57.412903273424014,56.827098181424184,56.833045959472656,19538000,-0.005826068098026327,56.38888740539551,55.45202007293701,56.34738485169917,55.7857954724003,59.51738953025253,0.5078962224982888,0.21721453039408048,0.29068169210420836,0.010294331950120608,0.16341745352139422
2019-07-18,GOOGL,56.59813560223208,56.903926314334115,56.14515531833763,56.85783386230469,25450000,0.0004361529883460946,56.50907211303711,55.55790634155274,56.44019376271835,55.88789436667691,59.68210010168869,0.5234586812371518,0.2784633605626948,0.244995320674457,0.010282916515757764,0.16323623911880303
2019-07-19,GOOGL,56.96091788165153,57.07292367051012,56.065359341587055,56.08022689819336,23184000,-0.01367633818049585,56.503522109985354,55.60337791442871,56.374745241895624,55.90621175063086,52.469893097386525,0.46765482492126154,0.31630165343440814,0.1513531714868534,0.01074829097637862,0.17062382965474465
2019-07-22,GOOGL,56.274493656475016,56.499994975893586,55.76600591486582,56.4598503112793,28914000,0.006769291675212008,56.61463623046875,55.63767337799072,56.39021889087447,55.95893923259738,55.30924554319258,0.44888780435103826,0.34281888361773416,0.1060689207333041,0.010582255301616942,0.16798809502963943
2019-07-23,GOOGL,56.66999790009238,56.93812059273154,56.14465740616326,56.89797592163086,20648000,0.007759949910175923,56.73239250183106,55.715359687805176,56.482538351011996,56.048371298219614,58.39807727701438,0.4640189588115149,0.36705889865649033,0.09696006015502456,0.010503241417930582,0.1667337885115065
2019-07-24,GOOGL,56.1332553469821,56.76961094147567,55.92955999931511,56.48563003540039,27192000,-0.007247109928803397,56.72654342651367,55.84458885192871,56.48310047544625,56.09001498747492,54.57495935119403,0.43769219763468925,0.38118555845213015,0.056506639182559104,0.008573768805563342,0.13610436034850343
2019-07-25,GOOGL,56.44696518488337,56.67692828744457,55.69166544424889,56.29779052734375,54762000,-0.0033254388406205315,56.68620071411133,55.98241672515869,56.44940775760943,56.109803134129095,52.876740031763624,0.3970935243020577,0.38436715162211565,0.012726372679942033,0.00841888212945913,0.13364561059028848
2019-07-26,GOOGL,60.86033933505423,62.86208631623326,60.86033933505423,61.71377182006836,121216000,0.09620237742889892,57.18121185302734,56.40018730163574,57.406564859874685,56.64351443755188,76.03355626102677,0.7928042563037891,0.4660545725584504,0.32674968374533875,0.022461978367303535,0.3565728522863868
2019-07-29,GOOGL,61.57896409483417,61.900612992105195,60.96936785698194,61.5462532043457,41382000,-0.0027144446171767367,57.63384780883789,56.79429244995117,58.15923546796032,57.11044193915129,74.80902987362043,1.0804359173722418,0.5889308415212087,0.4915050758510331,0.02257662825846832,0.3583928628855627
2019-07-30,GOOGL,60.81077655714907,61.30192392231787,60.72751521911687,60.8603401184082,28616000,-0.011144676568046075,58.003271865844724,57.111479949951175,58.650345404405385,57.46757509908052,69.84868603958625,1.2387589849451288,0.7188964702059928,0.519862514739136,0.022831014919660178,0.3624311259397569
2019-07-31,GOOGL,60.70521775546008,61.202804482900184,59.87805298671278,60.37464904785156,39960000,-0.007980419918976689,58.357432174682614,57.37315979003906,58.963855157759234,57.74443928467776,66.48690377840677,1.3099397760197107,0.8371051313687364,0.47283464465097425,0.02298867848318461,0.3649339574191682
2019-08-01,GOOGL,60.34638998868879,61.271683505149106,59.81955978633411,60.05646133422851,35426000,-0.0052702205087911125,58.677294921875,57.593183517456055,59.16251082620819,57.96463186082545,64.30340340596626,1.3253976177860523,0.9347636286521996,0.3906339891338526,0.02306824392081198,0.36619701958467643
2019-08-02,GOOGL,59.62132815732613,59.94346862631582,58.97703965700888,59.29026412963867,34910000,-0.012757947897159116,58.99829864501953,57.75091037750244,59.18573869955918,58.09088255309337,59.256821196548785,1.2612830715925583,1.0000675172402713,0.26121555435228694,0.023339137776125684,0.37049732622180986
2019-08-05,GOOGL,58.13302235950556,58.32680726802884,56.63530512084875,57.23003005981445,47840000,-0.034748269383983454,59.07531661987305,57.8449764251709,58.830155310514684,58.008896601352525,48.28381437080083,1.0323281244567823,1.0065196386835735,0.025808485773208822,0.024562124500190827,0.3899116385934695
2019-08-06,GOOGL,57.763795962239634,58.55081599085133,57.56604839828649,58.03935241699219,36014000,0.014141567920405773,59.18945426940918,57.96092338562012,58.68637296623786,58.01179715522297,52.040875023105556,0.9057443724362955,0.986364585434118,-0.08062021299782252,0.024693783964338693,0.3920016677927692
2019-08-07,GOOGL,57.38119243878254,58.47499391636797,57.03625150488478,58.27873611450195,30686000,0.004124506693146346,59.368764877319336,58.047654151916504,58.61225717501315,58.037219913249544,53.1255890594993,0.8153433303704674,0.9521603344213879,-0.13681700405092057,0.024525052457383796,0.38932313815830627
2019-08-08,GOOGL,58.80010384530423,59.78388075791878,58.18406827674352,59.779422760009766,30116000,0.025750157700046294,59.71692810058594,58.201564407348634,58.82446909955799,58.20314399389338,59.33493195148051,0.8549375360246998,0.9327157747420504,-0.07777823871735057,0.02510508559397024,0.3985308787478132
2019-08-09,GOOGL,59.47214659102437,59.693681486456704,58.72378145475183,58.92251968383789,20418000,-0.014334415365835795,59.43780288696289,58.30950736999512,58.842296478517966,58.271655964364285,54.86565987248843,0.8078588188680129,0.907744383567243,-0.09988556469923004,0.02539991272696876,0.40321111438982266
2019-08-12,GOOGL,58.48143150180657,58.75946462189785,57.92238948180988,58.20884704589844,22064000,-0.012112052264037998,59.10406227111817,58.368955039978026,58.72712385440532,58.265674162605634,51.39359844271858,0.7048362651475912,0.8671627598833127,-0.16232649473572147,0.025590238288027912,0.4062324390060308
2019-08-13,GOOGL,58.201413132278304,59.741755408780435,58.134013799288674,59.310577392578125,28434000,0.018927197541139362,58.94908599853515,58.47617893218994,58.83320631589128,58.36518875593635,56.02057490791686,0.7039755881485164,0.8345253255363535,-0.13054973738783715,0.025891554061775002,0.4110156786266457
2019-08-14,GOOGL,58.286660394406965,58.61970574265345,57.54325235821209,57.70085525512695,35430000,-0.027140557523093745,58.6817066192627,58.519569396972656,58.62732430484322,58.30191889871641,48.72271402837913,0.5668678719776565,0.7809938348246142,-0.21412596284695762,0.026664214876206113,0.42328128880338173
2019-08-15,GOOGL,57.90801821500315,58.30400490109744,57.638904867575555,57.952125549316406,28506000,0.0043547065823972275,58.471273040771486,58.57428398132324,58.504560894747435,58.268605246392596,49.82156809291546,0.47303161785346504,0.7194013914303844,-0.24636977357691936,0.026673607016516637,0.42343038440862335
2019-08-16,GOOGL,58.52059546341442,58.67175527265733,58.13451916147213,58.44228744506836,24916000,0.008458048623856573,58.38647537231445,58.69238700866699,58.49323844935124,58.285146408171244,51.98324544898203,0.4332237452765,0.6621658621996076,-0.22894211692310762,0.0264789188105611,0.4203398049516893
2019-08-19,GOOGL,59.06772957995668,59.938014690087954,58.99685913675256,59.49444580078125,24450000,0.018003373955919333,58.61291694641113,58.84411678314209,58.675276149611236,58.400317778896,56.33198577717961,0.48103107866736394,0.6259389054931589,-0.14490782682579495,0.026695078675452795,0.4237712364273098
2019-08-20,GOOGL,59.24219247695408,59.373527603627146,58.63259617974949,58.6563835144043,20206000,-0.014086395378540506,58.67462005615234,58.93203716278076,58.67184112502815,58.424704991801555,52.27117452226072,0.4461511594344927,0.5899813562814257,-0.143830196846933,0.026933680784976082,0.42755892749187385
2019-08-21,GOOGL,59.265478262571,59.50039471026344,58.87394958936071,59.05533981323242,14152000,0.006801583645710929,58.75228042602539,59.060522651672365,58.74156815924711,58.48476545098545,53.9722032263715,0.4455648173843727,0.5610980485020151,-0.11553323111764235,0.026866915737301027,0.4264990652173565
2019-08-22,GOOGL,59.165368431532706,59.41218045329354,58.42741281307858,59.052371978759766,17352000,-5.025514173728762e-05,58.67957534790039,59.198251724243164,58.79807794461304,58.53882321553538,53.956797715885735,0.4397910205223994,0.5368366429060919,-0.09704562238369252,0.02683913832178238,0.4260581124161978
2019-08-23,GOOGL,58.73766237346808,59.25804953847052,56.99461908714988,57.17204666137695,36254000,-0.03184165604828093,58.5045280456543,58.97116546630859,58.50243589311557,58.40865401990124,45.16147012603149,0.28025806580487256,0.4855209274858481,-0.20526286168097552,0.016737198735376227,0.26569479298602156
2019-08-26,GOOGL,57.46296433534002,58.07800926706083,57.23498631942803,58.044307708740234,21166000,0.01525677491536337,58.488074111938474,58.79606819152832,58.419139859592775,58.37395437121924,49.29089849352388,0.22165611285795705,0.43274796456026987,-0.21109185170231282,0.01726587715292304,0.2740873026841578
2019-08-27,GOOGL,58.63011098537049,58.72923053710072,57.71621389623717,58.02646255493164,23460000,-0.00030744020409612105,58.35966262817383,58.654374313354495,58.34774398601802,58.34085991252518,49.20925728143704,0.17179336123837174,0.3805570438958903,-0.20876368265751855,0.01715935568529204,0.27239632680831033
2019-08-28,GOOGL,57.731578852937695,58.40708841541455,57.50261018466387,58.17167663574219,16810000,0.002502549257988651,58.40674476623535,58.54422569274902,58.31573174051332,58.32474721949823,49.93593515299562,0.14235337298298134,0.33291630971330854,-0.1905629367303272,0.017134887865874394,0.27200791221649157
2019-08-29,GOOGL,58.79961352081635,59.43250181222735,58.74311529313986,59.18717956542969,19636000,0.017456999495585324,58.53025016784668,58.50076160430908,58.47417679958902,58.40688363339646,54.80560059469703,0.19867437517410735,0.30606792280546835,-0.107393547631361,0.017633174821247283,0.2799179724092768
2019-08-30,GOOGL,59.48998909332239,59.48998909332239,58.764915966654016,59.00330352783203,18064000,-0.003106686937065284,58.586351776123045,58.48641357421875,58.570381659269565,58.46368552810461,53.78544498518574,0.2258682471089486,0.29002798766616444,-0.06415974055721585,0.017413053317629185,0.27642365186853024
2019-09-03,GOOGL,58.573120174698886,58.931442649936706,57.6740943212462,57.96352767944336,25908000,-0.017622332754609338,58.43325996398926,58.523088455200195,58.46004457202844,58.41605144727973,48.309338962013214,0.16165490818804074,0.2643533717705397,-0.10269846358249896,0.015981656587717344,0.2537009332196233
2019-09-04,GOOGL,58.4541735445941,58.72328688982896,58.06165419350819,58.59393310546875,21312000,0.010875898194321998,58.427014923095705,58.55081748962402,58.484387941744856,58.43299255758345,51.53139091738967,0.1597918429251024,0.24344106600145224,-0.08364922307634984,0.015853901165201207,0.25167287875991723
2019-09-05,GOOGL,59.15842335941791,60.16648666858104,59.1103495828278,60.0767822265625,26394000,0.02530721258162738,58.52915916442871,58.64071979522705,58.77391417534806,58.58954395462907,58.14093733666974,0.27480114512344755,0.2497130818258513,0.025088063297596247,0.016782442186993613,0.2664130105146243
2019-09-06,GOOGL,59.92562916495769,60.11445317976544,59.63421069314769,59.78586959838867,18972000,-0.004842347033113925,58.6025089263916,58.641042137145995,58.95790607044635,58.703479730225226,56.51273738454394,0.33856980590744,0.26748442664216904,0.07108537926527098,0.01583829216731606,0.25142509360020304
2019-09-09,GOOGL,59.82353395054993,60.49111445401143,59.13414744573212,59.733829498291016,31854000,-0.0008704414679795436,58.858687210083005,58.68160762786865,59.098983057327196,58.801608279564824,56.20949102626029,0.38052131499357955,0.2900918043124512,0.09042951068112837,0.015473288495705428,0.2456308399439597
2019-09-10,GOOGL,59.27886615419613,59.96825268261143,59.27489970782787,59.75514221191406,27922000,0.0003567946974445402,59.02977066040039,58.75892238616943,59.21828472179753,58.89242103502666,56.31288326576135,0.4107530406920361,0.3142240515883682,0.09652898910366792,0.015174037512105722,0.24088037785078198
2019-09-11,GOOGL,59.6654316897964,60.586267265331834,59.58563768674742,60.46385192871094,23522000,0.01186022977375778,59.27350959777832,58.816586112976076,59.444751486690876,59.04208112013945,59.718732348063725,0.4862931674003548,0.3486378747507655,0.13765529264958926,0.014823167401325417,0.23531048751711975
2019-09-12,GOOGL,60.6358292920011,61.5749997893835,60.59072751009033,61.20577621459961,31644000,0.01227054284869955,59.57691955566406,58.991832160949706,59.764937800856096,59.248147319611846,62.97309062600768,0.5991200681982747,0.3987343134402674,0.2003857547580073,0.01342991196301125,0.21319324310171428
2019-09-13,GOOGL,61.06403503436877,61.50710864311263,60.81474633971465,61.4565544128418,23676000,0.00409729626437394,59.803857040405276,59.167053604125975,60.07250445758076,59.458471804681366,64.03089826777548,0.7006947320085786,0.45912639715392967,0.2415683348546489,0.013428707843164748,0.2131741282917389
2019-09-16,GOOGL,60.981262572769054,61.40649279974879,60.721069014089025,61.04024124145508,28218000,-0.006774105306816991,60.00755081176758,59.29695129394531,60.24845660010336,59.609116512945526,60.919465792757585,0.7390807286495189,0.5151172634530475,0.22396346519647137,0.01353593131869139,0.214876248197448
2019-09-17,GOOGL,61.04024273315963,61.20726073791632,60.629880051304234,60.95351028442383,20806000,-0.0014208816227998522,60.306549072265625,59.36990451812744,60.37664817907071,59.73715401499108,60.26247928362881,0.7538139462130147,0.562856600005041,0.19095734620797367,0.01303478630202812,0.206920817688226
2019-09-18,GOOGL,60.97135024313267,61.26871268049365,60.28890225832113,61.090789794921875,17440000,0.002252200240108637,60.556234741210936,59.49162483215332,60.50649210922547,59.86607170831782,60.979788240716346,0.767717665127698,0.6038288130295725,0.16388885209812554,0.012522083115906425,0.1987819069270152
2019-09-19,GOOGL,61.07444285953724,61.670158464973035,61.07394752640504,61.39311599731445,16554000,0.004948801667280289,60.68786811828613,59.60851364135742,60.66769645251437,60.01150449774607,62.58172016162637,0.7939791628713451,0.641858882997927,0.15212027987341803,0.012492366726182752,0.1983101738645861
2019-09-20,GOOGL,61.13985913301072,61.59383382640864,60.64128177196339,60.95153045654297,37692000,-0.007192753350242054,60.80443420410156,59.70347156524658,60.71930263506502,60.101030779536245,58.78552465225572,0.7702800178183935,0.6675431099620204,0.10273690785637313,0.012655614707261223,0.2009016552243882
2019-09-23,GOOGL,60.78946477168961,61.439205689900824,60.65119121063101,61.191898345947266,20798000,0.003943590712224498,60.95024108886719,59.904464149475096,60.8052291279527,60.20492292871825,60.20073946890305,0.7621088381673573,0.6864562556030878,0.07565258256426954,0.009899303290725657,0.15714656796038054
2019-09-24,GOOGL,61.45506886982474,61.80744357905355,59.99997291493169,60.3810920715332,35804000,-0.013250222600223682,61.0128360748291,60.02130336761475,60.728113299512785,60.22170094231967,53.524245251837115,0.6823422129813252,0.6856334470787353,-0.0032912340974100562,0.010158662048701127,0.16126376060407865
2019-09-25,GOOGL,60.266105764581944,61.852540502912774,59.92859863871399,61.749454498291016,26798000,0.02266210132696367,61.14139633178711,60.20745296478272,60.91381169929064,60.36720128098361,61.320652455122385,0.7212281308477984,0.692752383832548,0.028475747015250352,0.011132867965274417,0.17672880009020264
2019-09-26,GOOGL,61.5611239611923,61.68651508439093,61.04966036820678,61.56855773925781,23166000,-0.0029295280501338006,61.17767448425293,60.3772970199585,61.032856433830126,60.48161618177163,59.89031346360175,0.7290446711240364,0.7000108412908457,0.029033829833190694,0.011216029853320732,0.1780489541361775
2019-09-27,GOOGL,61.59532702350939,61.70237948824775,60.22596900535718,60.75874710083008,34122000,-0.013152990230131278,61.107893753051755,60.455875396728516,60.98301837328466,60.50800960263434,53.83628235843843,0.6622602609117649,0.6924607252150295,-0.030200464303264618,0.011213711873626487,0.17801215734928708
2019-09-30,GOOGL,60.49358829730608,60.83109542237174,60.137746284839075,60.52035140991211,24470000,-0.003923643957344125,61.05590476989746,60.53172779083252,60.89889710721692,60.50918501285127,52.16456348316812,0.5833718472430292,0.6706429496206295,-0.08727110237760038,0.011232352067724117,0.1783080612571209
2019-10-01,GOOGL,60.587258520609794,61.101202537473505,59.747702939259085,59.77000427246094,24504000,-0.012398261410760392,60.93755416870117,60.6220516204834,60.69364386453401,60.438786847099806,47.196920679069294,0.455059821611961,0.6275263240188959,-0.17246650240693484,0.010821666902824174,0.1717886363763081
2019-10-02,GOOGL,59.299184954697544,59.41119074300899,58.116174388793425,58.37834930419922,33030000,-0.02328350123446321,60.6663101196289,60.61127243041992,60.27268121720041,60.242554700156894,39.654346239617794,0.2383293787449503,0.5496869349641068,-0.3113575562191565,0.011919129989313921,0.18921032277585953
2019-10-03,GOOGL,58.64696345554862,59.02659657988289,57.64584230969986,58.948787689208984,28368000,0.00977140312819258,60.42187728881836,60.55487270355225,60.031973303020145,60.11933879435233,43.63091739602804,0.11131537725454166,0.4620126234221938,-0.35069724616765213,0.010609255002376293,0.16841670199173386
2019-10-04,GOOGL,59.189649370035795,60.09016491997894,59.02510803751147,60.01582336425781,24282000,0.01810106224193242,60.32830657958984,60.5663703918457,60.0290369505179,60.109480181962375,50.23673408523505,0.0956540866063591,0.3887409160590269,-0.2930868294526678,0.01137278065420255,0.18053729595783846
2019-10-07,GOOGL,59.81955721205574,60.409824052361344,59.688717445260565,59.88150787353515,17040000,-0.002238001300214676,60.19726753234863,60.57375431060791,60.00221348197558,60.08776853354073,49.451148011500784,0.07157914354392858,0.32530856155600724,-0.25372941801207866,0.01138399884480023,0.18071537921272798
2019-10-08,GOOGL,59.41168461562684,59.81312375684354,58.95126680169616,58.98348236083984,20086000,-0.014996708409411919,60.0575065612793,60.535171318054196,59.81698964176908,59.98259842185493,44.44666920667125,-0.019736070905679526,0.2562996350636699,-0.2760357059693494,0.011878732928366149,0.18856903931406518
2019-10-09,GOOGL,59.5385599553945,59.89192530446098,59.37946727812041,59.59158706665039,15948000,0.010309745736787557,59.84171981811524,60.49155807495117,59.77600735538386,59.94535924516878,48.26473597108216,-0.04254464049918738,0.19653077995109844,-0.23907542045028582,0.011798038182627825,0.187288049938066
2019-10-10,GOOGL,59.40325644739945,60.24677468043726,59.36658289240566,59.94197845458984,12842000,0.005879880117096947,59.67906188964844,60.428368186950685,59.80618391887585,59.94503726511364,50.380865944861895,-0.03197831347330293,0.15082896126621817,-0.1828072747395211,0.011512480634362216,0.18275496439181727
2019-10-11,GOOGL,60.66358380582727,60.89750960004905,60.14864910243124,60.25123977661133,22330000,0.00515934458612799,59.62831115722656,60.36810245513916,59.887103165736846,59.974199409065804,52.23780155921775,0.001334991947246067,0.12093016740242375,-0.11959517545517769,0.011539549000606416,0.18318466138469108
2019-10-14,GOOGL,60.16104120555129,60.75527081360676,60.061426309275504,60.35333633422851,13296000,0.00169451380578578,59.611609649658206,60.33375720977783,59.97187283273533,60.01030768765273,52.86493783648362,0.0355644011670293,0.10385701415534487,-0.06829261298831557,0.011468845836225802,0.18206228344555253
2019-10-15,GOOGL,60.53819018483243,61.8084245846959,60.50944574195248,61.56607437133789,27584000,0.020093968465859202,59.791216659545896,60.36438541412353,60.26172765793579,60.15847594324179,59.64342128030292,0.1587196574913463,0.11482954282254516,0.04389011466880115,0.012353159656099408,0.1961003301354913
2019-10-16,GOOGL,61.54476583864599,62.158324727681624,61.38220583718285,61.60374450683594,22986000,0.0006118651527273755,60.11375617980957,60.39003314971924,60.50573072137218,60.29612056834599,59.836632986541005,0.2564050724576319,0.1431446487495625,0.11326042370806938,0.012346864725249103,0.19600040120618978
2019-10-17,GOOGL,62.020058754063136,62.632131718653895,61.94423118921701,62.08944320678711,20958000,0.007884239892224087,60.427821731567384,60.42484951019287,60.79367844599307,60.466913200578475,62.34015851475822,0.36876242979247564,0.18826820495814514,0.1804942248343305,0.01241988262227387,0.19715952438689652
2019-10-18,GOOGL,62.1831120286566,62.35260670842632,61.46200529642791,61.67362976074219,31624000,-0.006697007165293201,60.59360237121582,60.46095447540283,60.95366959412927,60.581838587260734,58.9521991537986,0.4194189741191323,0.2344983587903426,0.18492061532878973,0.012403917537779712,0.19690608652750646
2019-10-21,GOOGL,61.88624880811029,62.12463262023689,61.454575407719766,61.66719055175781,18094000,-0.0001044078159394557,60.77217063903809,60.48471908569336,61.08340067733446,60.68520544102236,58.898817068205894,0.4538137773720905,0.2783614425066922,0.1754523348653983,0.012380558216598486,0.1965352687996616
2019-10-22,GOOGL,61.67709786273552,61.88773166341229,61.447633840406326,61.51454162597656,22862000,-0.002475366956325553,61.025276565551756,60.54139156341553,61.16178994072393,60.76418983958943,57.56798735603679,0.46341248353505904,0.3153716507123656,0.14804083282269342,0.011980541541951642,0.1901852009512941
2019-10-23,GOOGL,61.46547254945289,62.34913546091626,61.46547254945289,62.32881546020508,21282000,0.01323709504623305,61.29899940490723,60.57035961151123,61.37397639881141,60.91320180345758,62.442925226566345,0.5306081006834162,0.35841894070657576,0.17218915997684048,0.011246433278880431,0.17853159355439008
2019-10-24,GOOGL,62.40216827392578,62.5900016171364,62.06713780900959,62.40216827392578,20224000,0.001176868406356002,61.54501838684082,60.61204013824463,61.560920376104924,61.05500813397836,62.85691009193865,0.5830589300203002,0.4033469385693207,0.1797119914509795,0.011217451316164402,0.1780715191592711
2019-10-25,GOOGL,62.049789425950415,62.84276102517835,61.908543864862274,62.659385681152344,27104000,0.004121930604998436,61.78583297729492,60.70707206726074,61.760641340659,61.20780599561398,64.3412293894712,0.6380271059459517,0.4502829720446469,0.1877441339013048,0.010747222783280672,0.17060687261500845
2019-10-28,GOOGL,63.189680248818014,64.39102558509144,63.05636380509645,63.88253402709961,65428000,0.019520592687763738,62.13875274658203,60.87518119812012,62.14644001092093,61.462541998612615,70.39907321078519,0.7713954639012073,0.514505470415959,0.2568899934852483,0.011373756332289693,0.18055278436730787
2019-10-29,GOOGL,63.23924560489196,63.47713785052904,62.22870551111493,62.47898864746094,52654000,-0.02197072174756365,62.23004417419433,61.010630416870114,62.20690339938274,61.55934644136008,58.18420417895125,0.7551317771553556,0.5626307317638383,0.19250104539151736,0.01221582333990914,0.1939201837037882
2019-10-30,GOOGL,62.20590734537087,62.84375272326346,61.98288644265666,62.4809684753418,29204000,3.168789898366775e-05,62.31776657104492,61.21576137542725,62.25673341319347,61.64711996840595,58.19522295724929,0.7339420170896389,0.5968929888289984,0.13704902826064047,0.010660364453771458,0.16922803937995318
2019-10-31,GOOGL,62.44628049735071,62.76941543039994,61.924902647758614,62.38680648803711,31904000,-0.0015070507004361078,62.347502899169925,61.38766231536865,62.28038306316504,61.71756630360892,57.42024212491422,0.7014648440669546,0.6178073598765897,0.0836574841903649,0.010606855714009687,0.16837861446968444
2019-11-01,GOOGL,62.733726712824655,63.090563173237854,62.43190247703901,63.05339050292969,28812000,0.010684695249153275,62.48547897338867,61.539540672302245,62.42092987039497,61.84478765592518,61.34467509053073,0.7212006573418464,0.6384860193696411,0.08271463797220524,0.01016769387669631,0.16140713642863602
2019-11-04,GOOGL,63.24469844402674,64.0569956350215,63.24469844402674,63.91376495361328,30632000,0.01364517346047589,62.71013641357422,61.74115352630615,62.69235443098012,62.041833112847854,65.7345080315111,0.797078237513837,0.6702044629984804,0.12687377451535664,0.010394198436447299,0.16500278484417577
2019-11-05,GOOGL,63.9925676375723,64.29191523891771,63.90237162804202,64.00446319580078,25148000,0.0014190721240303628,62.95912857055664,61.992202568054196,62.93091966094751,62.22875026360528,66.17065048306114,0.8546781588200858,0.7070992021628014,0.14757895665728438,0.009480032454226597,0.15049084976822932
2019-11-06,GOOGL,63.93756476966508,64.08128702260024,63.55000245760647,63.983158111572266,24626000,-0.0003328687276594744,63.12456283569336,62.211781120300294,63.12223574287928,62.39583672531642,65.95827238392326,0.8883668293771763,0.7433527276056764,0.14501410177149987,0.009413700961118434,0.14943786995909455
2019-11-07,GOOGL,64.14521203530747,65.55124732510535,64.11894803478323,64.77265167236328,45140000,0.012339083972915388,63.36161117553711,62.453314781188965,63.42231136642182,62.6222000536066,69.82340642179983,0.9676167917356935,0.7882055404316799,0.17941125130401359,0.009604762364676509,0.15247087571284026
2019-11-08,GOOGL,64.5040424069762,65.2766942122237,64.5040424069762,64.874755859375,30392000,0.0015763471831937714,63.58314819335938,62.68449058532715,63.6863921833224,62.836729177965495,70.29318019985806,1.0268253094507287,0.8359294942354897,0.19089581521523902,0.009613970456655315,0.15261704964139225
2019-11-11,GOOGL,64.62693423524343,64.67154446385774,64.22401289593664,64.34345245361328,17234000,-0.008189678692793745,63.62924003601074,62.883996391296385,63.805857687011645,62.98022663278909,64.65302399339431,1.0191288586601388,0.8725693671204195,0.14655949153971926,0.009972426365882948,0.1583073607921794
2019-11-12,GOOGL,64.35782364879786,64.8920876877892,64.14322718981167,64.29042053222656,28852000,-0.0008242007440454335,63.8103832244873,63.02021369934082,63.89396002250526,63.10500700416409,64.10016228070485,0.9972544050963776,0.8975063747156112,0.0997480303807664,0.009178564459123323,0.14570519370849833
2019-11-13,GOOGL,64.09069674798155,64.55359504237842,64.03965096393655,64.2393798828125,20538000,-0.0007939075369475246,63.98622436523438,63.151995468139646,63.95676363347021,63.213042516416316,63.53702014005365,0.9646799591305282,0.9109410915985947,0.053738867531933465,0.009196790284537236,0.14599451971740288
2019-11-14,GOOGL,64.18090092888458,65.20779842918083,64.12836536368101,64.8821792602539,28948000,0.010006313551189638,64.23576164245605,63.29163227081299,64.12502102015816,63.37200792059132,67.4191115766598,0.9794426089630832,0.9246413950714925,0.05480121389159076,0.009278463785740997,0.14729104635473741
2019-11-15,GOOGL,65.1745913589685,66.0909652709961,65.01797533171812,66.0909652709961,39286000,0.018630477960574154,64.53951911926269,63.512499046325686,64.48246542940142,63.63095623967749,73.1979469922103,1.0762744225496519,0.9549680005671244,0.1213064219825275,0.009712309877877938,0.15417813955716678
2019-11-18,GOOGL,66.03147872144557,66.10978672468397,65.22959115607703,65.41197204589844,27984000,-0.01027361640601776,64.68933982849121,63.699738121032716,64.65146663240087,63.800576792650915,66.10521095214727,1.0857098662629667,0.9811163737062929,0.10459349255667383,0.010167012661026546,0.16139632246512767
2019-11-19,GOOGL,65.74849923759137,65.74849923759137,65.01203333229586,65.05267333984375,21864000,-0.005492858490836694,64.79416084289551,63.876644706726076,64.7244133064814,63.919824082859755,62.64595401787069,1.0520675408685989,0.9953066071387542,0.0567609337298447,0.010274380857679049,0.16310073974748768
2019-11-20,GOOGL,64.99169754698218,65.08338331770538,63.89393362008337,64.5208740234375,28892000,-0.008174903337608619,64.84793243408203,63.9862476348877,64.68740616410977,63.97706693434335,57.822882853607396,0.97129748244609,0.9905047822002214,-0.01920729975413138,0.010250642344348655,0.16272390253088798
2019-11-21,GOOGL,64.39151206430871,64.97979372739567,63.9702445870437,64.43562316894531,25546000,-0.0013212910671548395,64.81422958374023,64.08792037963867,64.64162743771624,64.02073895668639,57.06442450912652,0.8901465424980657,0.9704331342597904,-0.0802865917617247,0.010273568564808233,0.1630878449979201
2019-11-22,GOOGL,64.57738175349998,64.7706675468929,63.90137680975466,64.11498260498047,27776000,-0.0049761381700950125,64.73825225830078,64.16070022583008,64.54587383176428,64.02971454223821,54.185567929956534,0.7908444614532968,0.9345153996984917,-0.14367093824519495,0.010359639059718623,0.16445417174643895
2019-11-25,GOOGL,64.24334937614718,64.9446276928493,64.21113381502923,64.70822143554688,23590000,0.00925273323743081,64.77472915649415,64.20198459625244,64.57539157790657,64.09433424636285,58.37017743558503,0.7513551085266101,0.8978833414641154,-0.14652823293750528,0.009632858688365427,0.15291689102425657
2019-11-26,GOOGL,64.9198455057119,65.12304553431402,64.62892991582375,65.07299041748047,21910000,0.005637135032322327,64.85298614501953,64.33168468475341,64.66586409419273,64.1875395959931,60.74443008418685,0.7409520857493916,0.8664970903211707,-0.12554500457177908,0.00806585174739187,0.12804142701308796
2019-11-27,GOOGL,65.19292056605109,65.30294501074944,64.89803478719568,65.02986145019531,18808000,-0.0006627783202901583,64.93203430175781,64.4591293334961,64.73204543164773,64.26776072496475,60.30648242405276,0.7209171834966313,0.8373811089562628,-0.11646392545963158,0.00807656173744183,0.12821144283438496
2019-11-29,GOOGL,64.75579387869145,64.92181742842484,64.5887721004546,64.63139343261719,12802000,-0.006127462194937983,64.90695571899414,64.5713586807251,64.71374506818763,64.30239241140784,56.27001134958784,0.6652181198337175,0.8029485111317538,-0.13773039129803633,0.008247396646863654,0.1309233629478553
2019-12-02,GOOGL,64.55557148082512,64.6983106068701,63.45631762001597,63.87659454345703,26538000,-0.011678517962746549,64.68551864624024,64.61251888275146,64.56153588187297,64.26184023350775,49.50992036123496,0.5537865418191288,0.7531161172692289,-0.1993295754501001,0.008491934704714309,0.13480528427083668
2019-12-03,GOOGL,63.37108017816764,64.29142432717063,63.291289945415805,64.16801452636719,25270000,0.004562234179718239,64.56112289428711,64.62523136138915,64.48998654450828,64.25290445187532,51.91198741571004,0.48341881931256125,0.6991766576778954,-0.21575783836533413,0.00799029003164071,0.12684192196199842
2019-12-04,GOOGL,64.73101503038244,65.63153061632272,64.5798514663001,65.36737060546875,35506000,0.018690870957348116,64.59259262084962,64.69337673187256,64.64951091922836,64.35904408555089,60.286041227649314,0.5184534952336151,0.6630320251890394,-0.1445785299554243,0.008995808817873659,0.14280403784385384
2019-12-05,GOOGL,65.76682813417223,65.81540102767516,65.13840545361785,65.76484680175781,24408000,0.006080651441344731,64.71698989868165,64.78246116638184,64.85229926150645,64.49293005852297,62.60986716385245,0.5717015162975798,0.6447659234107475,-0.07306440711316764,0.009056437683160954,0.14376649124278715
2019-12-06,GOOGL,66.05179958683928,66.5335280445516,65.97647114352957,66.3808822631836,32968000,0.009367245441668226,64.91151580810546,64.86287269592285,65.13022344362956,64.67273503039542,65.93666807141383,0.6560473642956453,0.6470222115877271,0.00902515270791815,0.008890596664619168,0.14113384668937584
2019-12-09,GOOGL,66.3546134438284,67.28090140339582,66.21633611365712,66.55929565429688,30842000,0.0026877225042885033,65.15594711303712,64.94709968566895,65.39005475465997,64.85240747076698,66.8564301624003,0.7288863776673082,0.6633950448036433,0.06549133286366493,0.008896120317140238,0.14122153195477277
2019-12-10,GOOGL,66.40814151393428,66.80759928466084,66.11374729265123,66.5543441772461,17606000,-7.439196887693011e-05,65.34055938720704,65.05764427185059,65.60174374058472,65.01449668090784,66.80251967866711,0.7772525936477024,0.6861665545724551,0.09108603907524726,0.008620341909106528,0.1368436854470618
2019-12-11,GOOGL,66.82246943725745,66.90126899298782,66.46563298459978,66.62174987792969,20480000,0.0010127918998656948,65.49543533325195,65.17421073913575,65.78719940192016,65.16756841395754,67.19038214763954,0.8116658661239313,0.7112664168827504,0.10039944924118094,0.008601508046753598,0.13654470715098577
2019-12-12,GOOGL,66.57020672354811,67.1337067474379,66.32191249314344,66.8318862915039,29114000,0.003154171332323985,65.6756378173828,65.30383605957032,65.97714247275357,65.32607487848577,68.42876129110864,0.8461410970257788,0.7382413529113561,0.10789974411442271,0.008583704988232932,0.13626209235845368
2019-12-13,GOOGL,66.8026555908686,66.97364007690634,66.49340129754584,66.7516098022461,33170000,-0.0012011704848141624,65.88765945434571,65.39730758666992,66.11795471447948,65.4618401093201,67.38242608240182,0.8571051494778743,0.7620141122246598,0.09509103725321455,0.008398378750918868,0.13332012954636357
2019-12-16,GOOGL,67.15452828398682,67.57727809571605,66.93695982340492,67.43702697753906,28128000,0.010268174465358104,66.2437026977539,65.46461067199706,66.35778603503576,65.64995314438856,71.40312889653481,0.9106047925964447,0.7917322482990168,0.11887254429742788,0.007675302873032397,0.12184165583485972
2019-12-17,GOOGL,67.52177308054043,67.61692998157208,66.94488767655888,67.14907836914062,32948000,-0.004269888832648894,66.54180908203125,65.55146598815918,66.50165736850937,65.79272697531734,67.63137604835137,0.9191729454513222,0.8172203877294779,0.1019525577218443,0.007318799298534053,0.11618233703709047
2019-12-18,GOOGL,67.2536377197703,67.37406793225061,66.92951596737431,67.00137329101562,23330000,-0.002199659052846803,66.70520935058593,65.64890098571777,66.59251480896505,65.90783614824099,65.71382104262497,0.9036282390860464,0.8345019580007916,0.06912628108525476,0.0071930238124099785,0.11418571309321512
2019-12-19,GOOGL,67.00138043639537,67.27991645266661,66.84477198828064,67.22589111328125,28922000,0.0033509435887297823,66.85131378173828,65.78415184020996,66.70767413702254,66.03336519253054,67.23456340472305,0.8990618340052663,0.8474139332016867,0.051647900803579616,0.006829504452783894,0.10841502215924669
2019-12-20,GOOGL,67.55595151637091,67.60055417463576,66.94288805414375,66.96717071533203,50090000,-0.003848523145840499,66.90994262695312,65.9107292175293,66.75485533307881,66.12229905184496,63.72685429708348,0.8645997830770114,0.8508511031767516,0.013748679900259742,0.006918502910956325,0.1098278288836013
2019-12-23,GOOGL,67.33938927575151,67.49401639740252,66.8076056794049,66.93795013427734,19936000,-0.000436341878304769,66.94780807495117,66.05187759399413,66.78814529693308,66.19998010731472,63.32501799949632,0.8254156252220071,0.8457640075858027,-0.02034838236379566,0.006751720440864516,0.10718023925015334
2019-12-24,GOOGL,66.91712233062835,67.00633521845035,66.61778235108628,66.63066101074219,13468000,-0.004590656315568875,66.95543975830078,66.1479995727539,66.75951179035292,66.24099733621257,59.10427778937293,0.7607962480995099,0.8287704556885442,-0.06797420758903439,0.006697674218657913,0.10632228207058608
2019-12-26,GOOGL,66.7357331937693,67.5609202794814,66.68418830496807,67.52473449707031,23662000,0.013418349341964175,67.04573822021484,66.2705867767334,66.89864319157427,66.36325801819902,66.16958884355998,0.7728205897408174,0.817580482498999,-0.044759892758181596,0.007161437844669335,0.11368430139984882
2019-12-27,GOOGL,67.60056959640701,67.75173316701557,67.05540822557307,67.13668823242188,23212000,-0.005746727736712143,67.07621841430664,66.37592811584473,66.94192410809201,66.43691803860119,61.225558426867174,0.7424790404024719,0.8025601940796936,-0.060081153677221666,0.007344162199967376,0.11658496061540817
2019-12-30,GOOGL,67.24423228707724,67.25364739766525,66.30406732440926,66.39674377441406,19994000,-0.011021461997740789,67.04073181152344,66.46419563293458,66.84280041105966,66.43309191820242,53.08108863291,0.6512189633259027,0.7722919479289354,-0.12107298460303273,0.007689340458295864,0.1220644955925497
2019-12-31,GOOGL,66.20246403579617,66.4438235977551,66.02107380979206,66.3808822631836,19514000,-0.0002388898962328856,66.93511734008788,66.5894100189209,66.758815293264,66.4281195701054,52.91858300979118,0.5710322984717351,0.7320400180374954,-0.16100771956576032,0.007067459528595546,0.11219244188206559
2020-01-02,GOOGL,66.82792341596551,67.83251190185547,66.73276652225083,67.83251190185547,27278000,0.021868188387682563,67.00346069335937,66.77263488769532,66.95403285846245,66.56187122074826,63.83177344501924,0.6175000131555777,0.709132017061112,-0.09163200390553428,0.008347789373274456,0.1325170480729917
2020-01-03,GOOGL,66.80761528460377,68.08379778892568,66.77390994004057,67.47766876220703,23408000,-0.005231166142893984,67.05109024047852,66.87814979553222,67.049239386416,66.64909003422052,60.160801289564766,0.6185627298942649,0.6910181596277426,-0.07245542973347774,0.0076366224874316845,0.12122762374936628
2020-01-06,GOOGL,66.98749602026135,69.30148029943362,66.95627869440405,69.27620697021484,46768000,0.026653828459099582,67.25612182617188,67.05371780395508,67.45414258347033,66.89929164717236,69.67901453487923,0.7558193282070391,0.7039783933436019,0.051840934863437216,0.009441728803884913,0.14988279816956893
2020-01-07,GOOGL,69.4075533410106,69.55821779935313,68.96646485726092,69.14240264892578,34330000,-0.0019314614229181126,67.47364501953125,67.1917938232422,67.76109895900768,67.11292126638698,68.37029246062333,0.8440693744380496,0.7319965895624915,0.11207278487555816,0.009356046327721272,0.14852263102769764
2020-01-08,GOOGL,69.12801890142514,69.97203621725023,69.0194842397815,69.63452911376953,35314000,0.0071175783020231975,67.74330291748046,67.34555549621582,68.10172262350983,67.35307439470913,70.56041481794584,0.9428500759520233,0.7741672868403979,0.16868278911162538,0.009423354485406104,0.14959111490633756
2020-01-09,GOOGL,70.47160903192002,70.80614415984961,69.89076100637546,70.36555480957031,33200000,0.010498034597267392,68.11679229736328,67.53611602783204,68.51332847552082,67.63997729136257,73.49618587834259,1.0678130733735571,0.8328964441470298,0.23491662922652734,0.00957825676144074,0.15205011230577073
2020-01-10,GOOGL,70.84529584599768,71.11639050055818,70.35613364348731,70.82001495361328,26258000,0.0064585598063267025,68.44632034301758,67.74602928161622,68.93272601699218,67.94283802110073,75.15492702475706,1.1898029765947342,0.9042777506365708,0.28552522595816343,0.0096012176036208,0.15241460437557694
2020-01-13,GOOGL,71.13174702309243,71.44050966672661,70.64209328646724,71.36865234375,30730000,0.007746925646599623,68.8695167541504,67.97286758422851,69.37562171276632,68.26910605182923,77.02436892827143,1.3155860489687115,0.986539410302999,0.3290466386657125,0.009657251190147561,0.15330410998567792
2020-01-14,GOOGL,71.36717204334909,71.49751649539529,70.76104311691866,70.90081024169922,26076000,-0.006555288445092122,69.3199234008789,68.18032760620117,69.65292871802684,68.51974454610256,72.04607423349734,1.3618208690528917,1.0615957020529776,0.3002251669999141,0.009861611403171813,0.15654822779490804
2020-01-15,GOOGL,71.02124004178174,71.40583028391339,70.95383692655207,71.32752227783203,21550000,0.006018436667763805,69.81458740234375,68.37485237121582,69.95740027435505,68.78715194912441,73.7147965346335,1.4165651113852533,1.1325895839194329,0.28397552746582044,0.009743323576036479,0.1546704667525503
2020-01-16,GOOGL,71.63727803469492,71.89747539401914,71.3671740127522,71.87071228027344,26080000,0.007615433497403679,70.21840744018554,68.61093406677246,70.30527518452203,69.08082436161479,75.70314662623923,1.4866441035910043,1.2034004878537472,0.2832436157372571,0.009648004942439349,0.15315733035369936
2020-01-17,GOOGL,72.48427623244726,73.37685908031735,72.18740906074524,73.32581329345703,52424000,0.020246091446946446,70.80322189331055,68.92715606689453,70.85446393160112,69.48510902179024,80.05555407341998,1.6406839178683867,1.2908571738566752,0.34982674401171154,0.010243653799828393,0.1626129628259265
2020-01-21,GOOGL,73.30001233422392,73.83923712987887,72.86437641508196,73.46109008789062,48930000,0.0018448727447755164,71.22171020507812,69.238916015625,71.32839596001739,69.86377388522837,80.4069497453676,1.753464440657396,1.3833786272168194,0.37008581344057667,0.010258608710341528,0.16285036467050837
2020-01-22,GOOGL,73.831821043348,74.36954862534002,73.48142768998797,73.54138946533203,28458000,0.0010930872022907323,71.66160888671875,69.567626953125,71.73075841552914,70.21402298809538,80.62516544510024,1.8282483967049927,1.4723525811144542,0.3558958155905385,0.010105461481546141,0.16041922778228054
2020-01-23,GOOGL,73.72377971062164,74.01866551266389,73.36545345637307,73.58203125,26650000,0.0005526382485216974,72.0563591003418,69.89983100891114,72.06735347634202,70.53478567970535,80.74207197657606,1.8692471553858354,1.5517314959687305,0.3175156594171049,0.010081182453140866,0.16003381015487275
2020-01-24,GOOGL,73.98496973313786,74.05336352547234,72.51599297869527,72.6641845703125,29786000,-0.012473788289005694,72.28622207641601,70.20150718688964,72.17586822070028,70.7375855740489,70.40938282170256,1.806848189529532,1.6027548346808909,0.20409335484864122,0.010607648543138812,0.16839120024193147
2020-01-27,GOOGL,70.94790605491029,71.19769011279396,70.35119213207136,70.95732116699219,34132000,-0.023489748263378463,72.29995269775391,70.37313652038574,71.95431421093517,70.75851277337682,56.045613785971945,1.6012092047387227,1.6024457086924573,-0.0012365039537345357,0.01206576845037316,0.1915381361794594
2020-01-28,GOOGL,71.45341935177137,72.10067995934351,70.88942009820519,71.8875732421875,29724000,0.013110022474017047,72.35184478759766,70.61068077087403,71.94217948934468,70.86604234183498,60.74575656719783,1.4960567844226063,1.5811679238384873,-0.085111139415881,0.012119850438927809,0.19239666113220003
2020-01-29,GOOGL,72.2820558505161,72.56356386926777,71.63430381972567,72.19483184814453,21566000,0.004274154657048834,72.48124694824219,70.90058517456055,71.98811628185373,70.99259372338827,62.18412797830819,1.4211339873917694,1.5491611365491438,-0.12802714915737434,0.011628309450646789,0.18459368984708108
2020-01-30,GOOGL,71.2729971212912,72.12295839747925,71.11936068796703,72.07340240478516,27110000,-0.0016819686430573633,72.5558349609375,71.18521118164062,72.00362284965945,71.0955278835213,61.22924972939788,1.3365518519299115,1.5066392796252974,-0.17008742769538587,0.011662115102539387,0.18513033793397848
2020-01-31,GOOGL,72.74792746502517,72.83763191582841,70.72585665176216,71.00934600830078,43822000,-0.014763509990944002,72.46969833374024,71.34405288696288,71.82284524213969,71.08732008588125,53.47960226194486,1.1701704452025723,1.4393455127407524,-0.2691750675381801,0.011615499137381368,0.18439033242837827
2020-02-03,GOOGL,72.44015314026151,73.66182608356632,72.19036913116597,73.47844696044922,71636000,0.03477149264069834,72.48496170043946,71.644091796875,72.12386373637779,71.31504645488772,64.65787205437957,1.22344468460237,1.396165347113076,-0.17272066251070584,0.01352723198034435,0.21473815048242553
2020-02-04,GOOGL,72.08530406404785,72.7221511823301,70.47656803193662,71.63529205322266,95880000,-0.025084293197142116,72.30238189697266,71.7620460510254,72.03503252125867,71.34554603568152,54.19000834987584,1.1042090711955126,1.3377740919295633,-0.23356502073405072,0.013978092937815418,0.22189534629844704
2020-02-05,GOOGL,72.53728878225081,72.58536256030895,70.85570477873623,71.66700744628906,36376000,0.00044273419089080335,72.11494369506836,71.88827629089356,71.9681188712642,71.37616140812034,54.327029892052416,1.0007372792701403,1.2703667293976788,-0.2696294501275385,0.01395508077599457,0.2215300395545994
2020-02-06,GOOGL,71.96089840725588,73.42690277747084,71.88656063613087,73.14985656738281,37822000,0.020690819582568354,72.07172622680665,72.06404266357421,72.18298027055849,71.54508475662152,60.30526624563795,1.0265551809626317,1.2216044197106695,-0.1950492387480378,0.014540600795747354,0.23082488171409235
2020-02-07,GOOGL,72.72464050558949,73.60978951764092,72.62651160369214,73.30548858642578,28360000,0.0021275779112377435,72.13585662841797,72.21103935241699,72.38707269162526,71.71274226422193,60.88396864505835,1.0474993370161627,1.1867834031717681,-0.1392840661556054,0.014420233850035765,0.2289141156875407
2020-02-10,GOOGL,73.21231390255865,74.78090153391359,73.11170456287006,74.7699966430664,38302000,0.01997815013420179,72.51712417602539,72.40853843688964,72.82033159188728,72.00390934792141,65.91910138198205,1.1687981152286824,1.183186345583151,-0.014388230354468678,0.014940470289298402,0.23717261313499688
2020-02-11,GOOGL,74.99847489323436,75.82168077098233,74.61091262722508,74.83938598632812,34852000,0.0009280372659767888,72.81230545043945,72.58207511901855,73.18743239087652,72.27395474205538,66.14148853487094,1.2560484661086093,1.1977587696882428,0.05828969642036652,0.014899945237441125,0.23652929788050278
2020-02-12,GOOGL,75.12683532807398,75.34688423463207,74.7704979689078,75.26412200927734,31042000,0.005675300743739564,73.11923446655274,72.80024070739746,73.56501232149485,72.5587325770289,67.5378163528461,1.3439751363938655,1.2270020430293673,0.11697309336449813,0.014759828409204728,0.23430501218845082
2020-02-13,GOOGL,74.83640497378897,75.62689608164477,74.53903875028274,75.0044174194336,22914000,-0.0034505762229145587,73.41233596801757,72.98408546447754,73.8267223393019,72.79165494297222,65.75225253533108,1.3768304220555194,1.2569677188345978,0.11986270322092163,0.014812849994731921,0.23514670376499058
2020-02-14,GOOGL,75.06091253402924,75.33448763337121,74.61585388336378,75.2690658569336,23198000,0.0035284380121247683,73.83830795288085,73.15400314331055,74.08896661523492,73.02759883953996,66.71788891752595,1.4079929238183126,1.287172759831341,0.12082016398697171,0.0147684378420539,0.2344416826979401
2020-02-18,GOOGL,75.05150424505347,75.85537316720415,74.8864637897621,75.30426025390625,25642000,0.000467581157969299,74.02088928222656,73.252925491333,74.30992909499334,73.24442373614627,66.85174286527398,1.4191700161394607,1.313572211092965,0.10559780504649563,0.014161385872488977,0.22480503143177571
2020-02-19,GOOGL,75.68885642045224,75.8643026659883,75.38059282964247,75.57337951660156,22746000,0.003573758799142457,74.41469802856446,73.35853996276856,74.53964735346756,73.46622904857058,67.91438403808803,1.433222322917885,1.3375022334579492,0.09572008945993593,0.014169345104964726,0.2249313803303224
2020-02-20,GOOGL,75.2829486635649,75.68240645418584,74.55192774826135,75.1828384399414,25962000,-0.005167706924822157,74.76628112792969,73.44061241149902,74.65659118737189,73.62971565727257,64.67424301756623,1.3967446731341653,1.3493507213931926,0.04739395174097272,0.014248062320567554,0.2261809773886296
2020-02-21,GOOGL,74.56779071017739,74.8834956332235,73.27475947782071,73.52107238769531,42520000,-0.022102996996762325,74.80340270996093,73.43756446838378,74.45013322379432,73.61936867921759,53.07170427453733,1.2196854655958305,1.3234176702337201,-0.10373220463788968,0.01517287341952931,0.2408618984540205
2020-02-24,GOOGL,70.52711678476247,71.1877625983734,69.72126652670165,70.3690185546875,49560000,-0.0428727945695111,74.5097557067871,73.32280616760254,73.7081123748658,73.30981152450043,38.83874305117608,0.8156184249700686,1.2218578211809898,-0.4062393962109212,0.01779192047688938,0.2824379815685221
2020-02-25,GOOGL,70.92113012166743,71.21105502268838,68.41435887341959,68.7067642211914,51580000,-0.023621962727876755,73.9034324645996,73.2102783203125,72.798776346925,72.87142606704244,33.70519524950956,0.35714540158016916,1.0489153372608258,-0.6917699356806566,0.017800562088386034,0.282575162898204
2020-02-26,GOOGL,69.13594979993545,70.06223775405306,68.22254806781541,68.91242980957031,49776000,0.0029933819575143072,73.31073684692383,73.06152114868163,72.09216788558777,72.49437880442605,34.85255256783779,0.010279229033343995,0.8411881156153295,-0.8309088865819855,0.017506077825331777,0.2779003701478219
2020-02-27,GOOGL,67.35969967242637,67.86819119574264,65.13442914630396,65.16961669921875,62290000,-0.05431259818721079,72.30128631591796,72.71026039123535,70.83352221533886,71.79678241345393,26.02513943833111,-0.56017114548618,0.5609162633950276,-1.1210874088812077,0.020966827148903064,0.3328380625084496
2020-02-28,GOOGL,63.15549166870897,66.53254456868979,62.85317207191718,66.37395477294922,80198000,0.01848005458262736,71.43824005126953,72.42528800964355,70.02269177126801,71.28032263816776,31.993868809736824,-0.9046489299490617,0.26780322472620977,-1.1724521546752715,0.021604404015985443,0.3429592815003756
2020-03-02,GOOGL,66.97561657220051,68.76375399776019,65.67762449941802,68.7067642211914,55430000,0.03514645852009601,70.78200988769531,72.31015892028809,69.78343221670863,71.03522183655096,41.79108650889316,-0.9781364811077822,0.018615283559411378,-0.9967517646671935,0.023111757202435915,0.3668877715161079
2020-03-03,GOOGL,69.26977724679543,69.79065597401333,65.87784927791827,66.29812622070312,56602000,-0.035056781203289145,69.881396484375,71.95114288330078,69.1497402174349,70.58406987313688,36.02094180209964,-1.2167074060590437,-0.22844925436427965,-0.988258151694764,0.022630729536361114,0.3592516940470534
2020-03-04,GOOGL,67.35079255744755,68.53132654925601,66.2624434731714,68.47284698486328,47598000,0.03280214522082603,69.17134323120118,71.79302062988282,69.0266687206037,70.38300102663463,43.59359571290087,-1.2162743386541308,-0.4260142712222499,-0.7902600674318809,0.023592208436708763,0.3745146984139878
2020-03-05,GOOGL,66.68617596648993,67.08663199651346,64.50997717418309,65.16020965576172,54380000,-0.04837884614077548,68.1690803527832,71.46768074035644,68.32367616335969,69.88559232464674,36.50558107758861,-1.466330333878858,-0.6340774837535715,-0.8322528501252865,0.02575422553403269,0.4088356558327209
2020-03-06,GOOGL,62.93940012057122,64.56498121361302,62.307997902917315,64.21756744384766,64640000,-0.014466531291013274,67.23872985839844,71.02106628417968,67.57711094163022,69.3457804312373,34.77296890513068,-1.7207293631804959,-0.8514078596389565,-0.8693215035415394,0.0251420107820388,0.3991170479362754
2020-03-09,GOOGL,59.71846634993979,62.085973437860574,59.37550676498299,60.25520706176758,69252000,-0.061702125131799734,66.22734870910645,70.36855220794678,66.2458556907461,68.48001153890685,28.623278599903202,-2.216521119030844,-1.124430511517334,-1.09209060751351,0.027927955419711097,0.4433425480023245
2020-03-10,GOOGL,62.16824680324075,63.23181404799084,60.191769215403774,63.19811248779297,54872000,0.04884068231661076,65.67648353576661,69.7899580001831,65.69172056293644,67.97697353403886,37.468653956972005,-2.344940767047973,-1.368532562623462,-0.976408204424511,0.03017965609600433,0.4790871881008915
2020-03-11,GOOGL,61.86493249963144,62.29412541390752,59.03353654424814,60.01285171508789,54732000,-0.05040120103777346,64.78652572631836,69.04863128662109,64.6591989542367,67.21848574175782,32.73948446661481,-2.6729263561427388,-1.6294113213273174,-1.0435150348154214,0.03153821946137317,0.5006537129314251
2020-03-12,GOOGL,55.63764838838644,58.91508605796514,54.93636636348303,55.089012145996094,94326000,-0.08204641886487607,63.778465270996094,68.03987579345703,62.91916498910204,66.0632977802567,27.054818000566897,-3.292219346202728,-1.9619729263023997,-1.3302464199003283,0.03507194880519531,0.5567499271976142
2020-03-13,GOOGL,58.23313582495067,60.18631753199108,55.125688027826726,60.179874420166016,79400000,0.09241157312238957,63.159057235717775,67.29864864349365,62.4211121583864,65.50297174596236,38.872719461903515,-3.333793566159791,-2.236337054273878,-1.097456511885913,0.0424844130856044,0.6744191497262849
2020-03-16,GOOGL,54.00165359735801,56.77010434529723,52.885055565048226,53.1784553527832,96520000,-0.11634153668218139,61.60622634887695,66.19411811828613,60.740629102822176,64.32920827994529,31.35019781521578,-3.8868917716021656,-2.5664479977395356,-1.32044377386263,0.04849201716465887,0.769786907937377
2020-03-17,GOOGL,54.05269962443052,55.805157781992705,51.99395547610947,55.41164779663086,83194000,0.041994308203064046,60.517578506469725,65.19948749542236,59.77172341078739,63.47991680534392,35.62910466275329,-4.0977893527489115,-2.872716268741411,-1.2250730840075006,0.05010056490694147,0.795321811725702
2020-03-18,GOOGL,52.531193206500674,54.76389386649369,51.39427142867843,54.079959869384766,93044000,-0.024032635379001688,59.07828979492187,64.12481651306152,58.736857312350544,62.584682811443045,34.25786055248584,-4.322555561772418,-3.1626841273476125,-1.1598714344248058,0.04997069880150684,0.7932602512134029
2020-03-19,GOOGL,53.932764120819286,57.12396841730102,52.313622306797946,55.0949592590332,74064000,0.018768493765525918,58.07176475524902,63.120422554016116,58.074694029929205,61.87137580645163,36.27109487335578,-4.368425938764489,-3.4038324896309877,-0.9645934491335009,0.05051216081779557,0.8018556942503284
2020-03-20,GOOGL,56.0479996091272,56.423670016652885,52.6382366251561,52.9410514831543,82878000,-0.039094461722934404,56.944113159179686,62.09142150878906,57.14130447597013,61.02086872804236,33.898737956404446,-4.526403339455008,-3.628346659595792,-0.8980566798592164,0.050794271247965914,0.8063340584932576
2020-03-23,GOOGL,52.35426692353823,52.87663542635176,50.000141328868075,52.24325180053711,83672000,-0.013180691789607235,56.14291763305664,61.185133171081546,56.250749444073215,60.1849052111371,33.142441256857666,-4.654256795139773,-3.833528686704588,-0.8207281084351847,0.050370251744829814,0.7996029575552218
2020-03-24,GOOGL,54.71383949660357,56.1684399560884,53.84404970701331,56.00389862060547,72468000,0.0719833986296714,55.42349624633789,60.54998989105225,56.205867476169985,59.78671410727694,40.807130221145094,-4.401392299899996,-3.94710140934367,-0.4542908905563259,0.053785872315665596,0.8538242531755496
2020-03-25,GOOGL,55.73478286590232,56.804793052032366,53.67455271127898,54.59687423706055,90324000,-0.025123686353993202,54.88189849853516,59.834212112426755,55.913323250877355,59.29244364344681,39.005389085781886,-4.265362035936235,-4.010753534662183,-0.25460850127405177,0.05382939667903081,0.8545151810241702
2020-03-26,GOOGL,55.246119650005106,58.05917685755691,54.121592502034,57.63493728637695,76562000,0.055645365998886476,55.136491012573245,59.45747814178467,56.226343984604554,59.134585895154444,44.684531711465134,-3.867824896008493,-3.9821678069314452,0.11434291092295235,0.05469361735641254,0.8682342589655612
2020-03-27,GOOGL,55.87801492498947,57.04665313941578,54.71482915567299,55.02507781982422,62794000,-0.0452825940207906,54.621011352539064,58.89003429412842,56.00793195464449,58.74320417369442,41.14073816173694,-3.7204803148099543,-3.9298303085071473,0.20934999369719298,0.05512873478872969,0.8751415340676821
2020-03-30,GOOGL,56.13424989783676,57.044180684671595,54.44175700603659,56.81174087524414,58736000,0.03246997780303418,54.98433990478516,58.29528312683105,56.15407903111715,58.55925528812773,44.392047737601374,-3.4201149397655186,-3.8278872347588218,0.40777229499330314,0.055021947637587214,0.8734463405968418
2020-03-31,GOOGL,56.93167488332719,58.15433094312272,56.33645085139658,57.58686447143555,65228000,0.013643721953416899,55.20186157226563,57.85972003936767,56.414585474811396,58.46664663891895,45.79107849638967,-3.0839770520457463,-3.679105198216207,0.5951281461704605,0.05483929007582977,0.8705467416958681
2020-04-01,GOOGL,55.70603956639152,55.97465756314441,54.19394647198858,54.620662689208984,51970000,-0.051508305052758496,55.25593185424805,57.16711082458496,56.08841769561096,58.100362453232286,41.48936425334562,-3.022096204670312,-3.547703399507028,0.525607194836716,0.0549743160042797,0.8726902118592127
2020-04-02,GOOGL,54.516589764619354,55.64508338449243,54.17611063573357,55.3606071472168,56410000,0.013546969618770222,55.28249664306641,56.677130699157715,55.956088504993836,57.839433376468904,42.929668347000735,-2.880147308171324,-3.4141921812398874,0.5340448730685634,0.0544277005303639,0.8640129602186473
2020-04-03,GOOGL,55.24561822270651,55.447823761533954,53.28153570728026,54.154788970947266,51374000,-0.021781158813214962,55.4038703918457,56.1739917755127,55.628579498803546,57.48851486165732,41.15189416139311,-2.8323022174751387,-3.297814188486938,0.4655119710117992,0.05450719662446809,0.8652749215898513
2020-04-06,GOOGL,56.1520919468335,59.014210036271294,55.755606124149715,58.63953399658203,63320000,0.08281345215915659,56.0434986114502,56.093208122253415,56.1760257711269,57.59813573165015,49.52416366745005,-2.404782361266811,-3.1192078230429128,0.7144254617761017,0.05642729523909852,0.8957555421520419
2020-04-07,GOOGL,60.315667229775336,60.50251369057454,58.34514131104988,58.608306884765625,61620000,-0.0005325266025856257,56.30393943786621,55.86371784210205,56.618258700879394,57.69434250813734,49.471386808279995,-2.044917031433478,-2.904349664721026,0.8594326332875482,0.055253557544340956,0.8771230338835374
2020-04-08,GOOGL,59.62627903343339,60.21109350341691,58.67719432513304,59.81956481933594,40334000,0.020667000958616066,56.82620849609375,55.85405349731445,57.20031435878058,57.8967446330134,51.62485362067776,-1.643042797821316,-2.652088291341084,1.0090454935197681,0.05427402244645478,0.8615733962667406
2020-04-09,GOOGL,60.3736591485406,60.56248317290745,59.09697763876301,59.79825973510742,54028000,-0.00035615578770686884,57.0425407409668,56.08951587677002,57.67266806356728,58.077841309403304,51.58321076734868,-1.3111594842138174,-2.383902529915631,1.0727430457018134,0.05062669190246712,0.803673818854893
2020-04-13,GOOGL,59.54698356017191,60.192262693866695,58.59690819494701,59.98856735229492,38702000,0.0031824942403093637,57.538889694213864,56.07995052337647,58.09374066151776,58.259815218250125,51.956012814020426,-1.0210137222190454,-2.111324768376314,1.0903110461572685,0.046295664668570505,0.7349208929608624
2020-04-14,GOOGL,61.45357529825555,63.226848850689024,60.88709574064294,62.705474853515625,63358000,0.04529042151090423,58.12826309204102,56.556301498413085,58.932237787335545,58.6832113739897,57.04152315014169,-0.5653226980833779,-1.8021243543177268,1.236801656234349,0.03814760226175579,0.6055744121880656
2020-04-15,GOOGL,61.77769872269355,63.19513022880909,61.15769674468202,62.31245803833008,42236000,-0.00626766348717811,58.60082244873047,56.90134201049805,59.54682328751637,59.02885391345069,56.11617633895807,-0.23320916074877118,-1.4883413156039358,1.2551321548551646,0.03746808391230344,0.5947873928043296
2020-04-16,GOOGL,62.80013418506722,63.10840152659315,61.36585370716055,62.31890106201172,57896000,0.00010339864425956691,59.37064628601074,57.31328907012939,60.0508374283337,59.342191737123166,56.128741174077696,0.030165380770021955,-1.1846399763291442,1.2148053570991661,0.036814457417134676,0.5844113938650937
2020-04-17,GOOGL,63.52173597337611,63.93308931599049,62.74363573527321,63.38792419433594,51050000,0.01715407547479808,60.173377990722656,57.72793731689453,60.65758047669774,59.72749959019105,58.26397516095213,0.3214473896009835,-0.8834225031431187,1.2048698927441022,0.03679078711262833,0.5840356394300079
2020-04-20,GOOGL,62.93643239550042,63.27988732571067,62.26984253766652,62.503273010253906,35292000,-0.013956146936912606,61.00822639465332,58.20604839324951,60.993160937344314,59.99185896353037,55.84185942003072,0.47542610674005914,-0.6116527811664831,1.0870788879065423,0.035516434082015554,0.5638059122209906
2020-04-21,GOOGL,61.58937667810342,61.95067114702243,59.72044698572963,60.07530212402344,49648000,-0.03884549991217501,61.151803207397464,58.59765090942383,60.82627751674052,59.99980593119638,49.731303561408865,0.3969624542381567,-0.4099297340855552,0.8068921883237119,0.03679772502014527,0.5841457752974618
2020-04-22,GOOGL,61.51007093376277,63.431532184707,61.31628983142684,62.367469787597656,46296000,0.03815490863187199,61.527719497680664,58.915829467773435,61.10649429325999,60.225297727044115,54.763915507080945,0.5138152756771888,-0.22518073213300643,0.7389960078101951,0.03438283274910053,0.5458105489442836
2020-04-23,GOOGL,62.73075313152235,63.84140722065894,62.47254466860208,62.9998664855957,34202000,0.010139848548478492,61.84574966430664,59.3359790802002,61.450743782775575,60.4895423707157,56.07062410774758,0.6499587866087282,-0.050152828384659516,0.7001116149933877,0.03360070951707563,0.5333947275450199
2020-04-24,GOOGL,62.19846879323134,63.32399034066813,61.65330368753236,63.26897811889648,37402000,0.004271622279744092,62.19282150268555,59.61768112182617,61.781331843888466,60.7542505372091,56.644561979684,0.7706845874410959,0.11401465478049158,0.6566699326606044,0.03165074631530934,0.5024400213594147
2020-04-27,GOOGL,64.03220593195255,64.13628637674407,62.69704507678126,62.9844970703125,44186000,-0.004496374954078952,62.492414474487305,60.015652084350585,62.00008915778374,60.966654968933234,55.81440221819262,0.8337939535914742,0.2579705145426881,0.5758234390487862,0.02946936965702545,0.46781174043793294
2020-04-28,GOOGL,63.59608296834432,63.67339274554905,60.97829284393305,61.08782196044922,80700000,-0.03011336436878964,62.33064918518066,60.22945613861084,61.83422239463201,60.978194682410944,50.50039079913882,0.722434970118023,0.35086340565775515,0.3715715644602679,0.02996172838201029,0.4756276928907893
2020-04-29,GOOGL,66.65891696341713,67.40975873675693,65.75344808139765,66.51915740966797,108358000,0.08891028154081537,62.751319122314456,60.67607078552246,62.68602876100218,61.505905418340184,61.73536631914551,1.0602239508657547,0.49273551469935506,0.5674884361663997,0.0354531120901711,0.5628007067633405
2020-04-30,GOOGL,65.98292232013938,66.90673001324649,65.49425157692038,66.74317932128906,55842000,0.00336778035598706,63.193746948242186,61.282196617126466,63.423692499236154,62.00469340909722,62.11729293243818,1.3306618067847111,0.6603207731164263,0.6703410336682848,0.03263116843372471,0.5180037399905798
2020-05-01,GOOGL,65.62259696617241,66.97758613985344,64.9074419444247,65.28707122802734,48872000,-0.021816582729034972,63.38366165161133,61.778519821166995,63.762488631743636,62.3173008204239,58.060778576050595,1.4112223097455256,0.8105010804422462,0.6007212293032794,0.033409776936910114,0.5303637667992328
2020-05-04,GOOGL,64.83162512222222,65.64144560406487,64.23094864842768,65.56362915039062,30806000,0.004236028928259694,63.689697265625,62.34896183013916,64.08996872604308,62.6264749470874,58.61358800845446,1.4803188080401526,0.9444646259618276,0.535854182078325,0.03265458397790063,0.5183754502307962
2020-05-05,GOOGL,66.28722046090816,67.94799308300591,66.16480889484865,66.858154296875,39666000,0.019744562088150674,64.36798248291015,62.75989284515381,64.59327519346706,63.029492028019554,61.192184282457255,1.6208514744231266,1.0797419956540875,0.5411094787690391,0.027972181574486835,0.444044616444212
2020-05-06,GOOGL,67.30321467823855,67.83301697062188,66.66536925942738,66.68023681640625,31732000,-0.002661118637507287,64.79925918579102,63.16348934173584,64.97272276127418,63.377182007865905,60.63303509994009,1.6982913260029022,1.2034518617238505,0.4948394642790517,0.028006146214974856,0.4445837883968181
2020-05-07,GOOGL,67.4672552406405,68.19530421185752,67.0326098611395,67.86225128173828,30652000,0.01772660868896625,65.28549766540527,63.565623664855956,65.49809158317674,63.804331462520416,63.048771144776246,1.8339015793069535,1.3295418052404713,0.5043597740664822,0.02793734878225648,0.44349166300994297
2020-05-08,GOOGL,68.48374294304661,69.21822742140198,67.99755269554913,68.60863494873047,33326000,0.0109985102600485,65.81946334838867,64.0061424255371,66.06364492236833,64.2618841754928,64.52895462675525,1.9787903428886295,1.459391512770103,0.5193988301185266,0.027902006406258197,0.4429306201841414
2020-05-11,GOOGL,68.23444914371004,70.1544207533012,68.17051714278251,69.56266784667969,32718000,0.013905434770159042,66.47728042602539,64.48484745025635,66.69983090860676,64.76672071560583,66.3826406319126,2.145862051595131,1.5966856205351085,0.5491764310600225,0.027922623976697862,0.4432579139682717
2020-05-12,GOOGL,69.79213586689636,70.09494696826924,68.121449234423,68.15465545654297,33918000,-0.020240919931939105,67.18396377563477,64.75730648040772,66.96434446277698,65.08938116712365,61.291768975586,2.1399843443702906,1.705345365302145,0.4346389790681455,0.027124299574592087,0.4305849069671144
2020-05-13,GOOGL,68.20322375431489,68.65769754561923,65.81688281069327,66.8239517211914,40368000,-0.01952476652457069,67.21444320678711,64.98288116455078,66.93881850976142,65.25457836274914,56.85406120697734,2.004839012592072,1.7652440947601304,0.23959491783194142,0.027560175622154084,0.43750422471290723
2020-05-14,GOOGL,66.08996899266552,67.27198506358019,65.5834587375986,67.24671173095703,36660000,0.006326474248776748,67.26479644775391,65.22927169799804,66.99479909543335,65.44430535019751,57.89701867901154,1.909833194882836,1.7941619147846717,0.1156712800981643,0.02755074325455464,0.43735449051925124
2020-05-15,GOOGL,66.82049185975197,68.1249195115489,66.3615562640386,68.04959106445312,41544000,0.011939309935455,67.54104843139649,65.46235504150391,67.18657945343695,65.69242779917424,59.880478836222345,1.877681310803979,1.8108657939885333,0.06681551681544562,0.027445812669423864,0.4356887691201681
2020-05-18,GOOGL,67.48063955767863,69.02593525404038,67.11487952102308,68.6502685546875,47094000,0.008827055105525172,67.84971237182617,65.76970481872559,67.45270474457341,65.97412691874693,61.347589834573974,1.8790103032873446,1.8244946958482957,0.05451560743904893,0.027136602272264013,0.43078020623808516
2020-05-19,GOOGL,68.66514424524233,69.01255809121812,68.0842961241777,68.11601257324219,31586000,-0.007782285382026077,67.97549819946289,66.17174034118652,67.57330616796773,66.17811602869887,59.271501260375345,1.8160196031144267,1.822799677301522,-0.006780074187095364,0.025320660921161784,0.4019530309751144
2020-05-20,GOOGL,68.84751154962743,69.9809622319671,68.76127821697874,69.8387222290039,38262000,0.02529081769003083,68.29134674072266,66.54530296325683,67.98519999724704,66.52674519063268,63.55442690710432,1.8833966669358375,1.8349190752283853,0.04847759170745225,0.024630778546702613,0.3910014877948802
2020-05-21,GOOGL,69.92941872936086,70.20051340358503,69.10671203417986,69.71928405761719,30894000,-0.0017101998372059946,68.47705001831055,66.8812738418579,68.30048800822343,66.83079651129788,63.0593107562459,1.9051939235863244,1.8489740448999732,0.056219878686351255,0.024667249121872594,0.39158044022730776
2020-05-22,GOOGL,69.57802589109073,70.22726760663576,69.18402059567988,70.04092407226562,28544000,0.004613357968257903,68.62027893066406,67.21987113952636,68.61693092895837,67.13652294567575,63.87547036581941,1.9262178275598103,1.8644228014319408,0.06179502612786947,0.024666573923304586,0.3915697217823285
2020-05-26,GOOGL,71.46430955805518,71.62042645531723,70.34622550732381,70.44385528564453,44590000,0.00575279693573405,68.70839767456054,67.59283905029297,68.9490989938104,67.45150697805373,64.92106191342052,1.9528810077793963,1.882114442701432,0.0707665650779643,0.024556875232920928,0.3898283090589007
2020-05-27,GOOGL,70.37595465466231,70.64110531286433,69.11712048333816,70.38983154296875,31684000,-0.0007669049693080909,68.93191528320312,68.05793952941895,69.21105036638464,67.73134741280754,64.65086979599187,1.9472063232618808,1.895132818813522,0.0520735044483589,0.023127568074386675,0.3671387613272647
2020-05-28,GOOGL,69.38475528420979,71.58821644638739,69.33916194732967,70.28874206542969,35170000,-0.001436137511955149,69.27839431762695,68.24641876220703,69.40699431166556,67.97490880829537,64.11316950155023,1.9125058420468974,1.898607423460197,0.013898418586700378,0.012939184663614475,0.20540318872718905
2020-05-29,GOOGL,70.39727782191743,71.20511704791316,70.17673735022835,71.04602813720703,37044000,0.010773931208960974,69.65832595825195,68.46156120300293,69.705000461764,68.26739636342981,66.36967145030818,1.9239342018971968,1.9036727791475971,0.020261422749599634,0.013060509365038792,0.2073291586543365
2020-06-01,GOOGL,70.65844886621701,71.44546878558273,70.48894665645001,71.1129150390625,25162000,0.0009414587079561443,69.96465835571288,68.75285339355469,69.96098493036372,68.5383981420615,66.56961517573538,1.9162985762652909,1.906197938571136,0.010100637694154813,0.011684200697511006,0.1854809358850893
2020-06-02,GOOGL,71.11937002152804,71.51585582679853,70.45575219799714,71.48165893554688,23442000,0.005185329504237446,70.24779739379883,69.0487548828125,70.23747111312429,68.818708693822,67.70939583722534,1.917893555603527,1.9085370619776143,0.009356493625912732,0.01168565126831561,0.18550396298273772
2020-06-03,GOOGL,71.50099393024125,71.81371930747741,70.95186229426255,71.33000946044922,27732000,-0.0021215158875145246,70.56919708251954,69.27234764099121,70.43611444900154,69.05788019540555,66.70218423902054,1.8851894524493105,1.9038675400719536,-0.018678087622643114,0.011186202421202952,0.17757545833038965
2020-06-04,GOOGL,71.20758919005584,71.43259900133093,69.68261343947218,70.09346771240234,26982000,-0.01733550517377269,70.59467163085938,69.44300918579101,70.37381504234713,69.15650757797667,58.99588207323943,1.7394414321572356,1.8709823184890102,-0.13154088633177463,0.012046113736623405,0.1912261272714273
2020-06-05,GOOGL,70.15986891378326,71.67939953713636,69.7623924809076,71.36815643310547,42642000,0.018185556547626547,70.7595588684082,69.61830444335938,70.55460438612137,69.36714080227465,63.6571589026861,1.7071132636977921,1.8382085075307668,-0.13109524383297466,0.012076907628856489,0.19171496515591807
2020-06-08,GOOGL,70.6872055170517,71.81321492577551,70.59799261823765,71.76564025878906,33878000,0.005569484284719595,70.93203048706054,69.77615470886231,70.77479272660639,69.59556932194269,64.99352605483895,1.6940387558288705,1.8093745571903876,-0.11533580136151711,0.011938206378789605,0.18951315107065356
2020-06-09,GOOGL,71.62687671013373,72.74496087236912,71.48413757383796,71.96586608886719,33624000,0.00278999573272265,71.08423156738282,69.89631462097168,70.99135151974471,69.82131187117359,65.67816676367623,1.68046234145541,1.7835921140433921,-0.10312977258798206,0.011625080809338691,0.18454243675523793
2020-06-10,GOOGL,72.43322560826746,72.99127323763385,72.07886956071756,72.59132385253906,31762000,0.008691033647806323,71.30438079833985,70.11814804077149,71.28225558025277,70.08512253606554,67.79689231002602,1.7005690481912694,1.7669875008729676,-0.06641845268169821,0.010487159283365466,0.16647849253984426
