Date,Ticker,Open,High,Low,Close,Volume,Daily_Return,SMA_10,SMA_20,EMA_10,EMA_20,RSI_14,MACD,MACD_signal,MACD_hist,Volatility_20,Volatility_20_annualized
2011-03-31,NVDA,0.423061576817547,0.4276401608218949,0.4148201146935155,0.4226036965847015,655112000,0.0005421045085483023,0.42100117206573484,0.4247098281979561,0.4253414873251831,0.4305484300038309,40.7357345129621,-0.009120596198311126,-0.012477091504286119,0.003356495305974993,0.031342237899893675,0.497542602092052
2011-04-01,NVDA,0.4280979761581467,0.428555829060259,0.410928260359595,0.4166515171527862,850072000,-0.014084541805995054,0.422328969836235,0.4217795342206955,0.42376149274838365,0.42922491449420763,38.64803134904065,-0.00917207824823807,-0.01181608885307651,0.00264401060483844,0.031398486106506245,0.4984355146903934
2011-04-04,NVDA,0.4166515843783602,0.4177962304635817,0.3987950727002862,0.4017711579799652,924328000,-0.03571416053998033,0.42184822261333466,0.41843717098236083,0.41976325006321663,0.4266102710166607,33.9619682507124,-0.010294925278369005,-0.01151185613813501,0.0012169308597660047,0.032055148997187644,0.50885971491408
2011-04-05,NVDA,0.4077231790068229,0.4109281759538042,0.4015420705811364,0.4024578034877777,821076000,0.0017090462920854588,0.42214582562446595,0.4161822110414505,0.4166168052313186,0.42431003601390993,34.35748947220817,-0.011002552509006558,-0.01140999541230932,0.00040744290330276163,0.03083687965079179,0.4895202885913403
2011-04-06,NVDA,0.4054340043964671,0.4058918573363465,0.3962768091463136,0.3997107744216919,856984000,-0.006825632506761048,0.421344581246376,0.4142592042684555,0.4135429814477501,0.42196724919560347,33.49322241814589,-0.011650712315957268,-0.01145813879303891,-0.00019257352291835762,0.030608993441893773,0.48590270717554745
2011-04-07,NVDA,0.400626441543319,0.4168804240154137,0.3990239427635165,0.4143621921539306,1021208000,0.036655048274434554,0.4187576711177826,0.41446523666381835,0.4136919288488738,0.4212429580487775,41.88942296629878,-0.010856984114090917,-0.011337907857249313,0.00048092374315839535,0.02847862431571874,0.45208414572377276
2011-04-08,NVDA,0.4175672903303313,0.4175672903303313,0.4006265118947437,0.4017711579799652,746552000,-0.030386542045534815,0.41628523766994474,0.41389291882514956,0.41152451596361767,0.4193885008993668,37.5071683184905,-0.011115803957114923,-0.011293487077222435,0.00017768312010751214,0.029267916148298698,0.4646137651289387
2011-04-11,NVDA,0.4033735281754341,0.4054339068449129,0.3921560110401295,0.3965056538581848,546208000,-0.013105729510934583,0.4117066442966461,0.4128856256604195,0.40879381376262985,0.41720918213353997,35.81954122401797,-0.011611947422679014,-0.011357179146313751,-0.000254768276365263,0.029300961731118354,0.4651383474933587
2011-04-12,NVDA,0.3926138362999135,0.4003974157300188,0.3852880823768677,0.397650271654129,840756000,0.002886762861529224,0.4075858950614929,0.4125536695122719,0.40676771519744787,0.41534642875454847,36.48853116663848,-0.011777025385792894,-0.01144114839420958,-0.0003358769915833143,0.028582730908304824,0.45373678664672334
2011-04-13,NVDA,0.4017711063525968,0.4090968348985593,0.3967346696829046,0.4065786302089691,749588000,0.022452791287430385,0.40600628554821017,0.4128169372677803,0.40673333610863355,0.41451140032163614,41.60194526761124,-0.0110599151259001,-0.011364901740547684,0.0003049866146475847,0.028977855654860142,0.4600091975441201
2011-04-14,NVDA,0.4029156626198069,0.4239771650265586,0.4006263712530301,0.4237482249736786,1254704000,0.04222945695863256,0.4061207383871078,0.41356095522642133,0.4098269522659144,0.4153910979075449,49.94754081617593,-0.009002383401153669,-0.010892398072668882,0.0018900146715152139,0.030181298837890246,0.47911326581988195
2011-04-15,NVDA,0.4205434135273939,0.4335924019078651,0.4184830340139163,0.4283270239830017,969720000,0.010805470653257654,0.4072882890701294,0.4148086294531822,0.41319060166902116,0.41662309086711224,51.92083610051717,-0.006922505537418855,-0.010098419565618877,0.0031759140282000223,0.030005908521798717,0.47632903086739875
2011-04-18,NVDA,0.4182541616628563,0.4210013073230652,0.4074944646170473,0.4141334295272827,743584000,-0.03313728450690112,0.40852451622486113,0.4151863694190979,0.4133620249159778,0.41638598026331897,45.8822303742645,-0.006346335195776043,-0.009348002691650311,0.0030016674958742683,0.03106769157059747,0.49318431422795156
2011-04-19,NVDA,0.4143620417445053,0.4159645672331171,0.4013130888591705,0.4125306308269501,659860000,-0.0038702470895966012,0.4095317989587784,0.4158388122916222,0.41321086235433635,0.4160188041265219,45.242331643535344,-0.005950455363509466,-0.008668493226022143,0.002718037862512677,0.03078158648517461,0.4886425367987928
2011-04-20,NVDA,0.4276400754306053,0.4338211571441321,0.4182539691797071,0.4251218438148498,650516000,0.030521886247960817,0.4120729058980942,0.4167087435722351,0.4153764953471569,0.41688576028731505,51.021263544406914,-0.00456805439773017,-0.007848405460363748,0.003280351062633578,0.03117278852269718,0.49485267662079174
2011-04-21,NVDA,0.4297006062822837,0.4324477791155468,0.4230616689464427,0.4239773750305176,421300000,-0.0026920959272811462,0.41303442418575287,0.41589604765176774,0.4169402916532225,0.4175611521676201,50.49957486063296,-0.0035242157731748547,-0.0069835675229259694,0.0034593517497511148,0.02533294774644378,0.4021480782797064
2011-04-25,NVDA,0.4258086468924554,0.4377129577525316,0.425579706816287,0.430616170167923,619612000,0.015658371244285263,0.41591892540454867,0.4161020815372467,0.41942681501953166,0.418804487215268,53.47157327500777,-0.0021366409905743677,-0.006014182216455649,0.0038775412258812815,0.024605185677713123,0.3905952135947831
2011-04-26,NVDA,0.4342790366888851,0.4461833752872631,0.4299293934021382,0.4418337047100067,676000000,0.026049961239749342,0.42045173048973083,0.4160791873931885,0.4235007949632544,0.4209977460242907,58.054261588965566,-0.00013031450523026678,-0.004837408674210573,0.0047070941689803065,0.023864300152030508,0.37883402048924175
2011-04-27,NVDA,0.4441230236862798,0.4441230236862798,0.4326765379669525,0.4418337047100067,450004000,0.0,0.4248700737953186,0.41622798442840575,0.42683405128084567,0.4229821230419779,58.054261588965566,0.0014430787753695884,-0.003581311184294541,0.00502438995966413,0.023790653147764827,0.37766491054069035
2011-04-28,NVDA,0.4418337129971767,0.4555694906599,0.4367972766521338,0.4466412365436554,684000000,0.010880862601471364,0.42887633442878725,0.4174413099884987,0.4304353576922656,0.4252353719468996,60.01187578053768,0.003042855779374243,-0.0022564777915607846,0.005299333570935027,0.022106822642667494,0.35093492994185943
2011-04-29,NVDA,0.449617251617898,0.467931582611218,0.4489304587475473,0.4578587114810943,836000000,0.025115179745259564,0.4322873830795288,0.41920406073331834,0.43542142201750716,0.4283423566644419,64.20916342559782,0.00515640720738586,-0.0007739007917714557,0.005930307999157316,0.022637828626410825,0.35936438860789177
2011-05-02,NVDA,0.4674738086127497,0.4677027214010948,0.4493883883890595,0.4516776800155639,613824000,-0.0134998664665259,0.43462244868278505,0.42095536887645724,0.4383771052898811,0.43056476841216784,60.444346054802935,0.0062604873579237275,0.0006329768381675811,0.005627510519756147,0.022613259930565014,0.35897437265242055
2011-05-03,NVDA,0.4464122957478708,0.4477858543246419,0.4246639983986573,0.4301582872867584,808000000,-0.04764325022229121,0.4362249344587326,0.4223747253417969,0.4368827747438588,0.4305260559240336,49.551169315897226,0.005337516120202002,0.0015738846945744652,0.0037636314256275366,0.023847504377724243,0.3785673958378949
2011-05-04,NVDA,0.4315318690593497,0.4363393922587021,0.4189407654606255,0.4269532859325409,639356000,-0.007450748826514975,0.4376671999692917,0.423599499464035,0.43507741314180093,0.43018579211532,48.159102313769615,0.004297894488371867,0.002118686653333946,0.0021792078350379215,0.023975169926970737,0.38059402360367506
2011-05-05,NVDA,0.4235194090373069,0.4322187236780179,0.4177961793119065,0.4271822869777679,544000000,0.0005363608918638185,0.4378732442855835,0.42497307509183885,0.43364193565743125,0.4298997440069817,48.27092627279436,0.003452665150934786,0.002385482352854114,0.0010671827980806721,0.02386890071319077,0.3789070521335701
2011-05-06,NVDA,0.4361104781693068,0.4464123181089109,0.4326765406196087,0.4422915875911712,841080000,0.03536967958175108,0.4397046655416489,0.4263695448637009,0.43521459964538395,0.43107991958642833,55.14569459656493,0.003956402155995631,0.0026996663134824174,0.0012567358425132134,0.02377676723251288,0.37744447846979134
2011-05-09,NVDA,0.4436650737519687,0.454424764815542,0.4425204280890784,0.4521354734897613,706328000,0.02225655240743407,0.4418565958738327,0.42888776063919065,0.43829112216254346,0.4330852104343648,58.97144376547311,0.00509124794781407,0.003177982640348748,0.0019132653074653222,0.022713905585087745,0.3605720728868594
2011-05-10,NVDA,0.4557984121981197,0.4562562650671237,0.4482437170522641,0.4528223276138305,690976000,0.0015191334552182578,0.4429554581642151,0.431703594326973,0.4409331595173229,0.4349649358800282,59.23272406916235,0.0059771440060270575,0.0037378149134844104,0.002239329092542647,0.022292249769858413,0.3538784943310933
2011-05-11,NVDA,0.455111651267967,0.4596902075706321,0.4487016287794185,0.4548827111721039,616000000,0.004550092680126072,0.4442603588104248,0.4345652163028717,0.443469441636374,0.4368618668602259,60.05450580478667,0.006767467594676946,0.004343745449722918,0.0024237221449540276,0.022279590717968378,0.3536775381122839
2011-05-12,NVDA,0.4532801759766895,0.4697630974210438,0.4521355301703043,0.4693052172660827,1224000000,0.03170598868621788,0.4465267568826675,0.4377015456557274,0.44816685538723006,0.43995170975602177,65.32381246118436,0.008460058156304906,0.005167007991039316,0.00329305016526559,0.022709678961428757,0.3605049773163365
2011-05-13,NVDA,0.4395443730479801,0.4406890187867571,0.4148200196322951,0.4180250167846679,2025192000,-0.10926833667041969,0.4425433874130249,0.4374153852462769,0.4426865210958551,0.4378634532825595,43.401576537227776,0.005599022709988299,0.0052534109348291134,0.000345611775159186,0.033295652998872244,0.5285521054471075
2011-05-16,NVDA,0.4168804405689524,0.4177961736869949,0.4049761283584933,0.4052050411701202,728188000,-0.030667962681170224,0.4378961235284805,0.4362592861056328,0.4358717065639033,0.43475312831947005,39.80512293733723,0.002270988078123981,0.004656926363488087,-0.0023859382853641063,0.033865385216489095,0.5375963240174005
2011-05-17,NVDA,0.4038315104133373,0.4040604232408273,0.3919271700874256,0.4036025702953338,1420364000,-0.00395471603748776,0.4352405518293381,0.4357327431440353,0.4300045908787088,0.43178640850764755,39.3660082488758,-0.0004901591029848329,0.0036275092701935035,-0.004117668373178337,0.03308203212456436,0.5251609791974824
2011-05-18,NVDA,0.4052049953001423,0.4164225405153616,0.4038314367143355,0.4129886031150818,658844000,0.02325563192741753,0.4338440835475922,0.43575564175844195,0.42691077492168567,0.4299961413274032,43.31073077862945,-0.0018991218364322604,0.002522183048868351,-0.0044213048853006115,0.033500528625115863,0.5318044051875429
2011-05-19,NVDA,0.4161936203237397,0.4164225604108999,0.4008553713277715,0.4070364534854889,650884000,-0.014412382290206471,0.43182950019836425,0.4348513722419739,0.4232972619332862,0.42780950439007803,41.46829265995512,-0.0034561829588850013,0.0013265098473176807,-0.004782692806202682,0.03289025733845623,0.5221166488468341
2011-05-20,NVDA,0.4061209054322031,0.4150491356505121,0.4042894658952237,0.4141334295272827,575820000,0.017435725918457212,0.4290136843919754,0.43435917496681214,0.4216311105867401,0.4265070210698118,44.499915863156026,-0.004070575402385701,0.0002470927973770043,-0.004317668199762706,0.03316300505707563,0.526446384651597
2011-05-23,NVDA,0.4081810225857581,0.4166514221507709,0.4029156471857651,0.4136753380298614,588000000,-0.00110614469820558,0.4251676708459854,0.43351213335990907,0.4201846064854894,0.42528495601838795,44.34027429670967,-0.004542091591220265,-0.0007107440803424496,-0.0038313475108778155,0.032940805942816447,0.5229190830643853
2011-05-24,NVDA,0.4157357511775156,0.4319897325958047,0.4145911053675096,0.415277898311615,720372000,0.00387395654134437,0.42141322791576385,0.4321843430399895,0.4192924777266031,0.4243319029034572,45.082514142322125,-0.00473191181251803,-0.0015149776267775659,-0.0032169341857404645,0.03233347394566677,0.5132779864981238
2011-05-25,NVDA,0.4132175853191591,0.4230615736023094,0.4090968542884605,0.4203144013881683,545312000,0.012128030644130261,0.4179563969373702,0.43110837787389755,0.41947828202870585,0.4239492837115249,47.45411357580772,-0.004424934112983336,-0.0020969689240187203,-0.002327965188964616,0.03249762451702461,0.5158837960344159
2011-05-26,NVDA,0.420314387707419,0.4345080193834512,0.4191697417522882,0.4308451414108276,706436000,0.02505443541282326,0.4141103893518447,0.4303185731172562,0.42154498373454613,0.42460603206383946,52.11085619241717,-0.0032939388866060626,-0.0023363629165361888,-0.0009575759700698738,0.03294406232122068,0.5229707764689792
2011-05-27,NVDA,0.4326765760922973,0.4470991204415537,0.4322187231729028,0.4464123547077179,658824000,0.036131806537064826,0.4169491231441498,0.42974625527858734,0.4260663239114864,0.4266828246965898,58.03191450239111,-0.0011284647694747019,-0.0020947832871238913,0.0009663185176491894,0.033495754088251985,0.5317286117645389
2011-05-31,NVDA,0.4551115382458519,0.4590033551659687,0.4441229348930303,0.4587743878364563,1200716000,0.027691960131417614,0.4223060578107834,0.430101090669632,0.43201324462511725,0.42973916404324375,62.04513838656917,0.001567136851305051,-0.001362399259438103,0.002929536110743154,0.03393146343725105,0.5386452832526831
2011-06-01,NVDA,0.4567141858009927,0.4574009788518063,0.4372551767170027,0.4381709098815918,762208000,-0.04490982605203586,0.4257628917694092,0.4305017217993736,0.4331328201262944,0.43054218745641976,52.955964176671515,0.002017634046669714,-0.0006863925982165396,0.0027040266448862538,0.03372863673065918,0.5354255091033769
2011-06-02,NVDA,0.4388576385187095,0.4420626358980725,0.4308450904892837,0.4361104667186737,607592000,-0.0047023732439811505,0.42807507812976836,0.43095958083868025,0.4336742104158179,0.4310724997671106,52.13346020080744,0.0021832288728147464,-0.00011246830401028244,0.0022956971768250288,0.033695888626815496,0.5349056490713012
2011-06-03,NVDA,0.4310740988251558,0.4349658897707488,0.4205433446989503,0.4226036965847015,549300000,-0.03097098364916151,0.4296318024396896,0.43073065131902694,0.4316613897192512,0.43026594708307164,46.9820018062218,0.001210625163263146,0.00015215038944440325,0.0010584747738187428,0.03447690580657281,0.5473039124351425
2011-06-06,NVDA,0.421916797550764,0.425808587267105,0.413217457941641,0.4136753380298614,435988000,-0.021127024271191175,0.4295859932899475,0.42929983884096146,0.4283911985029985,0.428685889078004,43.8943583280741,-0.0002774163191164858,6.623704773222545e-05,-0.0003436533668487112,0.03373719241112583,0.5355613263202471
2011-06-07,NVDA,0.4168804236458551,0.4191697154122609,0.4116150471250195,0.4134464859962463,433956000,-0.0005532165265278444,0.429563108086586,0.4273653894662857,0.42567397804722534,0.4272345173559318,43.814873355670045,-0.001458355348515794,-0.00023868143151737847,-0.0012196739169984157,0.033228135528594716,0.5274802988340682
2011-06-08,NVDA,0.4113862375142422,0.4139044427146455,0.3990240425004284,0.4022290408611297,569288000,-0.02713155272824941,0.4282582223415375,0.42483572512865064,0.4214112621952079,0.4248530434040459,39.99213339098228,-0.0032618119737978235,-0.0008433075399734675,-0.002418504433824356,0.03359701676125922,0.5333361068637638
2011-06-09,NVDA,0.4019999414572505,0.4029156470523789,0.3832277311425765,0.397650271654129,741632000,-0.01138348737127004,0.4259918093681335,0.4219741031527519,0.4170910820968299,0.4222623032373871,38.51499061364721,-0.005002862862269086,-0.0016752186044325915,-0.0033276442578364946,0.03353879542913216,0.532411871868921
2011-06-10,NVDA,0.3983371756989756,0.4008554077243472,0.3887221278133843,0.3919271528720855,493548000,-0.014392342191133611,0.4221000105142593,0.41810519993305206,0.41251582223778543,0.4193732412978346,36.69078576699772,-0.00676646647702045,-0.0026934681789501634,-0.004072998298070287,0.0323640357692744,0.5137631404073943
2011-06-13,NVDA,0.3919269693391403,0.3969634037408917,0.3864326549359119,0.3891798257827759,574760000,-0.007009790133643223,0.4163767576217651,0.4166629403829575,0.40827291379142006,0.41649767791544806,35.81387103462302,-0.008290256467474055,-0.003812825836654942,-0.004477430630819113,0.02202411608059507,0.34962200397163884
2011-06-14,NVDA,0.3926139758786754,0.4010843511616947,0.3907825367468164,0.3923850357532501,534576000,0.008235807095158254,0.40973782241344453,0.41602194011211396,0.40538420869357095,0.41420123580476254,37.685083789406235,-0.009133946901467127,-0.00487705004961738,-0.0042568968518497475,0.021185254512252297,0.3363054894061713
2011-06-15,NVDA,0.3871196474077151,0.3894089394344143,0.3759021001025809,0.3839146494865417,935916000,-0.021586924818496445,0.40431219637393945,0.41503754407167426,0.4014806524741111,0.411316799012551,34.79794908658752,-0.010366567691239392,-0.005974953577941782,-0.00439161411329761,0.021659076701148996,0.34382718347108093
2011-06-16,NVDA,0.3841435092474738,0.3900956786108359,0.3651423825926748,0.3706366717815399,1024908000,-0.03458575421063015,0.3977648168802261,0.41291994750499716,0.3958726559845527,0.40744250118102615,30.81281985450846,-0.012273370603383182,-0.007234636983030063,-0.00503873362035312,0.021930764355503604,0.34814009127733353
2011-06-17,NVDA,0.374986420790854,0.3752153609259589,0.3504909725362821,0.3619374334812164,1467884000,-0.023471067389281508,0.3916981905698776,0.41066499650478355,0.3897026155294006,0.4031086852096157,28.509214944519258,-0.014321393369295055,-0.008651988260283062,-0.005669405109011993,0.02222337191315341,0.3527850922530098
2011-06-20,NVDA,0.3587323110172691,0.3662869780810245,0.3548404938122545,0.3575876653194427,745960000,-0.012018011289786745,0.3860894232988358,0.40783770829439153,0.3838635336730446,0.39877334998198016,27.405922750085765,-0.016109752901141916,-0.010143541188454834,-0.005966211712687082,0.021581841037362742,0.3426011053187404
2011-06-21,NVDA,0.3589612940506546,0.3681184887163297,0.3555273562849683,0.3653713166713714,704276000,0.021767113653026415,0.3812819063663483,0.40542250722646705,0.38050131240001306,0.39559220395239836,32.44406844241681,-0.016706384302279553,-0.011456109811219778,-0.005250274491059775,0.02250214366227673,0.35721045657739453
2011-06-22,NVDA,0.3628531050958002,0.3676606015017475,0.3596480802013244,0.3603348731994629,651720000,-0.013784452260215296,0.3770924896001816,0.40267535597085946,0.3768346870908221,0.39223436292830927,30.947421786662446,-0.017385211981245874,-0.012641930245224997,-0.004743281736020876,0.022442830806337192,0.3562688941792045
2011-06-23,NVDA,0.3557562211174047,0.3736126991791407,0.3525511968398848,0.3710944950580597,744024000,0.029860062566414047,0.37443691194057466,0.4002143606543541,0.375791015812138,0.3902210421787617,37.57286730090808,-0.01686061754178725,-0.013485667704537449,-0.0033749498372497994,0.02355396520044444,0.37390760585907373
2011-06-24,NVDA,0.3692631275942408,0.3724681251982057,0.358045581399342,0.3603348731994629,529052000,-0.028994291216616896,0.3712776839733124,0.39668884724378584,0.37298080806437883,0.38737474037120945,34.05410931724815,-0.01711578412589676,-0.014211690988809311,-0.002904093137087449,0.02290175304924509,0.36355405893430615
2011-06-27,NVDA,0.360334709035518,0.3626239997926669,0.3401889176240095,0.3527800440788269,1142152000,-0.020966133678807175,0.3676377058029175,0.3920072317123413,0.36930794188518756,0.3840800073909825,31.802037069284253,-0.017723313725624246,-0.014914015536172298,-0.002809298189451947,0.020454003131634157,0.3246972336122419
2011-06-28,NVDA,0.3527801951985665,0.3589612774325465,0.3502619633707734,0.3548405468463897,692200000,0.005840757724669965,0.3638832569122314,0.38681053966283796,0.36667750642358793,0.38129529686292607,33.10149565007971,-0.017832952778418565,-0.015497802984621552,-0.0023351497937970124,0.018764056447599924,0.2978701616827649
2011-06-29,NVDA,0.3571298483049871,0.3639977509958607,0.3447676835005387,0.3603348731994629,960544000,0.015483930463706663,0.3615252792835235,0.38291873782873154,0.3655243003828379,0.37929906603783436,36.57204088762295,-0.017277333947987528,-0.01585370917729475,-0.0014236247706927788,0.018138958980127233,0.28794704701811075
2011-06-30,NVDA,0.3612506152311242,0.3688052843872411,0.3557563252760466,0.3649134933948517,652300000,0.012706569738128781,0.36095296144485467,0.37935888916254046,0.3654132445668404,0.3779290115004074,39.39369614043679,-0.016279881299465115,-0.015938943601728824,-0.00034093769773629184,0.01879105224574336,0.29829870669275227
2011-07-01,NVDA,0.3649134421207837,0.3710945515648789,0.3575877141131821,0.3697209656238556,540804000,0.013174279153887136,0.3617313146591186,0.37671475261449816,0.3661964665772068,0.3771472928454977,42.296337889884086,-0.01492937353321544,-0.015737029588026148,0.0008076560548107084,0.01862987564117162,0.2957401074156006
2011-07-05,NVDA,0.369263103683387,0.3726970411612109,0.3603348498667392,0.3635398745536804,535296000,-0.016718259565684623,0.36232653558254235,0.37420797944068906,0.3657134498456565,0.375851348246277,39.66591169394366,-0.014194226581971503,-0.01542846898681522,0.0012342424048437176,0.0184730753809729,0.2932509804516244
2011-07-06,NVDA,0.3633110164640557,0.3639978095727173,0.3543827606324857,0.3587324321269989,529580000,-0.013223975588877668,0.36166264712810514,0.3714722767472267,0.36444417389680966,0.37422097528253623,37.70200249312994,-0.01383999886125109,-0.015110774961702395,0.0012707761004513048,0.01848373951785422,0.29342026837643514
2011-07-07,NVDA,0.3605638417898206,0.3623952535422389,0.3536959385561999,0.360105961561203,986136000,0.0038288409722537775,0.36163975596427916,0.36936612278223035,0.36365540801760843,0.37287668826145687,38.63680631826636,-0.013295179935892576,-0.014747655956540432,0.0014524760206478561,0.01799093403949748,0.28559722393366216
2011-07-08,NVDA,0.3550693352234866,0.3575875659752981,0.3502618137120278,0.353237897157669,619516000,-0.019072342967492606,0.35985409617424013,0.36714550405740737,0.3617613151339831,0.37100632720395327,35.748241307099036,-0.013264695260911896,-0.014451063817414726,0.00118636855650283,0.018207230954724287,0.2890308310159055
2011-07-11,NVDA,0.3465991510959317,0.3479727099154236,0.3399601879515918,0.340875893831253,714388000,-0.03499625443896859,0.35790819823741915,0.3645929411053658,0.3579639658062139,0.36813676212083896,31.223427788214238,-0.014075789353437007,-0.014376008924619182,0.00030021957118217535,0.019273846042230692,0.30596282061293356
2011-07-12,NVDA,0.3392733583600366,0.3424783831747262,0.3305740442780367,0.3362972736358642,867604000,-0.013431927215291406,0.3562599211931229,0.36194881349802016,0.3540245672297867,0.3651044298841747,29.722822412380026,-0.014916100132643717,-0.01448402716622409,-0.000432072966419627,0.019331348750147605,0.3068756478020992
2011-07-13,NVDA,0.340875825289718,0.3431651168190654,0.3324054520892341,0.3356104493141174,634368000,-0.00204231308306857,0.35433691143989565,0.3591100841760635,0.35067654579057406,0.36229547935369305,29.493834327550474,-0.01545926863623398,-0.014679075460226069,-0.0007801931760079116,0.019036641090615484,0.30219730874257184
2011-07-14,NVDA,0.3369839189153291,0.3390442696648819,0.3207299437470857,0.3223324418067932,1088996000,-0.03956374878809721,0.3505366683006287,0.35603097379207604,0.3455230723389775,0.35848947577779783,25.41703242970698,-0.01676786827767973,-0.015096834023716803,-0.0016710342539629289,0.020124553599686186,0.3194673844257561
2011-07-15,NVDA,0.3241639700347497,0.3262243213574646,0.3161514502167382,0.3227903842926025,827736000,0.0014207148472002995,0.34632435739040374,0.3536386594176292,0.34138985633054564,0.3550895623030173,25.797981399020216,-0.01756550656452932,-0.015590568531879307,-0.0019749380326500136,0.019261130024232135,0.30576096008518633
2011-07-18,NVDA,0.3202721383223718,0.3221035493520288,0.3118017395029476,0.3159224689006805,818200000,-0.021276703787112772,0.34094450771808626,0.3513379111886024,0.3367594222523883,0.35135936293136616,23.83197109640105,-0.01853812802777527,-0.0161800804310585,-0.0023580475967167683,0.019166646324942197,0.30426107785756284
2011-07-19,NVDA,0.3168382222145137,0.3262243279647777,0.3168382222145137,0.3255375623703003,602224000,0.030434978249814115,0.3371442764997482,0.3497354060411453,0.3347190840920086,0.34890014383031226,31.681630520879793,-0.018321876669177506,-0.016608439678682304,-0.001713436990495202,0.020814967202895596,0.3304273606009649
2011-07-20,NVDA,0.3266822915390526,0.3285137033128703,0.3205011812856209,0.3214169144630432,662956000,-0.012657979857236379,0.33341272473335265,0.34753768593072887,0.3323005077958331,0.3462826934143819,30.243156905834752,-0.01827236530482451,-0.016941224803910745,-0.0013311405009137668,0.019935249953358908,0.3164622822029979
2011-07-21,NVDA,0.3218747029825174,0.3388154768237026,0.3170671798121995,0.3365261852741241,1143420000,0.04700832511046382,0.3310547471046448,0.34634725153446194,0.333068812791886,0.34535350216292876,40.84846057531447,-0.016820044310161764,-0.016916988705160948,9.694439499918425e-05,0.02310109503818667,0.3667185149058606
2011-07-22,NVDA,0.3395022216344188,0.3445386568716557,0.3351525519323246,0.343394011259079,737192000,0.020407998799144123,0.3300703585147858,0.3449622273445129,0.33494612160410286,0.3451668839816097,44.945670613031865,-0.014942643802037414,-0.016522119724536242,0.0015794759224988277,0.022478321650097218,0.35683229385765775
2011-07-25,NVDA,0.3381287740498169,0.3395023602619813,0.3330923367560728,0.3378998339176178,566920000,-0.015999630632218653,0.32977275252342225,0.3438404753804206,0.3354831602065601,0.34447478397551523,42.41459249389703,-0.013739741382147286,-0.01596564405605845,0.002225902673911165,0.02188665797429922,0.3474399241819467
2011-07-26,NVDA,0.3282848029185971,0.3365262653749358,0.324850864776875,0.3296583890914917,698276000,-0.024390200878688262,0.329108864068985,0.3426843926310539,0.3344241109129113,0.3430636987484654,38.8778361948408,-0.013298155411016699,-0.015432146327050101,0.0021339909160334024,0.022047538295581728,0.34999382010769275
2011-07-27,NVDA,0.3250796978391552,0.3266822237444522,0.3163803845567891,0.3172961175441742,652212000,-0.03750024861004386,0.3272774308919907,0.3408071711659431,0.3313099303004136,0.34060964339567573,34.262639072952325,-0.013786801677740101,-0.015103077397188101,0.0013162757194479999,0.023216009147906363,0.36854271984456477
2011-07-28,NVDA,0.3161514999378519,0.3232482879470411,0.3111150362848986,0.3166093528270721,648176000,-0.002164428365583393,0.3267051219940185,0.3386208951473236,0.3286370980325333,0.3383239014367611,34.02102073725672,-0.014067314295166944,-0.014895924776783871,0.0008286104816169274,0.02271360059574441,0.36056723133112945
2011-07-29,NVDA,0.3134043280215101,0.319585437542769,0.3118018292639841,0.3166093528270721,677656000,0.0,0.3260870188474655,0.3362056881189346,0.326450235267904,0.3362558491882193,34.02102073725672,-0.014126777863861295,-0.014742095394199357,0.0006153175303380623,0.02233133580359333,0.35449896588108415
2011-08-01,NVDA,0.3239350493686792,0.3344658012473998,0.3211879050104717,0.3335500955581665,1019620000,0.053506766555778906,0.3278497815132141,0.3343971446156501,0.3277411189570426,0.33599815836630953,45.09735776373279,-0.012660978927863775,-0.014325872100932242,0.0016648931730684664,0.02578734723979403,0.40936144661137747
2011-08-02,NVDA,0.3312607685953477,0.3520933300558707,0.3301161229610443,0.3301161229610443,1356432000,-0.010295222945074345,0.3283076375722885,0.3327259570360183,0.3281729378668611,0.335437964518189,43.503095411448605,-0.011642211433871286,-0.01378913996752005,0.002146928533648765,0.02567112294347939,0.40751644310526536
2011-08-03,NVDA,0.3308029588438592,0.3401890378921621,0.3275979342764687,0.3390443921089172,765236000,0.02704584395269438,0.3300703853368759,0.33174155503511427,0.33014956591087125,0.3357814338125441,48.5916825416446,-0.009999130400469958,-0.013031138054110034,0.003032007653640076,0.026516235068154446,0.42093218217639905
2011-08-04,NVDA,0.3328633830602274,0.3328633830602274,0.3067654371261596,0.3067654371261596,979732000,-0.09520568908978744,0.3270943105220795,0.3290745288133621,0.3258979061318327,0.33301800555669797,35.975751387415,-0.011172825368361616,-0.012659475516960351,0.0014866501485987348,0.03358069754512445,0.533077047338859
2011-08-05,NVDA,0.313862235878671,0.3177540267159996,0.2884510571547267,0.2964635789394378,1270588000,-0.03358219975246135,0.32240126729011537,0.3262358129024505,0.32054621027867,0.3295366315931494,33.02843877279918,-0.012786861960740414,-0.012684952805716364,-0.00010190915502404987,0.03399939523339249,0.5397236670849083
2011-08-08,NVDA,0.2820410286518672,0.2921139293549191,0.271281334922844,0.2731127738952636,1084180000,-0.07876449824868481,0.31592256128787993,0.32284765690565104,0.3119219491180506,0.3241629308600174,27.52414990137666,-0.015768443602615367,-0.013301650965096166,-0.0024667926375192013,0.03708588024804747,0.588720097729536
2011-08-09,NVDA,0.2783781000556071,0.2964635190931206,0.2747152500677424,0.2960056662559509,1329832000,0.08382212239353737,0.3125572890043259,0.32083307653665544,0.30902807950675976,0.3214812866120111,38.36841235370975,-0.01609852961687719,-0.013861026695452371,-0.0022375029214248172,0.04262341120781784,0.6766256765107753
2011-08-10,NVDA,0.2873063899513759,0.2955478512370348,0.2808963675392534,0.2824988663196563,1140052000,-0.04563020737790713,0.3090775638818741,0.31817749738693235,0.30420458620001367,0.31776867515559637,35.037408308014506,-0.017251150510526003,-0.014539051458467098,-0.002712099052058905,0.04354230845808827,0.6912127181385952
2011-08-11,NVDA,0.282498819641101,0.3111149893193951,0.282498819641101,0.3069942593574524,1078792000,0.08670970385445287,0.3081160545349121,0.31741058826446533,0.3047117995013662,0.3167425403176779,44.45542781973812,-0.016003558312956356,-0.01483195282936495,-0.0011716054835914057,0.04763655496291471,0.7562068664863922
2011-08-12,NVDA,0.3397312725302809,0.3401891255033912,0.2900535836207052,0.2948611080646515,3195784000,-0.039522404484682916,0.30594123005867,0.31601412445306776,0.30292076469469076,0.31465859438881827,41.26429720853809,-0.01581161001841197,-0.015027884267174356,-0.0007837257512376145,0.04838484539194785,0.7680856087884212
2011-08-15,NVDA,0.2978370642899501,0.3067653162048209,0.2962345659330769,0.3060785233974457,864152000,0.03804304815382653,0.303194072842598,0.31552192717790606,0.30349490264064616,0.3138414447705923,45.18212929493104,-0.014586197339233664,-0.014939546881586219,0.00035334954235255456,0.049045144864794624,0.7785675379642989
2011-08-16,NVDA,0.3026446312058302,0.3067653613662239,0.2918849393174391,0.2973792552947998,716868000,-0.02842168736991002,0.2999203860759735,0.314114011824131,0.30238296675958315,0.3122736172014692,42.79793802538467,-0.014153850418273883,-0.014782407588923753,0.0006285571706498693,0.04886070025527761,0.7756395705596083
2011-08-17,NVDA,0.2982949537024154,0.303331416714762,0.2893667279814496,0.2932585179805755,553328000,-0.013856841863899683,0.29534179866313937,0.31270609200000765,0.30072397607249085,0.3104626553709079,41.676079342547965,-0.01398253942072758,-0.014622433955284519,0.0006398945345569389,0.04887341604877898,0.7758414275235731
2011-08-18,NVDA,0.2799807087581453,0.2827278538844566,0.2701367197487092,0.2733417451381683,802564000,-0.06791541121996136,0.29199942946434015,0.30954686999320985,0.29574538862988675,0.30692733058683747,36.672461905007204,-0.015277778616110071,-0.014753502887449631,-0.0005242757286604404,0.04938324787956017,0.783934756931844
2011-08-19,NVDA,0.2687630639465976,0.2836434575813962,0.266702685376707,0.2685341238975525,761332000,-0.01758831691875551,0.28920648396015164,0.3058038756251335,0.2907978859512805,0.3032708347116675,35.56255598669294,-0.01650197536540632,-0.01510319738304097,-0.0013987779823653491,0.04891347478871468,0.7764773403058001
2011-08-22,NVDA,0.2760888902644796,0.2792939156539387,0.2703656598802831,0.2733417451381683,611876000,0.017903204147156737,0.28922938108444207,0.30257597118616103,0.28762404216707826,0.3004204452284771,37.59650335001029,-0.016889533228248543,-0.015460464552082486,-0.0014290686761660575,0.04931998463027835,0.7829304839834664
2011-08-23,NVDA,0.2799806086887252,0.3031024620929753,0.2795227285892309,0.3028735220432281,938312000,0.10803976132563342,0.2899161666631698,0.3012367278337479,0.29039667487183274,0.3006540715917867,48.375971079896864,-0.014644890852256898,-0.015297349812117368,0.0006524589598604705,0.055679866518106275,0.8838904790410865
2011-08-24,NVDA,0.302186810401973,0.3031025161833639,0.2907403243915248,0.2985239326953888,687500000,-0.014361074941435459,0.29151867330074305,0.3002981185913086,0.29187435811247925,0.3004512012207012,47.08587401059667,-0.013066350353489853,-0.014851149920391866,0.0017847995669020133,0.05515816542843486,0.8756087309891947
2011-08-25,NVDA,0.2925717729356429,0.297837149579321,0.2852460445703354,0.2857038974761963,690968000,-0.04294474852799812,0.28938963711261745,0.2987528458237648,0.2907524561786096,0.2990466961021769,43.411189771558455,-0.012703378694123746,-0.014421595675138243,0.001718216981014497,0.05592805073302515,0.8878302813131294
2011-08-26,NVDA,0.2845592121976026,0.300813192785764,0.2795227490583927,0.2978371083736419,732660000,0.042467782220074524,0.2896872371435165,0.29781423360109327,0.29204057475952455,0.29893149727088786,47.58076025752986,-0.011306339872953763,-0.013798544514701347,0.0024922046417475835,0.05687216405546716,0.9028176156769964
2011-08-29,NVDA,0.3063075515608241,0.3069943172752921,0.2992107359935583,0.3058496713638305,601528000,0.026902500611631908,0.289664351940155,0.29642921239137643,0.2945513195966711,0.29959037099402525,50.19082053894935,-0.009443767795920044,-0.012927589170945088,0.003483821375025044,0.055818560744054134,0.8860921816219183
2011-08-30,NVDA,0.3037893320606302,0.3156936445684667,0.3017289529614487,0.3131754398345947,684760000,0.023952186831188937,0.29124397039413447,0.29558217823505395,0.2979375232762935,0.3008841870740795,52.518640462755535,-0.007292474606320765,-0.011800566258020223,0.004508091651699459,0.05610297530750289,0.8906071228467007
2011-08-31,NVDA,0.3154646553967528,0.3186696523879548,0.3021867600365477,0.3047049641609192,705808000,-0.027047062432958513,0.2923886150121689,0.29386520683765405,0.2991679670734982,0.30124807060615943,49.63043949725868,-0.006199590826542478,-0.010680371171724675,0.004480780345182197,0.055976116378602565,0.8885932997819511
2011-09-01,NVDA,0.3088258134870494,0.3154647773795354,0.3037893760003293,0.3040182888507843,762312000,-0.002253574410990722,0.2954562693834305,0.2937278494238853,0.30004984376027743,0.3015119009151713,49.39329652329286,-0.005327469760840475,-0.009609790889547836,0.004282321128707361,0.0516862329226945,0.8204935111152527
2011-09-02,NVDA,0.2971502532530283,0.301270982553978,0.2934873766987394,0.2957766950130462,471356000,-0.027108875156465206,0.29818052649497984,0.2936935052275657,0.2992729076244172,0.3009656908292547,46.52021273348253,-0.005240921200570514,-0.008736016951752372,0.003495095751181858,0.051479465577407645,0.8172111812659845
2011-09-06,NVDA,0.2861617445348463,0.3024157270396198,0.2834145998653029,0.3017289340496063,696248000,0.02012409745905641,0.3010192453861237,0.2951243132352829,0.2997194578835425,0.30103838065976435,48.83497966847129,-0.004638564414530033,-0.007916526444307905,0.0032779620297778717,0.04803671505290148,0.7625592109827015
2011-09-07,NVDA,0.3262244164943695,0.3351526718410638,0.3172961884381891,0.3262244164943695,1606620000,0.08118373705829596,0.3033543348312378,0.29663525074720376,0.3045385412673292,0.30343705073925054,57.07006568954218,-0.002159715747086677,-0.006765164304863659,0.004605448557776982,0.04781505165793132,0.7590404136755575
2011-09-08,NVDA,0.3230194465080385,0.330803056506352,0.3193565680040656,0.3246219456195831,880164000,-0.004912173319234325,0.30596413612365725,0.2987414047122001,0.3081900693313753,0.3054546597754727,56.43019040529639,-0.0003208181344335759,-0.005476295070777643,0.005155476936344067,0.046348335146828734,0.7357570108822991
2011-09-09,NVDA,0.3218747612205839,0.3305740761410848,0.3150068853292169,0.3177540302276611,869828000,-0.021156657720147964,0.3091691493988037,0.29927939325571057,0.3099289713125182,0.30662602838996683,53.65363959417008,0.0005757017659753227,-0.0042658957034270506,0.004841597469402373,0.04284721482614671,0.680178448810463
2011-09-12,NVDA,0.3134043411720651,0.3280558252754656,0.3134043411720651,0.3253086805343628,916480000,0.023775151809369843,0.3119163066148758,0.3008017718791961,0.3127252820801263,0.308405328594195,56.20622680006042,0.0018741928603804858,-0.0030378779906655435,0.00491207085104603,0.041901227521344744,0.6651613658988814
2011-09-13,NVDA,0.3280558941804203,0.3342370052593231,0.3230194565487918,0.3326344788074493,853836000,0.022519529024103813,0.3145947873592376,0.3021295696496963,0.31634513603054865,0.310712866709743,58.588083118593694,0.0034545650289454777,-0.0017393893867433394,0.005193954415688817,0.041412304337213636,0.6573999509663329
2011-09-14,NVDA,0.3413338749781344,0.3541539248267625,0.3411049347952756,0.3498042523860931,1547192000,0.051617540190663114,0.3182576686143875,0.304750819504261,0.3224286117315567,0.31443585582177636,63.586777710199385,0.006023048637041284,-0.0001869017819864148,0.0062099504190276985,0.04188082248997316,0.6648374460678592
2011-09-15,NVDA,0.3575877187641677,0.3594191576125163,0.3516355493296624,0.3548405468463897,752908000,0.014397464942015326,0.3232712268829345,0.3078299209475517,0.3283216908433445,0.3182839216336443,64.92420453065465,0.008368510296774823,0.0015241806337658328,0.006844329663008989,0.04154560419134765,0.6595160205493716
2011-09-16,NVDA,0.3555273095080929,0.3685762931332502,0.3520933721942111,0.353924810886383,1391588000,-0.0025806970712485278,0.3282618790864944,0.3118590742349624,0.3329768035784424,0.321678292038667,64.46059848888261,0.010037704907485512,0.0032268854885097687,0.006810819418975743,0.0374300165225484,0.5941830917262103
2011-09-19,NVDA,0.3479726905656983,0.3504909225305051,0.3376708771850535,0.346599131822586,968204000,-0.020698404967570028,0.3333441227674484,0.3157623246312141,0.33545359053192303,0.3240517053514212,60.72490207118999,0.010646704008708208,0.004710849192549457,0.005935854816158751,0.037572800637840104,0.5964497192876037
2011-09-20,NVDA,0.3509487913381693,0.3523223774339984,0.3360683935589102,0.3376708924770355,792436000,-0.025759554845395827,0.3369383186101913,0.31897878199815743,0.3358567363401253,0.3253487707919559,56.432419574152824,0.010290285875164007,0.005826736529072367,0.0044635493460916395,0.03855850436974831,0.6120972809337081
2011-09-21,NVDA,0.3395021690038057,0.3454543088921844,0.3310317709514401,0.3312607109546661,715252000,-0.01898351816867183,0.33744194805622096,0.32039814144372936,0.33502109536095087,0.32591181271221403,53.50793657761226,0.009382419171882983,0.0065378730576344905,0.0028445461142484925,0.031624577926854476,0.5020246110710372
2011-09-22,NVDA,0.3182119301137023,0.3186697831159126,0.3033315301535073,0.3092836737632751,1314632000,-0.06634362743488353,0.3359081208705902,0.32093612849712366,0.33034156416137345,0.3243281804313627,44.9141076623137,0.006811051475447749,0.006592508741197143,0.00021854273425060602,0.0352267943778749,0.5592080244591916
2011-09-23,NVDA,0.3074521830650438,0.324621870932393,0.3056207442344246,0.3156936168670654,1011440000,0.020725125984814907,0.33570207953453063,0.32243561446666713,0.3276783010169538,0.32350584104428676,47.55958667705499,0.005230162827255858,0.006320039558408886,-0.0010898767311530288,0.03376387834613975,0.5359849524055476
2011-09-26,NVDA,0.3195854963868258,0.3205012023338717,0.3021868650688315,0.3163804709911346,972124000,0.0021756984854035544,0.33480925858020777,0.3233627825975418,0.3256241501031685,0.322827234372558,47.848604671760626,0.003986763641820379,0.005853384375091185,-0.0018666207332708063,0.03262753072081852,0.5179459930884348
2011-09-27,NVDA,0.3243928988912181,0.3271400429901807,0.3143200008076819,0.3168382048606872,781388000,0.0014467829449733571,0.33322963118553156,0.3239122092723846,0.3240267055136264,0.3222568506095227,48.05407234631114,0.003003671669699115,0.005283441834012772,-0.002279770164313657,0.03216081692845306,0.5105371413201778
2011-09-28,NVDA,0.3175251045090519,0.3255376540360494,0.302186853114458,0.3072232902050018,1236532000,-0.030346449727907898,0.32897153496742243,0.323614601790905,0.32097153909387643,0.3208250829519493,44.12176446899594,0.0014322113011198123,0.00451319572743418,-0.0030809844263143676,0.032522517372296916,0.516278957861253
2011-09-29,NVDA,0.3127175651419628,0.3179829416415681,0.2918849719449531,0.2996685802936554,866416000,-0.024590290359514544,0.323454338312149,0.3233627825975418,0.3170982738574726,0.31881017793687366,41.26449689651127,-0.00041796626036588735,0.0035269633298741668,-0.0039449295902400545,0.03242129910926347,0.5146721677485064
2011-09-30,NVDA,0.2948609742643617,0.2964634725883331,0.2859327225328022,0.2863906025886535,677784000,-0.044308875131287895,0.31670091748237605,0.3224813982844353,0.3115150608995055,0.31572259933228125,36.758834948191684,-0.002921984323349225,0.0022371737992294884,-0.005159158122578713,0.03388290325983563,0.5378744143343089
2011-10-03,NVDA,0.2827278180575401,0.2916560726998184,0.2703656256198883,0.2703656256198883,949896000,-0.055954967879243145,0.3090775668621063,0.32121084481477735,0.3040333453941205,0.3114028875501486,32.190481614809755,-0.006128868611532834,0.000563965317077024,-0.006692833928609858,0.03556061973755464,0.5645073377574272
2011-10-04,NVDA,0.2637266167873436,0.2953188717365265,0.2625819710554388,0.2953188717365265,1361548000,0.09229444778501672,0.3048423647880554,0.3208903416991234,0.3024488956381943,0.30987107652027984,43.88519819253376,-0.006580967795403236,-0.0008650213054190283,-0.005715946489984208,0.041320315774048516,0.6559396777967506
2011-10-05,NVDA,0.2946321250572011,0.3085968433837471,0.288679982691908,0.3058496713638305,856708000,0.035659081200537956,0.3023012608289718,0.3198716044425964,0.30306721849740087,0.30948808555299895,47.96390703864697,-0.00602011598576857,-0.0018960402414889368,-0.004124075744279634,0.03769134358432661,0.5983315302241085
2011-10-06,NVDA,0.3074521600439321,0.3188986177650879,0.3069942799026796,0.3179829120635986,773192000,0.03967060237686071,0.30317118465900417,0.3195396527647972,0.30577916278216405,0.31029711664924653,52.26866738304514,-0.004544203019426374,-0.002425672797076424,-0.0021185302223499496,0.03884506146681635,0.6166462338252838
2011-10-07,NVDA,0.3193565960161662,0.3287427059493191,0.3127176588472171,0.3239351809024811,806976000,0.018718832405975272,0.3039953410625458,0.3198487102985382,0.30908025698585806,0.3115959799114593,54.26742601113933,-0.0028612502977439225,-0.002512788297209924,-0.00034846200053399853,0.038742613055982825,0.6150199157216081
2011-10-10,NVDA,0.3294293738839128,0.3383576273918152,0.328742580953996,0.3383576273918152,534376000,0.044522630882984915,0.3061930567026138,0.3205011576414108,0.31440341524148663,0.3141447082429218,58.77234051952126,-0.00035958220271548047,-0.0020821470783110355,0.001722564875595555,0.039633138931317126,0.6291565757348242
2011-10-11,NVDA,0.335610538502284,0.3411048560071318,0.333550186494538,0.3346948325634002,816080000,-0.010825217260947095,0.30797871947288513,0.3206041753292083,0.3180927638454709,0.3161018629401102,57.230474649776056,0.0013123232096721726,-0.0014032530207143939,0.0027155762303865665,0.03945687666335066,0.6263584989754432
2011-10-12,NVDA,0.3411048546705132,0.3413337947995946,0.3342369782842515,0.334465891122818,612064000,-0.0006840304011531684,0.31070297956466675,0.31983725726604456,0.3210696960777158,0.31785081800513,57.12958857902696,0.0025890022274260294,-0.0006048019710863092,0.0031938041985123387,0.037618836719046186,0.5971805194208473
2011-10-13,NVDA,0.3328633068621683,0.354611603807261,0.3319476011613363,0.353924810886383,854832000,0.05817908576040587,0.3161286026239395,0.31979147046804424,0.32704335331565526,0.3212864363747731,63.0858733974278,0.005112023521877451,0.0005385631275064428,0.004573460394371009,0.03980729692099686,0.6319212481119894
2011-10-14,NVDA,0.3601059329262137,0.3637688107208108,0.3511777058263359,0.3598770201206207,702452000,0.016817722440342076,0.3234772443771362,0.32008908092975613,0.33301311091655805,0.32496173006485385,64.70141891572351,0.007505313038815575,0.0019319131097682693,0.005573399929047306,0.03996134011269721,0.6343666079704
2011-10-17,NVDA,0.3557561657264048,0.3557561657264048,0.340188954157408,0.3420203924179077,611780000,-0.04961869389917695,0.33064272105693815,0.3198601439595222,0.334650798462258,0.3265863645746685,56.686288999616515,0.007870406455700918,0.003119611778954799,0.004750794676746118,0.04131060647514023,0.6557855474548538
2011-10-18,NVDA,0.3401890631683139,0.3552984268364876,0.3381287115215916,0.3543826937675476,590916000,0.03614492475797948,0.3365491032600403,0.32069573402404783,0.33823841579049246,0.3292336340216094,60.34848135641619,0.009052923554306536,0.004306274134025147,0.004746649420281389,0.04158615005884894,0.6601596662419703
2011-10-19,NVDA,0.3548405346710171,0.3610216439834197,0.3463701609898664,0.3472858667373657,557568000,-0.020025884883749234,0.3406927227973938,0.3214969918131828,0.3398834068717421,0.3309528942802528,57.350673079002206,0.009310101192637699,0.0053070395457476575,0.004003061646890041,0.041616103582584225,0.6606351636901322
2011-10-20,NVDA,0.3378997925051847,0.3392733785490047,0.3168382853826749,0.3298872709274292,990308000,-0.05009877301771737,0.34188315868377683,0.3225271716713905,0.3380659276091397,0.33085140634188864,50.70115699632204,0.008017573452159865,0.0058491463270300996,0.0021684271251297656,0.04032624009141515,0.6401592155530026
2011-10-21,NVDA,0.3340079735731387,0.3395022899941048,0.325995452671759,0.3314897418022156,628428000,0.004857631730625034,0.3426386147737503,0.323316977918148,0.3368702574624262,0.33091220019525314,51.26166630277795,0.0070413733440515824,0.006087591730434397,0.0009537816136171856,0.04013540770963928,0.6371298454073401
2011-10-24,NVDA,0.3328633763894281,0.3491173606530767,0.3321765833250953,0.3438519835472107,535256000,0.03729298432520145,0.34318805038928984,0.3246905535459518,0.33813966220511427,0.3321445605144872,55.46805618262786,0.007182462363293396,0.006306565857006197,0.0008758965062871989,0.04084996230185187,0.6484730479023822
2011-10-25,NVDA,0.339044319170223,0.3417914902914175,0.3301160948978477,0.3308028876781463,577996000,-0.03794974725592282,0.3427988559007644,0.3253887876868248,0.33680570320021097,0.3320167821491214,50.51236305142509,0.006170197253619669,0.006279292136328892,-0.00010909488270922311,0.041962876743655134,0.6661400169634044
2011-10-26,NVDA,0.3372130648311032,0.3390444767088708,0.3250797837525453,0.3346948325634002,503116000,0.011765147857598413,0.3428217500448226,0.3267623648047447,0.33642190853897264,0.3322718345695289,51.892880053860694,0.005617264953369949,0.006146886699737104,-0.0005296217463671548,0.041252739569779734,0.6548669388105051
2011-10-27,NVDA,0.3470569572582635,0.3525512463767185,0.3392733491681912,0.3491173088550567,577732000,0.0430914220610934,0.3423409998416901,0.32923480123281473,0.33873016314189697,0.3338761654538649,56.712026598010425,0.006270552400048646,0.006171619839799413,9.893256024923278e-05,0.04146506380687926,0.6582374815825663
2011-10-28,NVDA,0.3461412072515911,0.3603348368114202,0.3452255015402188,0.3571298122406006,490156000,0.022950748021692613,0.342066279053688,0.3327717617154121,0.3420755538871158,0.33609079848117307,59.15974948350786,0.007350102066805586,0.0064073162852006475,0.0009427857816049386,0.039646179049191446,0.6293635811885987
2011-10-31,NVDA,0.3456834160061632,0.3477437951597293,0.3388155400753021,0.3388155400753021,519984000,-0.05128183516911222,0.3417457938194275,0.3361942574381828,0.3414828241031497,0.3363502976806139,51.93151682041611,0.006651173660716048,0.006456087760303728,0.00019508590041231958,0.03923725641863364,0.6228721356730649
2011-11-01,NVDA,0.3264532911068771,0.3273689968246011,0.31866968334419,0.3218747079372406,790824000,-0.050000162726586916,0.3384949952363968,0.33752204924821855,0.3379177120729844,0.3349716700860069,46.296633037309604,0.004676377916604357,0.006100145791563854,-0.0014237678749594966,0.03674749724677224,0.5833484341139406
2011-11-02,NVDA,0.3250797866501318,0.326682312993235,0.3097415346487636,0.3163804709911346,961608000,-0.017069489495823542,0.3354044556617737,0.33804858922958375,0.33400185005810257,0.3332010796960191,44.60616797150243,0.0026375945098006115,0.005407635535211206,-0.0027700410254105946,0.03631801850227236,0.576530670405931
2011-11-03,NVDA,0.3198142087987346,0.3360682111416927,0.3113438385801914,0.335381418466568,749372000,0.06005727033627761,0.3359538704156876,0.3389185145497322,0.33425268067782354,0.33340873100749996,51.237426587727775,0.002525944123481283,0.004831297252865222,-0.002305353129383939,0.03768190751916223,0.5981817373334287
2011-11-04,NVDA,0.3324054880213806,0.3404180092402287,0.3271401114766069,0.3392733633518219,654840000,0.01160453343852108,0.3367322325706482,0.3396854236721992,0.33516553207309596,0.3339672674212449,52.49194745987932,0.0027201515994225156,0.004409068122176681,-0.001688916522754165,0.03756250370108453,0.5962862604840776
2011-11-07,NVDA,0.3367550985079092,0.3424783546800644,0.3296583110689715,0.3374418914318084,613536000,-0.00539821901112314,0.33609122335910796,0.3396396368741989,0.33557941559286186,0.3342981839936795,51.81636788944936,0.002695209251062869,0.004066296347953919,-0.0013710870968910499,0.036294368215033825,0.5761552337351205
2011-11-08,NVDA,0.3417914869965598,0.3472857746049795,0.336297172097638,0.3452254235744476,549728000,0.0230662888641735,0.3375334769487381,0.3401661664247513,0.33733323522587744,0.3353388734775622,54.49669562382884,0.003265861436791473,0.00390620936572143,-0.0006403479289299571,0.03652867162898931,0.5798746851230783
2011-11-09,NVDA,0.3372130553919442,0.341562699415661,0.326453360813409,0.3278269469738006,532244000,-0.050397437189022676,0.33684668838977816,0.3398342192173004,0.33560481918004526,0.33462345190577536,48.0609365324339,0.0022878231476464173,0.0035825321221064277,-0.0012947089744600104,0.038378755077967806,0.6092438493873609
2011-11-10,NVDA,0.3358392926951881,0.3392732290005796,0.3230192529055266,0.3312607109546661,990484000,0.010474318882455647,0.3350610285997391,0.3387010142207146,0.3348149813208854,0.33430319086281257,49.33268550594562,0.0017694002683266707,0.0032199057513504765,-0.0014505054830238058,0.035959102260398744,0.570833051700934
2011-11-11,NVDA,0.3406469261637823,0.345683362272099,0.3221036258261657,0.3429362177848816,1751560000,0.035245673404997735,0.33364166915416715,0.3378539741039276,0.3362915697688847,0.3351253839030096,53.50170824935059,0.0022744438533972566,0.003030813371759833,-0.0007563695183625762,0.03671333888794936,0.5828061869781038
2011-11-14,NVDA,0.3429362360652503,0.3463701736799468,0.3353815678548159,0.3362972736358642,500292000,-0.019359122206164536,0.33338984251022336,0.33756781816482545,0.33629260683560824,0.33523699244899574,50.935258028609105,0.002114611301569147,0.002847572957721696,-0.0007329616561525488,0.03523102583423513,0.5592751967464684
2011-11-15,NVDA,0.3330922840012968,0.3431651569934548,0.3321765509080482,0.3406469523906708,505660000,0.012934029193220065,0.33526706695556635,0.3368810310959816,0.3370843060274378,0.3357522267291553,52.54153965811799,0.0023122711539212415,0.0027405125969616052,-0.0004282414430403637,0.03434001826903422,0.5451308901436757
2011-11-16,NVDA,0.3342369768596046,0.3431652052074834,0.3326344505438955,0.3337790966033935,512420000,-0.02016121306554619,0.33700692951679223,0.336205692589283,0.3364833588594297,0.3355643095743208,49.770922430811666,0.0018929190534579532,0.002570993888260875,-0.000678074834802922,0.03434389212197528,0.5451923856526618
2011-11-17,NVDA,0.333092253077155,0.334007958794879,0.3159225389005098,0.3218747079372406,657504000,-0.035665470927611964,0.3356562584638595,0.33580506443977354,0.3338272405099408,0.334260537989837,45.310806554856626,0.0005931572685761166,0.0021754265643239234,-0.0015822692957478067,0.03340598292702753,0.5303035387595065
2011-11-18,NVDA,0.3237061413872488,0.3237061413872488,0.3154646809000239,0.3188986182212829,501352000,-0.009246112361639747,0.33361878395080563,0.33517550826072695,0.3311129455483666,0.33279749801187947,44.24336955536782,-0.0006693431073885869,0.0016064726299814215,-0.0022758157373700084,0.033431405093312244,0.5307071031381738
2011-11-21,NVDA,0.3138621527092138,0.3381286517430892,0.3090546299961141,0.334923654794693,1330788000,0.05025119476149742,0.33336696028709406,0.33472909182310107,0.3318058017749714,0.3329999891340522,50.94474147819367,-0.00037250324102183763,0.0012106774557807697,-0.0015831806968026074,0.03433417916842442,0.5450381972951128
2011-11-22,NVDA,0.3385864631495632,0.3470568618740882,0.3367550248499227,0.3452254235744476,1287480000,0.03075855835285668,0.33336696028709406,0.33545021861791613,0.3342457330112398,0.3341643162236137,54.71298010200807,0.000686102177918535,0.0011057624002083228,-0.0004196602222897878,0.03385061120681432,0.5373617938846003
2011-11-23,NVDA,0.3415627335616185,0.3440809660105791,0.3303451849050413,0.3305741250514984,825340000,-0.042439801713472614,0.33364167809486384,0.335244183242321,0.33357816792765044,0.3338223932548408,48.95347275562788,0.00033891050513895626,0.0009523920211944496,-0.0006134815160554933,0.035226986176367416,0.5592110691658698
2011-11-25,NVDA,0.3262244113050848,0.3337790803888796,0.3205011812856209,0.3214169144630432,406620000,-0.02770092966903759,0.3326572984457016,0.3338591635227203,0.3313670309340855,0.3326409190841934,45.714406583384886,-0.0006674577242390956,0.0006284220721077406,-0.0012958797963468361,0.034208050312723906,0.5430359637831166
2011-11-28,NVDA,0.3319476364408497,0.3445387412632701,0.3319476364408497,0.3395023047924042,690616000,0.056267699413312666,0.33231390714645387,0.33297778815031054,0.33284617163559793,0.3332943843897373,52.41151813475995,-5.607305321453371e-06,0.0005016161966219018,-0.0005072235019433552,0.036313870494612294,0.5764648228257014
2011-11-29,NVDA,0.3390443982095816,0.3456833602461662,0.3358394008750295,0.3413337171077728,623440000,0.00539440318818607,0.3328175514936447,0.33310369700193404,0.3343893617214479,0.3340600351247883,53.0432659570767,0.0006590959404162988,0.0005331121453807813,0.00012598379503551754,0.034419716528788356,0.5463960607950802
2011-11-30,NVDA,0.3516356421045293,0.3587324592803492,0.348659556602072,0.3578167259693146,730324000,0.048290010729697075,0.3345345288515091,0.3349007979035378,0.3386488824937873,0.3363225771099813,58.396397184359934,0.002487247669588355,0.000923939250222296,0.001563308419366059,0.033775968322686034,0.536176874833336
2011-12-01,NVDA,0.3548405596592358,0.3630820211291381,0.3532380608430079,0.3621663153171539,529760000,0.012155913997749623,0.33737325072288515,0.3371900901198387,0.342924779370763,0.3387838855106644,59.701938469694475,0.004238191363558352,0.0015867896728895073,0.0026514016906688453,0.03336207601693586,0.5296065381698676
2011-12-02,NVDA,0.3660581025198062,0.3674316885154078,0.3564430824221276,0.3598770201206207,546464000,-0.006321115740784422,0.34117348194122316,0.3384148702025413,0.3460070049616462,0.3407927554735174,58.65858969638765,0.005379093029896198,0.0023452503442908455,0.0030338426856053526,0.03106047444608785,0.49306974592815084
2011-12-05,NVDA,0.3658291797409816,0.3662870326301966,0.3514066090518853,0.3543826937675476,644696000,-0.015267233098772426,0.3447218894958496,0.3391703367233276,0.3475298574718101,0.34208703531104406,56.1235567846804,0.005773367811199026,0.0030308738376724816,0.0027424939735265445,0.0312939694419367,0.4967763640765156
2011-12-06,NVDA,0.3564431262663159,0.3571298920580812,0.3456834316551354,0.3493463099002838,573832000,-0.014211709419894358,0.3461641550064087,0.33976555764675137,0.3478601215497144,0.3427783947957336,53.82718243303505,0.005614716373393003,0.003547642344816586,0.0020670740285764167,0.03147471247595407,0.49964557079181904
2011-12-07,NVDA,0.3470569539457455,0.3498040984787526,0.3399601388858437,0.3472858667373657,510016000,-0.005897996070163725,0.3463701993227005,0.33986857980489726,0.3477557115838328,0.34320767783779377,52.874021264650665,0.005262065605723676,0.003890526996998004,0.0013715386087256717,0.03112869620557324,0.4941527327857605
2011-12-08,NVDA,0.3438519418462986,0.3495751712041261,0.3351526277642987,0.3362972736358642,491488000,-0.031641348393286695,0.3469425141811371,0.34029209613800043,0.34567235922965667,0.3425495441042767,47.993020112986976,0.004049222784145323,0.003922266154427468,0.00012695662971785523,0.029758920795744395,0.47240822226724827
2011-12-09,NVDA,0.3337790790440276,0.3438519802120066,0.3292004950469044,0.3411048352718353,555840000,0.014295571248599037,0.3489113062620163,0.3407843023538589,0.3448419003282346,0.3424119527869013,50.16075169232514,0.0034363540056169817,0.003825083724665371,-0.0003887297190483894,0.029830448246992738,0.4735436853547527
2011-12-12,NVDA,0.3337791249642066,0.3351527112685221,0.3264533950190635,0.3326344788074493,573208000,-0.02483212076907615,0.3482245236635208,0.3402692154049873,0.3426223691426372,0.34148076478885825,46.484434839912815,0.0022413274782079884,0.0035083324753738946,-0.0012670049971659062,0.029314578747903115,0.4653545109334251
2011-12-13,NVDA,0.3369840143769486,0.3411047443338824,0.3214168274788131,0.323477178812027,516596000,-0.027529617579791443,0.34643886983394623,0.33962821066379545,0.3391414254461626,0.3397661375529696,42.82978919730559,0.0005490140741563065,0.002916468795130377,-0.0023674547209740705,0.029637292571979768,0.47047743407232195
2011-12-14,NVDA,0.3207301667253482,0.3225616060484821,0.3074522657457743,0.3108862042427063,636020000,-0.0389238419092226,0.3417458176612854,0.3381401732563972,0.3340041125000796,0.3370156677138969,38.363631833229896,-0.001787537294367425,0.001975667577230817,-0.003763204871598242,0.03055952954934923,0.485117492224247
2011-12-15,NVDA,0.3161514541642831,0.318211805512724,0.3074521413665761,0.308138906955719,435148000,-0.008836986812198688,0.3363430768251419,0.33685816377401345,0.3293013478556504,0.3342655000226419,37.44609065777541,-0.003816955531410704,0.0008171429555025128,-0.004634098486913217,0.030350893607658334,0.48180549932666367
2011-12-16,NVDA,0.310657260060423,0.3166094309607077,0.3079101147566442,0.3092836737632751,619116000,0.0037150998517709866,0.33128374218940737,0.3362286120653152,0.3256617707479458,0.33188627847413077,38.110323152737216,-0.005272137076851424,-0.0004007130509682747,-0.00487142402588315,0.029421252904655457,0.4670479106739304
2011-12-19,NVDA,0.3106571266891144,0.3143200037152844,0.3001263757067544,0.3012710213661194,463276000,-0.02590713017489754,0.3259725749492645,0.335347232222557,0.32122708904215913,0.32897053970193924,35.2860140740905,-0.006991341190267786,-0.001718838678828177,-0.005272502511439609,0.02988183068782295,0.47435935631590614
2011-12-20,NVDA,0.3081390688637763,0.3193566190174911,0.3081390688637763,0.3182119727134704,445208000,0.05623159927739452,0.3228591412305831,0.3345116481184959,0.32067888607330663,0.327945914274466,44.62922896650112,-0.0069072076538079785,-0.0027565124738241375,-0.0041506951799838415,0.030460939822486505,0.48355242882961963
2011-12-21,NVDA,0.3163804679305857,0.3198144061345621,0.3079100924855469,0.3140911757946014,548424000,-0.012949848755626547,0.31953967213630674,0.33295493572950363,0.3194811205680875,0.32662641537162174,43.00284358406892,-0.0070913009888126655,-0.0036234701768218434,-0.003467830811990822,0.029531667892532167,0.46880069426754634
2011-12-22,NVDA,0.3150068991787986,0.3285137114427887,0.3150068991787986,0.3275980055332184,576560000,0.043002894635440825,0.31866974532604214,0.33280612975358964,0.3209569178344749,0.3267189477679643,49.49905936867406,-0.006077253212430245,-0.004114226783943524,-0.0019630264284867206,0.02990256106148086,0.4746884407956118
2011-12-23,NVDA,0.3292005010899217,0.3296583813304498,0.3216458318978874,0.3243930041790008,248948000,-0.009783335979109298,0.3169985622167587,0.3329549342393875,0.32158166080620687,0.32649742933092013,48.098196823584516,-0.005469184513180125,-0.0043852183297908446,-0.0010839661833892808,0.029292189271313728,0.4649990890111826
2011-12-27,NVDA,0.3230193537296497,0.326911143965739,0.3209589749290083,0.3218747079372406,195712000,-0.007763102808378108,0.3159225851297378,0.33207355439662933,0.32163494210275845,0.3260571701505697,46.973299387559116,-0.005131340252276351,-0.004534442714287946,-0.0005968975379884046,0.02626012408840645,0.4168665464137213
2011-12-28,NVDA,0.3218746338472498,0.3225614266227091,0.3136331751227425,0.3138621151447296,233960000,-0.02489351475877155,0.31496107876300805,0.3306999742984772,0.32022170083766227,0.3248957363404897,43.48826437961878,-0.005447351834705572,-0.004717024538371472,-0.0007303272963340999,0.02666095238297128,0.42322949832886136
2011-12-29,NVDA,0.3170672390688064,0.3205011770349417,0.3124886551139593,0.319814383983612,211112000,0.01896459799277661,0.3158538967370986,0.328799857199192,0.32014764322783495,0.32441179802078707,46.654532953393144,-0.00515803630861017,-0.0048052268924192116,-0.00035280941619095837,0.02434840161770336,0.3865188930141952
2011-12-30,NVDA,0.3186696760894902,0.3221036133885421,0.3168382374052277,0.3172961175441742,186956000,-0.007874150024368087,0.31676961779594415,0.32655634731054306,0.3196291840126239,0.32373411416587156,45.49319305295392,-0.00507347091087107,-0.0048588756961095835,-0.0002145952147614861,0.024001225927342516,0.38100764978654345
2012-01-03,NVDA,0.3273690573089775,0.3296583766072765,0.3207301214026049,0.3214169144630432,468044000,0.012987227674777113,0.317982941865921,0.3246333420276642,0.3199542259127001,0.3235134284798879,47.78372122347866,-0.004620674096768307,-0.0048112353762413285,0.00019056127947302166,0.024386462460076114,0.3871230901558428
2012-01-04,NVDA,0.321645742383922,0.3264532652474237,0.3186696581013022,0.3250796794891357,347372000,0.011395682247188121,0.32036380767822265,0.3231681913137436,0.3208861265629611,0.3236625952426734,49.802905724611705,-0.0039210751195719595,-0.004633203324907455,0.0007121282053354954,0.02454439453968646,0.3896301841959722
2012-01-05,NVDA,0.3234772291390193,0.3383576527682025,0.3221036431761685,0.3367551267147064,563548000,0.035915647646505455,0.32221812307834624,0.3225386321544647,0.3237713993178239,0.3249095030019146,55.68545447724876,-0.0023968969385940175,-0.004185942047644767,0.0017890451090507497,0.0259673144691744,0.4122183378098681
2012-01-06,NVDA,0.3365261180984608,0.3367550308334194,0.3289714520347751,0.3328632414340973,533252000,-0.011557018652031625,0.3240953296422958,0.3218175008893013,0.3254244615207827,0.32566700190021775,53.43741672225253,-0.0014858889623368676,-0.0036459314305831874,0.00216004246824632,0.02604827834349082,0.41350359946959736
2012-01-09,NVDA,0.3330921814595584,0.3392732619514821,0.3305739503414957,0.3328632414340973,508244000,0.0,0.32462185323238374,0.32164579927921294,0.32677696695956715,0.3263523580463015,53.43741672225253,-0.0007552030668380727,-0.0030677857578341647,0.002312582690996092,0.025083404956771235,0.3981867093020493
2012-01-10,NVDA,0.3378997639814212,0.3381287040662359,0.3292004501161071,0.3314897418022156,546328000,-0.004126318141841612,0.3253315269947052,0.321165044605732,0.32763383511277594,0.32684163268972194,52.56880079976667,-0.0002836889818328414,-0.0025109664026339,0.0022272774208010587,0.024859671737598454,0.3946350545543188
2012-01-11,NVDA,0.3285136177348497,0.3314897020278016,0.3234771820878192,0.3248507678508758,484272000,-0.020027690495776906,0.3256291329860687,0.3207758590579033,0.3271278228833395,0.32665202651459374,48.46777488552159,-0.00044064095144469295,-0.0020969013123960586,0.0016562603609513657,0.024640915113808136,0.391162400809135
2012-01-12,NVDA,0.3255375557768969,0.3257664685402509,0.3156935701090185,0.3227903842926025,652364000,-0.006342554065376649,0.32652195990085603,0.32074151933193207,0.3263391976850237,0.3262842510648803,47.23617134921239,-0.0007229485510718558,-0.0018221107601312182,0.0010991622090593624,0.02387938372750443,0.3790734648267558
2012-01-13,NVDA,0.3205011397932485,0.3211879327647741,0.3127175588906527,0.3143200576305389,504300000,-0.026240951014158576,0.3259725272655487,0.3209132120013237,0.32415389949329915,0.3251448040711335,42.45945920260511,-0.0016115865631258774,-0.0017800059207301502,0.00016841935760427275,0.022936595142009165,0.36410716000997084
2012-01-17,NVDA,0.3191276032867927,0.3191276032867927,0.3090547026832592,0.3095125555992126,627176000,-0.015294926030387734,0.32519417107105253,0.3209818944334984,0.3214918369671016,0.32365601850237913,39.987814450869,-0.0026729517025546046,-0.0019585950770950413,-0.0007143566254595632,0.02312402759436303,0.3670825579492786
2012-01-18,NVDA,0.3154648002023007,0.3225616175996425,0.3138623009711159,0.3200433850288391,632676000,0.034023916765634876,0.3250568181276321,0.32151987999677656,0.32122848206923565,0.32331195817156577,47.233766738870315,-0.00263397843333274,-0.002093671748342581,-0.0005403066849901587,0.024310424006438725,0.38591601712542817
2012-01-19,NVDA,0.3227903643930057,0.3289714725611051,0.3193564275398413,0.3285135924816131,608312000,0.026465810102623166,0.32540020942687986,0.3228820085525513,0.3225530475987588,0.3238073519153798,52.229840797470295,-0.0018977409078427265,-0.0020544855802426105,0.00015674467239988393,0.02396577700142873,0.38044491553327003
2012-01-20,NVDA,0.3280557665612324,0.3319475838126386,0.3243929166588294,0.3255375623703003,546272000,-0.009059077552413197,0.32427845299243924,0.32324828803539274,0.32309568664813,0.32397213386346746,50.42336335689143,-0.0015366940701664333,-0.001950927278227375,0.0004142332080609417,0.02080142996164608,0.3302124635582602
2012-01-23,NVDA,0.3257665755754501,0.3346948312518993,0.32164584428559,0.334465891122818,562792000,0.027426416440268442,0.3244387179613113,0.3242670238018036,0.3251629965526187,0.32497153931673894,55.4065014422712,-0.000524079079533557,-0.0016655576384886116,0.0011414785589550546,0.021294803792006253,0.3380445303093826
2012-01-24,NVDA,0.3321764356469106,0.3433939779359078,0.3319475229209115,0.3420203924179077,730920000,0.022586761447419557,0.32535443305969236,0.3249881431460381,0.3282279776190349,0.32659523961208836,59.1481098063747,0.0008778909347248454,-0.0011568679238459203,0.002034758858570766,0.019726035373925595,0.31314110371602083
2012-01-25,NVDA,0.332863342415016,0.3408758636698841,0.3232482950767656,0.3399601578712463,1274152000,-0.006023718445840709,0.32620147466659544,0.32576650083065034,0.3303611013012551,0.3278680889701034,57.72561433036714,0.0018019468403533967,-0.000565104971006057,0.002367051811359454,0.019622062567406503,0.3114905865810431
2012-01-26,NVDA,0.3449965879107909,0.3488884057086981,0.3349237151515857,0.3367551267147064,799672000,-0.009427666984887395,0.32739191055297845,0.3265105217695236,0.3315236513764281,0.32871447351720845,55.48986076348764,0.0022497152571719914,-2.1409253704473164e-06,0.0022518561825424386,0.019671478942180406,0.31227504721111976
2012-01-27,NVDA,0.3346947550711883,0.3431651285615119,0.331947610600071,0.3413337171077728,449996000,0.013596201007342934,0.3292462438344955,0.3278841018676758,0.33330729969121803,0.32991630624011936,57.99287080353093,0.0029401368657254734,0.000586314632848737,0.0023538222328767363,0.018715687830395122,0.297102333688461
2012-01-30,NVDA,0.3353816021098716,0.3404180390010671,0.330345137928163,0.3388155400753021,399076000,-0.00737746348004531,0.3316957920789719,0.32883415967226026,0.33430879794286966,0.3307638523196606,56.12353299379977,0.0032466794240734176,0.0011183875910936731,0.0021282918329797442,0.018560763277821905,0.2946429826599409
2012-01-31,NVDA,0.3397312744182492,0.3399602145513342,0.3321766048031428,0.3381287753582001,357900000,-0.0020269575502629422,0.3345574140548706,0.32987579256296157,0.33500333929111153,0.33146527356142624,55.59718570481148,0.0033950642496305417,0.0015737229228010468,0.0018213413268294949,0.018425152609070027,0.29249023003207314
2012-02-01,NVDA,0.3420206022623516,0.3456834810306856,0.337213104580746,0.3417916893959045,428020000,0.010832896531281833,0.3367322444915771,0.33089453130960467,0.3362375847647102,0.3324487417361385,57.86681591764315,0.003764828247024843,0.0020119439876458063,0.0017528842593790366,0.018372034337954715,0.2916470036194042
2012-02-02,NVDA,0.3436231737666471,0.3559853434698026,0.3401892074151909,0.3546117842197418,696236000,0.037508503634175794,0.33934206366539,0.3323711365461349,0.3395783483019887,0.33455950768695786,64.67295885255062,0.005034310985950141,0.0026164173873066735,0.0024178935986434676,0.01985073483972442,0.3151206463667786
2012-02-03,NVDA,0.3598770234966823,0.3651424001418692,0.3591902304924386,0.3621663153171539,495232000,0.02130366624457891,0.3430049389600754,0.33364169597625726,0.3436852513956551,0.3371887274612622,67.95770188773179,0.006574189561415089,0.003407971822128357,0.0031662177392867323,0.01888047062155312,0.29971817940294393
2012-02-06,NVDA,0.3603347832099683,0.3607926359975468,0.3562140535407537,0.3594190776348114,278868000,-0.007585569298284134,0.34550025761127473,0.334969487786293,0.3465459470755017,0.3393059036682669,65.57003913735292,0.007486574732074924,0.004223692404117671,0.0032628823279572533,0.018730611794359996,0.29733924427181907
2012-02-07,NVDA,0.3598770202975409,0.3623952249033673,0.3539248507010222,0.3603348731994629,410296000,0.0025479881888239575,0.3473317056894302,0.33634306937456127,0.3490530245525855,0.34130866267123794,65.99889789083954,0.008189144244363844,0.005016782772166906,0.003172361472196938,0.01871055210031002,0.2970208065008254
2012-02-08,NVDA,0.3603347787784863,0.3804805467987194,0.3585033403601917,0.3733837604522705,847612000,0.03621322337453692,0.35067406594753264,0.338437770307064,0.3534767947161646,0.3443634338884791,71.45484109912513,0.009687203737186123,0.00595086696517075,0.0037363367720153733,0.01990870011277243,0.3160408165497566
2012-02-09,NVDA,0.3779623716165848,0.3800227229373989,0.3724680559435706,0.3731548488140106,561944000,-0.0006130733644725828,0.3543140381574631,0.3408529743552208,0.3570546227339548,0.34710547340519643,71.23888125000748,0.010732240830365891,0.006907141738209778,0.003825099092156113,0.019018273682807348,0.3019057351828365
2012-02-10,NVDA,0.3694921981969598,0.3708657847798468,0.3619375265721264,0.3639979064464569,440268000,-0.024539256013038524,0.35658045709133146,0.3429133504629135,0.35831703795440967,0.3487142765519831,63.032140676183175,0.010698229009885707,0.007665359192544964,0.0030328698173407425,0.020100953725315146,0.3190927480344073
2012-02-13,NVDA,0.3731549031859041,0.3745284891269275,0.3621662975292468,0.3697209656238556,610668000,0.015722780477696263,0.3596709996461868,0.3456833958625793,0.3603904793488544,0.3507149136064472,65.69230005077344,0.011006204765713512,0.008333528307178675,0.0026726764585348374,0.018674228917870853,0.2964441938554626
2012-02-14,NVDA,0.3697210270212754,0.3749864042822424,0.3665160017234843,0.3717813789844513,453756000,0.005572887534573523,0.36303626000881195,0.3487968370318412,0.36246155200987196,0.35272124364244756,66.62348332729519,0.011286432936330304,0.008924109233009,0.0023623237033213035,0.017850501635936086,0.28336792863863114
2012-02-15,NVDA,0.3752153427110296,0.3868907432242833,0.3692631723924072,0.3701788783073425,1110856000,-0.004310330661223993,0.36587497889995574,0.3513036116957664,0.36386470224577566,0.3543838755152947,65.14254546366425,0.011249529791644397,0.00938919334473608,0.0018603364469083165,0.017105036010740673,0.27153402870734505
2012-02-16,NVDA,0.3447677337813257,0.3795649960503903,0.3433941475847255,0.3765889108181,1888588000,0.017316040666792265,0.36807269155979155,0.35370737761259075,0.36617819471347096,0.35649864078222854,68.1886083423268,0.011603758926533314,0.009832106461095528,0.0017716524654377858,0.016686654810090726,0.2648924330464788
2012-02-17,NVDA,0.3768177390173956,0.3793359432424661,0.3594191130509682,0.3628530502319336,1020360000,-0.036474415978757,0.36814136505126954,0.3555731520056724,0.36557362298955504,0.3571038226345814,56.74526017999391,0.010653314140139203,0.009996347996904263,0.0006569661432349397,0.019034698089921736,0.3021664645627746
2012-02-21,NVDA,0.3626241432809339,0.3736127487214757,0.3619373503239296,0.364684522151947,518176000,0.005047420488384358,0.3686679095029831,0.35708408355712884,0.3654119682918081,0.35782579401718767,57.763060995539554,0.009933358701225858,0.009983750137768583,-5.039143654272417e-05,0.01832959048074349,0.2909732282742248
2012-02-22,NVDA,0.3628531083213976,0.3717813355050325,0.3617084624111618,0.3621663153171539,492432000,-0.006905165099778787,0.3688510537147522,0.35809137970209115,0.3648218495691437,0.35823917699813684,55.81823388963247,0.009055207784188057,0.009798041667052478,-0.0007428338828644205,0.017980367047295963,0.28542947813283515
2012-02-23,NVDA,0.3628530806575261,0.3662870181264306,0.3571298242521762,0.3642266392707824,323968000,0.005688888962034788,0.3679353415966034,0.35930470377206797,0.36471362951489616,0.35880941150029355,57.091169038659466,0.008428360882135166,0.009524105510069016,-0.00109574462793385,0.01786068753946154,0.28352962484427224
2012-02-24,NVDA,0.3653712812949335,0.3658291614517674,0.3598769923180149,0.3614794909954071,366668000,-0.007542414472690329,0.36676780581474305,0.360540921986103,0.3641256043295345,0.35906370478554245,54.823090982960736,0.007622046086398493,0.009143693625334912,-0.001521647538936419,0.017793135181987,0.2824572644141496
2012-02-27,NVDA,0.3569009868310875,0.3585034858635517,0.3491173772168809,0.3541538417339325,745268000,-0.02026573967253842,0.3657833993434906,0.361181928217411,0.3623125565848796,0.3585960987806272,49.208966839647196,0.006319074768750377,0.008578769854018006,-0.002259695085267629,0.018402411301207015,0.2921292229615098
2012-02-28,NVDA,0.3541536855074033,0.3582744149806308,0.3472857848583555,0.3509486615657806,699884000,-0.009050248198521293,0.36390616893768307,0.36178858429193494,0.3602463938541343,0.3578677714268323,46.94386194973936,0.004970532158674934,0.007857122314949392,-0.0028865901562744583,0.01845103962346524,0.2929011736457272
2012-02-29,NVDA,0.3520934504393378,0.3580456206890101,0.3465991604323433,0.3468280732631683,689196000,-0.011741285133352597,0.36141083836555477,0.36222354918718336,0.35780669920123137,0.3568163716017214,44.13142080891261,0.003528629540787198,0.006991423760116954,-0.0034627942193297557,0.018686823645301578,0.29664412895513664
2012-03-01,NVDA,0.3482016030988174,0.3532380393391527,0.3468280171739489,0.3491173088550567,449944000,0.006600491045462231,0.3593046814203262,0.362589830160141,0.3562268100473814,0.3560831275306105,46.06469611949395,0.0025413385393359134,0.006101406715960746,-0.0035600681766248324,0.01859856771348534,0.2952431094712644
2012-03-02,NVDA,0.3479726974810838,0.3571298651125295,0.3479726974810838,0.3520934283733368,684076000,0.008524697695569294,0.3568551331758499,0.3624639123678207,0.35547528610664597,0.3557031561822987,48.556977742231346,0.001976270069123376,0.0052763793865932725,-0.0033001093174698966,0.016649642555023943,0.2643048817122684
2012-03-05,NVDA,0.3495751460960729,0.3502619390277857,0.3376708353449146,0.3401890397071838,514848000,-0.0338103119991503,0.3545887321233749,0.3613650485873222,0.352695968579471,0.3542256212799068,40.49615783047589,0.0005613931681626161,0.004333382142907141,-0.003771988974744525,0.01744113690900836,0.27686946506079535
2012-03-06,NVDA,0.3362972156879449,0.3390443598482352,0.3310318401279269,0.3369840085506439,471400000,-0.009421323977099827,0.3518186807632446,0.36024329513311387,0.3498392485742297,0.3525835629247389,38.63649122964745,-0.0008091982643729234,0.0033048660614511285,-0.004114064325824052,0.017471453620365163,0.2773507279337119
2012-03-07,NVDA,0.3388154793265731,0.3404179779650143,0.3342368961935937,0.3390443921089172,441984000,0.006114187931750559,0.34950648844242094,0.3591787710785866,0.3478765473987183,0.35129411808513683,40.52726549040234,-0.0017094407465897965,0.002302004699842944,-0.00401144544643274,0.017549850394478185,0.2785952381410685
2012-03-08,NVDA,0.3399601269236184,0.3436230043657479,0.3381286882025537,0.3401890397071838,430852000,0.0033760994869924676,0.3471027284860611,0.35751903504133226,0.3464788187275302,0.35023649157295084,41.6037867039212,-0.0023039672049141036,0.0013808103188915344,-0.003684777523805638,0.015057776942876959,0.23903479853000928
2012-03-09,NVDA,0.341104802231375,0.3436230341020744,0.3374419244722688,0.3392733633518219,367836000,-0.002691669185315493,0.3448821157217026,0.3558249607682228,0.34516873593194686,0.3491923841233195,40.96497587404926,-0.0028165536583888984,0.0005413375234354479,-0.0033578911818243464,0.01503643736060999,0.23869604316344684
2012-03-12,NVDA,0.340646971194768,0.3429362631184946,0.3330923023883678,0.3340080082416534,299948000,-0.01551950633008703,0.3428675323724747,0.35432546585798264,0.34313951271552984,0.3477462530869703,37.408049892815804,-0.003606083581912334,-0.00028814669763410844,-0.0033179368842782254,0.014535075131513515,0.23073716451374526
2012-03-13,NVDA,0.335381600795748,0.3404180376672093,0.3337790745857492,0.3385865986347198,553288000,0.013708025796057566,0.3416313260793686,0.3527687475085258,0.34231171015538253,0.34687390504389887,42.11477324761123,-0.0038183225096486417,-0.0009941818600370151,-0.002824140649611627,0.014396131743407129,0.2285315066062679
2012-03-14,NVDA,0.3385866158689038,0.3392734089523594,0.3278269485298126,0.3289715945720672,735708000,-0.028397473796727635,0.33984567821025846,0.35062825828790667,0.33988623459477973,0.3451689230942006,35.99368230525991,-0.004708101794102082,-0.0017369658468500285,-0.0029711359472520535,0.015155290050965046,0.2405827711314295
2012-03-15,NVDA,0.3298873054592031,0.3356105357566933,0.3287426593997051,0.3337790966033935,382380000,0.014613729910571749,0.33831185698509214,0.3488082692027092,0.3387758458690731,0.34408417771412375,40.6393456282951,-0.004968064298863206,-0.002383185537252664,-0.002584878761610542,0.01584077503164223,0.25146450784947993
2012-03-16,NVDA,0.3340080393546546,0.3356105383924342,0.3321766001869715,0.3342369794845581,428340000,0.0013718141304357445,0.33652621209621425,0.3466906726360321,0.3379505974355249,0.343146349311308,41.07799952034732,-0.0050785962388667505,-0.0029222676775754815,-0.002156328561291269,0.015037204770346941,0.23870822541535283
2012-03-19,NVDA,0.336068448755691,0.3376709479370151,0.3335502162632408,0.3351527154445648,405400000,0.0027397805036979417,0.33602257966995236,0.3453056558966637,0.3374418916189867,0.3423850508478086,42.00108877071827,-0.0050342694344944205,-0.0033446680289592697,-0.0016896014055351508,0.013287091818222307,0.2109260435897836
2012-03-20,NVDA,0.3333212400683532,0.3333212400683532,0.326682303910563,0.3296583890914917,449616000,-0.016393500932209815,0.3352900177240371,0.3435543492436409,0.33602670934126033,0.3411729878233975,38.1402746495169,-0.005380463704994953,-0.0037518271641664067,-0.0016286365408285466,0.01339359301612166,0.21261669769361657
2012-03-21,NVDA,0.3296583597655056,0.3340080034418758,0.3259954818239746,0.3310319185256958,467840000,0.004166523527550536,0.334488770365715,0.34199762940406797,0.33511856555661224,0.34020717169980685,39.634161766229276,-0.00548081340701756,-0.004097624412736638,-0.001383188994280922,0.013536575370073965,0.21488647219618703
2012-03-22,NVDA,0.3285137456049351,0.3333212703563992,0.3275980396001405,0.3305741250514984,425372000,-0.0013829284989684831,0.33352727890014644,0.3403150036931038,0.3342923036465915,0.33928973868568224,39.29355954377107,-0.005533494693928331,-0.0043847984689749766,-0.0011486962249533548,0.01335035015509886,0.211930238556145
2012-03-23,NVDA,0.3296583936965996,0.33400803782067,0.3273690742796235,0.3330923318862915,315456000,0.0076176767749163155,0.3329091757535934,0.338895645737648,0.33407412696290056,0.33869950946669264,42.23428471776475,-0.005310826841365801,-0.004570004143453142,-0.0007408226979126594,0.013611290133751579,0.21607253229992263
2012-03-26,NVDA,0.3362972156879449,0.3385865070366044,0.3330922187160238,0.3369840085506439,288600000,0.011683477197790726,0.3332067757844924,0.33803715407848356,0.33460319634249025,0.3385361284270689,46.54397781792578,-0.004765402586602185,-0.004609083832082951,-0.00015631875451923433,0.013474983824973934,0.21390873672899363
2012-03-27,NVDA,0.3383576575573007,0.3433940940081887,0.3376708645661544,0.3392733633518219,419968000,0.006793660064239981,0.3332754522562027,0.33745338916778567,0.3354523176169142,0.3386063412770454,48.95653372115686,-0.004101142715264905,-0.0045074956087193425,0.0004063528934544376,0.013528728079773795,0.21476190032458717
2012-03-28,NVDA,0.3436229880913629,0.3516355082373441,0.3411047565578518,0.3470569252967834,892448000,0.022941859826732136,0.33508398532867434,0.3374648317694664,0.3375622462859813,0.33941115880273476,56.195112159699505,-0.002913063598633192,-0.004188609206702112,0.0012755456080689202,0.014358163435577163,0.22792877840494769
2012-03-29,NVDA,0.3465990449281876,0.351406540259581,0.3422493751058736,0.3486593961715698,372700000,0.004617314215574542,0.33657201528549197,0.33744193613529205,0.33957990990154285,0.3402919433140524,57.530438288730636,-0.0018212026414757276,-0.0037151278936568355,0.0018939252521811079,0.01431793019264626,0.22729009547355078
2012-03-30,NVDA,0.3516355458799209,0.3546116305679765,0.3465991095642552,0.3525512516498565,527240000,0.01116234216264056,0.3384034425020218,0.33746482729911803,0.3419383356739635,0.34145949648889085,60.66645994204092,-0.0006345401708881537,-0.0030990103491030994,0.0024644701782149457,0.014412105509350133,0.22878508227938596
2012-04-02,NVDA,0.3516354543597357,0.3546115382732057,0.3459122265609482,0.3509486615657806,407776000,-0.004545693928403871,0.33998303711414335,0.3380028083920478,0.3435765767452029,0.3423632264962137,58.74289415837998,0.00017457042096657993,-0.0024442941950891636,0.0026188646160557436,0.012077697486914923,0.19172750376388004
2012-04-03,NVDA,0.3534668822775792,0.3539247350298638,0.343393985274807,0.3452254235744476,430476000,-0.016307906591802923,0.34153974056243896,0.33841487914323803,0.34387636707779284,0.3426358166941407,52.35810779030427,0.0003499449717325742,-0.0018854463617248162,0.0022353913334573904,0.012500060692536027,0.1984323117939849
2012-04-04,NVDA,0.339959999913402,0.344309641371695,0.3333210404411938,0.335381418466568,495896000,-0.028514716575492094,0.3419746905565262,0.33823173046112054,0.34233183096666103,0.3419449216248481,43.58349782695041,-0.00030191805233270586,-0.0015687406998463943,0.0012668226475136884,0.014092572450084728,0.2237126522165064
2012-04-05,NVDA,0.3358393604112332,0.339960090266675,0.3337789818382596,0.334923654794693,369424000,-0.001364904692597424,0.34240964353084563,0.337968461215496,0.340984889844485,0.3412762295457857,43.22076198165651,-0.0008457130444156635,-0.0014241351687602482,0.0005784221243445846,0.014064707549155014,0.22327031062750155
2012-04-09,NVDA,0.3296584190467038,0.3317187712027502,0.3241641011463853,0.3305741250514984,365504000,-0.012986630478103556,0.34215782284736634,0.3375334993004798,0.33909202351848744,0.3402569814987107,39.8287978221443,-0.0016090965300413207,-0.0014611274410164627,-0.00014796908902485798,0.014327937178378583,0.22744895144727736
2012-04-10,NVDA,0.329200530014442,0.3337791144979004,0.3225615934296337,0.3241640925407409,470360000,-0.01939060569171569,0.34087583124637605,0.3370413035154342,0.33637785424980626,0.3387243254074755,35.41738285628007,-0.0027001933469305017,-0.0017089406221992706,-0.0009912527247312312,0.01455589523243069,0.23106767336953393
2012-04-11,NVDA,0.3285136830626803,0.3353815859532001,0.3273690371293457,0.3282847702503204,372960000,0.012711703129369756,0.3397769719362259,0.33652621209621425,0.3349063844317179,0.337730082059175,40.01680634438228,-0.0031955548152740043,-0.0020062634608142174,-0.001189291354459787,0.014503101045812978,0.23022959163877152
2012-04-12,NVDA,0.3287425774091735,0.3378997436013012,0.3273689915641512,0.336068332195282,384868000,0.02370978689942449,0.3386781126260757,0.336881048977375,0.3351176476614568,0.33757182016737564,47.60703952974679,-0.0029263310263123454,-0.002190276973913843,-0.0007360540523985025,0.01408030147321119,0.22351785649759917
2012-04-13,NVDA,0.3330923486577946,0.3349237879092812,0.3239351524003616,0.3241640925407409,311324000,-0.03542208091068744,0.3362285822629928,0.3364002987742424,0.333126092184963,0.33629489372674376,39.396195913016975,-0.0036316781609488924,-0.002478557211320853,-0.0011531209496280395,0.015892937254520755,0.2522925574668934
2012-04-16,NVDA,0.3264533801744155,0.3273690861419751,0.315006919127342,0.320272296667099,463468000,-0.012005635303832363,0.33300068676471706,0.3357020646333694,0.33078903845444224,0.3347689321020157,37.14090699667515,-0.004453370565060677,-0.002873519882068818,-0.001579850682991859,0.016053507559169455,0.2548415320311474
2012-04-17,NVDA,0.3211879418733939,0.3250797324350598,0.3198143558913892,0.3209590017795563,460696000,0.00214412897900762,0.33000172078609463,0.33499237895011896,0.3290017590590084,0.33345370064273383,37.817335863185185,-0.004991616108427299,-0.003297139127340514,-0.001694476981086785,0.01604478499503773,0.25470306561822326
2012-04-18,NVDA,0.3188986748758126,0.3205011737856602,0.3136332979230168,0.3175250887870788,400764000,-0.010698914731907094,0.32723168730735774,0.33438571393489835,0.32691509173683936,0.3319366899898143,35.74584383723652,-0.005630364324329007,-0.003763784166738213,-0.0018665801575907938,0.015825662866027147,0.2512246096575452
2012-04-19,NVDA,0.3134043524979633,0.3253086922904635,0.3111150605825613,0.3127175867557525,667188000,-0.015140542278692326,0.3249653041362762,0.33346999734640115,0.32433372719482356,0.33010629920561796,33.018937029778726,-0.006450148822769952,-0.004301057097944561,-0.0021490917248253912,0.016033034316547463,0.25451652938009417
2012-04-20,NVDA,0.314548864977784,0.3154645977296637,0.3058495539326809,0.3065363466739654,509592000,-0.01976620549523156,0.32212657332420347,0.3322681084275245,0.3210978398273948,0.32786154182165106,29.86437552479414,-0.007512014532371714,-0.004943248584829992,-0.002568765947541722,0.01647331660193045,0.26150579398283746
2012-04-23,NVDA,0.301271023566514,0.3042471077607005,0.2955477952278883,0.3028735220432281,706244000,-0.0119490711965492,0.3193565130233764,0.33075716793537135,0.31778432750300084,0.3254817304141822,28.1482371234588,-0.008550544736564414,-0.005664707815176876,-0.0028858369213875376,0.01635022952979203,0.2595518472879255
2012-04-24,NVDA,0.3037892992224609,0.3063075309746364,0.291884960710914,0.2934874594211578,730440000,-0.03099004019483309,0.31628884971141813,0.32858234047889706,0.3133667151244839,0.3224346569862751,24.29544379717332,-0.010015511632931129,-0.006534868578727727,-0.0034806430542034016,0.016886772840731715,0.26806920829809516
2012-04-25,NVDA,0.2978371400883701,0.3017289305999375,0.2923428235215892,0.2994396388530731,727112000,0.020280864619070194,0.3134043365716934,0.3265906542539596,0.3108345194387728,0.3202446552593035,30.767084306234437,-0.010574323102661876,-0.007342759483514557,-0.0032315636191473183,0.017705549867075426,0.2810668906436058
2012-04-26,NVDA,0.2992107274003224,0.3021868121427524,0.2971503484445584,0.2996685802936554,539208000,0.0007645662460025182,0.30976436138153074,0.32422123700380323,0.3088043486851151,0.31828502907209894,31.01137276526478,-0.010873370115280112,-0.00804888160986767,-0.002824488505412443,0.016441955590835312,0.2610079533655098
2012-04-27,NVDA,0.2992106325522082,0.3010420708354948,0.2939452577216976,0.2971502542495727,475356000,-0.008403703990638278,0.30706297755241396,0.3216457799077034,0.30668542242410735,0.31627219337471546,29.767145408339204,-0.011184645264121162,-0.00867603434071837,-0.002508610923402793,0.016206144942628606,0.2572645753755745
2012-04-30,NVDA,0.2955479042939916,0.299210782698627,0.2934875249574409,0.2976082563400268,262268000,0.0015413148193688109,0.30479657351970674,0.3188986301422119,0.30503502859063814,0.314494675561888,30.314740895684167,-0.011264525681050186,-0.009193732608784732,-0.0020707930722654536,0.01574888274836369,0.2500057630757145
2012-05-01,NVDA,0.2960056480368773,0.3060785462871618,0.2960056480368773,0.3028735220432281,408680000,0.017691934249248753,0.30298802554607385,0.31649487316608427,0.3046420274001999,0.3133878990363013,36.44922320725158,-0.010778718194559112,-0.009510729725939608,-0.0012679884686195037,0.016780349489839624,0.2663797899771913
2012-05-02,NVDA,0.3017288913790035,0.3028735371036463,0.2925717255818613,0.2941742241382599,684008000,-0.028722543477163298,0.30065293908119195,0.3139423131942749,0.3027387904434835,0.31155802523648785,31.513191088453922,-0.010969226484518813,-0.00980242907765545,-0.0011667974068633631,0.01735460231229197,0.27549577092450633
2012-05-03,NVDA,0.2948610699207937,0.2966925088668313,0.2873064013249585,0.2891378402709961,419536000,-0.017120411830836457,0.2982949644327163,0.3116301342844963,0.30026589041212215,0.30942276952548864,29.05961849300688,-0.011395242501852754,-0.01012099176249491,-0.0012742507393578434,0.0168184170325452,0.2669840934833251
2012-05-04,NVDA,0.2873064476450282,0.288908946747227,0.2806674838066101,0.2806674838066101,545092000,-0.029295219388949856,0.29570807814598077,0.3089173257350922,0.2967025437565745,0.30668417088559546,25.468154245056624,-0.01227485337297024,-0.010551764084589977,-0.001723089288380263,0.017451209194779837,0.2770293576405072
2012-05-07,NVDA,0.2857038663065007,0.2905113895198272,0.283185634663233,0.2854749262332916,604440000,0.017128604858245744,0.2939682185649871,0.3066623657941818,0.2946611587523412,0.30466424282347127,30.702879758360538,-0.012440623139689133,-0.01092953589560981,-0.001511087244079324,0.018334430570608365,0.29105006231885877
2012-05-08,NVDA,0.2829566070358724,0.2870773360450186,0.2779201725982492,0.2852459251880646,462312000,-0.0008021756875414843,0.2931440651416778,0.304716457426548,0.2929492981042909,0.3028148792391468,30.592655478644772,-0.012446994144120205,-0.011233027545311889,-0.0012139665988083158,0.01815131607813877,0.28814320986770064
2012-05-09,NVDA,0.2802094947396882,0.2886798937058992,0.2774623508570941,0.2863906025886535,520608000,0.004012949176519287,0.29183916151523587,0.30262174904346467,0.2917568080105386,0.3012506624152903,31.908549966974448,-0.012218826287782814,-0.011430187293806075,-0.000788638993976739,0.01777417509675954,0.2821562823920589
2012-05-10,NVDA,0.2891378624301469,0.2895957153791176,0.2797517541689349,0.2843303382396698,597092000,-0.007193896483897233,0.2903053373098373,0.30003484934568403,0.29040654077947153,0.29963920296999313,30.77752082490987,-0.012065167986152148,-0.01155718343227529,-0.0005079845538768571,0.016275912089335674,0.2583720944947913
2012-05-11,NVDA,0.3079100148826409,0.313175390926469,0.3012710529872026,0.3024156987667084,1435140000,0.06360686178973252,0.29083188176155084,0.2989474296569824,0.2925900240498782,0.29990363114110885,48.15127625161897,-0.010364578813359782,-0.01131866250849219,0.0009540836951324079,0.021712855911921392,0.3446809019755354
2012-05-14,NVDA,0.2998974339967808,0.3051628094587824,0.2937163529285637,0.3005842268466949,437472000,-0.006056140364017026,0.29112947881221773,0.2979630261659622,0.29404351546748125,0.2999684497797361,46.86840088118057,-0.009060193844667552,-0.010866968775727263,0.0018067749310597108,0.021627112947646014,0.34331977461465857
2012-05-15,NVDA,0.3005843416324787,0.3072233053295659,0.2962346974061752,0.2976082563400268,599940000,-0.00990062099361555,0.2906029522418976,0.29679548889398577,0.29469165017158044,0.2997436694521447,44.780643459789125,-0.0081723890937207,-0.010328052839325952,0.0021556637456052515,0.021645534890171514,0.34361221388619373
2012-05-16,NVDA,0.2980660387620977,0.3014999759052386,0.2907402843576587,0.2916560173034668,470484000,-0.0200002483457965,0.2903511315584183,0.2955020353198051,0.2941397169228325,0.2989734168665563,40.86018667520294,-0.00785850541890143,-0.009834143355241047,0.0019756379363396175,0.021905563889127504,0.3477400462756095
2012-05-17,NVDA,0.2928007183298576,0.2955478631052229,0.2895956933498382,0.2895956933498382,335364000,-0.007064225770747057,0.2903969168663025,0.29434594064950936,0.2933135308186517,0.29808030034115457,39.56884966762739,-0.007687385870327912,-0.00940479185825842,0.0017174059879305082,0.021763671665625296,0.3454875770574445
2012-05-18,NVDA,0.2902824017363713,0.2916559873688499,0.2751730689411213,0.2765466272830963,567288000,-0.045059599871115186,0.28998483121395113,0.29284645467996595,0.29026500290309615,0.2960294743356252,32.551955375988186,-0.008506663450184748,-0.009225166176643686,0.0007185027264589375,0.023423396569696844,0.3718348931031676
2012-05-21,NVDA,0.2770045166192527,0.282727744795166,0.2751730781448595,0.281354159116745,416260000,0.01738416367930351,0.28957275450229647,0.2917704865336418,0.28864484948739594,0.2946318252671604,36.98557956197665,-0.008668098747386221,-0.009113752690792194,0.0004456539434059721,0.023871311710824895,0.3789453255344789
2012-05-22,NVDA,0.2811252404068435,0.2815830931931136,0.2737994866645067,0.2779202163219452,410140000,-0.012205054318656483,0.28884018361568453,0.29099212437868116,0.2866949161845867,0.29304024346285423,35.20543684284634,-0.008969730399794373,-0.00908494823259263,0.0001152178327982565,0.023085649382991572,0.36647332273096445
2012-05-23,NVDA,0.2749442013316619,0.2852460417079669,0.2708234706392421,0.2847881615161896,496000000,0.024711930945996663,0.2886799395084381,0.29025955051183694,0.2863482335176054,0.2922543308965052,41.2915682039858,-0.008555962073225176,-0.00897915100071914,0.00042318892749396327,0.023335399275523982,0.37043797936459966
2012-05-24,NVDA,0.2863906447111742,0.286848497543864,0.2751731002124854,0.2772334516048431,520420000,-0.026527471756992327,0.2879702508449554,0.28913779407739637,0.2846910004425577,0.29082377096396594,37.15709515291377,-0.00873693568980144,-0.0089307079385356,0.00019377224873416005,0.02394004796630176,0.3800364797627524
2012-05-25,NVDA,0.2770045508952691,0.2861617171098208,0.2770045508952691,0.2838724255561828,391752000,0.023947232604536683,0.2861159235239029,0.2884739026427269,0.28454216864503495,0.2901617380679866,42.59665596722597,-0.008249553157498757,-0.008794476982328232,0.0005449238248294748,0.024680828167843484,0.39179600089939065
2012-05-29,NVDA,0.2884510492342953,0.2930296329855521,0.2873064032964811,0.291198194026947,310000000,0.025806551856563997,0.2851773202419281,0.28815339952707286,0.28575235507810987,0.2902604481593162,47.95044790069174,-0.00718929695751408,-0.008473440977365401,0.0012841440198513212,0.025448356225825253,0.4039801310934954
2012-05-30,NVDA,0.2879933404621146,0.2900536932652119,0.2827279610546682,0.2877644002437591,379792000,-0.011791947387112423,0.28419293463230133,0.2873979434370994,0.28611818147186424,0.2900227293102155,45.79447600766897,-0.006550603462082194,-0.00808887347430876,0.0015382700122265665,0.02517431266810505,0.39962982448073325
2012-05-31,NVDA,0.2877641269385043,0.2889087723620986,0.2808962543969385,0.2845591306686401,358192000,-0.011138520165815846,0.28348324596881863,0.28691718876361844,0.28583471768945984,0.2895023865824464,43.81413621090405,-0.006231242843880602,-0.007717347348223129,0.0014861045043425272,0.024499380314370697,0.3889156055220978
2012-06-01,NVDA,0.2786070622155568,0.281354206746956,0.2737995388177262,0.2742573916912079,440984000,-0.03620245448889936,0.28194941580295557,0.286173166334629,0.2837297493261413,0.28805048230709035,38.1099275005201,-0.006731811362362505,-0.007520240151051005,0.0007884287886884998,0.025496017474432274,0.40473672995942944
2012-06-04,NVDA,0.2756309379318893,0.2772334364036896,0.2662448325691219,0.2685341238975525,432856000,-0.02086823534039639,0.2811481654644012,0.28556649833917613,0.28096690833912513,0.28619178150618196,35.35594126067099,-0.0075038358505545855,-0.007516959290951721,1.3123440397135727e-05,0.025093422020413092,0.39834572525763007
2012-06-05,NVDA,0.2671605508329756,0.2770045084638267,0.2671605508329756,0.2763177156448364,365224000,0.028985484728389466,0.28064452111721033,0.2851086378097534,0.2801216005765272,0.2852513942812919,41.54295610935847,-0.0074022712406590085,-0.007494021680893179,9.175044023417012e-05,0.025699646266388574,0.4079692368191627
2012-06-06,NVDA,0.2783781081095453,0.2843302770364787,0.2763177566374187,0.2836434841156006,368968000,0.026512120128339145,0.28121684789657586,0.2850285157561302,0.28076194303817686,0.2850982599797975,46.712320793488715,-0.006653949674091164,-0.007326007279532776,0.000672057605441612,0.026443482929715146,0.41977727778244783
2012-06-07,NVDA,0.2877642265425204,0.2893667525226354,0.271968097855095,0.2721970379352569,526780000,-0.04035504716786875,0.27995773553848263,0.2843188375234603,0.2792046875649187,0.2838695721660317,40.66184451844864,-0.006904936179923327,-0.007241793059610886,0.00033685687968755974,0.027913543658790792,0.4431137683902266
2012-06-08,NVDA,0.273112722886987,0.2783780987153561,0.2726548700520216,0.2774623930454254,370308000,0.01934391038972616,0.27998062968254084,0.2839754402637481,0.27888790674319264,0.28325936463073587,44.23971628987673,-0.006602860969950219,-0.0071140066416787535,0.0005111456717285341,0.02829038586061507,0.4490959528874729
2012-06-11,NVDA,0.2863907416696334,0.2914271791153367,0.279980717970322,0.2806674838066101,839080000,0.011551442074746232,0.27966013550758356,0.2828880295157432,0.2792114662092685,0.28301251883796197,46.35991955557995,-0.006035269323410086,-0.00689825917802502,0.0008629898546149341,0.02413870337332272,0.3831900365842071
2012-06-12,NVDA,0.2838723714434823,0.2891377464712477,0.2834145186781337,0.2863906025886535,496128000,0.020391100188815736,0.27917937636375423,0.28217834830284116,0.28051676373279305,0.2833342410999326,50.01478348407851,-0.00506525192742896,-0.006531657727905809,0.0014664058004768494,0.02470595761759654,0.39219491854717353
2012-06-13,NVDA,0.2861617399857595,0.2868485329648551,0.2774624259284055,0.2788360118865967,494276000,-0.026378626371716507,0.278286537528038,0.28123973608016967,0.28021117248803007,0.28290583831771016,45.59814519797656,-0.0048501885315687665,-0.006195363888638401,0.0013451753570696348,0.025247759848045358,0.40079576231645964
2012-06-14,NVDA,0.2783780335488607,0.2806673244782863,0.2726548062252967,0.2754019498825073,589884000,-0.012315704778785852,0.27737081944942477,0.2804270327091217,0.27933676837793503,0.2821911822762623,43.70866286109218,-0.004900361033354117,-0.0059363633175815445,0.0010360022842274275,0.025032146019808247,0.3973729989040077
2012-06-15,NVDA,0.2774623694152248,0.2815830991599833,0.2749441381016211,0.281354159116745,385288000,0.021612807159778757,0.27808049619197844,0.28001495599746706,0.2797035666940823,0.28211146578487967,47.75010030285379,-0.00440900529346494,-0.005630891712758224,0.0012218864192932834,0.025576187012017013,0.406009381914463
2012-06-18,NVDA,0.279293842448907,0.2861617171098208,0.2770045508952691,0.2838724255561828,304424000,0.008950521461432714,0.2796143263578415,0.28038124591112135,0.28046154103264603,0.2822791762392895,49.40514166415423,-0.0037729075443263538,-0.00525929487907185,0.0014863873347454966,0.02345725783729411,0.37237242406200627
2012-06-19,NVDA,0.2955478547030884,0.3074521938754292,0.2941742687091996,0.3031025230884552,960476000,0.06774204114610782,0.2822928071022034,0.2814686641097069,0.2845780832246113,0.28426235212968626,59.86089955849502,-0.0016975193902122876,-0.004546939781299938,0.00284942039108765,0.02758374797971752,0.43787842428847734
2012-06-20,NVDA,0.3060786159786396,0.3136332845638599,0.3042471770351753,0.3079100549221039,972720000,0.01586107494145028,0.2847194641828537,0.2829681560397148,0.28882025989688265,0.2865145143003927,61.97646742503368,0.0003313487331050302,-0.0035712820784189444,0.0039026308115239746,0.02742465495354002,0.4353529007929352
2012-06-21,NVDA,0.3076810924435803,0.3076810924435803,0.2932585493371575,0.2939453423023224,516376000,-0.04535322051536883,0.28689429461956023,0.28342601507902143,0.28975209306150806,0.2872222122053384,53.20440983425119,0.0008031475525522302,-0.0026963961522247096,0.00349954370477694,0.02925431518132098,0.46439785647166043
2012-06-22,NVDA,0.2976082563400268,0.3010422219009447,0.2934875249574409,0.2976082563400268,865360000,0.012461207954562958,0.2889088809490204,0.2844447553157806,0.2911804863848751,0.2882113592657849,55.00341980800978,0.0014558360944140203,-0.0018659497028969637,0.003321785797310984,0.028544502062303623,0.4531299225301543
2012-06-25,NVDA,0.2978370594706884,0.2987527650053694,0.2870773693404194,0.2882220149040222,494616000,-0.031538914784946415,0.2896643340587616,0.2846622347831726,0.29064258247926544,0.28821237408847417,49.72775523511683,0.0012018510357992285,-0.0012523895551577254,0.002454240590956954,0.02918660423907211,0.4633229785862903
2012-06-26,NVDA,0.2898246958822318,0.293487547274883,0.2857039641862963,0.2914271950721741,437152000,0.011120525159117989,0.2901679933071136,0.284673684835434,0.29078523931433975,0.2885185475154932,51.44055504518331,0.0012448474729672698,-0.0007529421495327264,0.0019977896224999962,0.02871492007225369,0.4558352245696808
2012-06-27,NVDA,0.2916560030206738,0.3028735195560609,0.2916560030206738,0.3008131682872772,506064000,0.03220692294272198,0.2923657089471817,0.28532612323760986,0.2926084991276011,0.28968946377947263,56.151858380431406,0.0020130864483297595,-0.00019973642996022926,0.0022128228782899886,0.02940643841100464,0.466812737877934
2012-06-28,NVDA,0.2980660865950476,0.30493396198347,0.2955478547030884,0.3031025230884552,545896000,0.007610553800595721,0.2951357662677765,0.2862532928586006,0.29451650348412,0.29096689799937575,57.24156020982863,0.002774668519168355,0.00039514455986548757,0.0023795239593028678,0.029242824440767225,0.46421544662034925
2012-06-29,NVDA,0.3101993876222866,0.3170672640966767,0.3099704474902675,0.3163804709911346,616508000,0.04380678777393232,0.2986383974552155,0.28835944682359693,0.2984917703035772,0.2933872382843052,62.98688590850879,0.004398938994037205,0.001195903446699831,0.0032030355473373737,0.02898755617306933,0.4601631884967399
2012-07-02,NVDA,0.3179829554659015,0.3182118682772648,0.3053918229635265,0.3079100549221039,581684000,-0.026772879003862604,0.30104216039180753,0.29032824337482455,0.30020418568876384,0.2947703636783813,57.66390038584153,0.00494568251164379,0.001945859259688623,0.002999823251955167,0.029320565147948792,0.46544954208804157
2012-07-03,NVDA,0.307909950129173,0.3166092616820531,0.3076810101052147,0.3159224689006805,219284000,0.02602193026987587,0.3023241549730301,0.29230848103761675,0.30306205536365777,0.29678484989002885,61.01968310314528,0.005956848690263139,0.0027480571458035263,0.0032087915444596127,0.029212345289655498,0.4637316050962653
2012-07-05,NVDA,0.3138622327134535,0.3152357914883874,0.3079100628172034,0.3127175867557525,280076000,-0.01014452107847863,0.30280490815639494,0.29376218616962435,0.3048176065258568,0.29830225340105015,59.0050070594356,0.006425528474597264,0.003483551411562274,0.00294197706303499,0.029081530650871296,0.4616549870838469
2012-07-06,NVDA,0.3104282880584841,0.3113440212594507,0.3033314990261913,0.3067654371261596,382760000,-0.019033626126828018,0.30408691763877865,0.29549060612916944,0.30517175754409365,0.29910827089867964,55.34991205543087,0.00624468698503855,0.004035778526257529,0.002208908458781021,0.027677051736459526,0.4393595755088418
2012-07-09,NVDA,0.3049339618044095,0.3063075477974917,0.3001264381191325,0.302644670009613,306336000,-0.013432957621141495,0.3045905590057373,0.29674971997737887,0.30471228708327897,0.2994450708140066,52.90644064423533,0.0057031153701322945,0.004369245895032482,0.0013338694750998125,0.0278375380927158,0.4419072174336799
2012-07-10,NVDA,0.2994396286769312,0.3083678825605914,0.2911981677520925,0.2934874594211578,512028000,-0.0302573000481533,0.3051171034574508,0.29739071875810624,0.30267140932652964,0.2988776792527829,47.85108271676876,0.00448332462353257,0.0043920616407325,9.126298280006957e-05,0.0288488312075798,0.457960997940812
2012-07-11,NVDA,0.2944030952660059,0.2980659716434167,0.2873062825187102,0.2886798679828644,485216000,-0.016380909248304376,0.30484237074851983,0.2975051820278168,0.30012749271859046,0.2979064591318383,45.398445135760326,0.003093044526434996,0.004132258217873,-0.0010392136914380038,0.028828932536307687,0.4576451163271722
2012-07-12,NVDA,0.2854749241856278,0.2859327770382538,0.2813541939309779,0.2838724255561828,472160000,-0.016653196013540317,0.3031482964754104,0.29775700271129607,0.29717202596178904,0.29656988450558536,43.02368143987697,0.0015850456866781104,0.0036228157116340223,-0.002037770024955912,0.028425762217828623,0.45124498593498236
2012-07-13,NVDA,0.2841013723794995,0.2889088683820859,0.2822699336349629,0.2875353097915649,324260000,0.012903275928281888,0.3015915751457214,0.2983636707067489,0.295419895749021,0.2957094488185358,45.36853669816065,0.0006776978089311769,0.0030337921310934534,-0.0023560943221622764,0.02835037991801219,0.45004832902355996
2012-07-16,NVDA,0.2857039305105802,0.2907403676384079,0.2829567581767521,0.288451075553894,334460000,0.003184881060322553,0.2987986356019973,0.29871851652860637,0.29415283753172516,0.2950181751742842,45.96725778926015,3.214220701974746e-05,0.002433462146278712,-0.0024013199392589647,0.027994992500756856,0.444406728672725
2012-07-17,NVDA,0.2893667095763486,0.2909692080281202,0.2783780785886162,0.283185601234436,447476000,-0.018254306416944588,0.29632619023323054,0.298684175312519,0.2921587945685817,0.2938912633704891,43.04611072277296,-0.0008940391043721352,0.0017679618961485427,-0.002662001000520678,0.028279295761192525,0.44891990301695067
2012-07-18,NVDA,0.2824988352154249,0.3031024861610294,0.2811252766793896,0.2989817559719085,616008000,0.05578021858673399,0.2946321189403533,0.2984781369566917,0.29339933300555016,0.2943760721896719,52.74739341708594,-0.00034939913732379146,0.001344489689454076,-0.0016938888267778675,0.02686814252968664,0.4265185399427323
2012-07-19,NVDA,0.3010421696930925,0.3058496660636127,0.2989817907138604,0.3019578754901886,403036000,0.009954184356853135,0.2935561478137969,0.2981805279850959,0.29495543163912075,0.295098148694483,54.32594583619565,0.00031870608774581255,0.0011393329691124234,-0.0008206268813666109,0.026712659466863815,0.42405032283886135
2012-07-20,NVDA,0.300126392316859,0.3021867709920481,0.2900534935826726,0.2932585179805755,451000000,-0.028809838112322295,0.2922054558992385,0.2981461867690086,0.2946469018830216,0.2949229457693489,49.15658943932683,0.00014455253297085413,0.0009403768818841096,-0.0007958243489132555,0.025483011314125815,0.40453026356533306
2012-07-23,NVDA,0.2854748590728103,0.2992106325522082,0.2822698625449352,0.2971502542495727,451584000,0.013270667449990281,0.2916560143232345,0.2981232866644859,0.2951020568587582,0.2951350703865131,51.38522161066942,0.0003169120139877024,0.0008156839083048283,-0.0004987718943171258,0.02550416298879341,0.40486603599123105
2012-07-24,NVDA,0.297608192632352,0.2994396314426217,0.2905114047670079,0.2939453423023224,351164000,-0.010785492865702073,0.291701802611351,0.2984094530344009,0.2948917451212244,0.2950217629499235,49.462411529660315,0.0001926774689753885,0.0006910826204389403,-0.0004984051514635518,0.024547874355377575,0.3896854245575344
2012-07-25,NVDA,0.2930296178235408,0.3026446650360853,0.2916560591435419,0.2996685802936554,415044000,0.01947041564430263,0.2928006738424301,0.298821522295475,0.2957602606071209,0.29546431698265985,52.85509474952538,0.0005497015544541628,0.0006628064072419849,-0.00011310485278782207,0.024794051878546355,0.393593371585605
2012-07-26,NVDA,0.3051628122844905,0.3085967765658586,0.2987527911101124,0.3010421097278595,338440000,0.004583494982550729,0.29451764225959776,0.2988329693675041,0.2967205968108915,0.29599553533934553,53.659127703294494,0.0009327261739600079,0.0007167903605855895,0.00021593581337441838,0.023751757841360435,0.37704746669320827
2012-07-27,NVDA,0.3021867975701292,0.309512525381713,0.2998974786328434,0.3085968196392059,376516000,0.025095193221226664,0.29662379324436183,0.29910768419504163,0.2988799100524032,0.29719565765361794,57.91092870814902,0.0018248422514129392,0.0009384007387510595,0.0008864415126618797,0.0243491472489204,0.38653072954281553
2012-07-30,NVDA,0.3085968719899447,0.3124886629915713,0.3026447017823883,0.3051629066467285,363552000,-0.011127506098384643,0.29829497635364527,0.2985468059778213,0.30002227306955326,0.29795444327200943,55.421810002997205,0.002229067289887421,0.0011965340489783318,0.001032533240909089,0.02229938019110915,0.3539916862593288
2012-07-31,NVDA,0.3051629728520373,0.3143201702697509,0.3047051198037815,0.309970498085022,387788000,0.01575418025447939,0.3009734660387039,0.2986498281359672,0.3018310412541839,0.2990988294446773,58.13487630375636,0.002903876910095804,0.0015380026212018262,0.0013658742888939777,0.021791414865266815,0.34592798669839253
2012-08-01,NVDA,0.3118017213031464,0.3147778049883791,0.3051627611913963,0.3065363466739654,335912000,-0.01107896213437265,0.3017289251089096,0.29818052202463147,0.3026865513305078,0.2998071644188952,55.534836233479574,0.00312553189131326,0.0018555084752241132,0.001270023416089147,0.021076994328927897,0.33458691227437154
2012-08-02,NVDA,0.3049338505786097,0.3122595761917696,0.2998973886347177,0.307680994272232,367912000,0.003734133360322467,0.302301236987114,0.29792869240045544,0.3035946318653667,0.3005570529763559,56.237396341243915,0.0033548855238517694,0.0021553838849496447,0.0011995016389021247,0.020998731299847546,0.3333445252035882
2012-08-03,NVDA,0.3124886767575154,0.3172962011592883,0.3051629200899539,0.3140911757946014,326548000,0.020833855979735194,0.30438450276851653,0.2982949793338775,0.3055030943979548,0.30184601705428404,60.04472945356933,0.004007699738891701,0.002525847055738056,0.0014818526831536453,0.02104939192128843,0.3341487376371676
2012-08-06,NVDA,0.3170671239837515,0.3223324990787683,0.316609271212555,0.3207300007343292,360324000,0.021136617171535255,0.3067424774169922,0.2991992458701133,0.30827162282275017,0.3036444916904788,63.57881729707915,0.005003084948272896,0.003021294634245024,0.0019817903140278716,0.021187101769777728,0.33633481371029
2012-08-07,NVDA,0.324621974093532,0.3273691195672172,0.3221037414898514,0.3239351809024811,407340000,0.009993390580280703,0.3097414612770081,0.3007216319441795,0.31111954247361034,0.3055769382820981,65.18013061477933,0.00598161383002499,0.0036133584734010173,0.0023682553566239726,0.01971020643461805,0.31288982709446667
2012-08-08,NVDA,0.3237062707204293,0.3292005617134226,0.3227905373612513,0.3257666230201721,517064000,0.005653730207965335,0.31235126554965975,0.3025759696960449,0.31378264802753064,0.3074997654000099,66.09736671050814,0.006826198919646309,0.004255926562650076,0.002570272356996233,0.019049273858594666,0.30239784771723166
2012-08-09,NVDA,0.3262243737742107,0.3374419196961318,0.3257665208834305,0.3367551267147064,822300000,0.03373121405950141,0.31592256724834444,0.3052201047539711,0.31795946233428984,0.31028599028712384,71.02858037408026,0.008286695237065766,0.005062080297533214,0.0032246149395325522,0.01919453369251316,0.30470377609344096
2012-08-10,NVDA,0.3456834402825809,0.3484305853897473,0.3303451611274147,0.3346948325634002,1278744000,-0.006118078056913001,0.31853236854076383,0.3075780808925629,0.32100225692140083,0.3126106419324835,69.00202906187685,0.009172169510870631,0.005884098140200698,0.003288071370669933,0.019447549173356997,0.30872027233441424
2012-08-13,NVDA,0.3351526019039864,0.3392733321817694,0.3337790160478893,0.3390443921089172,447244000,0.01299559814594109,0.3219205170869827,0.31010774672031405,0.32428264513731286,0.31512814194928673,70.89029438545947,0.01010836442405394,0.006728951396971347,0.0033794130270825926,0.019448740537533888,0.308739184654412
2012-08-14,NVDA,0.3401890909776127,0.340646971194768,0.3326344221712125,0.3340080082416534,388828000,-0.014854644360688507,0.3243242681026458,0.3126488670706749,0.32605089297446566,0.31692622445332164,65.88559013746493,0.010324892615352521,0.007448139640647582,0.002876752974704939,0.019218013499774884,0.3050765064785184
2012-08-15,NVDA,0.3351526194161929,0.3378997639814212,0.3298872430800416,0.3314897418022156,594404000,-0.007539539104750581,0.32681960761547085,0.31427426636219025,0.32703977457951106,0.31831322610559726,63.472653970850324,0.010175987264473496,0.007993709165412765,0.002182278099060731,0.015950086181918746,0.2531997685644284
2012-08-16,NVDA,0.3344658098857892,0.3395022731781738,0.3333211640994306,0.3383576273918152,371008000,0.02071824471026118,0.32988727092742914,0.3160942539572716,0.32909756599992995,0.3202222167042847,67.02006303441695,0.010491223378317205,0.008493212007993653,0.0019980113703235523,0.01629349710993911,0.25865124804269113
2012-08-17,NVDA,0.3383575018651097,0.3383575018651097,0.3324053350680263,0.335381418466568,309864000,-0.008796045025462829,0.33201629519462583,0.3182003989815712,0.33024008463022775,0.3216659502054545,64.11421737066304,0.010381226762610163,0.008870814958916956,0.0015104118036932072,0.014578182505429837,0.23142147286007922
2012-08-20,NVDA,0.3342367731048595,0.3358392711531517,0.3303449570426521,0.335381418466568,314392000,0.0,0.3334814369678497,0.32011195719242097,0.3311748726004714,0.3229721852779415,64.11421737066304,0.01017674249944811,0.009132000467023187,0.0010447420324249234,0.014571781284101387,0.23131985662174626
2012-08-21,NVDA,0.3365262704130054,0.338586622412678,0.3310319529296871,0.334465891122818,340248000,-0.002729809385194848,0.3345345079898834,0.32213798463344573,0.3317732396045344,0.32406682392983455,63.13758093586919,0.009827526237361606,0.009271105621090871,0.0005564206162707343,0.014184633482402061,0.22517407579821566
2012-08-22,NVDA,0.3324055700922211,0.3365263017659954,0.3312609239212014,0.3351527154445648,313556000,0.0020534958570548323,0.33547311723232265,0.3239121913909912,0.3323876897572672,0.32512262312171364,63.58571646386696,0.009496718556409156,0.00931622820815453,0.0001804903482546267,0.013882552436721882,0.2203786878622791
2012-08-23,NVDA,0.3344658817265382,0.3346948218491878,0.3262244193783488,0.3275980055332184,379040000,-0.022541097127395937,0.33455740511417387,0.32523998618125916,0.3315168380801674,0.3253583738275712,55.581600009823426,0.008526659114798718,0.009158314389483368,-0.0006316552746846501,0.015254697971658798,0.2421608229504637
2012-08-24,NVDA,0.327598015913021,0.3358394785223377,0.3269112228138255,0.3342369794845581,347724000,0.020265611631345992,0.33451161980628963,0.3265219941735268,0.33201140924460204,0.3262039553187128,60.30988886139374,0.008199075888973784,0.008966466689381452,-0.0007673908004076687,0.014944011747396123,0.23722883203942763
2012-08-27,NVDA,0.3340079078209788,0.3349236406894585,0.3282846797323714,0.3285135924816131,340944000,-0.017123739604669952,0.3334585398435593,0.327689528465271,0.33137544256042223,0.3264239207627986,54.8856735648498,0.007392419117634108,0.008651657175031984,-0.0012592380573978757,0.015321071313460697,0.24321446708701638
2012-08-28,NVDA,0.325995447026499,0.3303450902385786,0.3253086540744577,0.3271400928497314,310764000,-0.004180952214202782,0.33277174830436707,0.3285480082035065,0.33060537897666026,0.3264921276282208,53.63889779400894,0.0065666120570027076,0.00823464815142613,-0.0016680360944234217,0.015150243592755318,0.24050266109088178
2012-08-29,NVDA,0.3269112137700348,0.329887298923874,0.3262244206898389,0.3278269469738006,250412000,0.002099571832012481,0.33240546882152555,0.32961253821849823,0.33010020952159486,0.32661925328018077,54.19920093462187,0.005899570819316913,0.007767632685004287,-0.001868061865687374,0.014796954514509466,0.2348943708391592
2012-08-30,NVDA,0.3271401432739995,0.3282847892736638,0.3200433271598758,0.3216458261013031,307488000,-0.018854828529368817,0.33073428869247434,0.33031077980995177,0.3285630488997236,0.3261455935488591,48.51660101126902,0.004816647719400158,0.007177435691883461,-0.0023607879724833036,0.015614952240124762,0.24787968216912634
2012-08-31,NVDA,0.3239350277907084,0.3262243191518048,0.317982886626161,0.3211878836154938,485064000,-0.0014237476399432403,0.32931493520736693,0.3306656152009964,0.32722210975713634,0.32567343069806237,48.11411105453647,0.0038767820984390022,0.00651730497319457,-0.0026405228747555676,0.01500868732869301,0.23825552506348824
2012-09-04,NVDA,0.3159226303709616,0.317067276494785,0.3010422307612562,0.3040182888507843,694452000,-0.05345654565619873,0.3261786222457886,0.3298300296068192,0.32300323322870866,0.32361103623641685,36.04149749767594,0.0017265860084961226,0.00555916118025488,-0.0038325751717587578,0.01863109061184842,0.29575939447716687
2012-09-05,NVDA,0.3051628481891781,0.309512518597012,0.301728910794287,0.3049339354038238,480256000,0.003011814047439998,0.32322542667388915,0.32887996733188624,0.31971790635145686,0.32183226472855087,36.95008310799988,9.532627834463181e-05,0.004466394199872831,-0.004371067921528199,0.018449099045494553,0.2928703679254662
2012-09-06,NVDA,0.3072232424089586,0.322561518707825,0.3069943023216135,0.3143200576305389,657296000,0.030780838525843457,0.3211421608924866,0.32830763906240457,0.31873647931128996,0.3211168164335021,45.497366078939265,-0.0004350620651226156,0.003486102946873742,-0.003921165011996358,0.01986055685918522,0.3152765660919729
2012-09-07,NVDA,0.3063075841709334,0.308825789069935,0.2964635955357405,0.3067654371261596,781064000,-0.02403480249185752,0.3190589040517807,0.32680815458297724,0.3165599261867208,0.3197500184042314,40.71336081420368,-0.0014482983053381027,0.0024992226964313732,-0.003947521001769476,0.018613504612026554,0.29548022538465635
2012-09-10,NVDA,0.3060786682479763,0.3104283126022991,0.3033315230089032,0.3040182888507843,371108000,-0.00895520793056459,0.3160370349884033,0.32527432739734646,0.31427962848927776,0.31825175844676024,39.1031908458866,-0.0024447852698634698,0.0015104211031724047,-0.003955206373035874,0.018637389902198112,0.2958593926113757
2012-09-11,NVDA,0.3037892050987253,0.3124885162039468,0.3026445596188409,0.307680994272232,382808000,0.012047648301992009,0.3139537751674652,0.3237061575055122,0.31307987681345123,0.3172450190015671,42.375444279421046,-0.0029054662452608904,0.0006272436334857458,-0.0035327098787466364,0.01859135948268893,0.29512868235478407
2012-09-12,NVDA,0.310199320724435,0.3127175524715,0.3072232361025879,0.311115026473999,322608000,0.01116101503081035,0.312351268529892,0.3225615084171295,0.3127226312971872,0.31666121018941773,45.34096789764939,-0.002959348016211838,-9.00746964537709e-05,-0.002869273319758067,0.018751117183949874,0.29766475724016694
2012-09-13,NVDA,0.3138622328676552,0.3150068788259185,0.3072232699354202,0.3131754398345947,433836000,0.006622673883506236,0.31088611781597136,0.32164579331874843,0.31280496012217035,0.316329232060387,47.100040694539,-0.002803474856240218,-0.0006327547284110603,-0.0021707201278291575,0.018852701152299242,0.29927735274482786
2012-09-14,NVDA,0.3129464151129481,0.3223325203491174,0.3129464151129481,0.3168382048606872,339468000,0.011695569192868405,0.31040535569190975,0.32056982219219204,0.31353827734735523,0.31637770566041556,50.17013003718266,-0.002357217194850658,-0.00097764722169898,-0.0013795699731516781,0.018365312695668844,0.2915403008560621
2012-09-17,NVDA,0.317525012633075,0.317525012633075,0.3047049698479799,0.308138906955719,493348000,-0.02745659384351473,0.3091004580259323,0.3192076966166496,0.312556573639785,0.31559305816473016,43.68540104077687,-0.002674683336382211,-0.0013170544446356263,-0.0013576288917465846,0.01912717600709005,0.30363450598633007
2012-09-18,NVDA,0.3047049161312592,0.313862107428073,0.3044760034054022,0.3101992309093475,359952000,0.00668634796554457,0.30971855223178857,0.31794858723878855,0.31212796587061453,0.3150793603308842,45.48268642814662,-0.0027285733217783936,-0.00159935822006418,-0.0011292151017142137,0.01925968306694371,0.3057379903503289
2012-09-19,NVDA,0.3108860313114074,0.3182117572384683,0.3072231547026259,0.3138621151447296,451936000,0.011808166721253288,0.31061137020587914,0.3169183984398841,0.31244326573863546,0.31496343221791706,48.62207431777676,-0.0024475040742175103,-0.001768987390894846,-0.0006785166833226642,0.019570722637652787,0.31067559046230797
2012-09-20,NVDA,0.3131754355069977,0.3147779343683199,0.3090547046560892,0.3115729093551636,320596000,-0.007293667120386371,0.31033665537834165,0.31573940813541407,0.31228501912345874,0.3146405252786072,46.80791206406122,-0.002382016047812241,-0.001891593122278325,-0.0004904229255339159,0.019555550605329493,0.31043474191584275
2012-09-21,NVDA,0.3120307331172693,0.3147778774240712,0.310886087381893,0.3129464387893677,340136000,0.004408372464238974,0.31095475554466245,0.31500682979822153,0.3124052772445331,0.31447918370820344,48.06013394285137,-0.0021939929833950655,-0.0019520730945016733,-0.00024191988889339221,0.019094397694757757,0.3031141664093642
2012-09-24,NVDA,0.3079100628172034,0.3131754396807305,0.3074522098922255,0.3127175867557525,357832000,-0.0007312817953784023,0.3118246853351593,0.3139308601617813,0.31246206079202754,0.31431141256987477,47.8579763447143,-0.0020399346993293377,-0.001969645415467206,-7.028928386213157e-05,0.018362618887527774,0.29149753797753614
2012-09-25,NVDA,0.3168382177969526,0.3182118035477689,0.306536406537349,0.3069942593574524,481544000,-0.01830190446810498,0.31175601184368135,0.3128548935055732,0.3114679150766502,0.31361454083535834,42.98795992994301,-0.002352548375218255,-0.002046226007417416,-0.0003063223678008392,0.01841159928185288,0.2922750776325488
2012-09-26,NVDA,0.3058496646991767,0.3060786047926847,0.298066083587052,0.3017289340496063,436812000,-0.01715121748161197,0.3108174026012421,0.31158433556556697,0.30969719125355133,0.31248257828433434,39.05092949995293,-0.0029906899022503763,-0.002235118786384008,-0.0007555711158663682,0.018673847335756045,0.2964381364271794
2012-09-27,NVDA,0.3024157897355347,0.3044761691327267,0.2998975573469165,0.3040182888507843,558888000,0.007587455304507218,0.309901687502861,0.3103939026594162,0.30866466354395733,0.3116764554811391,41.55718665282063,-0.003273949805076115,-0.0024428849901224296,-0.0008310648149536855,0.01880598507313103,0.2985357579785853
2012-09-28,NVDA,0.3026445849544245,0.3097413984400106,0.2987527681646174,0.3053917288780212,485508000,0.004517623043102548,0.3087570399045944,0.3095811977982521,0.3080695845137871,0.31107791009036595,43.06964598648062,-0.003349004942666267,-0.0026241089806311973,-0.0007248959620350698,0.018531847440580895,0.2941839579741953
2012-10-01,NVDA,0.3067653972240141,0.3085968360972111,0.2992107289286455,0.3003553748130798,504236000,-0.01649145536273844,0.3079786866903305,0.3085395723581314,0.3066670009318403,0.31005671625443393,39.076130432624765,-0.003771403965130593,-0.0028535679775310765,-0.0009178359875995166,0.01879347994139256,0.29833724516643273
2012-10-02,NVDA,0.3024157581007319,0.3024157581007319,0.2980661142014122,0.3015000522136688,295492000,0.003811076799612456,0.30710876882076266,0.3084136605262756,0.30572755571035454,0.30924179586959916,40.42813090231294,-0.003968051110716575,-0.0030764646041681765,-0.0008915865065483985,0.014631533820924629,0.23226839873758343
2012-10-03,NVDA,0.302186810401973,0.3031025161833639,0.2969214339326995,0.2985239326953888,430872000,-0.009871041468911268,0.30557495057582856,0.3080931603908539,0.30441780607126984,0.30822104699586483,38.06305569178194,-0.0043143106751186155,-0.0033240338183582645,-0.000990276856760351,0.014760428328599223,0.2343145356135979
2012-10-04,NVDA,0.2992106881771881,0.3136332298148625,0.29760816232483,0.3118017911911011,502608000,0.04447837188739201,0.3055978387594223,0.307967247068882,0.30576034882033004,0.308562070252554,51.65240151691646,-0.003477228337882554,-0.0033546727222631225,-0.00012255561561943162,0.01652313222142278,0.2622965924263374
2012-10-05,NVDA,0.3127175429830331,0.3159225402997707,0.3033314365275028,0.3044760823249817,483068000,-0.02349476197084932,0.3047508031129837,0.3078527793288231,0.3055268458211758,0.30817292854516615,45.69540181243236,-0.0033661550961728848,-0.003356969197045075,-9.185899127809628e-06,0.016482648951791273,0.261653940444115
2012-10-08,NVDA,0.3033314912783083,0.3047050501089029,0.2992107602054978,0.3015000522136688,240596000,-0.009774265645392854,0.30362904965877535,0.3077268674969673,0.30479470152890176,0.30753741651359495,43.50055503380952,-0.003478175270708206,-0.0033812104117777017,-9.696485893050414e-05,0.016506426791949018,0.2620314019547448
2012-10-09,NVDA,0.3010423112639797,0.3019580174917041,0.294174405393953,0.2950901389122009,366360000,-0.021260073603321605,0.30243863761425016,0.3070973247289658,0.3030302355985925,0.3063519615039384,39.13990718130372,-0.0040376351549119005,-0.0035124953604045417,-0.0005251397945073588,0.01687263466506975,0.2678447717173329
2012-10-10,NVDA,0.2937163337888984,0.2950899193992186,0.2889088114432808,0.2900534570217132,326568000,-0.017068282623928344,0.3012710899114609,0.30604424625635146,0.30067082131188716,0.30479972298182173,36.07940537842944,-0.004831732079327911,-0.003776342704189216,-0.0010553893751386947,0.016898628583293173,0.26825741237664885
2012-10-11,NVDA,0.2928006630178471,0.2937163686731487,0.2893667258747062,0.2916560173034668,320516000,0.005525051479161158,0.30003486275672914,0.3049682751297951,0.2990317660376289,0.30354794148864506,37.74736346662663,-0.005270985748866308,-0.004075271313124635,-0.0011957144357416733,0.016866239677259545,0.26774325443303437
2012-10-12,NVDA,0.2895956931848776,0.2918849850447966,0.2873064013249585,0.2891378402709961,260696000,-0.008634065073481967,0.2984094738960266,0.3035832569003105,0.2972328704436956,0.302175550896488,36.15103721191616,-0.005755942367204725,-0.004411405523940653,-0.0013445368432640718,0.0165163712570303,0.26218926544390464
2012-10-15,NVDA,0.2895956699826468,0.2930296074974003,0.2861617324678932,0.2928006947040558,249580000,0.012668194621730189,0.2976540058851242,0.30281634628772736,0.29642702030921564,0.3012827074495897,40.117925369378845,-0.00577810583287014,-0.00468474558572655,-0.0010933602471435893,0.01600175989836945,0.25402006338271055
2012-10-16,NVDA,0.2953188530212193,0.3021867542679145,0.2925717088968444,0.3012710213661194,367696000,0.02892864264077266,0.29763110280036925,0.3023699358105659,0.29730774777410723,0.3012815944892592,48.14171354678761,-0.005053927437396466,-0.004758581956060533,-0.0002953454813359327,0.01738200717268234,0.2759308095963505
2012-10-17,NVDA,0.2976081701453657,0.3003553417984513,0.2946320857148613,0.2989817559719085,391752000,-0.007598690985379686,0.29767688512802126,0.3016259178519249,0.29761211290098016,0.3010625622495115,46.33466703672406,-0.00461157604860174,-0.004729180774568775,0.00011760472596703507,0.01715089294680603,0.272261984999643
2012-10-18,NVDA,0.2982951065841957,0.2982951065841957,0.2932586682810877,0.2944033145904541,254772000,-0.015313447359258214,0.2959370374679565,0.30076743811368944,0.29702869502633905,0.30042834818674413,42.86892246314137,-0.004577682665603933,-0.004698881152775807,0.00012119848717187433,0.017366499015091925,0.2756846252266883
2012-10-19,NVDA,0.2900534946631998,0.2921138733460643,0.2756309530451752,0.2772334516048431,709412000,-0.05832088884425812,0.2932127743959427,0.2989817887544632,0.2934295598587943,0.29821931041703925,32.923374745525194,-0.005868636376744341,-0.0049328321975695135,-0.000935804179174827,0.021248141129120282,0.33730378350033263
2012-10-22,NVDA,0.2783781233050927,0.2799806493047865,0.2717391883853961,0.274028480052948,480840000,-0.011560551345237036,0.2904656171798706,0.297047333419323,0.28990209080318585,0.29591542181093533,31.456353034732373,-0.007068855546287667,-0.005360036867313144,-0.0017088186789745224,0.02124949400577042,0.3373252597513575
2012-10-23,NVDA,0.2715101754900151,0.2841013035754255,0.2708233827158288,0.2822698652744293,573948000,0.03007492221205954,0.28918358981609343,0.2958111137151718,0.288514413434321,0.29461584499793475,38.98519440168437,-0.00727120900280559,-0.005742271294411634,-0.0015289377083939557,0.022533902538105968,0.35771461310157343
2012-10-24,NVDA,0.2841012957915002,0.2852459412869486,0.2758598373080714,0.2786069810390472,332916000,-0.012976533048687289,0.2880389422178268,0.29465501606464384,0.28671306208972575,0.2930911912875645,37.037970967520394,-0.0076390811484520205,-0.006121633265219712,-0.0015174478832323084,0.022424224809054243,0.35597353312897434
2012-10-25,NVDA,0.2808963635333734,0.2838724482491142,0.277691366018274,0.2788360118865967,307356000,0.0008220571024291079,0.2867569416761398,0.29339590221643447,0.28528087114370226,0.291733555154139,37.249024214181375,-0.007821974743117466,-0.006461701560799263,-0.0013602731823182026,0.022295034087853407,0.35392269400900733
2012-10-26,NVDA,0.2792937390201425,0.2808962370561463,0.2758598029613495,0.2758598029613495,389376000,-0.010673689187814195,0.2854291379451751,0.2919193059206009,0.28356794965600174,0.2902217692310162,35.579960551473945,-0.008113546507982017,-0.006792070550235814,-0.0013214759577462026,0.022245537907292525,0.3531369665013375
2012-10-31,NVDA,0.2770045635131163,0.2792938551710339,0.27357062602624,0.2742573916912079,347112000,-0.005808788569192536,0.2835748076438903,0.2906144067645073,0.2818751209351301,0.288701352322463,34.678971588016054,-0.008377351536101085,-0.007109126747408869,-0.0012682247886922167,0.022078586865800245,0.3504867008798667
2012-11-01,NVDA,0.2756310560628651,0.287535397905115,0.2754021159156999,0.2873064577579498,473220000,0.0475796330821745,0.2821783512830734,0.2899047270417213,0.2828626367210973,0.2885685052210808,46.5491835670493,-0.0074476168543904375,-0.007176824768805183,-0.00027079208558525476,0.024912418244073524,0.3954723793862817
2012-11-02,NVDA,0.290282389161578,0.2907402419224025,0.284101308664191,0.285932719707489,256700000,-0.0047814381242280435,0.2808734476566314,0.28927516639232637,0.283420833627714,0.2883174780293101,45.60952475867238,-0.006743905061014077,-0.007090240827246962,0.000346335766232885,0.024854937548813103,0.3945599016372048
2012-11-05,NVDA,0.2852460064216021,0.2992106955710473,0.2852460064216021,0.2980660498142242,444840000,0.04243421361202615,0.2812397211790084,0.2885883793234825,0.28608360020707946,0.2892459134373972,54.37070557090056,-0.0051478093162529714,-0.0067017545250481645,0.001553945208795193,0.02465778038991469,0.3914301287673573
2012-11-06,NVDA,0.2987528140586761,0.2987528140586761,0.2928006725249394,0.2978371083736419,350804000,-0.0007680896255207736,0.28330008685588837,0.28825643062591555,0.288220601691909,0.2900641224789443,54.1933214906032,-0.0038569055933526664,-0.006132784738709065,0.0022758791453563985,0.024131264491349256,0.3830719479938022
2012-11-07,NVDA,0.2955477407226343,0.2973791789113396,0.2873062825187102,0.2886798679828644,324620000,-0.03074580075256983,0.28476522564888,0.2876154214143753,0.2883041046539009,0.2899322887174129,47.51583626012807,-0.0035320525585116336,-0.005612638302669579,0.0020805857441579456,0.024981258786661683,0.3965651891211239
2012-11-08,NVDA,0.291884956755468,0.299439624619109,0.2895956651174258,0.2902824580669403,839024000,0.005551443871974593,0.2855664849281311,0.2873750373721123,0.2886638052744535,0.2899656381792726,48.70699014094272,-0.0031094448172880873,-0.005111999605593281,0.002002554788305194,0.024602707002181874,0.39055586584056406
2012-11-09,NVDA,0.2918849369415141,0.2953188741654723,0.2781491880456815,0.2790648937225342,846280000,-0.03864361773393599,0.2856122761964798,0.28682560920715333,0.28691854862864996,0.28892747204053565,41.59149787307605,-0.0036377550552873505,-0.0048171506955320955,0.001179395640244745,0.025809307100697277,0.40971004859603083
2012-11-12,NVDA,0.279522797858827,0.2806674438102112,0.270136690141272,0.2728838622570038,643624000,-0.0221490828999652,0.2850170612335205,0.28588700145483015,0.2843667874701688,0.2873995092040088,38.27362090717575,-0.0045032911699982026,-0.004754378790425317,0.00025108762042711473,0.02614617182525615,0.4150576103159491
2012-11-13,NVDA,0.2715102418384246,0.2776913510260645,0.2705945361094083,0.2708234488964081,492120000,-0.007550513773713741,0.2845134258270264,0.28497128188610077,0.28190436227493954,0.28582083679376113,37.208077769118375,-0.005294461657069871,-0.004862395363754228,-0.00043206629331564265,0.02613499403970476,0.4148801684712848
2012-11-14,NVDA,0.2724260266417867,0.2751731716415325,0.2639556242310092,0.2641845643520355,619300000,-0.02451369913286927,0.2835061430931091,0.28354047536849974,0.2786825808344115,0.2837602394183587,33.930264748998795,-0.006383586456382928,-0.0051666335822799685,-0.0012169528741029596,0.026288165612373963,0.417311691806529
2012-11-15,NVDA,0.2657870051970584,0.2726548798395981,0.2634977136495452,0.2653291523456573,466688000,0.0043325316769702304,0.2813084125518799,0.2817433819174766,0.2762546847455471,0.28200489779238713,34.99353158476484,-0.0070728357730898694,-0.005547874020441949,-0.0015249617526479206,0.02517913140274544,0.39970631952168817
2012-11-16,NVDA,0.2653292042225973,0.2662449101044375,0.2552563030697894,0.2605216801166534,624552000,-0.01811889943680589,0.2787673085927963,0.27982037812471383,0.2733941384493846,0.27995887706136485,32.61907810294633,-0.007915745862588863,-0.006021448388871332,-0.001894297473717531,0.02532309213787753,0.40199162534399346
2012-11-19,NVDA,0.2653291253067906,0.2687630622781186,0.2621241010925814,0.267847329378128,404092000,0.028119154068845242,0.2757454365491867,0.27849257886409756,0.2723856277091561,0.27880539632962803,39.37020137604695,-0.007901555298032159,-0.006397469770703498,-0.0015040855273286613,0.026373151481892905,0.41866080066073924
2012-11-20,NVDA,0.2668106549919206,0.2679626860899314,0.2619721133936398,0.2647370100021362,336976000,-0.011612284442832355,0.27243542671203613,0.2778677567839622,0.2709949699442434,0.27746555001272405,37.64556912115632,-0.008048507765503754,-0.006727677369663549,-0.0013208303958402046,0.02322586701507816,0.36869920863452926
2012-11-21,NVDA,0.2647368614237269,0.2730314641942679,0.2645064443468066,0.2723402678966522,422312000,0.02872004142697948,0.27080146670341493,0.2777833461761474,0.27123956957195405,0.2769774279064315,44.092837353390735,-0.007465392883584221,-0.006875220472447684,-0.0005901724111365371,0.024088162030679764,0.3823877176428437
2012-11-23,NVDA,0.2734921988144146,0.2774090954305509,0.2721097517891606,0.2741834223270416,276932000,0.0067678365914247696,0.26919156312942505,0.277379024028778,0.2717748155274245,0.2767113321369658,45.562287884555246,-0.006776428529985612,-0.0068554620839552695,7.903355396965753e-05,0.023098236362333525,0.36667313483354236
2012-11-26,NVDA,0.2746443331841479,0.2797132617581639,0.2741835264895234,0.2790220379829407,364600000,0.017647367644742618,0.2691872775554657,0.2773997768759727,0.2730924923375183,0.27693139936039196,49.32761691609177,-0.005773430952422276,-0.006639055857648671,0.0008656249052263953,0.02329076489023256,0.3697294304641796
2012-11-27,NVDA,0.2778700155508159,0.2843213918618924,0.2755659545444724,0.2801740765571594,451404000,0.0041288443828555454,0.26991629898548125,0.2774666801095008,0.2743800531047258,0.2772402257600841,50.21063627034192,-0.0048299120415455365,-0.006277227094428045,0.0014473150528825085,0.023306170903015667,0.3699739933352947
2012-11-28,NVDA,0.2790221503116668,0.2838606912195566,0.2755660575107694,0.2824782431125641,398332000,0.008224053358964367,0.27108177840709685,0.27779760211706156,0.2758524512879691,0.2777390845555584,52.01184673546478,-0.0038518379326890617,-0.005792149262080249,0.0019403113293911872,0.023212392562452798,0.36848530833033266
2012-11-29,NVDA,0.2829389281407437,0.2843213480515921,0.276487552823742,0.277409166097641,488688000,-0.01794501749610189,0.2724042385816574,0.27795519083738324,0.27613549034427304,0.27770766375004247,47.90587142099909,-0.003446015780984135,-0.005322922565861026,0.0018769067848768911,0.0235677896023217,0.3741270614354224
2012-11-30,NVDA,0.2771788637066686,0.2792525356306131,0.2741836055941614,0.2757964432239532,460504000,-0.0058135168941034765,0.27345096766948696,0.2773796901106834,0.27607384541330576,0.27752564274755775,46.64425379141481,-0.0032174433753444087,-0.004901826727757703,0.001684383352413294,0.02086277158650342,0.3311862316645951
2012-12-03,NVDA,0.2792525045777034,0.2792525045777034,0.2700362591847912,0.2707274556159973,391380000,-0.01837945242767236,0.27447154521942135,0.2766194269061088,0.2751017745410678,0.2768781963540758,42.82658202086038,-0.0034060600932089846,-0.00460267340084796,0.001196613307638975,0.021182936572768495,0.3362686932576019
2012-12-04,NVDA,0.2711882589548833,0.2792524727547013,0.2695753942216599,0.2787916660308838,528068000,0.029787190946472863,0.2755659788846969,0.2756557077169418,0.27577266390285254,0.2770604315613908,49.85777961984399,-0.0028717223878616527,-0.004256483198250699,0.0013847608103890463,0.019921693133204285,0.31624707435481014
2012-12-05,NVDA,0.2764877424467747,0.27833097025871,0.2716492007739738,0.2755661010742187,633024000,-0.011569804085563185,0.27664888799190523,0.2745421573519707,0.2757351070249191,0.2769181143721363,47.34948234251975,-0.002677665579498889,-0.003940719674500337,0.0012630540950014481,0.020000040283803183,0.3174907968133014
2012-12-06,NVDA,0.2748747547698431,0.2778700398331545,0.2739531412733977,0.2760267853736877,412896000,0.0016717742047120954,0.27701753973960874,0.27390950322151186,0.2757881394519679,0.2768332258960936,47.75376339583784,-0.00245836231738239,-0.003644248203076748,0.001185885885694358,0.018979349872940036,0.301287838856908
2012-12-07,NVDA,0.2762573252369886,0.2776397735625284,0.2723404249367437,0.2755661010742187,338288000,-0.0016689840402456246,0.27715580761432645,0.27317368537187575,0.27574776883783164,0.2767125473416293,47.36211485479786,-0.0022952777419794623,-0.003374454110857291,0.0010791763688778287,0.0188952871197975,0.2999533840208766
2012-12-10,NVDA,0.2755660434595594,0.2868559625134307,0.2748748194413088,0.2847822904586792,513644000,0.03344456864808021,0.27773183286190034,0.27345955520868304,0.27739040913253116,0.2774810943051579,55.26628899836026,-0.0014061533204164367,-0.0029807939527691204,0.0015746406323526837,0.01849478494043494,0.29359560902408033
2012-12-11,NVDA,0.2857039358871821,0.2951506001883923,0.2850127118586525,0.29146409034729,816724000,0.023462834988260184,0.2788608342409134,0.2743885666131973,0.2799492602624873,0.2788128082139324,59.96060510767558,-0.00016050025462555073,-0.0024167352131404065,0.002256234958514856,0.01827810868115873,0.29015598004174076
2012-12-12,NVDA,0.2923856745740576,0.2939985120153349,0.2873167176635036,0.2884687483310699,399404000,-0.010276881836973617,0.27945988476276395,0.27527083158493043,0.28149825809313866,0.2797324215584217,57.069403520034804,0.0005783231575022252,-0.0018177235390118803,0.0023960466965141057,0.018374434112678247,0.29168509886213045
2012-12-13,NVDA,0.2880079262283836,0.2942288860088211,0.2859342821237633,0.2886991500854492,377556000,0.0007987061188163835,0.2805888831615448,0.2764965608716011,0.2828075111826497,0.2805863957038529,57.24019732177459,0.0011689624590057734,-0.0012203863394083497,0.0023893487984141233,0.017189904607814575,0.27288127591920397
2012-12-14,NVDA,0.2898511411994887,0.2930768154708615,0.2877774699108297,0.2900815308094024,338660000,0.004788308949105202,0.28201739192008973,0.27773417979478837,0.28413006020569564,0.2814906942853338,58.31182672061919,0.00172866792438503,-0.0006305754866496738,0.0023592434110347037,0.01718985300643509,0.2728804567726994
2012-12-17,NVDA,0.2893903860749096,0.2910032234979616,0.2845518463391763,0.2889295518398285,445232000,-0.003971224801384676,0.28383760154247284,0.2791545733809471,0.28500269504826525,0.28219915690957137,57.02917837168154,0.0020555879247659004,-9.334280436655894e-05,0.002148930729132459,0.01648187325792145,0.26164162668567653
2012-12-18,NVDA,0.2889296104270281,0.2926161202557389,0.2880079967031419,0.2893904447555542,416436000,0.0015951740235322642,0.28489747941493987,0.2802317291498184,0.28580046772231776,0.2828840414663316,57.43260834773782,0.002325062711221737,0.00039033829875110025,0.0019347244124706367,0.015593663919559598,0.24754174055685246
2012-12-19,NVDA,0.29146409034729,0.2949201830233547,0.2903120594552684,0.29146409034729,458544000,0.0071655634431446735,0.286487278342247,0.2815680831670761,0.2868302172904945,0.28370118897880386,59.28473612027891,0.00267511226107664,0.0008472930912162082,0.0018278191698604316,0.015164203263565216,0.2407242639949657
2012-12-20,NVDA,0.2926160492385855,0.2928464663469269,0.2880079268043679,0.291233628988266,334332000,-0.0007907024112280281,0.2880079627037048,0.2825127512216568,0.28763083759918023,0.28441856421780026,58.977601142891366,0.0029004976146753125,0.0012579339959080291,0.0016425636187672834,0.014127721112130526,0.22427061992864541
2012-12-21,NVDA,0.2873167271016451,0.2873167271016451,0.2813261564468833,0.2845518589019775,462172000,-0.022942989480647213,0.2889065384864807,0.2830311730504036,0.2870710232905979,0.2844312589496267,50.765844107255965,0.002511008780956947,0.0015085489529178128,0.0010024598280391343,0.015276229829533838,0.24250263059767896
2012-12-24,NVDA,0.2843214559423003,0.2852430970325015,0.2813261704656612,0.2822478115558624,127376000,-0.008097108748492676,0.288653090596199,0.28319246172904966,0.2861940757024642,0.284223311578792,48.27003614487736,0.00199343957842818,0.0016055270780198864,0.0003879125004082936,0.01496700743710376,0.23759387729658452
2012-12-26,NVDA,0.2815566922254134,0.2861648169889622,0.2808654680175631,0.2820174992084503,196740000,-0.0008159933858921109,0.287708431482315,0.2832846328616142,0.285434698158098,0.28401323421018804,48.015918221019284,0.0015468468868707341,0.001593791039790056,-4.694415291932189e-05,0.01494787685031909,0.23729018864618268
2012-12-27,NVDA,0.2824781375635029,0.2829389717380305,0.276948402134908,0.2801740765571594,299804000,-0.006536554137473338,0.286878964304924,0.28316942453384397,0.2844782215033819,0.28364760014799484,45.931610997146535,0.0010322707844150902,0.001481486988715063,-0.00044921620429997267,0.014907312605227985,0.23664625121838984
2012-12-28,NVDA,0.2776396354880526,0.2831693711070122,0.2771788012976604,0.2787916660308838,220600000,-0.004934112903174359,0.28588821589946745,0.28323854953050615,0.28344430232656403,0.2831851302320795,44.37592926586096,0.0005070713369829116,0.0012866038583686328,-0.0007795325213857212,0.01437123961746124,0.22813635635712876
2012-12-31,NVDA,0.2778701193780343,0.2836302740461965,0.277178895324538,0.2824782431125641,326460000,0.013223412070258567,0.2851278871297836,0.28357263952493666,0.2832686551967458,0.28311780764926847,49.306863463888234,0.00038389761873586226,0.0011060626104420787,-0.0007221649917062165,0.014570864934511653,0.23130531002297566
2013-01-02,NVDA,0.2893903617189576,0.2933072601214481,0.2882383311613677,0.2930768430233001,478836000,0.03752005745275255,0.28554261624813077,0.28469010889530183,0.2850519620743011,0.28406628720870003,60.223776451482266,0.0011284914492422082,0.0011105483782021047,1.794307104010357e-05,0.015898567664506418,0.25238193745450177
2013-01-03,NVDA,0.2930770063650464,0.2965330999640141,0.289851329992646,0.2933074235916137,298888000,0.0007867580595415369,0.2859343141317367,0.28541589677333834,0.2865529550774488,0.2849463954356442,60.4234623393054,0.0017173962740429372,0.0012319179573702713,0.00048547831667266586,0.014709813292879988,0.23351104683091545
2013-01-04,NVDA,0.2937679977149118,0.3039058807157674,0.2928463844723652,0.3029842674732208,524968000,0.03299215465845373,0.28708633184432986,0.2867868050932884,0.2895404664221346,0.2866642880106515,67.74244866192029,0.002931159437601416,0.0015717662534165003,0.0013593931841849158,0.015779741493447838,0.25049563046729967
2013-01-07,NVDA,0.3027539299292195,0.3036755434137719,0.2921552375239882,0.2942288815975189,610732000,-0.028897163369961953,0.2873858571052551,0.28769690990448,0.29039290554493175,0.28738472549511507,57.39943706580912,0.003150274616258164,0.0018874679259848332,0.001262806690273331,0.017493336158918297,0.2776981024641102
2013-01-08,NVDA,0.2949201751978986,0.2958418163670108,0.2857039283062713,0.2877775728702545,466424000,-0.021926157256340506,0.28770842850208284,0.28830748349428176,0.2899173905131722,0.2874221395308426,51.19667535278017,0.0027714111726745982,0.0020642565753227864,0.0007071545973518119,0.018363555644846635,0.2915124085389633
2013-01-09,NVDA,0.2900814912403235,0.291463938577521,0.2794828290325618,0.2813260555267334,695020000,-0.022418415998072927,0.2876162528991699,0.2881346717476845,0.288355329606547,0.28684156010187983,45.85956566453249,0.0019283468498974554,0.0020370746302377203,-0.00010872778034026493,0.017614966719490484,0.2796289277547065
2013-01-10,NVDA,0.2838605323713089,0.2852429797046845,0.28017402446002,0.2817868888378143,506368000,0.0016380754716018853,0.2875931918621063,0.2876508116722107,0.28716106764859556,0.28636016283863547,46.290274696380195,0.0012826125380654974,0.0018861822118032758,-0.0006035696737377784,0.016707350486120296,0.2652209667184104
2013-01-11,NVDA,0.2829389199089867,0.2831693094874737,0.2785611883189072,0.2813260555267334,513172000,-0.00163539656859657,0.2877083897590637,0.2872936770319939,0.2861001563537115,0.28588072404702575,45.89705815731091,0.0007253170434320388,0.0016540091781290286,-0.0009286921346969897,0.01658118200925346,0.26321810423989767
2013-01-14,NVDA,0.2831694173104568,0.2831694173104568,0.2778700704554487,0.2810957729816437,305684000,-0.0008185610275541766,0.2879388004541397,0.2869135081768036,0.285190268467881,0.2854250144217513,45.68820169258511,0.0002620536802969142,0.0013756180785626057,-0.0011135643982656915,0.016575260063696355,0.2631240962685671
2013-01-15,NVDA,0.2797132942926212,0.2797132942926212,0.2744139480216204,0.2760267853736877,375888000,-0.018032955651336002,0.2872936546802521,0.2862107709050178,0.2835241806325731,0.28452994498860235,41.23961029463266,-0.0005082519966435606,0.0009988440635213724,-0.001507096060164933,0.01692292566311251,0.2686431165613712
2013-01-16,NVDA,0.2755660381706075,0.2808653855867072,0.2755660381706075,0.2785613238811493,337376000,0.009182219414070047,0.285842102766037,0.2856923595070838,0.28262184304140514,0.2839615048831306,44.1669437905428,-0.0009037903868519548,0.000618317173446707,-0.0015221075602986618,0.017110937247196905,0.2716277079318909
2013-01-17,NVDA,0.2794829432184186,0.283399842318679,0.2787917192674127,0.2822478115558624,580736000,0.013234025540049599,0.28473614156246185,0.28533522784709925,0.282553837316761,0.28379829599481937,48.20846526807315,-0.0009093067426010348,0.00031279239023715866,-0.0012220991328381935,0.017423507453896838,0.2765896061369474
2013-01-18,NVDA,0.2822477325091366,0.2822477325091366,0.2769483869910071,0.2804044783115387,397088000,-0.006530903584911929,0.28247816264629366,0.2847822472453117,0.2821630447703569,0.28347507526307836,46.399851496791406,-0.001050312730355052,4.017136611871656e-05,-0.0010904840964737685,0.017350332791378202,0.27542799438117505
2013-01-22,NVDA,0.2801740684527885,0.282708546473083,0.277639617899067,0.2790220379829407,308224000,-0.004930164942166471,0.2809574782848358,0.2841716676950454,0.28159195262719033,0.28305097647449384,45.03526072111969,-0.001259098271413961,-0.00021968256138781895,-0.001039415710026142,0.01736247021149916,0.27562066995236284
2013-01-23,NVDA,0.2799437675416243,0.2801741572286513,0.2764876750369848,0.2794829607009887,421808000,0.0016519222688646806,0.28012801706790924,0.283918222784996,0.2812084995496991,0.2827111654484457,45.60960782293328,-0.0013715592246908437,-0.0004500578940484239,-0.0009215013306424198,0.016657519535396566,0.264429924899157
2013-01-24,NVDA,0.2785611914081397,0.2820172823228924,0.2771787440556109,0.2808652520179748,396980000,0.004945887625918521,0.2800819367170334,0.2838490948081016,0.2811460909075674,0.28253536416935326,47.38524394717014,-0.0013337711004081654,-0.0006268005353203723,-0.0007069705650877931,0.016610702209162786,0.2636867228855756
2013-01-25,NVDA,0.2813260904192526,0.2861646292329928,0.279943670377164,0.2859342396259308,393920000,0.01804775625156929,0.28049667179584503,0.2840449318289756,0.2820166634018153,0.28285906659378923,53.39394329082462,-0.0008846016656442468,-0.0006783607613851472,-0.00020624090425909957,0.017097243422982213,0.27141032521167385
2013-01-28,NVDA,0.2873167508062252,0.2923857083014964,0.2866255268326354,0.2905424535274505,422492000,0.016116341671946532,0.28141831159591674,0.28456335067749017,0.28356680706102166,0.2835908177303284,58.08080297047169,-0.00015500055320777362,-0.0005736887197496726,0.00041868816654189894,0.01733240606987521,0.2751434164996573
2013-01-29,NVDA,0.2893903538314515,0.2900815501739064,0.2831693670167629,0.2843213975429535,388872000,-0.02141186566358111,0.28174087405204773,0.2848398372530937,0.2837040053304638,0.28366039676010224,50.672360822087036,-7.787593620789401e-05,-0.0004745261630413169,0.0003966502268334229,0.01805400896009877,0.28659850725691915
2013-01-30,NVDA,0.2845519373506108,0.2884688373355452,0.2829390994117068,0.2838607132434845,287592000,-0.0016202941581257013,0.2825242668390274,0.2849089607596397,0.28373249767828573,0.28367947452042436,50.16209796192854,-5.331293610916221e-05,-0.000390283517654886,0.00033697058154572376,0.017834764500262643,0.28311810935458864
2013-01-31,NVDA,0.2838606912195566,0.2870863943136779,0.2806350155920193,0.2824782431125641,470544000,-0.004870241165548572,0.2829159587621689,0.28437903076410287,0.2835044513936091,0.2835650715291996,48.581114513355736,-0.00014374338310113588,-0.00034097549074413596,0.00019723210764300008,0.015564932511619159,0.24708564359548957
2013-02-01,NVDA,0.2847822155074456,0.2859342735457105,0.2824781543640667,0.2850126326084137,288816000,0.008971981232691606,0.283192440867424,0.2839642912149429,0.2837786661599372,0.2837029344891247,51.59315428308041,-1.0781826139838468e-05,-0.00027493675782327645,0.000264154931683438,0.015741061740305113,0.24988160842176552
2013-02-04,NVDA,0.2833997784459845,0.2891599309618432,0.2799436869364693,0.2801740765571594,511744000,-0.016976637165069475,0.2831694006919861,0.2828237816691398,0.2831232862321594,0.2833668527813185,46.04729021431695,-0.00029246847561625877,-0.0002784431013818729,-1.402537423438586e-05,0.013862563634853305,0.2200613754697767
2013-02-05,NVDA,0.2815564870342654,0.2882382795518461,0.2806348737398398,0.2866254150867462,367296000,0.023026179327017893,0.2839297384023666,0.28244360834360116,0.28376003693299334,0.2836771920485021,53.261239283180174,4.806521890554638e-06,-0.0002217931767273874,0.00022659969861794205,0.01377960744703185,0.21874448681363948
2013-02-06,NVDA,0.2797132754381911,0.2866254585953346,0.2781004381948391,0.2843213975429535,530688000,-0.0080384272381967,0.2844135820865631,0.2822707995772361,0.2838621024984406,0.2837385449527356,50.65620699348617,5.3863236992024444e-05,-0.00016666189398350506,0.0002205251309755295,0.013009545407552087,0.20652013091031154
2013-02-07,NVDA,0.2833997760540538,0.2857038370409507,0.2804044912777731,0.2831693589687347,440000000,-0.004051888405777748,0.28464399278163904,0.2823629647493362,0.28373614912940315,0.28368433676378313,49.356305595934415,-2.1635381480811233e-07,-0.00013337278594976567,0.00013315643213495756,0.011991031535632782,0.1903517244385037
2013-02-08,NVDA,0.2850126326084137,0.2873166937517926,0.2831693782003954,0.2850126326084137,307232000,0.006509438896891817,0.2845518320798873,0.28252425193786623,0.2839682370346778,0.28381084112993843,51.500775766039645,0.00010445783380452767,-8.580666199890701e-05,0.00019026449580343468,0.01206684880435102,0.19155528626717938
2013-02-11,NVDA,0.2873166758943537,0.2912336015679116,0.2845518081874574,0.2882383167743683,408308000,0.011317688400101389,0.28432141840457914,0.28286986500024797,0.28474461516916694,0.284232505477027,55.085057900711476,0.00044259665690093986,1.9874001781062365e-05,0.0004227226551198775,0.012284040461124426,0.1950030969311426
2013-02-12,NVDA,0.2857038788488016,0.2896207776063824,0.2852430720773057,0.2863951027393341,277804000,-0.0063947571428438765,0.28452878892421724,0.28313483148813245,0.2850447038182882,0.28443846712105625,52.68884879052248,0.0005554393826643356,0.000126987077957717,0.00042845230470661856,0.012397084426568165,0.19679761424982686
2013-02-13,NVDA,0.2866254699154639,0.2919248160385505,0.2840910191376923,0.2850126326084137,856396000,-0.004827143054113914,0.28464398086071013,0.28358412384986875,0.2850388726892201,0.28449314954842364,50.90039895665708,0.000527236614540405,0.00020703698527425464,0.00032019962926615043,0.011659324203138543,0.1850860337794855
2013-02-14,NVDA,0.2810958873819432,0.2935378408181811,0.2776397937829755,0.2933074235916137,882096000,0.029103239766205213,0.28572689890861513,0.284321428835392,0.2865422455805644,0.28533260421920364,59.732217549721376,0.0011608247622251766,0.00039779454066443903,0.0007630302215607376,0.013097330393453606,0.20791367435955593
2013-02-15,NVDA,0.2926161993785022,0.294689872017837,0.2868560433802227,0.2933074235916137,733860000,0.0,0.2865563780069351,0.28487440943717957,0.2877722779462097,0.28609211082609987,59.732217549721376,0.0016439969604143956,0.0006470350246144304,0.000996961935799965,0.012867472834473707,0.2042647987313809
2013-02-19,NVDA,0.2935377614462081,0.2937681511438881,0.2875471898411988,0.2893904447555542,433552000,-0.013354516527728011,0.2874780148267746,0.2853237077593803,0.2880664900933632,0.28640623786700026,54.3755916479828,0.001691350120672841,0.0008558980438261126,0.0008354520768467284,0.013191999309190586,0.209416496807125
2013-02-20,NVDA,0.290311963112194,0.2949200851510267,0.2843213934750821,0.2852430343627929,713012000,-0.014331538818652345,0.2873397767543793,0.285634757578373,0.2875531345059868,0.2862954565808853,49.33113644923188,0.0013783279770576695,0.000960384030472424,0.00041794394658524556,0.01360038979696177,0.21589949481780651
2013-02-21,NVDA,0.2847821961662478,0.2880078980278476,0.2824781351793509,0.2831693589687347,580408000,-0.007269854630072348,0.2872245728969574,0.2858190774917603,0.2867560844083046,0.2859977329987757,46.9841525104052,0.0009519538675532568,0.0009586979978885906,-6.744130335333714e-06,0.013730160852738671,0.21795954646356636
2013-02-22,NVDA,0.285012656328371,0.2886991654512142,0.2833998188870936,0.2884687483310699,370148000,0.018714557894381256,0.2877545118331909,0.286199252307415,0.2870674778488074,0.2862330677923275,53.12214642893143,0.0010297949118878713,0.0009729173806884467,5.687753119942461e-05,0.014285840753813336,0.22678069142436957
2013-02-25,NVDA,0.2891599736948722,0.2914640350417176,0.2829390135517052,0.2833998203277588,644444000,-0.017571844550362203,0.2875932306051254,0.28607253134250643,0.2864006310267985,0.2859632347004638,47.46183592459015,0.0006746870014940343,0.0009132713048495642,-0.00023858430335552995,0.01432575144937872,0.22741425407507523
2013-02-26,NVDA,0.2839793345203732,0.2883838966134606,0.2830520393820363,0.2867611646652221,487504000,0.011860784998296126,0.2874455153942108,0.285883466899395,0.28646618259742096,0.2860392280304408,51.17694172149641,0.0006569212410516001,0.0008620012920899714,-0.0002050800510383713,0.014098134463521428,0.22380094644256024
2013-02-27,NVDA,0.2867612395400056,0.2941794920433199,0.2860657749134339,0.2920930981636047,476980000,0.01859363873280162,0.2880153149366379,0.28627205193042754,0.2874892581549089,0.2866157870907421,56.43894469572209,0.0010608553403929633,0.0009017721017505698,0.00015908323864239347,0.013819305009533397,0.21937466608184672
2013-02-28,NVDA,0.2911658646850671,0.2978886257179123,0.2900067660493978,0.2934840619564056,591392000,0.0047620563496566515,0.28886245787143705,0.2867532193660736,0.2885792224824537,0.28726990850651957,57.719167112667705,0.0014761984804377848,0.0010166573774880129,0.0004595411029497719,0.013818619617720915,0.2193637858241279
2013-03-01,NVDA,0.2913976414120268,0.2955704016491374,0.288847641225801,0.2946431338787079,389396000,0.003949352188244104,0.2889960289001464,0.2873614639043808,0.28968175182722716,0.287972120446728,58.80560379427081,0.0018772485756373691,0.0011887756171178841,0.000688472958519485,0.013736426182303354,0.21805900548702642
2013-03-04,NVDA,0.2925567664668154,0.2962658931549936,0.2902385691954769,0.2934840619564056,353680000,-0.003933816162773551,0.28901369273662564,0.2877850353717804,0.29037308094162323,0.28849706725717345,57.22213457981921,0.002077606889178296,0.0013665418715299667,0.0007110650176483295,0.013704637607925159,0.2175543775129985
2013-03-05,NVDA,0.2951066244228985,0.2971929897105071,0.2937156958077758,0.2967293560504913,366168000,0.011057820559154496,0.2897475838661193,0.288612799346447,0.2915287673250538,0.28928109476129893,60.43457514734101,0.0024697902034274133,0.001587191537909456,0.0008825986655179572,0.013131216401274527,0.20845159805726962
2013-03-06,NVDA,0.2985840389265611,0.3013658696453389,0.2951067436193172,0.2964976727962494,342928000,-0.0007807897989118295,0.290873047709465,0.2891064122319221,0.292432204683453,0.2899683879074847,60.08765738767141,0.0027304287204816258,0.00181583897442389,0.0009145897460577357,0.012266692731606884,0.1947277102624524
2013-03-07,NVDA,0.2981203726177616,0.3011340337495742,0.2941794438923528,0.2958021759986877,314824000,-0.002345707441824163,0.29213632941246026,0.28968045115470886,0.2930449267407684,0.29052398677331354,58.992879967466024,0.0028480354640036953,0.0020222782723398514,0.000825757191663844,0.01209202796832514,0.19195499310375563
2013-03-08,NVDA,0.2964976135700573,0.2985839792836119,0.2951066846709669,0.2971930503845215,246464000,0.004702042441499632,0.2930087596178054,0.2903816357254982,0.29379913103963257,0.2911591356886667,60.541203971244116,0.0030186741973823317,0.0022215574573483474,0.0007971167400339842,0.012017724859865785,0.19077546782402055
2013-03-11,NVDA,0.2941794389312611,0.2955703402981989,0.2918612147161987,0.2944112420082092,299748000,-0.009360273979196587,0.2941099017858505,0.2908515661954879,0.2939104239430101,0.2914688601000517,55.987957243696776,0.0028960540274474145,0.002356456771368161,0.0005395972560792535,0.012259704590652773,0.19461677696390492
2013-03-12,NVDA,0.2939476122482167,0.2962658088599704,0.291165781841129,0.2953385412693023,310856000,0.0031496734118166003,0.2949676394462585,0.29120657742023465,0.29417008163869957,0.29183740116378987,57.14499898558824,0.002840953219665987,0.0024533560610277266,0.00038759715863826046,0.01205662843406068,0.191393042918608
2013-03-13,NVDA,0.2953385412693023,0.3004385682881437,0.2925566832271312,0.2953385412693023,485840000,0.0,0.2952921837568283,0.29165374934673305,0.2943825288442637,0.2921708430786006,57.14499898558824,0.0027654075358524155,0.0025157663559926646,0.0002496411798597509,0.011926301638179967,0.18932416917219855
2013-03-14,NVDA,0.2971930458647172,0.2981203409950352,0.293715751304956,0.2955703139305115,383304000,0.0007847694385332282,0.2955008089542389,0.2921816334128379,0.294598489769036,0.292494602207354,57.469109882926105,0.0026931936934641576,0.0025512518234869636,0.00014194186997719405,0.011832632081866492,0.18783721106365925
2013-03-15,NVDA,0.2955703975757812,0.2955703975757812,0.291861271275002,0.2930203974246979,355776000,-0.008627106260790107,0.2953385353088379,0.29216728210449217,0.29431156388824725,0.2925446779423391,52.74298428471092,0.0024025120877849138,0.0025215038763465535,-0.00011899178856163975,0.010153601818573756,0.16118343194111595
2013-03-18,NVDA,0.2911658570163669,0.2937158573666228,0.2888476598060849,0.2909340262413025,298312000,-0.007120225082390519,0.2950835317373276,0.2920486122369766,0.2936974661342573,0.2923912825422404,49.17926780145424,0.0019809568654259313,0.002413394474162429,-0.00043243760873649777,0.010277669091987476,0.16315293884888332
2013-03-19,NVDA,0.2911657314829279,0.2925566326283685,0.2869929727764488,0.289079338312149,355480000,-0.006374943326894367,0.29431852996349334,0.2920330569148063,0.2928578065302376,0.2920758592822317,46.19138612726515,0.0014801512368597947,0.0022267458267019023,-0.0007465945898421076,0.009925539529658868,0.15756305534171022
2013-03-20,NVDA,0.2918612979958582,0.2934840581729484,0.2893112976113141,0.2925567626953125,340588000,0.012029307952160062,0.29392443895339965,0.2923987433314323,0.2928030712875239,0.292121659607287,52.07102931472409,0.001348315709581882,0.0020510598032778982,-0.0007027440936960162,0.009670219204862487,0.15350997083728146
2013-03-21,NVDA,0.2909339272649779,0.291397561022287,0.2874566326325377,0.2879202663898468,339032000,-0.015848193912011643,0.2931362479925156,0.2926362887024879,0.29191528857885535,0.2917215269199117,45.00919788560121,0.0008597973922234714,0.001812807321067013,-0.0009530099288435417,0.010244065409518196,0.16261949692718514
2013-03-22,NVDA,0.2888475368603068,0.2904702686897825,0.2876884387485272,0.2893111705780029,232476000,0.0048308658699030005,0.29234806001186364,0.29267840981483456,0.29144181257870033,0.29149196917306325,47.31743324712751,0.0005782121797617279,0.0015658882928059562,-0.0009876761130442283,0.00940837743593632,0.1493533616167142
2013-03-25,NVDA,0.2909339580078294,0.291165788728522,0.2856021001476566,0.2876884937286377,362076000,-0.005608759752080417,0.2916757851839065,0.2928928434848785,0.290759390969598,0.29112973341645126,44.94709060439335,0.0002215633651513338,0.0012970233072750318,-0.001075459942123698,0.00856206881533276,0.1359186287615514
2013-03-26,NVDA,0.2883838765143651,0.2900066359845851,0.2872247783985386,0.2897748053073883,232540000,0.0072519813069706895,0.2911194115877151,0.2930435255169868,0.29058037539465076,0.29100069264415956,48.51798725384246,0.00010604213075404711,0.001058827071970835,-0.0009527849412167878,0.008306521382884976,0.1318619390349239
2013-03-27,NVDA,0.288615835171348,0.2948749622452548,0.2879203704664491,0.2932522296905517,254944000,0.012000437303286704,0.29091078042984003,0.29310148209333414,0.29106616708481453,0.29121512474381595,53.88687994378285,0.0002917269590910765,0.0009054070493948833,-0.0006136800903038068,0.007658526015259451,0.12157533147416981
2013-03-28,NVDA,0.2925566004838849,0.2976566536953711,0.2904702351774229,0.2974248230457306,349276000,0.014228684158964278,0.291096231341362,0.2932985201478004,0.2922222863504356,0.29180652458209355,59.36312150274754,0.0007667384516874542,0.0008776733298533975,-0.00011093487816594321,0.008225209408825221,0.13057115146308082
2013-04-01,NVDA,0.2967294496743033,0.2967294496743033,0.2856021001476566,0.2876884937286377,442828000,-0.03273542946883046,0.29056304097175595,0.2929507881402969,0.29139796041919963,0.2914143311674787,45.719408680753205,0.0003534734539057949,0.0007728333546638769,-0.00041935990075808206,0.011063105420797062,0.17562135402911766
2013-04-02,NVDA,0.2879202271737014,0.28861569153248,0.2828202012677872,0.2846747636795044,371524000,-0.010475671133291842,0.28993711471557615,0.2925103232264518,0.2901755610119823,0.29077246759719544,42.46591405604945,-0.00021474936541415746,0.0005753168106482701,-0.0007900661760624275,0.011245417597952905,0.17851547011951632
2013-04-03,NVDA,0.2842110912171589,0.2858338505357682,0.2791110655110227,0.2811974585056305,353156000,-0.012215010311868557,0.2891489267349243,0.2917337283492088,0.2885431787381001,0.28986056196942733,39.01594820291314,-0.0009348827634762524,0.00027327689582336555,-0.001208159659299618,0.011084663376036427,0.1759635759591482
2013-04-04,NVDA,0.2802702013083329,0.2849065939636111,0.2793429338313093,0.2839793264865875,294676000,0.009892934295141709,0.28829118311405183,0.2911078110337257,0.28771338741964325,0.28930044430439494,43.00516992976446,-0.0012665205126112244,-3.468258586355246e-05,-0.001231837926747672,0.011429744079592019,0.18144156230227998
2013-04-05,NVDA,0.2798065828968592,0.2888475656509399,0.2791111184334559,0.2888475656509399,551352000,0.0171429351022927,0.28838391304016114,0.29076008051633834,0.2879196016435153,0.2892573130040659,49.26034518172725,-0.0011235678127816118,-0.0002524596312471643,-0.0008711081815344474,0.012211019965448728,0.1938439324981312
2013-04-08,NVDA,0.2890793960735957,0.2890793960735957,0.2828202705807698,0.288152128458023,326660000,-0.0024076269825907826,0.28826800882816317,0.2903080344200134,0.2879618792461531,0.2891520573330142,48.44244414805646,-0.001054240113913807,-0.00041281572778049285,-0.000641424386133314,0.01213593996462208,0.1926520744344002
2013-04-09,NVDA,0.2883839742449818,0.2948749314203498,0.286297607983476,0.292788565158844,380584000,0.01609023929697062,0.2887780159711838,0.2902269005775452,0.28883945850300596,0.28949839141166467,53.933994456073535,-0.0006180512100183999,-0.0004538628242280743,-0.00016418838579032564,0.012591174421574404,0.19987869740234052
2013-04-10,NVDA,0.293020261783166,0.2978884567099359,0.2923247974693201,0.2974248230457306,384688000,0.01583483249891038,0.289543017745018,0.2903312146663666,0.29040043387441045,0.2902532896625281,58.67414785852237,0.00010057948583380716,-0.000342974362215698,0.00044355384804950515,0.01307886965998581,0.20762061930090214
2013-04-11,NVDA,0.2932522070966885,0.2978886012586774,0.2851385173132079,0.296034038066864,969220000,-0.004676089119342697,0.2898211985826492,0.29036598950624465,0.29142472554576565,0.2908038371296077,56.78644508919457,0.0005515172180496908,-0.00016407604616262025,0.000715593264212311,0.013128731787417178,0.2084121560350462
2013-04-12,NVDA,0.2974248722010005,0.3066976575579196,0.2948748451738156,0.30345219373703,770548000,0.025058455164843174,0.29042393565177915,0.29076008349657056,0.2936115379441773,0.2920084425207908,63.52678113750921,0.0014902926204765077,0.00016679768716520538,0.0013234949333113023,0.014258983568315804,0.22635434682191996
2013-04-15,NVDA,0.3025249076509267,0.3034522027953473,0.2953385153658423,0.2971930503845215,430420000,-0.02062645609981195,0.29137439131736753,0.29096871614456177,0.29426272202423986,0.29250221469828896,55.64075506370585,0.0017095121398930657,0.0004753405777107775,0.0012341715621822882,0.014939883476632911,0.23716329777272244
2013-04-16,NVDA,0.2999748895666442,0.3025248888766189,0.2983521300733848,0.3004385232925415,468844000,0.010920419921734092,0.29295076727867125,0.29144394099712373,0.29538559498211286,0.2932580536120273,58.51633998566664,0.0021206818285100515,0.0008044088278706323,0.0013162730006394193,0.014980216338539127,0.23780356210632658
2013-04-17,NVDA,0.2981204050792792,0.3009022357980571,0.2946431097720353,0.2964976727962494,532948000,-0.013116994628730949,0.29448078870773314,0.29181485772132876,0.2955877909483195,0.29356658877242936,53.94357936253719,0.002104286167995628,0.0010643842958956316,0.0010399018720999966,0.01524537475008112,0.24201282139618877
2013-04-18,NVDA,0.2971930297869095,0.2990475923121352,0.290702074766159,0.290702074766159,402548000,-0.019546858413533208,0.2951530635356903,0.2917221233248711,0.2946994789151994,0.2932937779146893,48.00258770287074,0.0016051331874942787,0.001172534074215361,0.0004325991132789176,0.015712195221496337,0.24942336664186038
2013-04-19,NVDA,0.2904703634305327,0.2923249265412861,0.2867612372090257,0.2913976311683655,303028000,0.002392677805158394,0.29540807008743286,0.291895991563797,0.2940991429612296,0.2931131925102775,48.73234991875273,0.0012512527797277073,0.0011882778153178303,6.297496440987697e-05,0.015279531728390265,0.24255504661704935
2013-04-22,NVDA,0.2911658586411803,0.2944113236996498,0.2888476614179618,0.2918612957000732,245568000,0.0015911746771881674,0.2957789868116379,0.2920234978199005,0.2936922616410193,0.292993964242639,49.243732028630546,0.000996724243069902,0.0011499671008682447,-0.00015324285779834282,0.015250710738970111,0.24209752759378203
2013-04-23,NVDA,0.2944112585675389,0.3025249470538257,0.2939476247524824,0.2995113134384155,376948000,0.026211141562955786,0.296451261639595,0.2926146388053894,0.2947502710587277,0.2936146641660463,56.88512449087304,0.001396206442843162,0.0011992149692632284,0.0001969914735799336,0.016204370861312916,0.257236412707773
2013-04-24,NVDA,0.3004384933507592,0.3122613041758115,0.3002066626933751,0.3097112774848938,556556000,0.03405535480240074,0.29767990708351133,0.29361146241426467,0.2974704540453033,0.2951476749583175,64.54876428760761,0.002506952233349291,0.001460762422080441,0.0010461898112688502,0.01768964201155129,0.28081436126595055
2013-04-25,NVDA,0.3113340160999929,0.3129567476884732,0.3085521589367984,0.3122612833976745,353224000,0.008233493896279143,0.29930263161659243,0.2945619150996208,0.3001596957457344,0.29677754242873244,66.16783197880994,0.0035520446806815986,0.0018790188738006725,0.001673025806880926,0.017614050654236848,0.27961438566963154
2013-04-26,NVDA,0.3117976144325985,0.3122612480289252,0.3092475882001945,0.3108703196048736,324332000,-0.004454486888883613,0.3000444442033767,0.295234189927578,0.3021070819019415,0.298119711683603,64.4390428193036,0.004219410088360354,0.002347097116712609,0.0018723129716477446,0.017498582784494385,0.2777813900630898
2013-04-29,NVDA,0.3113340825815789,0.3157386446387193,0.3099431537029658,0.3145795464515686,269712000,0.011931749712901452,0.30178309381008145,0.2965787425637245,0.3043748027291464,0.29968731499483786,66.92102905505281,0.004990083018461988,0.002875694297062485,0.002114388721399503,0.01552267827468603,0.24641487837890644
2013-04-30,NVDA,0.3152751131692612,0.3192160427570343,0.3131887191744946,0.3192160427570343,276712000,0.014738708723326166,0.30366084575653074,0.298305806517601,0.3070732100069442,0.30154719382933276,69.76202035539994,0.0059068825063741115,0.0034819319389248105,0.002424950567449301,0.015256162785418616,0.24218407614801674
2013-05-01,NVDA,0.3192160054757864,0.321302399226883,0.3152750763482746,0.3164341747760772,341316000,-0.008714687259858245,0.3056544959545135,0.3000676423311234,0.30877520360133204,0.3029650015385465,66.09416408723841,0.00633594240860641,0.00405273403286113,0.0022832083757452796,0.015056760590678078,0.23901866443903313
2013-05-02,NVDA,0.3162024141835802,0.3210706397143647,0.3143478507606579,0.3201433718204498,323480000,0.011721859837033666,0.30859862565994256,0.30187584459781647,0.31084214327753523,0.30460103680348966,68.47422006382999,0.006895786342286991,0.004621344494746302,0.002274441847540689,0.015086995943769317,0.239498635789523
2013-05-03,NVDA,0.3222296511513149,0.3238523833438357,0.3203750882305403,0.3215341866016388,293864000,0.004344349762046784,0.3116122812032699,0.30351017564535143,0.312786151154645,0.30621371773664674,69.34320751608018,0.007366774234783602,0.005170430442753763,0.002196343792029839,0.014864587615100188,0.2359680130265148
2013-05-06,NVDA,0.321534274446013,0.3233888378734613,0.3187524431223869,0.3206070065498352,217116000,-0.0028836126621655245,0.31448685228824613,0.30513291954994204,0.31420812486286137,0.3075845071474266,67.99759297864614,0.007577866918677956,0.005651917737938601,0.0019259491807393546,0.014878254127065225,0.23618496217820986
2013-05-07,NVDA,0.3206069346431841,0.321302399226883,0.313420513336773,0.3164341747760772,448068000,-0.013015410419950912,0.3161791384220123,0.3063152000308037,0.3146128612107188,0.3084273326358695,62.15206445984788,0.007324019997683673,0.005986338189887616,0.001337681807796057,0.015203172490324466,0.24134288129170245
2013-05-08,NVDA,0.3168978541407226,0.3240842764794217,0.3157387555464221,0.3222297132015228,334032000,0.018315146995569576,0.3174309819936752,0.3075554445385933,0.31599774339086495,0.30974184507069363,66.46414816501353,0.007503994620613352,0.006289869476032764,0.0012141251445805887,0.015314501710895627,0.24311017787941813
2013-05-09,NVDA,0.3164341047139957,0.3238523274824373,0.3159704709725457,0.3224614262580871,566800000,0.0007190927685163384,0.3184509962797165,0.3088768139481544,0.3171729584576326,0.3109532337552073,66.6278563867316,0.007577969003539298,0.006547489381534071,0.0010304796220052268,0.015198410148094673,0.24126728145251317
2013-05-10,NVDA,0.3291841123250142,0.3384569232935869,0.3291841123250142,0.3370659947395324,861136000,0.045290900840202486,0.3210705637931824,0.3105575039982795,0.32078987414525073,0.31344016337276204,74.93356409240795,0.008714604321975072,0.006980912369622272,0.0017336919523528007,0.017189226770941795,0.2728705155924349
2013-05-13,NVDA,0.3347478361794285,0.3361387648883591,0.3287205152874988,0.3301114439964294,289812000,-0.02063260860377547,0.3226237535476685,0.31220342367887494,0.3224847050272832,0.31502790438453987,66.45217869955601,0.008951039861790078,0.007374937868055834,0.001576101993734244,0.01718971721478771,0.27287830114712486
2013-05-14,NVDA,0.3340523880979635,0.3377615130790797,0.3308069244657958,0.3349796831607818,454140000,0.014747259608500762,0.32420011758804324,0.31393048167228693,0.32475651923337384,0.316928073791801,69.08961697187483,0.009422624792285283,0.007784475252901724,0.0016381495393835597,0.017275425750910865,0.2742388819780285
2013-05-15,NVDA,0.333356970580959,0.3419343198514153,0.333356970580959,0.3407752215862274,313172000,0.01730116397138004,0.32663422226905825,0.31614435911178584,0.32766901057025627,0.3191992307246035,71.91986053065824,0.010147041979263971,0.008256988598174173,0.0018900533810897978,0.016875570537264364,0.26789137724358103
2013-05-16,NVDA,0.3403115235739828,0.3437888177132135,0.3379932998460851,0.3391524255275726,308368000,-0.00476207175833121,0.32853512763977044,0.3185668766498565,0.3297569041988592,0.3210995349915529,69.98747149083033,0.0104695156797191,0.008699494014483158,0.001770021665235941,0.015944186805063352,0.2531061188601307
2013-05-17,NVDA,0.3407751444005189,0.3470342680878229,0.3382251177406546,0.3447160720825195,312116000,0.01640456071128571,0.3308533161878585,0.3212327986955642,0.33247675290497924,0.3233487290002164,72.69610703647216,0.01104667895164163,0.009168931001914854,0.0018777479497267772,0.015999214508181144,0.2539796565661433
2013-05-20,NVDA,0.3433253192165129,0.345411713270618,0.3421662206203735,0.3440207839012146,236380000,-0.0020169880014716535,0.3331946939229965,0.3238407731056213,0.3345756676315675,0.3253174961336448,71.82372659398841,0.011317519734819925,0.009598648748495869,0.0017188709863240562,0.01610191080854848,0.2556099097941735
2013-05-21,NVDA,0.3460011354617721,0.349030104268063,0.3420401890729858,0.3476321101188659,357784000,0.010497407094707034,0.3363144874572753,0.3262468129396438,0.3369495662656217,0.32744269746557064,73.59607773328787,0.01168882534886262,0.01001668406856922,0.0016721412802933999,0.015560145724022928,0.24700965569813849
2013-05-22,NVDA,0.3490301780350541,0.3490301780350541,0.334118339135356,0.3355163335800171,480404000,-0.03485229409534718,0.33764314949512475,0.3275370657444,0.33668897850460267,0.32821161519075603,59.96747848451424,0.010880027626294309,0.010189352780114238,0.000690674846180071,0.01695801417665725,0.26920012944565697
2013-05-23,NVDA,0.3315553225217348,0.3420402241655316,0.3306233448436206,0.3408752381801605,393884000,0.015972112424343043,0.3394845306873321,0.3289677634835243,0.33745011662743135,0.3294176745230803,63.212422416630204,0.010549856243367128,0.010261453472764815,0.00028840277060231297,0.017143466874392742,0.2721440997547019
2013-05-24,NVDA,0.3390112060389221,0.3418071664445202,0.3350502320409178,0.3387781977653503,283304000,-0.006151929444936366,0.3396557509899139,0.3303631573915481,0.3376915859252348,0.330309152927106,61.12445038681783,0.010003663403215735,0.010209895458855,-0.00020623205563926467,0.017194426991989944,0.27295306654237067
2013-05-28,NVDA,0.3413412816486261,0.3422732594758971,0.3352833424449806,0.3385452926158905,279300000,-0.0006874856498915172,0.34049913585186,0.33156144469976423,0.33784680532353584,0.33109354718318074,60.883913449662224,0.009443153349542321,0.010056547036992464,-0.0006133936874501422,0.017136780765043727,0.2720379610592454
2013-05-29,NVDA,0.3364482522010803,0.3385452157238985,0.3350502580022316,0.3364482522010803,335052000,-0.006194268420058768,0.3406459927558899,0.3324230551719665,0.3375925229376348,0.33160351908964736,58.64612749973161,0.008729107737653286,0.009791059177124629,-0.0010619514394713432,0.017073738944920626,0.27103720318978985
2013-05-30,NVDA,0.3359822859314191,0.3443701961362738,0.3350502804778481,0.3408752381801605,284504000,0.013157999633282014,0.3406559944152832,0.33364510834217065,0.33818938025445766,0.3324865399554105,61.8352041378376,0.008423343159858876,0.00951751597367148,-0.0010941728138126033,0.01699972906876761,0.26986233282860844
2013-05-31,NVDA,0.3390111289014862,0.3439040515541006,0.3371471464633941,0.3371471464633941,577508000,-0.010936821743549596,0.3404554665088654,0.3344952970743179,0.337999883201537,0.3329304072418851,57.79327059072179,0.007790393873242429,0.00917209155358567,-0.0013816976803432413,0.017202297336255376,0.27307800438432345
2013-06-03,NVDA,0.3376132243350824,0.3401762043365944,0.3296913038238792,0.3366812467575073,444468000,-0.0013818883261329518,0.33965198397636415,0.3352526500821113,0.33776013112080433,0.33328763005289674,57.28928593876739,0.007168548229147531,0.008771382888698043,-0.0016028346595505123,0.017221671016775294,0.2733855520281378
2013-06-04,NVDA,0.3387781206809322,0.3448360566608698,0.3350501558047482,0.3371471464633941,363676000,0.0013838005840056677,0.3389646202325821,0.33607965707778925,0.33764867936491155,0.3336552030443727,57.68666227944105,0.006636820157130852,0.008344470342384605,-0.001707650185253753,0.017178564893888405,0.2727012635412804
2013-06-05,NVDA,0.3366813107546836,0.339244263467914,0.3289923692886152,0.3299243748188019,464520000,-0.021423202659009988,0.3371938467025757,0.33675416707992556,0.33624426035652794,0.3332998860705088,49.93080400174372,0.005568415295359619,0.007789259332979608,-0.002220844037619989,0.01767792374553295,0.280628339559862
2013-06-06,NVDA,0.3299244212999936,0.334584366281063,0.3296914129407549,0.3320213854312897,341044000,0.006356034208262029,0.33684435188770295,0.3372437506914139,0.3354764649155755,0.3331781241048689,51.950672937176776,0.004835171132912708,0.0071984416929662285,-0.0023632705600535207,0.017303773861066636,0.2746888942756935
2013-06-07,NVDA,0.3343512472626621,0.3387782101947781,0.3329532808962995,0.3366812467575073,274584000,0.014034822847825312,0.3364249527454376,0.3379547417163849,0.33569551615956306,0.3335117548336916,56.180983447455745,0.0045773172523700945,0.006674216804847002,-0.0020968995524769073,0.017521297751475783,0.2781419789851207
2013-06-10,NVDA,0.335749255101656,0.3385452157238985,0.3338852720950093,0.3364482522010803,224148000,-0.000692033068877218,0.3361919581890106,0.3379238545894623,0.33583237725802073,0.3337914212496334,55.915902969815704,0.00430454536137681,0.006200282516152964,-0.0018957371547761535,0.014305730453524177,0.2270964306188894
2013-06-11,NVDA,0.3320213847480955,0.3366813574950393,0.3301574289798736,0.3301574289798736,296336000,-0.018697743798790745,0.3353531718254089,0.3379261538386345,0.33480056848017575,0.3334453267477515,49.170069450469065,0.0035399484905436207,0.005668215711031096,-0.002128267220487475,0.014164660516963233,0.2248570148012419
2013-06-12,NVDA,0.3317884594283003,0.3345844213217984,0.325497510448595,0.3273614943027496,312588000,-0.008468489368126497,0.33444449603557586,0.33754524439573286,0.33344800953882553,0.3328659141339418,46.48580759769854,0.002677526540683872,0.005070077876961652,-0.0023925513362777796,0.013849146750879943,0.21984838903959916
2013-06-13,NVDA,0.326196488182064,0.3364483848735474,0.3259635075740207,0.3348174095153808,236256000,0.022775785614345567,0.33383871316909786,0.33724735379219056,0.33369699135274467,0.333051770836936,53.73854522822203,0.002566100567975904,0.004569282415164503,-0.0020031818471885985,0.014278561109291717,0.22666513065014662
2013-06-14,NVDA,0.3359822739325522,0.3364482627549676,0.3320212995033825,0.3343512713909149,236012000,-0.0013922159099808429,0.3335591256618499,0.3370072960853577,0.33381595135968467,0.3331755327944578,53.252616816927215,0.0024123728977432646,0.004137900511680255,-0.0017255276139369908,0.014249001483974228,0.22619588614551667
2013-06-17,NVDA,0.3369143468734429,0.3406423140581308,0.335050363281099,0.3376133441925049,255336000,0.00975642409858235,0.33365233540534966,0.33665215969085693,0.3345063864201974,0.3335981814990337,56.235087346562395,0.002524661893582525,0.0038152527880607095,-0.0012905908944781845,0.013904428285649167,0.22072595619815918
2013-06-18,NVDA,0.3392442724733467,0.3429722391421362,0.332720344690695,0.3355163335800171,486772000,-0.006211278815129062,0.33348925411701197,0.33622693717479707,0.33469001317652824,0.33378086264960355,53.8563450479533,0.002416583629000768,0.0035355189562487213,-0.0011189353272479533,0.013952944886890726,0.2214961333662187
2013-06-19,NVDA,0.3385452879952128,0.360680052733134,0.3373803018392938,0.3457682132720947,1159588000,0.030555530881874793,0.33507363796234124,0.3361337423324585,0.33670423137572214,0.33492251508984083,62.26096956241831,0.003122181276015601,0.0034528514202020973,-0.00033067014418649643,0.015472866507706746,0.2456241410921551
2013-06-20,NVDA,0.3429721788366162,0.3434381676444142,0.3341182803866357,0.3364482522010803,628696000,-0.026954360503000485,0.33551632463932035,0.3361803382635117,0.3366576897076054,0.3350678233861494,52.838733061988734,0.0028959468538976574,0.0033414705069412095,-0.00044552365304355215,0.01461787791749833,0.23205161799122
2013-06-21,NVDA,0.3383123249275425,0.3394773111437171,0.3303904019922782,0.3359823524951935,714228000,-0.0013847588829452029,0.3354464352130889,0.3359356939792633,0.3365349011235305,0.3351549213965345,52.411731318015015,0.002648529630926544,0.0032028823317382764,-0.0005543527008117326,0.014142216658127801,0.22450072958760675
2013-06-24,NVDA,0.3310893283938941,0.3352832834293276,0.3240994125933235,0.3289923369884491,580772000,-0.020804710291575157,0.33470084369182584,0.3354464009404182,0.335163525826243,0.33456800859576447,46.35862643584795,0.0018668934798450887,0.002935684561359639,-0.0010687910815145502,0.014807359365524629,0.235059542728448
2013-06-25,NVDA,0.3324873281433237,0.3331862975145341,0.3278273564240276,0.3313223421573639,457360000,0.007082247538782616,0.33481733500957483,0.3350852534174919,0.3344651287955377,0.334258897506393,48.49398622982757,0.0014190947028160927,0.0026323665896509298,-0.001213271886834837,0.014927381499372701,0.23696483503635984
2013-06-26,NVDA,0.3350502471649156,0.335516263733095,0.328060331947673,0.3294583261013031,579752000,-0.0056259896145954835,0.33502701818943026,0.33473575711250303,0.33355480103294954,0.3338017002297178,46.88596607450007,0.0009033867482179381,0.0022865706213643314,-0.0013831838731463934,0.014917455309528984,0.2368072616576025
2013-06-27,NVDA,0.3303903437493973,0.3308563325986278,0.3229344388353373,0.3264293968677521,808036000,-0.009193664246990974,0.3341882169246674,0.3340134650468826,0.33225927300291364,0.33309957610000673,44.314540186795426,0.00024742306432395944,0.0018787411099562572,-0.0016313180456322977,0.01464008585885367,0.23240415813096163
2013-06-28,NVDA,0.3264293536656468,0.3303903000230707,0.3222353990267169,0.3271283507347107,431536000,0.002141209932884136,0.3334659248590469,0.33351252526044844,0.33132637804505854,0.33253088796997854,45.0632919246471,-0.0002135712292751779,0.0014602786421099702,-0.001673849871385148,0.014514312465716559,0.23040756741222432
2013-07-01,NVDA,0.3294583533134804,0.3301573504480304,0.3264293842474016,0.3285263478755951,199524000,0.004273543206342545,0.332557225227356,0.3331047803163528,0.33081728165061064,0.3321495031990849,46.609619511181634,-0.0004607940950241973,0.0010760640946831368,-0.0015368581897073341,0.014569816202714561,0.231288661921813
2013-07-02,NVDA,0.3266624101249498,0.3331863379940214,0.3252644434372302,0.3282934129238128,256392000,-0.0007090297423282266,0.3318349331617355,0.33266209363937377,0.3303583964275565,0.3317822565062018,46.37539113019689,-0.0006678177142571684,0.0007272877328950759,-0.0013951054471522443,0.014558364543413152,0.23110687246614958
2013-07-03,NVDA,0.3254974244264352,0.3331863384331367,0.3254974244264352,0.3292253911495209,140388000,0.002838857525065075,0.3301806509494781,0.33262714445590974,0.33015239546791364,0.33153874551985124,47.511919906726106,-0.0007480594068845492,0.00043221830493915086,-0.0011802777118237,0.01377695904265207,0.2187024446974793
2013-07-05,NVDA,0.330157297131975,0.3324872686872442,0.3280603060669617,0.3317882716655731,184684000,0.007784577328934672,0.32971465289592744,0.3326154887676239,0.3304498275038517,0.3315625099146819,50.61181261869375,-0.0005979556273846831,0.00022618351847438408,-0.0008241391458590672,0.013815383364763664,0.2193124119011004
2013-07-08,NVDA,0.3327203820489103,0.3343513572338359,0.3282934454361887,0.3301574289798736,262084000,-0.004915311434948277,0.3291321605443954,0.33228929787874223,0.33039666413585567,0.3314286926827954,48.643129237154575,-0.0006036343548136425,6.0219943816778774e-05,-0.0006638542986304212,0.013451200759772313,0.2135311922733637
2013-07-09,NVDA,0.3308562663781943,0.3338852349551346,0.3299242888662674,0.3317882716655731,157364000,0.00493959106338604,0.32941175401210787,0.33205629885196686,0.3306496836867134,0.3314629383002028,50.707964551763105,-0.00047110876342937313,-4.6045797632451615e-05,-0.0004250629657969215,0.013514405058382781,0.21453452940884507
2013-07-10,NVDA,0.3317883515364558,0.3371472929587147,0.3308563460247168,0.3362152874469757,208468000,0.013342894126965543,0.32990104854106905,0.33235919177532197,0.3316616116431247,0.33191554298084786,55.89221311953676,-8.757154985883364e-06,-3.858806910313797e-05,2.9830914117254606e-05,0.013151669386763952,0.2087762791363126
2013-07-11,NVDA,0.3380792495949044,0.3413412270192176,0.3373802524485904,0.3408752381801605,239832000,0.01386002037138101,0.33104273974895476,0.3330348789691925,0.33333681646804025,0.3327688472855443,60.59074547962322,0.000725317891940247,0.00011419312310553904,0.0006111247688347079,0.013253677031673052,0.21039560029785379
2013-07-12,NVDA,0.3401762252992588,0.3443701802076981,0.3390112393677733,0.3411082029342651,216360000,0.0006834311443340013,0.3325106203556061,0.33334941864013673,0.33474979582553566,0.3335630716330415,60.81547242490979,0.0013107662664469388,0.000353507751773819,0.0009572585146731198,0.012328841157209143,0.19571428593355905
2013-07-15,NVDA,0.3418072733975932,0.3418072733975932,0.3350503368797142,0.3404092788696289,201332000,-0.002048980524724797,0.3338387131690979,0.33365231901407244,0.3357787927426435,0.33421509136985933,59.715284456685424,0.0016987587567994789,0.000622557952778951,0.001076200804020528,0.012336429963068309,0.19583475449186688
2013-07-16,NVDA,0.3418071273933034,0.3441370987610129,0.3401761529909965,0.3422731161117553,162560000,0.005475283306951795,0.33521338999271394,0.3338853076100349,0.3369595788097547,0.33498252229765896,61.70485437757677,0.002132064576170656,0.000924459277457292,0.0012076052987133638,0.012212476119879592,0.1938670482330986
2013-07-17,NVDA,0.3422732623150942,0.3434382484965773,0.339477301034627,0.3404092788696289,166100000,-0.005445467827855488,0.33642497658729553,0.33412995487451547,0.3375867970024591,0.3354993562568942,58.588710319598,0.00229856998711897,0.0011992814193896278,0.0010992885677293424,0.012190660997003055,0.19352074389338883
2013-07-18,NVDA,0.3399432594802055,0.3411082455572613,0.3345843179706571,0.3390112817287445,344488000,-0.004106812674221527,0.3374035656452179,0.33379210829734796,0.33784579422542005,0.3358338253494514,56.29239815219921,0.0022913072752031582,0.0014176865905523338,0.0008736206846508244,0.010004943856655653,0.1588235599552459
2013-07-19,NVDA,0.3369142035320749,0.338545178065673,0.3282933143326693,0.3317882716655731,480532000,-0.02130610529047461,0.3374035656452179,0.33355910927057264,0.33674442648726605,0.33544853452241535,46.21408273158436,0.0016833108175209333,0.0014708114359460538,0.00021249938157487944,0.009285803784730626,0.14740756522643755
2013-07-22,NVDA,0.3343513878041938,0.3373803578676931,0.3301574591667729,0.331555426120758,292384000,-0.0007017895588841139,0.33754336535930635,0.33333776295185086,0.33580097187517366,0.3350777622936861,45.92861570748188,0.0011692027138527905,0.0014104896915274013,-0.00024128697767461082,0.009284238242468098,0.14738271301347589
2013-07-23,NVDA,0.3357493219600926,0.3357493219600926,0.3294584023634597,0.3310893774032593,246792000,-0.0014056434634520665,0.337473475933075,0.33344261497259137,0.3349443183348256,0.3346979161136454,45.32512760371728,0.0007159095416188754,0.0012715736615456963,-0.0005556641199268208,0.007987468036759435,0.12679712418205671
2013-07-24,NVDA,0.3341183469202931,0.3350503247214755,0.330623388502668,0.3310893774032593,284252000,0.0,0.3369608849287033,0.33343096673488615,0.33424341998363166,0.3343542457602753,45.32512760371728,0.000352606805063882,0.0010877802902493335,-0.0007351734851854515,0.007828619546429985,0.12427548257275808
2013-07-25,NVDA,0.3308563854412874,0.3366813442011015,0.3285264130475465,0.3322543799877167,243320000,0.003518695143874817,0.33609879910945895,0.3335707694292068,0.33388177634801075,0.3341542585438411,47.3314541693237,0.0001568842768357448,0.0009016010875666158,-0.000744716810730871,0.007749756412237876,0.12302356912865747
2013-07-26,NVDA,0.3282934594705532,0.332953404641244,0.3282934594705532,0.3308564126491546,227360000,-0.004207521172824746,0.3350736200809479,0.3337921202182769,0.333331710220946,0.3338401779824424,45.18857675190772,-0.00010976620136887716,0.0006993276297795172,-0.0008090938311483943,0.0074993063280016335,0.11904779729631182
2013-07-29,NVDA,0.3301574289798736,0.3343513572338359,0.3292254233202997,0.3301574289798736,179540000,-0.0021126496043533116,0.33404843509197235,0.3339435741305351,0.33275456817711463,0.33348943998219777,44.113175615438244,-0.00037318887783799326,0.0004848243282560151,-0.0008580132060940083,0.007516600314033165,0.11932233081361056
2013-07-30,NVDA,0.3313223624268284,0.3401762620168735,0.3310893541051988,0.3357492983341217,266076000,0.016936978736252994,0.33339605331420896,0.3343047216534614,0.3332990645692977,0.3337046645871429,53.6220306694811,-0.00012924625276311552,0.000362010212052189,-0.0004912564648153045,0.0083404840878729,0.1324010802624185
2013-07-31,NVDA,0.3341182803866357,0.3397102016311208,0.3338852720950093,0.3364482522010803,270160000,0.002081773127826647,0.3329999506473541,0.33471246361732476,0.3338716441387127,0.3339659586456131,54.660448632807075,0.00011910678194199109,0.00031342952603014945,-0.00019432274408815836,0.008331595489910387,0.13225997814414142
2013-08-01,NVDA,0.3376132451398083,0.3418072000482476,0.3336522985278484,0.3411082029342651,277648000,0.013850423364362374,0.33320964276790616,0.335306604206562,0.33518738210154037,0.33464617238738953,60.9397705708326,0.0006840619897633959,0.00038755601877679875,0.0002965059709865972,0.008792474081530787,0.13957619897226908
2013-08-02,NVDA,0.3404091505817402,0.3446031048096222,0.338079179096856,0.3439041078090668,209628000,0.008196533682716778,0.3344212263822555,0.3359123960137367,0.33677224132109057,0.33552788052278737,64.14806272105793,0.0013419302823168833,0.0005784308714848157,0.0007634994108320675,0.00880767368302025,0.13981748516567952
2013-08-05,NVDA,0.3429721494224373,0.3467001151160107,0.3411081665756506,0.3455351293087005,185188000,0.004742663616391862,0.33581919670104976,0.336681281030178,0.3383654936824742,0.33648095183573146,65.90729258207294,0.001972171482637952,0.000857178993715443,0.0011149924889225092,0.008682146301444057,0.1378247997594012
2013-08-06,NVDA,0.3457682208595435,0.3464672181235257,0.3397102816056467,0.3404092788696289,206608000,-0.014834527676901299,0.33675118684768673,0.3371123313903808,0.3387370909892296,0.3368550782199122,56.52069162613262,0.002034575562021801,0.0010926583073767146,0.0009419172546450863,0.009458684236876753,0.15015195732397588
2013-08-07,NVDA,0.3385452518463777,0.3436712126054553,0.3383122713053474,0.3401762545108795,244380000,-0.0006845417361217576,0.33765987455844876,0.337310379743576,0.338998757084075,0.3371713807238138,56.12932411427894,0.0020416927629832715,0.001282465198498026,0.0007592275644852456,0.009031128635813021,0.14336472257157162
2013-08-08,NVDA,0.3420402410154588,0.3441372047822468,0.3380792662497021,0.3425062298774719,345696000,0.0068493180687834165,0.3386850595474243,0.3373919293284416,0.33963647941014713,0.33767946159559076,59.17339826554718,0.002209868744399379,0.0014679459076782967,0.0007419228367210825,0.00861692796463553,0.13678949075870153
2013-08-09,NVDA,0.3289924235498471,0.342739278239853,0.3287594429604689,0.3376133441925049,906224000,-0.014285537774648471,0.3393607527017593,0.3372171863913536,0.3392686366433031,0.33767316470005876,51.147338892896606,0.001926131196629488,0.001559582965468535,0.00036654823116095297,0.009209229054916378,0.14619197907563478
2013-08-12,NVDA,0.3238665154488359,0.3397103355898804,0.305459714191054,0.3348174095153808,257568000,-0.008281469690753274,0.33982675075531005,0.3369375929236412,0.33845932262004447,0.3374011880158037,47.20703920451609,0.0014588419619209203,0.0015394347647590123,-8.0592802838092e-05,0.009369370563530105,0.14873414671385854
2013-08-13,NVDA,0.3352833552103962,0.3373803192893255,0.3331863633560047,0.3359823524951935,197468000,0.003479338130889964,0.3398500561714172,0.3366230547428131,0.3380089644155261,0.33726606082336463,48.97098693354825,0.0011690371073402872,0.0014653552332752674,-0.00029631812593498017,0.009309607832540374,0.14778544277064526
2013-08-14,NVDA,0.3352834159232821,0.3522922233144658,0.3350504075276693,0.3501952588558197,828508000,0.04230253837760589,0.3412247568368912,0.3371123537421227,0.34022465431376125,0.33849741301693176,64.53876068443506,0.002062452761638023,0.0015847747389478187,0.00047767802269020414,0.013332108440765733,0.2116406603184674
2013-08-15,NVDA,0.3464672643577921,0.3553211660736635,0.3450692696432726,0.3525252044200897,723616000,0.006653275580836171,0.34236645698547363,0.3377880498766899,0.34246111796945733,0.3398333931505659,66.35105353311118,0.002924783159600708,0.0018527764230783967,0.0010720067365223112,0.013310965107198813,0.21130502030343767
2013-08-16,NVDA,0.3518260317203554,0.3588159462584006,0.3511270347114607,0.3539230227470398,660456000,0.003965158545895964,0.34336834847927095,0.33889478743076323,0.34454510065629046,0.34117526263594433,67.42659525527262,0.0036785741566261465,0.002217935969787947,0.0014606381868381996,0.012124808534796748,0.19247536846407381
2013-08-19,NVDA,0.3518261415552104,0.3529911276752425,0.3480981748609237,0.3483311831951141,393432000,-0.01579959254564345,0.3436479538679123,0.33973357528448106,0.34523347929971293,0.3418567788796748,59.26553383684368,0.0037811574047787455,0.002530580256786107,0.0012505771479926387,0.012836393022938142,0.20377142201867374
2013-08-20,NVDA,0.3482141119750476,0.3524292137829621,0.3477457735331695,0.3500874936580658,234192000,0.005042070729475601,0.34461577534675597,0.34068348109722135,0.34611602736486796,0.3426406564776168,60.86760964830394,0.003958543320976782,0.002816172869624242,0.0011423704513525397,0.012812809813850789,0.20339705018050186
2013-08-21,NVDA,0.3479798804251746,0.3524291647933052,0.3470432036716218,0.348448246717453,261540000,-0.004682392174265582,0.34544297456741335,0.3415514245629311,0.34654006724715614,0.34319376030998217,58.55289641837004,0.003921643148137421,0.003037266925326878,0.0008843762228105435,0.012910431016910712,0.20494673873640284
2013-08-22,NVDA,0.3482142042938858,0.3536001675921795,0.3482142042938858,0.3503217697143554,129016000,0.005376761153347287,0.3462245285511017,0.342454794049263,0.3472276495139196,0.3438726183484939,60.40616289110069,0.00399749649226816,0.0032293128387151345,0.0007681836535530255,0.012923791595555015,0.20515883134719132
2013-08-23,NVDA,0.3507901082803998,0.3536001675921795,0.3496192479075322,0.3503217697143554,245120000,0.0,0.34749537110328677,0.34342806190252306,0.34779021682308975,0.34448682324048074,60.4061628911007,0.004011370234908884,0.0033857243179538847,0.0006256459169549995,0.012838893888699262,0.2038111220318714
2013-08-26,NVDA,0.3505557231451058,0.3519607659495501,0.3496190465524744,0.3510240614414215,300152000,0.002004704782231359,0.34911603629589083,0.3444713935256004,0.3483781885718773,0.34510941735485606,61.1611472705567,0.0040325496270581795,0.0035150893797747437,0.0005174602472834359,0.012786518815429802,0.20297969351925274
2013-08-27,NVDA,0.3477457924629921,0.3500875127153618,0.3454040722106224,0.3465749323368072,277464000,-0.012674712628942597,0.3501752942800522,0.3450126752257347,0.3480503238018645,0.34524899021028,54.12047523373972,0.0036482719045614065,0.0035417258847320766,0.00010654601982932992,0.01281990255208408,0.20350964390938048
2013-08-28,NVDA,0.3472774539956196,0.3498533295239219,0.3451698890191825,0.3465749323368072,318824000,0.0,0.34981326162815096,0.34551900923252105,0.3477820708082177,0.3453752704128064,54.12047523373972,0.003305623866655838,0.0034945054811168293,-0.00018888161446099132,0.012824791647488683,0.20358725589284038
2013-08-29,NVDA,0.3454040339733137,0.3491507971285298,0.3444673292267576,0.3458723723888397,276216000,-0.002027151655863868,0.34914797842502593,0.3457572177052498,0.34743485291378534,0.3454226134581429,53.0030534662475,0.0029434518312320135,0.0033842947511398664,-0.0004408429199078529,0.012511616476452892,0.19861575417667546
2013-08-30,NVDA,0.3461065206002865,0.3470431973367414,0.3437648008436481,0.3454039990901947,378120000,-0.0013541795645893862,0.34829607605934143,0.34583221226930616,0.3470656067640416,0.34542084066119544,52.228842442830185,0.0025887920892703753,0.0032251942187659683,-0.000636402129495593,0.012394848979680415,0.19676212763062237
2013-09-03,NVDA,0.346340647587684,0.3505557483890544,0.3435305896919368,0.3456381261348724,284680000,0.0006778353617629129,0.3480267703533172,0.3458373621106148,0.34680606483146537,0.3454415345158313,52.601548756808576,0.002300099667203237,0.003040175308453422,-0.0007400756412501851,0.012351236973345394,0.19606980849298813
2013-09-04,NVDA,0.3456382837864312,0.3510242468272848,0.3451699452427726,0.3489167094230652,222080000,0.009485595020595206,0.34790969192981713,0.3462627336382866,0.3471898183935744,0.3457725035546155,57.59126269437677,0.0023092435912264175,0.0028939889650080215,-0.000584745373781604,0.011997034925879784,0.19044702530420474
2013-09-05,NVDA,0.3475114684957074,0.3512582305478999,0.3472773133146304,0.3498531877994537,174904000,0.0026839596703092106,0.34805018603801724,0.3467465803027153,0.3476740673764615,0.34616114014936195,58.92147972657678,0.0023647962957288327,0.002788150431152184,-0.00042335413542335127,0.01199131671276259,0.19035625148509416
2013-09-06,NVDA,0.3500874449939213,0.3519608264165288,0.3458723437719299,0.348448246717453,226756000,-0.004015801859167389,0.347862833738327,0.34704368114471434,0.34781482725664176,0.3463789598225135,56.07952889113778,0.0022692961768092657,0.0026843795802836004,-0.0004150834034743348,0.011980934708308778,0.19019144227372325
2013-09-09,NVDA,0.3512583730146098,0.3543026149272918,0.3503216960794034,0.3543026149272918,246408000,0.01680125604014293,0.34826091825962063,0.3478781446814537,0.34899442501494177,0.3471335936420162,63.894433546194485,0.0026356283490752697,0.0026746293340419343,-3.9000984966664626e-05,0.011919758180223585,0.1892202949973966
2013-09-10,NVDA,0.3568784269383047,0.3620302045930432,0.3552392008484104,0.3617960214614868,292132000,0.0211497353349559,0.34933811426162714,0.349227075278759,0.3513219880052227,0.3485300153391086,71.00578303377219,0.0034903697078624285,0.0028377774088060334,0.0006525922990563951,0.01233066907786241,0.19574330327434847
2013-09-11,NVDA,0.3613277544137313,0.368821281116211,0.3587518511203156,0.3678845763206482,396164000,0.016828694894339913,0.35146907866001126,0.3508221864700317,0.3543333676989364,0.35037330686115997,75.26817710970849,0.004605959254561975,0.003191413777957222,0.0014145454766047536,0.01266054851269456,0.2009799769575509
2013-09-12,NVDA,0.3660111633979112,0.3723338295027878,0.3660111633979112,0.3676503896713257,303808000,-0.000636576427489044,0.35357662439346316,0.35169494301080706,0.356754644421189,0.352018743319271,74.81261286500452,0.005408825528473937,0.003634896128060565,0.0017739294004133722,0.009064232893540696,0.1438902363712805
2013-09-13,NVDA,0.3688213363268102,0.3716313953031381,0.3662454326477954,0.369992196559906,159696000,0.006369657028444609,0.35598860681056976,0.3525682926177979,0.3591614720827739,0.35373050077076007,76.35385945555974,0.006163023580018523,0.004140521618452157,0.002022501961566366,0.009057569616456849,0.14378446012679705
2013-09-16,NVDA,0.3730363802534513,0.3756122556130347,0.3688212784921719,0.3702262938022613,231412000,0.0006327085936725929,0.35847083628177645,0.35338345617055894,0.3611732578499534,0.3553015286785221,76.50860838679958,0.006702360026288157,0.004652889300019357,0.0020494707262687997,0.009059070334815993,0.14380828329219453
2013-09-17,NVDA,0.3716312909866726,0.3744413491742205,0.3699920927035614,0.3713971078395843,168608000,0.003162428106600945,0.3610467344522476,0.3545367524027824,0.3630321396662499,0.3568344409795757,77.30845687604628,0.007141935170630109,0.005150698474141508,0.0019912366964886016,0.007995721104298744,0.12692813756763133
2013-09-18,NVDA,0.371631330262124,0.3756122487748278,0.3697579486339384,0.3746755719184875,268168000,0.008827381823121927,0.36362262070178986,0.3557661563158035,0.36514912734847493,0.3585335963070911,79.42137438710033,0.007666471974678013,0.005653853174248809,0.0020126188004292037,0.00808489560621929,0.1283437388998502
2013-09-19,NVDA,0.376314781592946,0.3770173032138962,0.3713971581618004,0.3730363845825195,227572000,-0.004374951181297271,0.36594094038009645,0.3569955632090568,0.3665831741183012,0.35991481423808425,75.62951128570379,0.007859305273274497,0.006094943594053947,0.0017643616792205503,0.00806893499783614,0.12809037209651958
2013-09-20,NVDA,0.3739730821515979,0.3763148024072842,0.3690554584484537,0.3697579801082611,356036000,-0.008788430860242724,0.36807191371917725,0.3579673737287521,0.3671604115710212,0.3608522586066725,68.57746277212468,0.007659295617267914,0.006407813998696741,0.001251481618571173,0.008500661252956059,0.13494381392954674
2013-09-23,NVDA,0.3695237560112059,0.3725679975897103,0.3641377944362374,0.3662453591823578,271244000,-0.009499783952938268,0.3692661881446838,0.3587635532021522,0.366994038409446,0.3613658872329283,61.91585157523052,0.00713509839847537,0.006553270878652467,0.0005818275198229035,0.008916898668312256,0.14155137805390353
2013-09-24,NVDA,0.3664795297134601,0.3690554048714623,0.3643719650400001,0.3676503896713257,229732000,0.003836309331276322,0.3698516249656677,0.3595948696136474,0.367113375002515,0.36196441127468043,63.44545348344355,0.006755173113373536,0.0065936513255966805,0.00016152178777685544,0.008923513587599831,0.14165638664216965
2013-09-25,NVDA,0.3669477840709791,0.3709287014328666,0.3653085581729987,0.3681186437606811,233156000,0.001273639583991848,0.369875031709671,0.36067205518484113,0.36729615114036335,0.36255052865429954,63.96489949865471,0.0064178824257537515,0.006558497545628095,-0.00014061511987434328,0.008203094433140252,0.1302200871076048
2013-09-26,NVDA,0.3690554262078034,0.3697579478062385,0.3648403245326975,0.3669478893280029,148816000,-0.003180372557928246,0.3698047816753387,0.3616907030344009,0.36723283081084324,0.36296932490893796,61.60766555324394,0.005987091562752456,0.006444216349052967,-0.0004571247863005114,0.008295667834787114,0.13168964430026617
2013-09-27,NVDA,0.3641377178521343,0.3671819587903851,0.3627327028990559,0.3648402392864227,151920000,-0.005743731202378588,0.3692895859479904,0.36263909637928005,0.3667978141700395,0.3631475072306032,57.49954882068777,0.005413216762921669,0.006238016431826708,-0.0008247996689050392,0.008451831275293163,0.1341686620650216
2013-09-30,NVDA,0.361093470163167,0.3669477683610402,0.3589859060626352,0.3643718659877777,226640000,-0.001283776426528549,0.368704143166542,0.3635874897241592,0.3663567326823555,0.36326411282652454,56.59636761410498,0.004864547562445254,0.005963322657950417,-0.0010987750955051634,0.008450065362529192,0.13414062906895857
2013-10-01,NVDA,0.3648404097171748,0.366479636468092,0.3620303505828347,0.3641378879547119,226976000,-0.0006421407767899234,0.3679782211780548,0.36451247781515117,0.3659533063682385,0.36334732950539955,56.122112410043776,0.00436057717695626,0.0056427735617515865,-0.0012821963847953269,0.008471901819265219,0.13448727207318867
2013-10-02,NVDA,0.3603910026524627,0.3653085971242547,0.3603910026524627,0.3639035820960998,162036000,-0.0006434536651162004,0.366901022195816,0.3652618214488029,0.3655806292278496,0.3634003059426091,55.61948834161682,0.0038973443314906375,0.005293687715699397,-0.0013963433842087598,0.00834318256553148,0.1324439172672369
2013-10-03,NVDA,0.3641378123367483,0.3674162372422636,0.3585176952351587,0.3601568937301636,436768000,-0.010295827109904065,0.3656130731105804,0.3657770067453384,0.3645944955009976,0.36309140954142377,48.187681546961834,0.0031911173113333136,0.004873173634826181,-0.0016820563234928674,0.008791261319062112,0.13955694696492002
2013-10-04,NVDA,0.3596885241667081,0.3681187270051235,0.3587518194538268,0.36507448554039,246228000,0.013654026608500125,0.3651447236537933,0.36660831868648525,0.36468176641725075,0.3632802739222777,56.41875763434767,0.002993726060329771,0.004497284119926899,-0.001503558059597128,0.009091692235184905,0.14432613990621732
2013-10-07,NVDA,0.3636694424288197,0.3676503886064345,0.3617960609185603,0.36507448554039,169952000,0.0,0.3650276362895965,0.36714691221714013,0.36475316989418516,0.36345115121924076,56.41875763434767,0.0028049582589984023,0.0041588189477412,-0.0013538606887427973,0.008441248172833352,0.13400066052177254
2013-10-08,NVDA,0.3641378046049239,0.3692896110734148,0.3592202092243259,0.3620302677154541,290712000,-0.008338621145845937,0.36446562409400934,0.3671586245298385,0.36425809677077947,0.3633158289807849,50.64268163328981,0.00238225433449607,0.003803506025092174,-0.0014212516905961039,0.007337540587015378,0.1164798457685135
2013-10-09,NVDA,0.3643719502955455,0.3646061334438437,0.3545367326305615,0.3564100861549377,275860000,-0.015524065421330224,0.36329476833343505,0.366584900021553,0.3628311857497173,0.36265813918784706,42.07779435326742,0.0015755942767451403,0.0033579236754227673,-0.001782329398677627,0.007004325410537932,0.11119021882832257
2013-10-10,NVDA,0.3589860371327998,0.3613277572669396,0.3564101338190437,0.3603910803794861,223484000,0.01116970136141937,0.36263908743858336,0.366221934556961,0.362387530227857,0.36244222882514604,48.696564384294774,0.001243212354519685,0.002934981411242151,-0.0016917690567224662,0.007561567895710039,0.12003616904267253
2013-10-11,NVDA,0.3547708998932884,0.3592201844533083,0.3536000399430994,0.3573468029499054,213704000,-0.00844714976401495,0.36188974380493166,0.365589664876461,0.3614710343591385,0.3619569501703612,44.50815471716371,0.0007257831634702727,0.0024931417616877757,-0.001767358598217503,0.007530447103982794,0.11954214178959016
2013-10-14,NVDA,0.3564101897784497,0.362732857465744,0.3564101897784497,0.362732857465744,166628000,0.01507234560761872,0.36172584295272825,0.3652149930596352,0.36170045674215767,0.3620308461032548,52.321617456092845,0.000741775659911903,0.002142868541332601,-0.0014010928814206982,0.008407977238103551,0.13347250080668224
2013-10-15,NVDA,0.3627327157213335,0.3648402521831998,0.3606251513439678,0.3608593344688415,208820000,-0.005165021470599607,0.3613979876041412,0.364688104391098,0.3615475254197365,0.361919273566644,49.70014670685685,0.00059639728375388,0.001833574289816857,-0.001237177006062977,0.008397795100158142,0.1333108643777712
2013-10-16,NVDA,0.3629669816907148,0.3667137453390302,0.3624986432135523,0.3653087019920349,210072000,0.012329922211219868,0.36153849959373474,0.36421976089477537,0.3622313757056089,0.3622420762738241,55.41350107755043,0.0008306355973463075,0.0016329865513227473,-0.0008023509539764398,0.008654987062955312,0.13739366021436653
2013-10-17,NVDA,0.3624985925717696,0.3669478772720085,0.3624985925717696,0.3660111725330353,213324000,0.001922950472216467,0.3621239274740219,0.36386850029230117,0.36291861149241367,0.3626010378223204,56.258264255570765,0.0010607272469090878,0.0015185346904400155,-0.00045780744353092766,0.008649091806159866,0.13730007591399285
2013-10-18,NVDA,0.3653086704281844,0.3713971538517553,0.363903655118095,0.3702262938022613,255068000,0.011516373229960797,0.36263910830020907,0.3638919159770012,0.364247281003295,0.36332725267755284,61.02953276342184,0.0015651594126653845,0.0015278596348850893,3.7299777780295217e-05,0.008865217738199777,0.14073096872229077
2013-10-21,NVDA,0.3746754705218808,0.3749096257148451,0.3699920316766257,0.3711628913879394,195008000,0.0025297975896285685,0.363247948884964,0.3641377925872803,0.365504664709594,0.36407350398330396,62.020845710373926,0.002017247561757418,0.001625737220259555,0.00039151034149786305,0.00858317977132547,0.1362537547985246
2013-10-22,NVDA,0.3711629285135581,0.3713970837299437,0.3660111229360694,0.3692895472049713,179452000,-0.005047229198918091,0.3639738768339157,0.36421975046396254,0.36619282516329893,0.3645702700044151,58.79907319903095,0.0021990185407607665,0.0017403934843597975,0.000458625056400969,0.008642103814772376,0.13718914498974188
2013-10-23,NVDA,0.3685870392352189,0.3685870392352189,0.361796035232108,0.3629668951034546,252216000,-0.01712112392395282,0.3646295577287674,0.36396216303110124,0.36560629242514536,0.36441756763289507,49.46047185699215,0.0018120005527847427,0.0017547148980447866,5.7285654739956064e-05,0.009467708068385577,0.15029520620824766
2013-10-24,NVDA,0.3639036605806957,0.3662453807148355,0.359688558756143,0.3603910803794861,236436000,-0.007096555522603021,0.3646295577287674,0.3636343225836754,0.36465807205320727,0.3640340926563799,46.23854599222097,0.0012826536548483647,0.0016603026494055022,-0.00037764899455713756,0.009562558359546822,0.15180090790141598
2013-10-25,NVDA,0.3622644207305939,0.3624985759679839,0.3557075995201239,0.3568784594535827,330492000,-0.009746692182849404,0.3645827233791351,0.3632362335920334,0.3632435970350937,0.36335260377992307,42.20130634946771,0.000573096966879183,0.0014428615129002385,-0.0008697645460210555,0.009710948217039536,0.1541565238614762
2013-10-28,NVDA,0.3564102634711615,0.3580494904937692,0.3512584828850811,0.3561761081218719,394024000,-0.001968040695945028,0.3639270484447479,0.3628264456987381,0.3619585990508715,0.3626691280029658,41.422508813961066,-4.538256117481154e-05,0.0011452126980852286,-0.00119059525926004,0.009712991341465159,0.15418895745624278
2013-10-29,NVDA,0.3557075365847758,0.3573467346184942,0.3524291126018411,0.3566442131996155,387952000,0.0013142517621744787,0.3635055363178253,0.3624517619609833,0.36099234707791583,0.36209532659312293,42.18826115143609,-0.000492087398192842,0.0008177526788296145,-0.0013098400770224566,0.009727601189335333,0.15442088160118458
2013-10-30,NVDA,0.3578151292137221,0.3594543275053024,0.353365844804573,0.3564100861549377,204032000,-0.0006564722937106859,0.36261567473411555,0.36207708716392517,0.36015920872828344,0.36155387512281956,41.893279611418215,-0.0008551387880451622,0.0004831743854546592,-0.0013383131734998213,0.009727576917627778,0.15442049629977206
2013-10-31,NVDA,0.3568783858991088,0.3594542604725155,0.3550050048085876,0.3557075262069702,293368000,-0.0019712123064387077,0.36158531010150907,0.3618546187877655,0.35934981190622645,0.36099707998797675,40.967600990221186,-0.0011858802569919003,0.0001493634569653473,-0.0013352437139572476,0.009483697387224191,0.15054902877592943
2013-11-01,NVDA,0.3575809581906413,0.3589860012970692,0.3547708998932884,0.3573468029499054,206136000,0.004608496087826319,0.36029736101627347,0.3614682346582413,0.3589856284596226,0.36064943455577947,44.07282089327309,-0.0013007253684739761,-0.00014065430812251742,-0.0011600710603514588,0.00897105372487568,0.14241106292532427
2013-11-04,NVDA,0.3585175988345611,0.3585175988345611,0.3463406351961638,0.3470431566238403,410264000,-0.02883374425350471,0.35788538753986354,0.3605666682124138,0.3568142699440258,0.35935359856226146,32.500601159145674,-0.002197823947714672,-0.0005520882360409483,-0.0016457357116737238,0.01090504820482643,0.17311227351085254
2013-11-05,NVDA,0.3449357337432499,0.3482141309303646,0.3411889701732554,0.3465749323368072,422368000,-0.0013491817317135002,0.35561392605304715,0.35979390144348145,0.3549525721972588,0.3581365827312658,32.088275953634835,-0.002912983758362131,-0.001024267340505185,-0.001888716417856946,0.010818820747109012,0.17174345505501878
2013-11-06,NVDA,0.3465749887892603,0.3491508926526504,0.3430624078385531,0.3489167094230652,198044000,0.006756914213236431,0.3542089074850082,0.3594192326068878,0.35385514260195083,0.35725849955905625,36.4320103844484,-0.003253289326679454,-0.0014700717377400389,-0.001783217588939415,0.010508990861425876,0.1668250580974999
2013-11-07,NVDA,0.3477457539075019,0.348682430738395,0.3400180723483688,0.3407205939292907,553076000,-0.023490177662533807,0.35224185883998865,0.358435708284378,0.35146704284328534,0.35568346092765,29.35502675910122,-0.00413665715518724,-0.0020033888212294794,-0.0021332683339577605,0.01122813740031695,0.1782411554862116
2013-11-08,NVDA,0.3512582268583433,0.3655427256273523,0.3498531841246554,0.3643718659877777,734532000,0.06941544620398066,0.3529911994934082,0.35878696143627165,0.3538133743241021,0.3565109280762336,55.94780546962633,-0.00289490190328201,-0.002181691437639986,-0.0007132104656420242,0.019556102162261807,0.3104434976107035
2013-11-11,NVDA,0.3629670067993729,0.3683529694480909,0.3622645129927874,0.3674162924289703,297624000,0.008355273075047798,0.35411521792411804,0.35902113318443296,0.3562866321613508,0.35754953420506563,58.13252116583202,-0.001646166170403196,-0.002074586384192628,0.000428420213789432,0.019361143860802114,0.30734863052056405
2013-11-12,NVDA,0.369055320346244,0.3711628845370058,0.3639035432946544,0.3681186437606811,316032000,0.0019115955012980468,0.35526266098022463,0.35938409864902493,0.35843790699759265,0.3585561160675052,58.642109373301516,-0.0005930242088328375,-0.00177827394912067,0.0011852497402878325,0.01931069933581247,0.3065478485117998
2013-11-13,NVDA,0.3671820561235318,0.3781881630420685,0.3664795624185238,0.3781881630420685,332792000,0.027354005161264627,0.3574404686689377,0.3600280717015266,0.36202886264204276,0.3604258348269874,65.18472492656268,0.0010421116206429937,-0.0012141968351679373,0.002256308455810931,0.02004594766491665,0.3182195538959124
2013-11-14,NVDA,0.377017262312275,0.3821690404478305,0.3767830791588622,0.3798273205757141,307980000,0.004334238069379381,0.3598524481058121,0.3607188791036605,0.36526494590271025,0.3622735953744852,66.12418728563921,0.0024420840353591156,-0.0004829406610625268,0.002925024696421642,0.020053214773568372,0.31833491566937006
2013-11-15,NVDA,0.3812322898559178,0.3817006281565669,0.3749096250929138,0.3786563873291015,450332000,-0.003082804167003572,0.3619834065437317,0.36114038378000257,0.3676997534347814,0.3638338612749249,64.77943334833522,0.0034176907219697905,0.0002971856155439367,0.003120505106425854,0.019955615234253075,0.3167855710147536
2013-11-18,NVDA,0.3704604684238848,0.3737388653205627,0.3685870868048525,0.3695237636566162,316948000,-0.024118498929605714,0.3642314672470093,0.3610584273934364,0.36803139165693316,0.3643757567398479,55.32841112901669,0.00341457850858079,0.0009206641941513074,0.0024939143144294827,0.02074400839332587,0.32930092442026077
2013-11-19,NVDA,0.3677578951647022,0.3710540462317278,0.3630490918879905,0.3635199666023254,206716000,-0.01624739095229044,0.36592597067356103,0.3607699483633041,0.3672111325560954,0.3642942529172267,50.148582129564666,0.002894292211610916,0.0013153897976432292,0.0015789024139676868,0.02103594856420338,0.33393533095937034
2013-11-20,NVDA,0.3637555288955718,0.3646973067507204,0.3573986476567599,0.3581049740314483,204776000,-0.01489599765726446,0.3668447971343994,0.36052685230970377,0.3655554673697959,0.36370479778524784,45.96850629251624,0.0020217118911045606,0.0014566542163354955,0.0005650576747690652,0.02094957606004595,0.3325642099626836
2013-11-21,NVDA,0.3585757429448694,0.3616364709527611,0.3569276672688303,0.3609301447868347,213568000,0.007889225116259668,0.3688657522201538,0.3605538055300712,0.3647144996274393,0.3634405451187323,48.38578299392109,0.0015403966359682775,0.0014734027002620519,6.699393570622561e-05,0.02096809172768341,0.3328581370742459
2013-11-22,NVDA,0.3614010775466156,0.3614010775466156,0.3566922731069237,0.3573985993862152,158668000,-0.009784567600207628,0.3681684255599975,0.36057981252670285,0.3633843359472167,0.36286512171563545,45.63723400414453,0.0008640246903167115,0.0013515270982729839,-0.0004875024079562724,0.020969046558369422,0.33287329454148207
2013-11-25,NVDA,0.3573986500027875,0.3656390589392961,0.3573986500027875,0.3651681840419769,248208000,0.02173927001702003,0.36794361472129816,0.3610294163227081,0.3637086719644458,0.36308446098481084,52.08585881266499,0.000944053142014345,0.0012700323070212562,-0.00032597916500691124,0.02149883857123546,0.34128348201727327
2013-11-26,NVDA,0.3691706023894812,0.3722313308214964,0.3668162002212676,0.3682288527488708,753176000,0.008381531690455413,0.36795463562011715,0.36160864830017087,0.3645305230161594,0.36357440305757843,54.38152899077404,0.0012401509637859354,0.0012640560383741922,-2.3905074588256858e-05,0.021554283711071442,0.3421636463257525
2013-11-27,NVDA,0.3679933492895846,0.3708186539454349,0.3656389474541653,0.3696414530277252,181272000,0.0038362020474744796,0.36709996461868283,0.3622702166438102,0.36545978301826226,0.36415221734044956,55.442621058478124,0.0015706897242986906,0.001325382775559092,0.00024530694873959864,0.02155057270114838,0.3421047358695366
2013-11-29,NVDA,0.3696415897389492,0.3705833395947477,0.3649327562598738,0.3672871589660644,116964000,-0.006369128901471566,0.36584594845771784,0.36284919828176493,0.3657920331905899,0.36445078320955576,53.22074713034278,0.0016239523069691009,0.0013850966818410937,0.00023885562512800714,0.021615998977666657,0.3431433458107945
2013-12-02,NVDA,0.3658743603984729,0.3734084398663886,0.3651680343087694,0.3708186149597168,373872000,0.009614972664967913,0.36506217122077944,0.36352278888225553,0.3667059571486129,0.36505724337623774,56.06497453668209,0.0019288872608971275,0.0014938547976523005,0.00043503246324482696,0.021678881444100486,0.34414157401885614
2013-12-03,NVDA,0.3708185981853422,0.3757628244562478,0.3682287453291443,0.3705831468105316,290560000,-0.0006349954929063539,0.36516810953617096,0.36469978839159006,0.36741090072350724,0.3655835198937895,55.82126430692172,0.0021270310076476617,0.001620490039651373,0.0005065409679962888,0.020445013266662024,0.324554523930024
2013-12-04,NVDA,0.3696415105681497,0.3764692657270381,0.3686997328473695,0.375762939453125,493176000,0.01397741016334364,0.3663924068212509,0.366159188747406,0.36892945321980136,0.36655298842325,59.94597232596797,0.0026712349971588223,0.0018306390311528628,0.0008405959660059594,0.020541457141862764,0.32608552298556304
2013-12-05,NVDA,0.3764692071237678,0.3764692071237678,0.3691705502072943,0.3696414530277252,271812000,-0.01629082004284088,0.3675460547208786,0.367195425927639,0.36905890773033295,0.3668471279093905,53.579383013147336,0.002578840516292036,0.0019802793281806976,0.0005985611881113382,0.0210338399811206,0.3339018582406358
2013-12-06,NVDA,0.3741149156674552,0.3741149156674552,0.363284652802485,0.3642264306545257,281000000,-0.014649391535622391,0.3678756833076477,0.36837071776390073,0.3681802755347316,0.3665975376946415,48.65653885621714,0.0020450955853714703,0.001993242579618852,5.185300575261814e-05,0.02053266262488405,0.3259459143566034
2013-12-09,NVDA,0.3642264318564921,0.3654036331254089,0.3573986476567599,0.3581049740314483,385220000,-0.01680673369056973,0.36794632077217104,0.3680573731660843,0.3663484025341346,0.3657887221076707,43.76156447372065,0.0011152920987879122,0.0018176524834526643,-0.0007023603846647521,0.013978104885469035,0.22189553596156836
2013-12-10,NVDA,0.358104850526574,0.3679933321617503,0.3576339757947432,0.3663452565670013,524268000,0.023010801673001513,0.3680640280246735,0.3680038213729858,0.36634783054011033,0.3658417253895117,50.919534759686094,0.0010314481779613027,0.001660411622354392,-0.0006289634443930893,0.014839500144211185,0.23556976177253955
2013-12-11,NVDA,0.3670516104037877,0.3675224851711609,0.3621073551796573,0.3628136813640594,414156000,-0.009640018915588189,0.36752251088619226,0.36773857325315473,0.3657052579626465,0.36555334024423053,48.094258419520756,0.0006722830024013526,0.0014627858983637843,-0.0007905028959624316,0.014983584483784477,0.23785702975451903
2013-12-12,NVDA,0.3616364457458537,0.3635199727014765,0.3550441154345147,0.3557504415512085,258724000,-0.01946795332054585,0.3661334097385406,0.36661668717861173,0.363895291342385,0.3646197308448951,42.960177080981374,-0.00018022488947444515,0.0011341837407961384,-0.0013144086302705835,0.014009047655909691,0.22238673721433638
2013-12-13,NVDA,0.3564567711212678,0.3590465961519928,0.3531605919003239,0.3536314666271209,184588000,-0.005956352196916592,0.3647678405046463,0.3653068944811821,0.36202914139415515,0.3635732294908213,41.52793510327695,-0.0010151253697661677,0.0007043219186836772,-0.001719447288449845,0.013915700198880892,0.22090489227342544
2013-12-16,NVDA,0.3538670689020236,0.3571632214616646,0.3536316174048946,0.3541024923324585,237620000,0.0013319677398342389,0.36309622824192045,0.36407919973134995,0.36058793247384663,0.3626712545233582,41.990901982755915,-0.001620106597263915,0.0002394362154941588,-0.0018595428127580738,0.01395719779934431,0.22156364625841818
2013-12-17,NVDA,0.3538669145955856,0.3566921909956789,0.3508061868010338,0.3557504415512085,274104000,0.004653876361883302,0.3616129577159881,0.36339053362607954,0.3597083886697306,0.36201212947839156,43.671311119437796,-0.0019441716486822136,-0.0001972853573411157,-0.001746886291341098,0.01315310669459468,0.20879909569077792
2013-12-18,NVDA,0.3564568348764554,0.3614010624921632,0.3519834540050774,0.3606947362422943,426232000,0.013898210974881087,0.36010613739490505,0.363249272108078,0.3598877245920149,0.3618866634559061,48.492301578974825,-0.001781496295961138,-0.0005141275450651202,-0.0012673687508960177,0.01313948993594936,0.2085829363485481
2013-12-19,NVDA,0.3602239280712387,0.362578330628565,0.3578695255139124,0.3621074557304382,258544000,0.003916662335751164,0.35935273766517634,0.3634493961930275,0.3602913120717282,0.3619076912915758,49.81397957658333,-0.0015210465727413247,-0.0007155113506003612,-0.0008055352221409635,0.012706452346032761,0.20170867772097553
2013-12-20,NVDA,0.3628138007771352,0.3696415853846751,0.3618720228657364,0.369406133890152,382080000,0.02015611124325245,0.359870707988739,0.36387319564819337,0.3619485524023507,0.3626218286819164,56.08375109429438,-0.0007174259213213463,-0.0007158942647445582,-1.5316565767880923e-06,0.013354699542624103,0.21199928294262846
2013-12-23,NVDA,0.3715250492095947,0.3745857780094649,0.3684643484764156,0.3715250492095947,168568000,0.005736004697942665,0.3612127155065536,0.36457951813936235,0.3636897336400314,0.3634697544464572,57.734602500811235,8.939747403524656e-05,-0.0005548359169885973,0.0006442333910238439,0.01312903347638708,0.2084169451989721
2013-12-24,NVDA,0.3736439439523847,0.3736439439523847,0.3686996886937794,0.3724667429924011,79600000,0.002534671039839287,0.36182486414909365,0.36494444608688353,0.3652855535222804,0.36432661049845183,58.48157464367537,0.0007956261627689032,-0.00028474350103709724,0.0010803696638060005,0.01228629015089922,0.19503880964916948
2013-12-26,NVDA,0.3738794536206917,0.3750566547640809,0.3679934198370568,0.3689351975917816,168920000,-0.009481505307687432,0.3624370157718658,0.3649797633290291,0.36594912517128064,0.36476552355495945,54.58542257907456,0.0010581535517527052,-1.616409047913674e-05,0.001074317642231842,0.012375120818301747,0.19644895277762736
2013-12-27,NVDA,0.3708187788953324,0.3717605287201556,0.3686997996894403,0.3710542023181915,210976000,0.005743568898390894,0.36396739184856414,0.3650504007935524,0.3668773210161735,0.3653644453419339,56.459808406655306,0.0014208160876587606,0.0002712319451484427,0.0011495841425103177,0.012412167511199196,0.19703705079545153
2013-12-30,NVDA,0.3712894852729265,0.3762337397756975,0.3708186105742532,0.3759982883930206,248180000,0.013324430888911998,0.3662040740251541,0.3654859572649002,0.36853567872105475,0.36637719229918025,60.5509033473782,0.0020831617945497594,0.0006336179150287061,0.0014495438795210534,0.012637383947278022,0.20061225088162463
2013-12-31,NVDA,0.3767048137957695,0.379059216601574,0.3743504109899649,0.3771756887435913,235776000,0.003131398165674648,0.3685113936662674,0.36580381095409387,0.3701065896342432,0.3674056205319813,61.47915941981114,0.0026722775553270073,0.0010413498430883663,0.001630927712238641,0.012493813598885312,0.19833314225668455
2014-01-02,NVDA,0.374821148773057,0.3762338011662618,0.3701123448846212,0.3734084963798523,260092000,-0.009987898149766528,0.37027719914913176,0.3659450784325599,0.370706936315263,0.3679773229936833,56.86832533242757,0.002802865412329103,0.0013936529569365138,0.0014092124553925893,0.012728096293718261,0.2020522647387687
2014-01-03,NVDA,0.3741148770093561,0.3748212033087273,0.3677579964483924,0.3689351975917816,259332000,-0.01197963846950123,0.3711012452840805,0.3656036913394928,0.37038480200190277,0.36806854914588316,51.8916025408416,0.0025163920019595776,0.0016182007659411265,0.0008981912360184511,0.012599602974671296,0.2000124965347794
2014-01-06,NVDA,0.3727022035340856,0.3767047096507638,0.3691706003017372,0.3738794326782226,409492000,0.013401364572191543,0.3722784429788589,0.3658155903220176,0.3710201893975973,0.36862196662515356,56.430131860722454,0.002657682106121606,0.0018260970339772226,0.0008315850721443835,0.012431548084401084,0.1973447078572
2014-01-07,NVDA,0.3776465758268056,0.3814136316638226,0.3750567494972157,0.3800009787082672,333288000,0.016373048354636488,0.37333792746067046,0.3666043177247047,0.37265306018135547,0.36970568206164056,61.29835394802764,0.003226420963846177,0.0021061618199510134,0.0011202591438951638,0.012358147218986301,0.19617950524177338
2014-01-08,NVDA,0.3814133900743708,0.3870639702507861,0.3800007380135974,0.3851804435253143,308192000,0.013630135466107474,0.37470346689224243,0.367958091199398,0.37493076624389343,0.3711794688677047,64.87449892220549,0.0040484224364849,0.0024946139432577906,0.0015538084932271092,0.01175440083047255,0.18659532844800877
2014-01-09,NVDA,0.3792944438361166,0.3800007699258202,0.3696414141657712,0.3708186149597168,292172000,-0.037285975461663345,0.374538654088974,0.3681817591190338,0.3741831023740431,0.3711451018288487,50.8449669425329,0.0035006318820489657,0.002695817531016026,0.0008048143510329397,0.014053083520658266,0.2230857848956908
2014-01-10,NVDA,0.3719960215565907,0.374585847896057,0.3670517642599879,0.3703479170799255,218492000,-0.001269348033788531,0.3746799260377884,0.3685584709048271,0.3734857959569308,0.3710691794718084,50.45981507449572,0.0029940094585952925,0.0027554559165318794,0.0002385535420634131,0.013852087110399935,0.21989506579992926
2014-01-13,NVDA,0.3703477712815811,0.3727021732451414,0.3609301634273403,0.3616364896297455,243332000,-0.023522280127472595,0.3737381547689438,0.36885277330875393,0.37133137662471527,0.3701708280582786,43.84078801628899,0.0018680346070591436,0.0025779716546373323,-0.0007099370475781887,0.014194668060575595,0.22533336978836732
2014-01-14,NVDA,0.3635200700571734,0.3736440055966292,0.3618719659879422,0.3729376792907715,241828000,0.0312501364909179,0.3734320938587189,0.36981808394193644,0.3716234316549073,0.37043433769946843,52.53857552318849,0.0018660918375664193,0.00243559569122315,-0.0005695038536567307,0.015613577144944425,0.24785785320986906
2014-01-15,NVDA,0.3745856698116766,0.378352723872138,0.3729375941852309,0.3769400715827942,175044000,0.0107320673513982,0.37340853214263914,0.3709599629044532,0.3725900934599776,0.3710539314026423,55.18575878977629,0.002162582878067476,0.002380993128592015,-0.0002184102505245391,0.015708956334608563,0.24937195090648206
2014-01-16,NVDA,0.3769401515886546,0.3788236790186655,0.3752920756124034,0.3781173527240753,220652000,0.0031232581251912084,0.37387941777706146,0.3720783084630966,0.37359504968981355,0.3717266381951597,55.96379241622972,0.0024641457743107553,0.002397623657735763,6.652211657499213e-05,0.015705473479218586,0.2493166622911964
2014-01-17,NVDA,0.3781172405741768,0.3825906204019806,0.3741147635142223,0.3764691650867462,340400000,-0.0043589314942967805,0.37463281452655794,0.37286702990531917,0.3741176161256195,0.37217830742292984,54.536282930843676,0.0025408522117023047,0.002426269368529072,0.00011458284317323285,0.015579245256716313,0.24731285138012396
2014-01-21,NVDA,0.3769401069380987,0.3802362865668401,0.3738794068019122,0.3778818845748901,246076000,0.0037525503259168147,0.37503305971622464,0.37365575134754175,0.3748020285709414,0.37272150524692604,55.58211912555604,0.002684689838778953,0.002477953462579048,0.0002067363761999049,0.015578369054198985,0.24729894209637007
2014-01-22,NVDA,0.3785881789759058,0.3790590537213947,0.3729375978299901,0.3774109780788421,337940000,-0.0012461737788190819,0.37477405965328214,0.3740559935569763,0.37527638302692334,0.3731681217071085,55.126894565785115,0.0027292231897807495,0.0025282074080193884,0.00020101578176136108,0.015008286076088317,0.23824915537585864
2014-01-23,NVDA,0.3762337397756975,0.3802362168144413,0.3731730121343002,0.3759982883930206,185028000,-0.003743107031524695,0.37385584414005274,0.37427965551614756,0.37540763854803194,0.3734376613914811,53.70584599456859,0.002620318538964106,0.002546629634208332,7.368890475577391e-05,0.015006511448982535,0.238220984043908
2014-01-24,NVDA,0.3729375870126796,0.3743502392748545,0.3663452565670013,0.3663452565670013,246696000,-0.02567307385167994,0.3734085083007812,0.37397358119487756,0.37375993273329905,0.3727621942653402,45.142679722880224,0.0017350907775425806,0.002384321862875182,-0.0006492310853326013,0.016110547354753604,0.2557470107148451
2014-01-27,NVDA,0.3663453049373956,0.3715249838047978,0.3618719242276543,0.3639909029006958,233812000,-0.0064265979266879825,0.3727728068828583,0.3737263664603233,0.37198374549100754,0.3719268331829931,43.328103794722445,0.0008339514608541321,0.002074247782470972,-0.00124029632161684,0.016037265344208948,0.2545836948619893
2014-01-28,NVDA,0.3632845786040751,0.3677579593375539,0.3618719261478847,0.3675225079059601,167996000,0.009702454036956354,0.37336140871047974,0.37354978173971176,0.37117261138463525,0.37150737363279945,46.78365966646729,0.000400150384542608,0.0017394283028852994,-0.0013392779183426914,0.016143136359591675,0.2562643451285048
2014-01-29,NVDA,0.3661098535070511,0.3682288321800926,0.3637554514703513,0.3639909029006958,162944000,-0.009609221011758873,0.37246673107147216,0.3729494124650955,0.3698668462057372,0.37079151927736104,43.900900964266945,-0.00022600584813903257,0.001346341472680433,-0.0015723473208194656,0.015933572858561024,0.2529376276828861
2014-01-30,NVDA,0.3661098241269114,0.3708186558891156,0.3649326232030313,0.3701123297214508,202896000,0.01681752695458183,0.37178395688533783,0.3725962445139885,0.36991147957223053,0.3707268345577505,49.68788036379719,-0.00022568957923230215,0.001031935262297886,-0.0012576248415301881,0.016429147009614977,0.26080462344217037
2014-01-31,NVDA,0.3649326212902027,0.3717604034529291,0.3646971979466711,0.3696414530277252,335348000,-0.00127225346445492,0.3709363669157028,0.37240789234638216,0.3698623838368659,0.3706234648882243,49.266872449520086,-0.0002604326423606418,0.0007734616813661805,-0.0010338943237268223,0.016288043124954455,0.25856466871514905
2014-02-03,NVDA,0.3722313290323393,0.3727022038503813,0.3632845952227933,0.3646972477436065,431728000,-0.01337567863025324,0.36975917518138884,0.37219599485397337,0.36892326818354604,0.37005906325540355,44.959293464819424,-0.0006790946359395145,0.0004829504179050415,-0.001162045053844556,0.0163432662221435,0.25944130820588285
2014-02-04,NVDA,0.364461761133335,0.3675224892553006,0.3625782339762265,0.3668161630630493,280692000,0.005810066658173518,0.36865260303020475,0.3718428313732147,0.36854015816163754,0.3697502156180365,47.094221098574444,-0.0008303369172671937,0.00022029295087059447,-0.0010506298681377882,0.01609084626008047,0.25543426553248
2014-02-05,NVDA,0.3642262927071685,0.3654034935263464,0.3606946621829533,0.3635199666023254,214676000,-0.008985962977202222,0.3672635018825531,0.3710187807679176,0.3676273960599444,0.36915685856892116,44.22073384401493,-0.0012023135001626994,-6.422833933606432e-05,-0.001138085160826635,0.015657239853527467,0.24855097722073835
2014-02-06,NVDA,0.3639909232327488,0.3691706023894812,0.3635200484124437,0.3682288527488708,168380000,0.01295358323934015,0.36648655831813814,0.37017120122909547,0.36773675182156734,0.3690684770622497,49.00745500251994,-0.0011044089252120748,-0.00027226445651126643,-0.0008321444687008084,0.015622163258003932,0.2479941535291739
2014-02-07,NVDA,0.3691705837947386,0.3741148393256251,0.3658744321519384,0.3736439645290375,157248000,0.014705832364146021,0.3672164291143417,0.3703124687075615,0.3688107904956528,0.3695042377733724,53.906168720784834,-0.0005831424760470161,-0.0003344400604184164,-0.0002487024156285997,0.013668005518243665,0.21697286111718744
2014-02-10,NVDA,0.3731731398253665,0.3797654720625752,0.3729376883621237,0.3748212158679962,324372000,0.003150730242471811,0.36829946041107176,0.370536133646965,0.3699035951088061,0.37001061663952706,54.92009142779165,-7.418555036209362e-05,-0.00028238915840715184,0.00020820360804505822,0.013674164630203763,0.21707063398844798
2014-02-11,NVDA,0.3769402466115908,0.3835325802451472,0.375056746773457,0.3825908303260803,235384000,0.020728854528929253,0.3698062926530838,0.3715838506817818,0.37221036514831046,0.3712087322287226,61.015089130935564,0.000945213599470307,-3.6868606831660076e-05,0.000982082206301967,0.01311919551986635,0.2082607724807946
2014-02-12,NVDA,0.3837678885052529,0.3990715294777619,0.3837678885052529,0.3962462246417999,744528000,0.03569190172195502,0.3730318248271942,0.3727492779493332,0.376580521419854,0.3735932553156823,68.95872795322293,0.0028224356867813105,0.0005349922518909341,0.0022874434348903764,0.013651158865745845,0.21670542879958848
2014-02-13,NVDA,0.406134810019797,0.4110790663240436,0.3990716027661253,0.4087246358394623,902836000,0.03149155858568142,0.3768930554389954,0.3743385061621666,0.3824249058597827,0.37693910107985185,74.1435272974051,0.005256458036633049,0.0014792854088393572,0.003777172627793692,0.014984239107611978,0.23786742158561822
2014-02-14,NVDA,0.4049576248718456,0.4226156437063584,0.4047221733940421,0.4216738939285278,817536000,0.03168210808352567,0.38209629952907564,0.3765163332223892,0.38956108550864543,0.3811995575416305,78.21080563669591,0.008136542197762775,0.002810736766624041,0.0053258054311387335,0.01619214501440225,0.25704233340481636
2014-02-18,NVDA,0.421909298880699,0.4233219233916692,0.4179067925995617,0.4214383959770202,428988000,-0.0005584835933606369,0.38777041435241694,0.37876479476690295,0.39535696013925903,0.38503182786881046,77.97059491214335,0.010281508103396453,0.004304891033978523,0.00597661706941793,0.016091232562880857,0.25544039789932355
2014-02-19,NVDA,0.4214383936930484,0.4308560307152545,0.4195548662886072,0.427088975906372,450340000,0.01340784319438204,0.3937976956367492,0.381225149333477,0.4011264175514614,0.3890372705390544,79.59035832835539,0.012295627276209864,0.005903038282424791,0.006392588993785073,0.016171845282339517,0.256720085148501
2014-02-20,NVDA,0.4280307949328505,0.4430989885433238,0.4273244966000898,0.4421572387218475,398088000,0.035281319972021,0.4016614228487015,0.3844624623656273,0.4085865668551679,0.39409631512789184,83.14862847985503,0.014935546427925439,0.007709539911524921,0.007226006516400518,0.017302319422395518,0.27466580577756766
2014-02-21,NVDA,0.4414507763633044,0.4471013577519619,0.4360356463908476,0.4388609230518341,451052000,-0.007455075663902022,0.4087246298789978,0.387605594098568,0.4140909952545618,0.3983596111206482,79.86822065843258,0.016570699539747935,0.009481771837169525,0.0070889277025784105,0.017455153460208577,0.2770919709130828
2014-02-24,NVDA,0.4379192197538518,0.4485140294011148,0.4339167417226676,0.445217877626419,403112000,0.014485123283200396,0.41588202118873596,0.39154922515153884,0.41975042841308124,0.40282230316881684,81.3928283586894,0.0181700700117724,0.0112194314720901,0.006950638539682299,0.015600730395188646,0.24765391737981343
2014-02-25,NVDA,0.4446265630409908,0.4465185948079279,0.4384774668467985,0.4432075321674347,242184000,-0.004515419438460233,0.4227206528186798,0.3955100566148758,0.4240153563684182,0.40666851545439947,79.34634075218258,0.019055702282165743,0.01278668563410523,0.006269016648060514,0.015500923154388436,0.24606952655060804
2014-02-26,NVDA,0.4422616626758163,0.4488837617442791,0.4410791459919272,0.4424981772899627,360884000,-0.001600502757710398,0.428711387515068,0.39925884008407586,0.42737586926324445,0.4100808642006436,78.59541373046996,0.019475828004844653,0.014124514108253114,0.005351313896591539,0.015717143969717576,0.24950192558442721
2014-02-27,NVDA,0.4424979909055279,0.4469915411342107,0.4363488954619949,0.4375314116477966,388848000,-0.011224375369373485,0.43283990621566765,0.40293586552143096,0.4292223315149812,0.4126952020527534,73.36029325508002,0.01918683035167279,0.01513697735693705,0.00404985299473574,0.015823969653510857,0.25119773074213586
2014-02-28,NVDA,0.4351665162853105,0.4394235815331858,0.4283079033322284,0.4346935153007507,321692000,-0.0064861545285583855,0.4354367941617965,0.40616492480039595,0.4302170922033029,0.4147902795049436,70.47192121896096,0.01851536945780885,0.015812655777111412,0.0027027136806974383,0.016101550584990933,0.25560419142247554
2014-03-03,NVDA,0.4249968441251874,0.4325649440288543,0.4212127800766453,0.4325649440288543,375948000,-0.00489671733525554,0.43652589917182916,0.4093110993504524,0.4306439743534031,0.416483104697697,68.29978159175403,0.01760849418927063,0.016171823459543256,0.0014366707297273733,0.016233577083485225,0.25770004711139477
2014-03-04,NVDA,0.4346934754964938,0.4398965422370513,0.433983959987914,0.4370585083961487,260344000,0.010388184316190596,0.43808791041374207,0.41292916238307953,0.4318102532702659,0.4184426669546924,70.37568614462678,0.01705577375245909,0.016348613518126425,0.0007071602343326662,0.015435619673014406,0.24503286592183351
2014-03-05,NVDA,0.4365854447481851,0.4410790238183491,0.4346934411327622,0.4408425092697143,241472000,0.008657881727212269,0.43946326375007627,0.41663047969341277,0.43345248163380196,0.4205759852704088,72.03635792551911,0.016730220502677973,0.016424934915036736,0.00030528558764123664,0.01541579843176023,0.24471821347162254
2014-03-06,NVDA,0.4415521000604142,0.4439171331766317,0.4339839997272017,0.4346935153007507,290144000,-0.013948278216521892,0.4387168914079666,0.42018915712833405,0.4336781241187017,0.42192051193996516,65.60085451610811,0.0157939815943261,0.01629874425089461,-0.0005047626565685102,0.015762401080542762,0.2502203599462316
2014-03-07,NVDA,0.4365855559572602,0.4372950715904817,0.4309094872783296,0.4342205226421356,268452000,-0.0010881060838642265,0.43825285136699677,0.4234887406229973,0.4337767420320533,0.42309194153064805,65.11893657641451,0.014842741079752642,0.016007543616666217,-0.0011648025369135756,0.015893754231906036,0.25230552658082267
2014-03-10,NVDA,0.4328014790070771,0.4346935111205403,0.4259428661199506,0.4278348982334137,300888000,-0.0147059479590389,0.43651455342769624,0.4261982873082161,0.43269640679593696,0.4235436516928162,58.8349841095468,0.013418924586103276,0.01548981981055363,-0.002070895224450354,0.016623044211028715,0.26388264609128326
2014-03-11,NVDA,0.4299633454184966,0.4358759553648259,0.4285443427138451,0.4320918917655945,297220000,0.009950084833561856,0.4354029893875122,0.429061821103096,0.43258649497223833,0.4243577697949856,61.50212899244062,0.012490065853348498,0.014889869019112604,-0.0023998031657641063,0.016611331040210932,0.263696705268996
2014-03-12,NVDA,0.4299633257669452,0.4358759354430376,0.4283078085904773,0.4332743883132934,239428000,0.0027366784015943058,0.43448061048984526,0.43159599900245665,0.4327115664887938,0.42520697155863396,62.23410967929822,0.01171432080609669,0.014254759376509421,-0.0025404385704127317,0.01632854927501642,0.2592076839129448
2014-03-13,NVDA,0.4342205651452528,0.4358761111826278,0.4174288156868613,0.4195573627948761,385172000,-0.03165898074847373,0.4326832056045532,0.43276155591011045,0.43031989308989965,0.42466891358113323,50.289210787718574,0.009878811160129952,0.013379569733233529,-0.0035007585731035764,0.016897079843460432,0.268232826893991
2014-03-14,NVDA,0.4153001755126139,0.4252333078694616,0.4153001755126139,0.4214492440223694,460048000,0.004509231383500234,0.4313587784767151,0.43339778631925585,0.4287070478048941,0.42436227838506047,51.6671035646605,0.008479074057817837,0.012399470598150391,-0.003920396540332554,0.015523610045831037,0.2464296697872775
2014-03-17,NVDA,0.4226317604504088,0.4257063088019943,0.4209762430898367,0.4214492440223694,299656000,0.0,0.43024720847606657,0.4333865538239479,0.4273874471171623,0.42408484654099465,51.6671035646605,0.00728578631033322,0.011376733740586958,-0.004090947430253738,0.013820558057319566,0.2193945575987852
2014-03-18,NVDA,0.4231047439701516,0.4342203915568897,0.4212127122505464,0.4313823580741882,293904000,0.023568944998016317,0.4296795934438705,0.4338837519288063,0.42811379456389426,0.424779847639394,58.64677626314309,0.0070602305201660776,0.010513433096502782,-0.0034532025763367048,0.014782886757659543,0.23467105212238268
2014-03-19,NVDA,0.4346934426872701,0.4472281217480482,0.4335108981332812,0.4389504790306091,366168000,0.0175438814656379,0.42949039041996,0.43447682708501806,0.43008410083056964,0.42612943158141453,63.02761285030306,0.007406779301941446,0.009892102337590516,-0.00248532303564907,0.01498911068815805,0.23794475552931857
2014-03-20,NVDA,0.4365853541327473,0.4429709636863833,0.434693350910019,0.4391869008541107,191800000,0.0005386070520387864,0.42993972897529603,0.4343283101916312,0.43173915538030433,0.4273730000835761,63.15891272235044,0.007612743999487026,0.00943623066996982,-0.0018234866704827934,0.012704324232940618,0.20167489497295374
2014-03-21,NVDA,0.4429710655427432,0.446518614691191,0.4361124536063622,0.438477486371994,566116000,-0.0016152906216853058,0.43036542534828187,0.43430913835763924,0.4329643064697024,0.42843057020628256,62.442335303154536,0.007630765966232966,0.009075137729222449,-0.0014443717629894822,0.01259690923621766,0.19996973476250715
2014-03-24,NVDA,0.4387139775419931,0.4422615265013526,0.4299633342208425,0.43634894490242,306096000,-0.004854391697931337,0.4312168300151825,0.4338656917214393,0.43357969527565104,0.42918470112972423,60.23413776877971,0.00738812726492849,0.008737735636363658,-0.0013496083714351678,0.012163883768061087,0.1930956685619095
2014-03-25,NVDA,0.4410790101815661,0.4415520110707981,0.43303788229097,0.43634894490242,304424000,0.0,0.43164253532886504,0.43352276235818854,0.4340831952077908,0.4298670100604572,60.23413776877972,0.007113830535816101,0.008412954616254147,-0.0012991240804380456,0.012135803861517275,0.19264991386459232
2014-03-26,NVDA,0.4403695418319539,0.4486471569554388,0.422631766945356,0.4264158308506012,557756000,-0.022764152790698544,0.4309566795825958,0.4327186450362205,0.43268912896102907,0.4295383263261852,50.557639084766684,0.006025471230687585,0.007935457939140834,-0.0019099867084532499,0.013101839649708747,0.20798525658344974
2014-03-27,NVDA,0.4254698659337034,0.4290174155805333,0.4160097053487387,0.4207397997379303,540728000,-0.013311023423657864,0.4310749232769012,0.43187906444072716,0.43051652364773835,0.4287003714130181,46.009182160771594,0.004651312925878837,0.007278628936488435,-0.0026273160106095985,0.013189127913967353,0.2093709148210663
2014-03-28,NVDA,0.4200302691227375,0.4259428516556419,0.4188477526161566,0.423341304063797,398820000,0.006183166716072774,0.431264129281044,0.4313114538788795,0.4292119382688399,0.4281899840464256,48.30476152640991,0.003729214166899808,0.00656874598257071,-0.0028395318156709017,0.013259897738021728,0.21049435094972033
2014-03-31,NVDA,0.4240508460900778,0.4278349104248333,0.4212128119357207,0.4235778450965881,273404000,0.0005587478247939259,0.4314769893884659,0.4308620989322661,0.42818755769206684,0.4277507327178697,48.51909263917466,0.0029831433222596293,0.005851625450508494,-0.002868482128248865,0.013236771460571594,0.21012723267641792
2014-04-01,NVDA,0.4370585296188676,0.4462821470980363,0.4318554344322417,0.4410790801048279,656272000,0.04131763549684475,0.43244666159152984,0.4310631275177001,0.4305314708580234,0.42902009913567524,61.302894889510576,0.003760728862617524,0.0054334461329303,-0.0016727172703127763,0.016124774118426236,0.25597285358667954
2014-04-02,NVDA,0.441079068651186,0.4420250705550524,0.4363490027450205,0.43824103474617,239948000,-0.006434323201144343,0.4323757171630859,0.4309330537915229,0.4319332097467773,0.4298982834795319,58.75492975152048,0.004100694213345579,0.005166895749013356,-0.0010662015356677768,0.016079975281760226,0.25526169410162
2014-04-03,NVDA,0.4391869871633695,0.4536136978289696,0.4389504726173446,0.4429710507392883,599548000,0.010793183700512854,0.4327541321516037,0.43134693056344975,0.4339400899272338,0.43114330893284203,61.61822120189833,0.0046976404880012534,0.005073044696810936,-0.0003754042088096824,0.015915354777652102,0.2526484246141869
2014-04-04,NVDA,0.4453361048919896,0.4479376522500103,0.4273618443300999,0.429253876209259,368032000,-0.030966300184033013,0.4318317711353302,0.43109859824180596,0.4330880510694202,0.43096336295916743,50.63912812058722,0.004017551532837393,0.004861946064016228,-0.0008443945311788345,0.017455671773609658,0.27710019888324555
2014-04-07,NVDA,0.4294903378528694,0.4389504685107487,0.4271253051883996,0.4306728541851043,428576000,0.0033056847112862275,0.43126416206359863,0.43124049603939046,0.4326489243631809,0.4309356954568757,51.5998543600169,0.0035521290670888495,0.004599982664630752,-0.0010478535975419027,0.017142221235011766,0.27212432584254986
2014-04-08,NVDA,0.4306728663806321,0.4472281236941356,0.4299633509225169,0.4460456073284149,470692000,0.035694734399729144,0.4322338283061981,0.4319381818175315,0.43508468490231433,0.4323747346827366,60.55662714209628,0.004373318222825273,0.004554649776269656,-0.00018133155344438306,0.01877992520261928,0.29812207035914945
2014-04-09,NVDA,0.4481741921408538,0.4519582563511147,0.4420250948475345,0.4455726444721222,421968000,-0.00106034640521524,0.4341495096683502,0.4325530946254729,0.4369915866422794,0.43363167847220185,60.1875884550135,0.0049291324249905455,0.004629546306013834,0.0002995861189767114,0.018788693847993587,0.2982612682891215
2014-04-10,NVDA,0.4436806467810611,0.4498297159671756,0.4332744841536527,0.4346935153007507,372748000,-0.02441606168228805,0.4355448812246322,0.43330990225076665,0.43657375548927413,0.4337328057892065,52.29337805242975,0.004440576183101896,0.004591752281431447,-0.0001511760983295505,0.018174316019426776,0.28850832261660353
2014-04-11,NVDA,0.4313824061189598,0.4380045037784009,0.4228682765291904,0.4285443723201751,353112000,-0.014145927565358707,0.43606518805027,0.43366465866565695,0.435113867640347,0.43323866926834637,48.42708124745346,0.003516669417552354,0.004376735708655629,-0.0008600662911032748,0.0185105612792244,0.2938460506382964
2014-04-14,NVDA,0.4313823566001534,0.4349299054897614,0.4285443231271494,0.4332743883132934,290184000,0.0110374007888836,0.4370348423719405,0.4342559158802032,0.43477941685360993,0.43324207108215085,51.40344933183842,0.003130058048922635,0.00412740017670903,-0.0009973421277863952,0.018643334766601623,0.2959537644081139
2014-04-15,NVDA,0.4337473977215245,0.4387139775419931,0.4294903333316104,0.43634894490242,304636000,0.007096095850704698,0.43656182885169975,0.43450424522161485,0.4350647855897572,0.4335379638269384,53.290463040725434,0.003036751000280724,0.003909270341423369,-0.0008725193411426449,0.017971058085479313,0.28528170294524885
2014-04-16,NVDA,0.4384774763778356,0.438950477281498,0.4318553791463201,0.4372949600219726,235136000,0.0021680243085362427,0.43646722137928007,0.434421469271183,0.43547027185015996,0.43389577298837023,53.8838296661076,0.003004505931818724,0.00372831745950244,-0.0007238115276837162,0.01753734117163632,0.27839666038466293
2014-04-17,NVDA,0.4356394444983646,0.4429710572112953,0.4346934426872701,0.4389504790306091,153532000,0.0037858177202712007,0.4360651642084122,0.43440964818000793,0.4361030367920598,0.43437717356382155,54.962072858227216,0.0030770675121249424,0.003598067470026941,-0.0005209999579019985,0.017558035275432038,0.27872516909815587
2014-04-21,NVDA,0.4391871136590205,0.4436806939738518,0.4363490792563712,0.4424981772899627,117004000,0.008082228927482893,0.43738959431648256,0.43461068272590636,0.4372657896098603,0.4351506024901207,57.267840385641584,0.0033818587252235632,0.0035548257210662655,-0.00017296699584270223,0.01764133559973827,0.2800475207516278
2014-04-22,NVDA,0.443207599794975,0.4491202105413685,0.4408425667737846,0.446282148361206,255120000,0.008551382277816044,0.4389505237340927,0.4351073428988457,0.4389051275646504,0.4362107497159384,59.641187805515834,0.003883970801280612,0.003620654737109135,0.0002633160641714767,0.017677687342546513,0.28062458677879415
2014-04-23,NVDA,0.4469916667351555,0.4526677629379856,0.4462821511856245,0.4514852464199066,261580000,0.011658763582202303,0.4394944876432419,0.43586415797472,0.44119242190196967,0.4376654636877449,62.708220913566706,0.004648163631349511,0.0038261565159572104,0.0008220071153923008,0.017825086649987172,0.28296447824426096
2014-04-24,NVDA,0.4545597566666335,0.4602358241973091,0.4545597566666335,0.455505758523941,391492000,0.008905079702859364,0.44048779904842367,0.437318654358387,0.44379484674232805,0.4393645393864302,64.92624567557579,0.005514644294188575,0.004163854071603483,0.001350790222585092,0.01690575190544615,0.2683704916102011
2014-04-25,NVDA,0.4545597278196561,0.4588167922942113,0.4420250207486019,0.4429710507392883,313600000,-0.027518220242201186,0.44131555259227745,0.4384302169084549,0.44364506565086625,0.439708016658131,54.11888488186282,0.005130746251834517,0.0043572325076496905,0.0007735137441848266,0.01791502240273923,0.284392164058793
2014-04-28,NVDA,0.4465186616768529,0.4488836946913492,0.4356394985328028,0.4410790801048279,226788000,-0.00427109318160368,0.4425690233707427,0.4393171057105064,0.4431785228243138,0.439838594129245,52.693151257265455,0.004620574957191814,0.0044099009975581156,0.00021067395963369866,0.0179614140719892,0.2851286089772365
2014-04-29,NVDA,0.442734580938427,0.4436806110247244,0.4370585131943081,0.4420250654220581,171300000,0.0021447068335351815,0.4434440910816192,0.44023946672677994,0.4429688032966309,0.44004682949046525,53.35483561559314,0.0042436751937358075,0.0043766558367936545,-0.00013298064305784698,0.01795725406592769,0.2850625709282888
2014-04-30,NVDA,0.4413155465165018,0.4417885474290922,0.4358759655381768,0.4368219673633575,305740000,-0.011771047539425261,0.4434913933277129,0.4400266110897064,0.4418511967633084,0.439739699764074,49.27262986324769,0.0034849604320008054,0.004198316755835085,-0.0007133563238342798,0.015660968990726533,0.24861017543853975
2014-05-01,NVDA,0.4434439644920653,0.4443899661034295,0.4356393525213831,0.4391869008541107,198104000,0.005413952748365425,0.4436805874109268,0.44007390439510347,0.44136677932527246,0.4396870522488394,51.10383706651571,0.003039466803898161,0.0039665467654477005,-0.0009270799615495396,0.015643503646524694,0.24833292169461849
2014-05-02,NVDA,0.4413155934047109,0.4413155934047109,0.4332744642626761,0.4358760118484497,156376000,-0.007538678861373493,0.4433731406927109,0.43971915245056153,0.4403684579658501,0.43932409602023087,48.46603038458457,0.002391679034375871,0.0036515732192333346,-0.0012598941848574637,0.01552829060540377,0.24650397136703395
2014-05-05,NVDA,0.4354029921615064,0.4439171224515549,0.4349299911883744,0.4406060874462127,239260000,0.010851883263095496,0.44318393170833587,0.4402867630124092,0.440411663325916,0.4394461904417529,52.25746097293973,0.0022342253705047166,0.003368103649487611,-0.0011338782789828946,0.013975042126010155,0.22184691616244553
2014-05-06,NVDA,0.4448630937638096,0.4486471292418938,0.4304363827338128,0.4316188991069793,416188000,-0.020397331301807098,0.4417176067829132,0.44033406525850294,0.43881297892247295,0.43870073412415544,45.419969533256385,0.0013684762749345825,0.0029681781745770058,-0.0015997018996424233,0.014786327054198528,0.2347256651368535
2014-05-07,NVDA,0.431618890864044,0.4356394408173438,0.427361826363262,0.4320918917655945,293900000,0.001095857154526314,0.439778271317482,0.43963637948036194,0.4375909630757678,0.43807132056619724,45.82174989442318,0.0007123192608596285,0.0025170063918335305,-0.001804687130973902,0.012217513420874225,0.1939470129073633
2014-05-08,NVDA,0.4304363145329861,0.4443899942480829,0.4283077684824971,0.4375314116477966,432728000,0.012588803413957628,0.43798083662986753,0.4392343178391457,0.43758013554340935,0.4380199006692067,50.34842010310518,0.000624040345724608,0.002138413182611746,-0.001514372836887138,0.01261894607255317,0.20031955869426551
2014-05-09,NVDA,0.4242873339147688,0.4283078843958985,0.4188477523492792,0.4268888533115387,539532000,-0.02432410120264672,0.4363726168870926,0.43884408473968506,0.4356362660467056,0.4369598009208574,42.81163917123622,-0.0003012146299455898,0.001650487620100279,-0.0019517022500458688,0.012609914610292289,0.20017618867556017
2014-05-12,NVDA,0.4278347954005621,0.440369473421869,0.427598280870695,0.4394234716892242,299856000,0.029362721187142116,0.4362070560455322,0.4393880397081375,0.43632484889079987,0.43719443623213045,51.93718778901089,-2.2784274430864837e-05,0.0013158332411940504,-0.0013386175156249152,0.013880630551686127,0.2203481788831607
2014-05-13,NVDA,0.4335108895308504,0.4406060157469214,0.4309093705052573,0.4323283731937408,221104000,-0.016146380320123832,0.4352373868227005,0.43934073895215986,0.43559821694588,0.4367310016570457,47.33305475231874,-0.00037037194682193464,0.0009785922035908535,-0.0013489641504127881,0.014208752884102328,0.2255569594302391
2014-05-14,NVDA,0.4325648389424305,0.4342203559889482,0.4278347741275738,0.4280712604522705,214320000,-0.009846942753309662,0.4343623161315918,0.4389268547296524,0.43422967940158735,0.4359062643994481,44.76865968751393,-0.0009780764450595947,0.0005872584738607639,-0.0015653349189203585,0.014267548324055503,0.2264903081042835
2014-05-15,NVDA,0.4271253580130629,0.4294903909700279,0.4214492620002971,0.4257063269615173,325896000,-0.005524625708940634,0.43301425874233235,0.43834742307662966,0.43267997895793825,0.4349348417863118,43.363163035840934,-0.0016317076957040877,0.00014346523994779358,-0.0017751729356518813,0.014285294625385308,0.22677202190434279
2014-05-16,NVDA,0.4223952493221897,0.4278348302110134,0.4223952493221897,0.4247602820396423,283960000,-0.002222294718115636,0.43190268576145163,0.4376379132270813,0.4312400340637026,0.4339658360961528,42.78450794895911,-0.0022006849633876002,-0.0003253648007192852,-0.001875320162668315,0.014237027304840482,0.2260058019446645
2014-05-19,NVDA,0.4292538698633956,0.4408425191376258,0.4273618380122073,0.438477486371994,360076000,0.032293990074786505,0.43168982565402975,0.43743687868118286,0.4325559344833919,0.43439551707480434,52.65072542290655,-0.0015271359247937544,-0.0005657190255341791,-0.0009614168992595753,0.016016869639370646,0.25425992308509315
2014-05-20,NVDA,0.4385962798349263,0.4397842426517732,0.4312309273644362,0.4333692491054535,256200000,-0.011649941958951193,0.43186486065387725,0.43679123371839523,0.43270380986922125,0.4342977772681995,49.24514893640769,-0.0013895180163910892,-0.0007304788237055611,-0.0006590391926855281,0.016063902934848856,0.25500655350414414
2014-05-21,NVDA,0.4350323913843856,0.4388338837276027,0.4307557195790832,0.4333692491054535,216712000,0.0,0.43199259638786314,0.4358854338526726,0.43282479882126346,0.43420934601460465,49.24514893640769,-0.0012658627546352497,-0.0008375556098914989,-0.0004283071447437508,0.015776150117318994,0.25043861913869114
2014-05-22,NVDA,0.4324188766163557,0.4376459071818572,0.4324188766163557,0.4352699816226959,130364000,0.004385942290935141,0.4317664533853531,0.43487364500761033,0.43326937751243294,0.43431035892966097,50.623395168362805,-0.0010029306791817238,-0.0008706306237495439,-0.00013230005543217991,0.015644644825843174,0.24835103735468667
2014-05-23,NVDA,0.4376458886150535,0.4414473806777428,0.4350323592815465,0.4393090307712555,182656000,0.009279411213936495,0.4330084711313248,0.4346905440092087,0.4343674962867643,0.43478642291457475,53.51228056865433,-0.00046329700503328075,-0.0007891639000062913,0.0003258668949730106,0.014635919712874626,0.23233802261384479
2014-05-27,NVDA,0.441922603504193,0.4471496343612671,0.4404970367598689,0.4471496343612671,209680000,0.017847581180488348,0.43378108739852905,0.43499407172203064,0.4366915213912193,0.4359638716237835,58.57856192974696,0.0005902339036028548,-0.0005132843392844621,0.001103518242887317,0.015147875902896136,0.24046507517958704
2014-05-28,NVDA,0.4488128073934726,0.4538022343786328,0.4445361354610007,0.4509511291980743,224676000,0.00850161678480954,0.4356433629989624,0.43544037491083143,0.439284177356102,0.4373912294880017,60.80869306700183,0.0017121766947456596,-6.819213247843777e-05,0.0017803688272240974,0.015244136707033054,0.24199316807208332
2014-05-29,NVDA,0.4507134966972668,0.4545149889122913,0.4492879583590827,0.4502383172512054,171884000,-0.0015806855792477315,0.4378600686788559,0.43611119240522384,0.4412758391552117,0.43861476165592583,60.15468972417969,0.0025148172254378376,0.0004484097391048173,0.0020664074863330204,0.014958567658341871,0.23745989996223835
2014-05-30,NVDA,0.4502382751558615,0.4526142004872964,0.4478623498244267,0.451426237821579,239128000,0.0026384261953227295,0.44043205976486205,0.4367231592535973,0.4431213661854603,0.4398349022431309,60.90923547751867,0.0032097706528140812,0.0010006819218466702,0.0022090887309674113,0.014934367920613935,0.2370757410353117
2014-06-02,NVDA,0.4528517781002912,0.4557028826680966,0.4461991818932372,0.4500006735324859,181500000,-0.0031579119015596735,0.44295609891414645,0.4374293923377991,0.4443721493394649,0.44080307093735516,59.45419538418531,0.003603951022679075,0.0015213357420131512,0.002082615280665924,0.014826858595124129,0.23536908340211377
2014-06-03,NVDA,0.4509511056515758,0.4514262851029791,0.4421601583459111,0.4481000006198883,243212000,-0.004223711261757468,0.44391835033893584,0.43780408799648285,0.44504994048136004,0.4414980166214059,57.482531158223246,0.0037200904986603445,0.00196108669334259,0.0017590038053177546,0.014719916129620723,0.23367142439222907
2014-06-04,NVDA,0.4469120860317576,0.4519015132945321,0.4466744821187955,0.4485752284526825,161236000,0.0010605396834115766,0.44543894827365876,0.438651904463768,0.4456909019306914,0.44217203679581324,57.85883285484745,0.003806598684467921,0.002330189091567656,0.001476409592900265,0.013837962840833763,0.21967084997159408
2014-06-05,NVDA,0.4492879683643608,0.4519014695375323,0.4466744388679219,0.4504759311676025,188696000,0.004237199458107188,0.44714961647987367,0.43957110643386843,0.4465609072464934,0.4429628838788408,59.40631024646906,0.00398261871972988,0.002660675017200101,0.001321943702529779,0.013844760450370634,0.21977875867765978
2014-06-06,NVDA,0.4526142292002264,0.4561781174234645,0.4509510870273685,0.4521390497684479,161052000,0.0036919144526428305,0.44883652329444884,0.44030148833990096,0.4475751149777578,0.44383680443975576,60.763986849077256,0.00420781061614528,0.002970102136989137,0.0012377084791561428,0.013633904937185772,0.21643153117493552
2014-06-09,NVDA,0.4516638888963106,0.4568909195071943,0.4485751799779308,0.4526142477989197,247456000,0.0010509997548655559,0.45016704499721527,0.44158775806427003,0.44849132094524174,0.4446727514263428,61.1636665769213,0.00437419829108221,0.0032509213678077516,0.001123276923274458,0.012185358462373544,0.19343656876570087
2014-06-10,NVDA,0.4509510809437841,0.4571284984433663,0.4490503349190461,0.4549901485443115,217608000,0.0052492840359001924,0.4509510964155197,0.44236609190702436,0.4496729259632544,0.4456553606756732,63.183026265466204,0.004644241135282445,0.0035295853213026906,0.0011146558139797547,0.010518566004333485,0.1669770587789085
2014-06-11,NVDA,0.4533271522806746,0.4621181019337259,0.4533271522806746,0.4609301388263702,266228000,0.013055206362298177,0.4519489973783493,0.44379618018865585,0.45171969193836636,0.44711010145193003,67.70431357073332,0.00527673271793655,0.0038790148006294625,0.0013977179173070872,0.00990606511139379,0.15725390853576793
2014-06-12,NVDA,0.4609299541377017,0.4659193801954321,0.4568908585324863,0.4637810587882995,337148000,0.006185145473863729,0.45330327153205874,0.4455816701054573,0.45391266772926325,0.4486978116744414,69.63190731215289,0.0059395646646377975,0.004291124773431129,0.0016484398912066682,0.009427195538036986,0.14965208972654168
2014-06-13,NVDA,0.4685329582048906,0.4687705620852606,0.4597420111569269,0.4642562866210937,227852000,0.0010246814176408936,0.4545862764120101,0.44750916808843605,0.455793325709596,0.4501795711931702,69.95383737034516,0.0064291000093743556,0.004718719820619775,0.0017103801887545806,0.009187592847689021,0.1458485149338053
2014-06-16,NVDA,0.4621179970902365,0.4659194611773486,0.4587916841503366,0.4628307521343231,198620000,-0.0030705765928249473,0.4558692842721938,0.4494126915931701,0.4570728577868191,0.4513844455685181,67.63755008179592,0.006625655149361531,0.0051001068863681265,0.0015255482629934047,0.009221587710366196,0.1463881666487909
2014-06-17,NVDA,0.4633059339216862,0.4678201811227586,0.4609300083793815,0.4659194350242615,157608000,0.006673460818441779,0.4576512277126311,0.45078478902578345,0.45868132637544495,0.4527687302785889,69.95858434920407,0.006950535957957804,0.005470192700686063,0.0014803432572717415,0.006517037525356237,0.1034547634618104
2014-06-18,NVDA,0.4647315727216405,0.4675827066473952,0.4604549001562814,0.4654443562030792,215536000,-0.0010196587338270335,0.4593381404876708,0.4523885443806647,0.4599109681622875,0.45397593274758796,69.13723260435789,0.0070879657914024174,0.005793747318829334,0.0012942184725730837,0.00562689204887539,0.08932414209318591
2014-06-19,NVDA,0.4568910057355926,0.4592669317637874,0.4514263702060903,0.4547526836395263,474592000,-0.02297089312838929,0.4597658157348632,0.4534577161073684,0.4589730982490582,0.4540499090230107,53.82230008035757,0.006261967242263244,0.005887391303516116,0.00037457593874712803,0.00816878693980922,0.12967547253484532
2014-06-20,NVDA,0.455940476310774,0.4576036182444933,0.4461991719052924,0.4497630596160888,353148000,-0.0109721705950232,0.4595282167196273,0.45418237000703804,0.45729854577033646,0.45364163765092286,48.43055447866913,0.005145423246141978,0.005738997692041289,-0.0005935744458993109,0.008682249291175842,0.13782643467070857
2014-06-23,NVDA,0.443823425612403,0.4447737847222772,0.4385963655382758,0.4445362091064453,414200000,-0.01162134238882373,0.45872041285037984,0.45444372892379753,0.45497812092235623,0.45277445398002025,43.513061783978344,0.0037950440262333185,0.005350206958879695,-0.0015551629326463765,0.008971800510668686,0.14242291778226984
2014-06-24,NVDA,0.4438233904699207,0.4473872793346654,0.4357452253825369,0.4376459717750549,275780000,-0.015499833737369517,0.4569859951734542,0.4539685457944869,0.4518268210773923,0.45133364615097593,38.03103434730895,0.0021441576819064,0.004708997103485036,-0.002564839421578636,0.008698129959716375,0.13807853246837876
2014-06-25,NVDA,0.438833845280676,0.4423977334189787,0.4347947777219191,0.4421601295471191,215420000,0.010314633432486842,0.4551089942455291,0.4535289958119392,0.4500692407991608,0.4504599779029896,43.08973953901893,0.001186397118374427,0.004004477106462914,-0.002818079988088487,0.00881148579859771,0.13987800062440148
2014-06-26,NVDA,0.4421602525038773,0.4423978564418102,0.4347948986305058,0.4362204372882843,256908000,-0.013433351091421297,0.4523529320955276,0.45282810181379307,0.4475512765244559,0.4491038311777796,38.622148173270986,-5.132688929559981e-05,0.0031933163073112115,-0.0032446431966068113,0.00924432132666835,0.14674905161961085
2014-06-27,NVDA,0.4357452479117241,0.4393091369607312,0.4331317179464765,0.4366956353187561,302820000,0.0010893529735236385,0.4495968669652939,0.45209157168865194,0.44557752357796504,0.44792209823882495,39.16557906610868,-0.0009825612189219846,0.0023581408020645726,-0.003340702020986557,0.009213914519158617,0.14626635851460587
2014-06-30,NVDA,0.4350323765109563,0.4416849737225051,0.4350323765109563,0.4404970109462738,180512000,0.008704862884061138,0.44736349284648896,0.45161638855934133,0.44465379400856664,0.4472149470681058,43.47689166302813,-0.0013977198462754026,0.0016069686723965777,-0.0030046885186719805,0.00948726250186034,0.15060562321626553
2014-07-01,NVDA,0.4400218807139216,0.4481000454897431,0.4385963138936972,0.4454865157604217,321180000,0.011326989037744983,0.445320200920105,0.451485714316368,0.44480519796344936,0.44705033456261206,48.62355249678537,-0.0013090349697539305,0.0010237679439664762,-0.0023328029137204068,0.009841810591768392,0.1562338996585236
2014-07-02,NVDA,0.4438234269618988,0.4457241735106996,0.4412098969168884,0.4438234269618988,179284000,-0.0037331967179390357,0.4431581079959869,0.4512481242418288,0.44462669414498557,0.4467430100292108,47.08461420967469,-0.0013573027915095293,0.0005475537968712752,-0.0019048565883808045,0.009866653763928345,0.15662827279040278
2014-07-03,NVDA,0.4397843399765538,0.4490504689925252,0.4397843399765538,0.4478625059127807,136892000,0.009100643872115066,0.4424690902233124,0.45111745297908773,0.44521502355731196,0.4468496286847889,51.13007312733191,-0.001057445894620812,0.0002265538585728578,-0.0012839997531936698,0.010047459563408051,0.15949847587653188
2014-07-07,NVDA,0.4485751774674207,0.4488127813533767,0.4435857224484799,0.444298505783081,127496000,-0.00795779973238886,0.4419226348400116,0.4507254257798194,0.4450483839619972,0.44660666459891196,47.66713352547343,-0.0010947723145886545,-3.7711376059444664e-05,-0.00105706093852921,0.010144569165130651,0.16104004301297906
2014-07-08,NVDA,0.4431105504692135,0.4450112966191011,0.4364579531062407,0.4407346248626709,221940000,-0.008021365982603834,0.44154247641563416,0.45013144463300697,0.44426406412575603,0.44604742271926995,44.42684187329581,-0.0013958388160253965,-0.00030933686405263506,-0.0010865019519727614,0.01025845754404602,0.1628479649799612
2014-07-09,NVDA,0.444536197354392,0.4559406479877519,0.4412098839112228,0.4540399014949798,387668000,0.030188861690761737,0.44318186938762655,0.4500839322805404,0.4460414891019785,0.4468086111740995,56.35524985183095,-0.0005544205451602502,-0.00035835360027415813,-0.00019606694488609206,0.012388410582210805,0.19665992123934412
2014-07-10,NVDA,0.4454864344094318,0.453564597710087,0.4419225463329481,0.4516638517379761,266308000,-0.005233129839867123,0.44413224160671233,0.4496206179261207,0.44706373685397804,0.4472710150373258,54.12115914356659,-7.841395407071072e-05,-0.00030236567103346867,0.00022395171696275795,0.012041686171922802,0.19115584186075862
2014-07-11,NVDA,0.4521390683476151,0.4540398144761002,0.4504759261064158,0.4526142477989197,191188000,0.002104211035013126,0.44577162265777587,0.4490622773766518,0.4480729206621492,0.4477798943479538,54.89145754602523,0.00037123435952568506,-0.00016764566492163792,0.000538880024447323,0.011948701424671613,0.18967975475906557
2014-07-14,NVDA,0.4545150125426268,0.459504467793841,0.4528518702333114,0.4583165049552917,272636000,0.012598492389716665,0.4479337096214294,0.44876528829336165,0.44993539053362963,0.4487833810724622,59.306165963460074,0.0011741732460764376,0.00010071811727797719,0.0010734551287984605,0.012333647822887792,0.19579058938568586
2014-07-15,NVDA,0.4590292746693206,0.4614052002757476,0.4559405657163121,0.4602172374725342,395440000,0.0041472050355853,0.4499057322740555,0.4486346125602722,0.45180481724979404,0.44987231977723097,60.6872974295257,0.0019415009135976824,0.00046887467654191823,0.0014726262370557642,0.012362242568843737,0.19624451690530087
2014-07-16,NVDA,0.4621179634658007,0.4656818517199925,0.4571285085806256,0.45974200963974,319728000,-0.0010326163257249332,0.4513312816619873,0.44832574129104613,0.4532479431388751,0.45081229024032704,60.13773250534157,0.0024826482799671923,0.0008716293972269731,0.0016110188827402191,0.012256019913185817,0.19455828452247065
2014-07-17,NVDA,0.454515021007727,0.4633059688353329,0.454515021007727,0.4585540890693664,324832000,-0.0025838851909670835,0.45280434787273405,0.4479812279343605,0.45421269694441896,0.45154960441452124,58.70660479472584,0.002783568954215887,0.0012540173086247558,0.0015295516455911312,0.0122638542541129,0.1946826508291456
2014-07-18,NVDA,0.4490505018734058,0.4526143913735984,0.4374084458454778,0.4381212294101715,567816000,-0.044559322763129905,0.45183022022247316,0.44714965522289274,0.45128697557455577,0.45027071155696413,40.74537429299954,0.0013576397210081081,0.0012747417911014264,8.289792990668178e-05,0.014979104824229556,0.23778591736367571
2014-07-21,NVDA,0.4364579531062407,0.4438233338158298,0.4364579531062407,0.4407346248626709,243364000,0.0059650052932100905,0.45147383213043213,0.44669823348522186,0.44936836635421307,0.4493625128241743,43.14147662113171,0.0004334630106200832,0.0011064860350051577,-0.0006730230243850745,0.014909111949815193,0.2366748149281938
2014-07-22,NVDA,0.4440609231775497,0.4464368488579019,0.4378835334025949,0.4388338923454284,298816000,-0.004312646227499717,0.45128375887870786,0.446413117647171,0.4474530074435249,0.4483597870642937,41.8170229542525,-0.00044717219702083977,0.0007957543885999583,-0.001242926585620798,0.014721051841293473,0.23368945325611207
2014-07-23,NVDA,0.4390715155331882,0.4393090911177002,0.429092604578675,0.4295677840709686,297352000,-0.02111529769256293,0.4488365471363068,0.4460092082619667,0.4442011486485146,0.44657007249350084,36.01262025745879,-0.0018712093052773993,0.00026236164982448677,-0.002133570955101886,0.015070767201720167,0.2392410124962022
2014-07-24,NVDA,0.4319437085953245,0.4331316714842269,0.4271918570397151,0.4302805662155151,254576000,0.0016593007459533293,0.44669821858406067,0.4454152300953865,0.4416701336606965,0.4450186909432165,36.7400273784765,-0.0029087234577051535,-0.0003718553716814413,-0.0025368680860237123,0.014856890886601063,0.23584583124941
2014-07-25,NVDA,0.4288550265659028,0.4298054139311455,0.4219648527034311,0.4226776361465454,266132000,-0.017669703597911424,0.44370455741882325,0.44473809003829956,0.4382169522944872,0.44289097143877165,32.49648557496765,-0.004294944369437226,-0.0011564731712325983,-0.0031384711982046275,0.015068354491099788,0.23920271190247966
2014-07-28,NVDA,0.4245783467707386,0.4245783467707386,0.4138866802816887,0.4210144579410553,330352000,-0.003934862086986457,0.4399743527173996,0.4439540311694145,0.43508922604840866,0.44080749396279867,31.635673082660887,-0.005464744833831248,-0.0020181275037523282,-0.0034466173300789194,0.015065378740158186,0.2391554733207488
2014-07-29,NVDA,0.4212520592941536,0.4281422613168851,0.4210144553776465,0.4224400222301483,217972000,0.003386022171458558,0.436196631193161,0.44305118173360825,0.4327893708087249,0.4390582109406415,33.2673832733534,-0.006205258646590273,-0.002855553732319917,-0.0033497049142703554,0.014917930736959403,0.23681480883408657
2014-07-30,NVDA,0.4250535364092752,0.4307557469633374,0.4238655735169064,0.4295677840709686,246184000,0.01687283748161761,0.4331792086362839,0.4422552451491356,0.4322036277654965,0.4381543607625774,40.86704283240926,-0.006146121701802232,-0.0035136673262163806,-0.0026324543755858513,0.015226719848840706,0.24171668401970114
2014-07-31,NVDA,0.4243407123475882,0.4276669967981783,0.4150745856810585,0.4157873690128326,401880000,-0.03207972191848385,0.4289025366306305,0.44085344225168227,0.4292188534468303,0.43602417107212554,33.03428505459637,-0.007129040434007028,-0.00423674194777451,-0.0028922984862325175,0.016675623955961078,0.26471732366582473
2014-08-01,NVDA,0.4157873999086758,0.4226776015301254,0.4143618331391983,0.4203016757965088,219884000,0.010857248488317817,0.4271205812692642,0.43947540074586866,0.4275975484194991,0.43452679056968585,37.27551704086803,-0.007457775190922611,-0.0048809485964041305,-0.0025768265945184804,0.01674786862977013,0.2658641723085111
2014-08-04,NVDA,0.4198264592076932,0.4233903477335556,0.4172129579493551,0.4193512797355652,241724000,-0.002261223582186611,0.42498224675655366,0.43822803944349287,0.426098226840602,0.43308150382357913,36.74783834945282,-0.007706157091476762,-0.005445990295418657,-0.002260166796058105,0.016708153148225133,0.26523370858430767
2014-08-05,NVDA,0.4181633862804072,0.425766372389109,0.4145994971631807,0.419588953256607,298136000,0.0005667647448022173,0.42305775284767144,0.4371707558631897,0.4249147225526029,0.431796499007677,36.988069610593186,-0.00779397913050045,-0.005915588062435016,-0.0018783910680654345,0.01667590792827319,0.2647218315865272
2014-08-06,NVDA,0.4167377712960983,0.4243407565289376,0.4136490904089357,0.4191137254238128,223456000,-0.0011326032992664548,0.4220123469829559,0.43542444705963135,0.42385999580191375,0.43058861580921376,36.68802609411039,-0.007811875208927066,-0.006294845491733426,-0.00151702971719364,0.014830711582681053,0.23543024768339524
2014-08-07,NVDA,0.4226777144459719,0.4264791796413361,0.4119860174652046,0.4148371517658233,407696000,-0.010203850168984507,0.42046800553798674,0.43358311206102373,0.4222194787044427,0.42908847637650993,34.01403756900736,-0.008078023309084692,-0.00665148105520368,-0.001426542253881012,0.014895948464213512,0.23646585107246085
2014-08-08,NVDA,0.4328940145717345,0.4538021631530138,0.4328940145717345,0.451426237821579,894348000,0.08820108300331375,0.4233428657054901,0.4335237115621567,0.42752979854392203,0.4312158822284213,60.52398208359785,-0.005275699163061476,-0.006376324676775239,0.0011006255137137634,0.025477062813812547,0.40443583405031686
2014-08-11,NVDA,0.4519014419653575,0.4538021879992263,0.4478623743454273,0.4490503370761871,344624000,-0.005263098478407335,0.4261464536190033,0.43306040316820144,0.4314426237316066,0.4329144017377323,58.87006699608596,-0.0032095546732106017,-0.005742970676062312,0.0025334160028517103,0.025331046506123674,0.402117897025289
2014-08-12,NVDA,0.4488127615239946,0.4514262625377067,0.4440608822776897,0.4490503370761871,296152000,0.0,0.42880748510360717,0.4325020581483841,0.43464402615789394,0.43445115748425184,58.87006699608597,-0.001554204378618529,-0.004905217416573556,0.003351013037955027,0.02530602846250398,0.4017207478950465
2014-08-13,NVDA,0.4497631057658651,0.4554653436821979,0.4469120009693311,0.4516638517379761,256596000,0.005820092862652837,0.4310170918703079,0.4320981502532959,0.43773853989972705,0.43609046169889226,60.25563329035178,-3.108027873988117e-05,-0.003930389989006821,0.00389930971026694,0.02535094672557059,0.40243380321544187
2014-08-14,NVDA,0.4533270336558158,0.4533270336558158,0.4447736901917513,0.4466744363307953,255992000,-0.011046745025048654,0.4341057986021042,0.43150416761636734,0.43936324834173945,0.43709845928288305,56.35268054313914,0.0007645887160764309,-0.002991394247990171,0.003755982964066602,0.025456398957760824,0.40410780550487385
2014-08-15,NVDA,0.448100051098556,0.454990224728254,0.4438233789076223,0.4523767232894897,369796000,0.012766092023389186,0.4373133033514023,0.43221694231033325,0.44172933469587583,0.438553532045417,59.57542031936898,0.0018341461336081055,-0.002026286171670516,0.0038604323052786214,0.023442824627849284,0.3721433039651371
2014-08-18,NVDA,0.4542774171062846,0.4590292968722512,0.4497631695650293,0.4585540890693664,284076000,0.013655357276027624,0.44123358428478243,0.433107915520668,0.44478838094560136,0.44045834700007885,62.78143984226846,0.0031439978348141717,-0.0009922293703735784,0.00413622720518775,0.023576497192396146,0.3742652901425565
2014-08-19,NVDA,0.4586734102173929,0.4646394997170048,0.4570028823986545,0.46225306391716,248260000,0.008066605305604435,0.44549999535083773,0.4342788740992546,0.44796377784952107,0.44253403432551514,64.59228491317046,0.004429480804132191,9.211266452757547e-05,0.0043373681396046155,0.023557953523755438,0.37397091852884784
2014-08-20,NVDA,0.4605825767642004,0.4627303862428304,0.4581961407536523,0.4593893587589264,221468000,-0.0061951026002216025,0.44952755868434907,0.4357699528336525,0.45004115619668567,0.44413930331917334,62.0742329059488,0.005157703450614781,0.0011052308217450167,0.004052472628869765,0.022988210698195108,0.3649265315626725
2014-08-21,NVDA,0.4581961137374334,0.4605825496072722,0.4543778334148272,0.4550937414169311,272796000,-0.009350711460971217,0.4535532176494598,0.4370106115937233,0.4509598080549121,0.4451825831380074,58.39671788437145,0.005326800682536104,0.001949544793903234,0.0033772558886328696,0.02316833523486965,0.36778591993704196
2014-08-22,NVDA,0.4546164917162175,0.4591507372550489,0.4517527741619122,0.4553324282169342,251224000,0.0005244783179394474,0.4539438366889953,0.43864335119724274,0.45175482990255245,0.44614923505028614,58.54368537672128,0.005417620529967193,0.0026431599411160258,0.0027744605888511673,0.022663540160328663,0.35977254655532737
2014-08-25,NVDA,0.4572415276776694,0.4603438998414982,0.4550937184341458,0.456048309803009,153380000,0.0015722174431505032,0.45464363396167745,0.44039504379034045,0.45253546261172634,0.447092004074355,59.01137157013325,0.00548414377878137,0.0032113567086490945,0.002272787070132275,0.022595894436315662,0.35869870397735554
2014-08-26,NVDA,0.4572416668522545,0.4651169129117815,0.4555711670089771,0.4641623497009277,269636000,0.01779206220811025,0.4561548352241515,0.4424811601638794,0.4546494420824902,0.44871775127688573,63.97248137670871,0.006121039606275636,0.003793293288174403,0.0023277463181012327,0.02279604147545074,0.3618759397245395
2014-08-27,NVDA,0.4612985405197962,0.4648781947471757,0.4581961678330213,0.4589121043682098,182972000,-0.011311226203721159,0.4568796604871749,0.44394837617874144,0.45542447158898464,0.44968864204748804,58.99660463935607,0.0061314536371010475,0.004260925357959732,0.0018705282791413157,0.022891670460503916,0.36339400280002077
2014-08-28,NVDA,0.4579574764824251,0.4636849110563302,0.4565256036146693,0.462730348110199,179704000,0.0083202070846351,0.4584852516651153,0.44629552513360976,0.45675281277465996,0.45093070929155576,61.351020539811614,0.006374327906913779,0.004683605867750542,0.0016907220391632373,0.021310119966546054,0.3382876670425976
2014-08-29,NVDA,0.4644009762793578,0.4651169129117815,0.4593894483009588,0.4641623497009277,207932000,0.003094678351175828,0.4596638143062591,0.4484885588288307,0.4581000013067086,0.4521908655210198,62.22703046128281,0.006606205847401736,0.005068125863680781,0.0015380799837209549,0.021279400765418174,0.33780001484264394
2014-09-02,NVDA,0.4653554856777191,0.4653554856777191,0.461059895091077,0.4653554856777191,192636000,0.0025705143417174003,0.4603439539670943,0.4507887691259384,0.4594191802832559,0.4534446388692769,62.97993394686054,0.006807771139694441,0.0054160549188835136,0.0013917162208109271,0.02121780295065539,0.3368221798476398
2014-09-03,NVDA,0.4677418593346368,0.4713215129378846,0.4646394871887771,0.4696510136127472,259456000,0.009230637796763697,0.46108374893665316,0.45329187214374544,0.46127951361589065,0.45498810313055976,65.6356270904968,0.007230774424601849,0.005778998820027181,0.0014517756045746679,0.021201888510244817,0.336569545938153
2014-09-04,NVDA,0.4689349826316866,0.4808671873513547,0.4686963277268434,0.478003442287445,491832000,0.017784330135790727,0.462945157289505,0.456236357986927,0.4643202279198096,0.45718004019312025,70.1235968821364,0.00814607587344135,0.006252414230710015,0.0018936616427313348,0.021295478925692547,0.3380552477243965
2014-09-05,NVDA,0.4775263017806407,0.4796741113400605,0.4734693660998199,0.4765717387199402,253792000,-0.0029951741783563746,0.4650929570198059,0.4593230873346329,0.4665477753380151,0.45902686862424597,68.47283353718365,0.008656149648503919,0.006733161314268796,0.0019229883342351227,0.021052125014626204,0.3341921241488577
2014-09-08,NVDA,0.4760943401724192,0.4770489029985019,0.470366877870257,0.4722760319709778,319288000,-0.00901376728821679,0.4667873173952103,0.4603655770421028,0.4675892765440083,0.46028869370488706,63.63259806387956,0.008614457057555924,0.0071094204629262225,0.0015050365946297018,0.009297417625406205,0.147591929231601
2014-09-09,NVDA,0.470128242987723,0.4732306147898913,0.4658326534499942,0.4663099348545074,198588000,-0.012632648520340406,0.4678134799003601,0.46122855693101883,0.467356668964099,0.46086214524294616,57.548165908942394,0.008007693496296375,0.007289075069600253,0.0007186184266961219,0.009748093852851608,0.1547461925493769
2014-09-10,NVDA,0.4689350655732886,0.4696510019658953,0.4636848843265445,0.4679804742336273,172376000,0.0035824657684833117,0.46819529235363005,0.46217506378889084,0.4674700881040132,0.46154008133729674,58.73788109725062,0.0075743155740280455,0.0073461231704858125,0.00022819240354223294,0.009743626228000625,0.1546752712035359
2014-09-11,NVDA,0.4646395051794016,0.4663100045692199,0.4581961056852238,0.4632076323032379,250720000,-0.010198805704886515,0.4686248451471329,0.46275225281715393,0.46669509614023585,0.46169889571500544,54.07506175855873,0.006767717953028551,0.0072304421269943605,-0.00046272417396580907,0.010075487422917466,0.15994340435279208
2014-09-12,NVDA,0.4660713654061817,0.4660713654061817,0.4558096853086423,0.4562869668006897,262536000,-0.014940741516144995,0.46798050701618193,0.46323287934064866,0.4648027089875911,0.46118347391364206,48.11114593101878,0.005506567378503413,0.0068856671772961715,-0.0013790997987927585,0.010360448078219306,0.16446701451699208
2014-09-15,NVDA,0.4577187709552934,0.4584347073100784,0.4481730287543081,0.4500821828842163,294152000,-0.013598424605416604,0.4665724903345108,0.463118152320385,0.46212624969606836,0.4601262081013158,43.48097290686486,0.00396076502189463,0.006300686746215863,-0.002339921724321233,0.010476735971087264,0.1663130275870901
2014-09-16,NVDA,0.4488890951143779,0.4591507766420913,0.447457221990115,0.4567643404006958,219936000,0.014846527524504216,0.4657133758068085,0.46302866488695144,0.4611513570969097,0.4598060302250663,49.15597673200568,0.0032375789885796258,0.005688065194688616,-0.00245048620610899,0.010562692998613859,0.16767755309673232
2014-09-17,NVDA,0.4555709149557117,0.4612983479491564,0.4534231062467566,0.4570027589797973,173584000,0.0005219728380994049,0.4644485503435135,0.46276614964008334,0.46039706653016194,0.45953905201123113,49.351386877869956,0.002653103903391296,0.005081072936429152,-0.0024279690330378557,0.010387350120080406,0.164894071192138
2014-09-18,NVDA,0.4598665496095599,0.4644007654757667,0.4584346769946769,0.4639234840869903,219604000,0.015143727190274792,0.46304055452346804,0.4629928559064864,0.46103823335867616,0.45995661697082724,54.78385202653189,0.00271702766111509,0.00460826388136634,-0.0018912362202512497,0.010858939170521312,0.1723803152830644
2014-09-19,NVDA,0.4653554823298451,0.465832763847469,0.4546164917162175,0.4553324282169342,601316000,-0.018518260369947526,0.4609166234731674,0.46300479024648655,0.4600008142419958,0.459516218041885,47.913667068127964,0.0020508207048985927,0.00409677524607279,-0.0020459545411741975,0.011474764136701223,0.18215623355300525
2014-09-22,NVDA,0.4646394253871839,0.4646394253871839,0.4503207844301543,0.4507980942726135,221464000,-0.00995829346501187,0.458768829703331,0.46277807354927053,0.4583275924293808,0.45868592054004964,44.72562582163393,0.001143779262676059,0.003506176049393444,-0.002362396786717385,0.01169118558080845,0.18559181746994036
2014-09-23,NVDA,0.4484117071809205,0.4539005152719815,0.4467412077919608,0.4488890171051025,196144000,-0.004234882959280095,0.4570267379283905,0.46242010891437524,0.4566114878249665,0.45775288211767373,43.41581918772163,0.0002678086804760449,0.0028585025756099644,-0.0025906938951339195,0.011710795754659662,0.18590311932900266
2014-09-24,NVDA,0.448650377666595,0.4529459679929493,0.4481730961744579,0.4515140950679779,159592000,0.005847944286551332,0.45538010001182555,0.46178769618272775,0.45568468914187765,0.4571587119224646,45.76768380603622,-0.0002121370798270905,0.0022443746445225533,-0.002456511724349644,0.010999719794453184,0.17461513840510584
2014-09-25,NVDA,0.4510369029717135,0.4522301211628332,0.4407752208383714,0.4417297840118408,298440000,-0.021670001364329505,0.45323231518268586,0.4609285801649093,0.4531474336636891,0.4556892902166909,39.22374704889902,-0.0013662602859123019,0.0015222476584355823,-0.002888507944347884,0.011715384116092948,0.1859759573086692
2014-09-26,NVDA,0.4431615742906938,0.4460252917237733,0.4412524198524539,0.4426842927932739,241188000,0.002160843157923642,0.4518720477819443,0.459926277399063,0.4512450444145227,0.45445071903350837,40.12318908571614,-0.0021787748005836494,0.000782043166631736,-0.002960817967215385,0.011513432066331951,0.18277006790610514
2014-09-29,NVDA,0.4391046342000598,0.4450707239754899,0.4348090438720381,0.4419683516025543,208540000,-0.0016172726305740959,0.4510606646537781,0.45881657749414434,0.4495583729941648,0.45326192213532224,39.649213532384785,-0.0028476430218726256,5.610592893086369e-05,-0.002903748950803489,0.011448513883885158,0.18173952370818197
2014-09-30,NVDA,0.4400592466331432,0.4434002743519437,0.4350477192792241,0.4402979016304016,277204000,-0.0037795692069256814,0.44941402077674864,0.45756369829177845,0.44787465092802603,0.45202725351580597,38.506249598034316,-0.0034724885716938547,-0.00064961297119408,-0.0028228756004997748,0.01139177737665501,0.18083885957784562
2014-10-01,NVDA,0.4410137811924894,0.4441161250646304,0.4348090365510884,0.436002254486084,350976000,-0.00975622897227324,0.4473139703273773,0.4558812603354453,0.44571603339312743,0.4505010631320229,35.65947729280593,-0.004265140115725097,-0.0013727184001002834,-0.0028924217156248134,0.011133235314038538,0.17673463157104838
2014-10-02,NVDA,0.435286365581581,0.4374341467197509,0.4240700930086242,0.4340931475162506,288996000,-0.0043786630692623785,0.4443309366703033,0.45368574559688557,0.44360278141551346,0.4489384045019494,34.44082068229113,-0.004989851253334843,-0.0020961449707471956,-0.002893706282587647,0.009924748362052071,0.1575504959453125
2014-10-03,NVDA,0.4367180644724863,0.4426841524198117,0.4350475370883941,0.4350475370883941,239140000,0.002198582441589325,0.44230244755744935,0.4516095355153083,0.4420472824469463,0.44761546474827746,35.625230954771226,-0.005424646836837188,-0.002761845343965194,-0.002662801492871994,0.01004061461027508,0.15938981561417748
2014-10-06,NVDA,0.4367181984668935,0.4402978523336024,0.4295588622849155,0.4324226081371307,199032000,-0.006033660065819624,0.44046489894390106,0.4496168643236159,0.44029734166334344,0.44616852602340634,33.815709598740085,-0.005912875351797797,-0.003392051345531715,-0.0025208240062660823,0.009992095605764747,0.1586196002954089
2014-10-07,NVDA,0.4305135444416132,0.4348091356765957,0.4274111714136499,0.4278884530067444,301896000,-0.01048547195513061,0.43836484253406527,0.4476957902312278,0.43804118008941634,0.44442756668848615,30.89641686677743,-0.006589706359939662,-0.004031582348413305,-0.0025581240115263573,0.009909623320906577,0.1573103933606689
2014-10-08,NVDA,0.4274109842891145,0.4379113169828796,0.4240699577030538,0.4357635080814361,260172000,0.01840445802954993,0.43678978383541106,0.44608494192361825,0.4376270579061472,0.44360241824971947,40.5035174930646,-0.006416681173922245,-0.004508602113515094,-0.0019080790604071515,0.01101794969388915,0.17490452908710555
2014-10-09,NVDA,0.4338544506478927,0.4343317605868049,0.4238314255562569,0.4274110794067383,306956000,-0.019167343111109902,0.4353579133749008,0.44429511427879326,0.435769607269891,0.44206038597895936,34.953147641476704,-0.006874286165492183,-0.004981738923910512,-0.001892547241581671,0.011477753195363835,0.18220368338825796
2014-10-10,NVDA,0.4240700724587498,0.4255019454471849,0.4018762118293751,0.4021148383617401,691376000,-0.05918480419391614,0.43130096793174744,0.4415865078568458,0.4296505583774999,0.4382560481106528,24.156462827198965,-0.009172402909878807,-0.005819871721104171,-0.0033525311887746363,0.01675706072142729,0.26601009223983124
2014-10-13,NVDA,0.4047399212370429,0.4128538205944431,0.4002057042789081,0.4006829857826233,397628000,-0.0035608051295752396,0.42717243134975436,0.43911654800176614,0.4243837269966132,0.43467766122226903,23.71002282415006,-0.010982614776779365,-0.006852420332239211,-0.004130194444540154,0.016672747384054543,0.2646716595024662
2014-10-14,NVDA,0.406171852185356,0.4212064066144903,0.4037854158775113,0.4099901616573334,376620000,0.02322827822731499,0.4241416573524475,0.436777839064598,0.42176671511674413,0.43232647078751324,32.44909329069128,-0.011533261157972097,-0.007788588497385789,-0.003744672660586308,0.017308576565985553,0.27476513485270876
2014-10-15,NVDA,0.404023962423166,0.4183426058830253,0.4013989000735631,0.4161947965621948,404428000,0.015133619011197696,0.4221609115600586,0.43473744094371797,0.42075363901591695,0.4307901208612924,37.58229736694248,-0.011338289456718498,-0.00849852868925233,-0.002839760767466167,0.017864130903658054,0.2835842865562966
2014-10-16,NVDA,0.4087968645395807,0.4212063252536295,0.4078422731316943,0.4164334535598755,351116000,0.0005734261928596052,0.4203949421644211,0.4323629394173622,0.4199681507511821,0.4294228192135384,37.77815605879712,-0.011037284409406045,-0.009006279833283073,-0.0020310045761229717,0.017308855841457346,0.27476956821338266
2014-10-17,NVDA,0.4214450056183141,0.4262178775997302,0.4140470426676949,0.4157175421714782,290716000,-0.0017191495598571915,0.4184619426727295,0.4303821951150894,0.41919531282759953,0.42811755473334223,37.399045941482164,-0.01073278296560709,-0.009351580459747877,-0.0013812025058592137,0.017036035831591304,0.27043868482065625
2014-10-20,NVDA,0.4157175936953533,0.4231155575628733,0.4128538758412878,0.4192972481250763,200336000,0.008610909067968686,0.41714940667152406,0.42880715280771253,0.4192138465180498,0.427277525532555,40.608433501713655,-0.01008634195247926,-0.009498532758294154,-0.0005878091941851071,0.01722215573829629,0.2733932467437359
2014-10-21,NVDA,0.4223995832586899,0.4376727911971179,0.4212063652220266,0.4371955096721649,351092000,0.04268633201654004,0.4180801123380661,0.4282224774360657,0.422483239818798,0.42822209545061307,53.45674702885098,-0.008037145457497619,-0.009206255298134847,0.001169109840637228,0.020072673257713492,0.31864380952899973
2014-10-22,NVDA,0.436479447348551,0.4379113199592453,0.4269337058067322,0.4269337058067322,239512000,-0.023471887607280473,0.4171971321105957,0.42699345797300337,0.4232924154529678,0.4280993916750054,47.15774282541974,-0.00715866366342971,-0.00879673697119382,0.0016380733077641096,0.020600313847876393,0.32701984422816605
2014-10-23,NVDA,0.4343317577622257,0.4395819110190765,0.4312293854222721,0.4364795386791229,214476000,0.0223590518681418,0.41810397803783417,0.4267309457063675,0.4256900742213596,0.42889750091349277,52.73687447230175,-0.005627323297477227,-0.008162854236450502,0.0025355309389732753,0.020805732539409694,0.3302807648628145
2014-10-24,NVDA,0.4391045991487018,0.4436388156366626,0.4364795084776354,0.441013753414154,210156000,0.010388149576845196,0.42199386954307555,0.4266474187374115,0.4284761977109586,0.4300514297230795,55.158665779185995,-0.004001722424520793,-0.0073306278740645605,0.0033289054495437677,0.020939723484083034,0.3324078051680561
2014-10-27,NVDA,0.4407750991545396,0.4429228799261955,0.4360022277076973,0.4412523806095123,145092000,0.0005410878765366167,0.4260508090257645,0.4266116201877594,0.4307991400561501,0.43111818695035886,55.28851397457347,-0.0026634640449448854,-0.006397195108240626,0.0037337310632957407,0.020936395261404204,0.3323549712709599
2014-10-28,NVDA,0.440059140926954,0.4522299738923199,0.4395818594956479,0.4517526924610138,192580000,0.023796612353676583,0.4302270621061325,0.42718435972929003,0.43460887685703437,0.43308337795137364,60.68359679802179,-0.0007469864312548702,-0.005267153372843475,0.004520166941588605,0.021564053363195702,0.342318734745251
2014-10-29,NVDA,0.4498435800563483,0.4524686708451128,0.4448320534409102,0.4488890171051025,168340000,-0.006339033289012308,0.4334964841604233,0.4278286978602409,0.4372052659930467,0.4345886769183954,58.60661856789492,0.0005345986955949122,-0.004106802959155798,0.00464140165475071,0.021483491722765168,0.3410398583505074
2014-10-30,NVDA,0.4476957801085359,0.4496049059296501,0.4402978179817656,0.4460252523422241,170260000,-0.006379672154482319,0.43645566403865815,0.4284253031015396,0.43880889987471533,0.43567787457780766,56.52315797375731,0.0013041488430042825,-0.003024612598723782,0.004328761441728064,0.021517819502021397,0.341584794952346
2014-10-31,NVDA,0.4562868831169552,0.4665485897810415,0.4539004476458341,0.4663099348545074,256316000,0.045478775934236326,0.4415149033069611,0.4299884229898453,0.4438090880528593,0.43859521365177906,65.79798596625358,0.0035103619641139727,-0.001717617686156231,0.005227979650270204,0.023653716708373712,0.37549111195638096
2014-11-03,NVDA,0.4770490054945084,0.4787195334719061,0.4717988519259251,0.4741852879524231,308732000,0.016888666762746363,0.44700370728969574,0.43207655698060987,0.4493320334891436,0.4419847445375547,68.59877837388933,0.005827105688303025,-0.00020867301126437999,0.006035778699567404,0.0237103401501225,0.37638998122784406
2014-11-04,NVDA,0.477287669483867,0.4820605416269358,0.4694124247580912,0.4803900420665741,360196000,0.013085083556564348,0.4513231605291367,0.4347016364336014,0.45497894413958545,0.44564239192127086,70.63883291417629,0.008070778670055179,0.0014472173249995318,0.006623561345055647,0.023490697358959926,0.37290326001173846
2014-11-05,NVDA,0.4832537881112649,0.4834924146492812,0.4768103879592725,0.4803900420665741,335652000,0.0,0.45666879415512085,0.4369329631328583,0.45959914376267424,0.44895169193510925,70.63883291417629,0.009736667431598234,0.0031051073463192725,0.006631560085278961,0.02334199449786132,0.3705426752734743
2014-11-06,NVDA,0.4813446191196882,0.4832538021707346,0.4739466557032754,0.4825378656387329,394088000,0.004470999363182404,0.46127462685108184,0.43968930244445803,0.46376982046741216,0.4521503751449782,71.38516125307285,0.011102228114556634,0.004704531499966745,0.006397696614589889,0.02263374206795148,0.35929951650348246
2014-11-07,NVDA,0.4880265461897849,0.4937539800433917,0.4675031609434536,0.4722760319709778,450800000,-0.021266380109199456,0.46440085470676423,0.4431973621249199,0.4653164043771513,0.45406710436650194,63.12869046838725,0.011226982908454641,0.006009021781664324,0.005217961126790317,0.017963375098442216,0.2851597393070911
2014-11-10,NVDA,0.471798757377534,0.4808672465991764,0.4706055396034057,0.4777648746967315,293388000,0.01162210731475577,0.46805210411548615,0.4470514565706253,0.46757976261707496,0.45632403487414286,65.43174618637283,0.011634638842953904,0.007134145193922241,0.004500493649031663,0.017758729472969085,0.2819110907156961
2014-11-11,NVDA,0.4749011816643458,0.4775262439878545,0.4679805007418765,0.4720374643802643,212992000,-0.011987926739283172,0.4700805813074112,0.4501538217067719,0.4683902538467457,0.45782055196996396,61.14028180189074,0.011364551486128804,0.007980226452363555,0.00338432503376525,0.018016096224091865,0.28599666123094125
2014-11-12,NVDA,0.4703669466729162,0.4715601646043346,0.4624917026358435,0.46893510222435,204584000,-0.0065722795117276744,0.47208518981933595,0.4527908369898796,0.46848931718812825,0.45887908056561977,58.88730079703198,0.01077595214300342,0.008539371590491528,0.0022365805525118923,0.018167658746796496,0.28840264168986546
2014-11-13,NVDA,0.4706055866043376,0.4713215230300287,0.4627303428188528,0.4665486514568329,225328000,-0.005089085368523705,0.4741375297307968,0.45529659688472746,0.46813646887334726,0.45960951588859245,57.14293600110842,0.010001623797071812,0.008831822031807586,0.0011698017652642268,0.018302566952711968,0.2905442430659108
2014-11-14,NVDA,0.4670258795304123,0.4722760319709778,0.4624916349851311,0.4722760319709778,160248000,0.012276062734852378,0.47473413944244386,0.45812452137470244,0.4688891167092801,0.4608158507535815,60.19074636925695,0.009737862726064972,0.009013030170659063,0.0007248325554059087,0.018265240047813415,0.28995169682047084
2014-11-17,NVDA,0.4701283574104309,0.475139884498943,0.4670259848531882,0.4701283574104309,158732000,-0.004547498528739369,0.4743284463882446,0.4606660768389702,0.46911443320039836,0.4617027561494719,58.51041165801423,0.009248915053340023,0.009060207147195255,0.00018870790614476836,0.018423582171180782,0.2924653001034466
2014-11-18,NVDA,0.4703668474092244,0.4825377075692016,0.4691736297296163,0.48134446144104,207772000,0.023857535615145142,0.4744238883256912,0.4628735244274139,0.4713380746986968,0.4635733947486689,64.1406493564005,0.009655167596486214,0.009179199237053447,0.00047596835943276676,0.016859383395077962,0.26763441432760865
2014-11-19,NVDA,0.4817041017193199,0.4831420344741148,0.4745144950832601,0.4795472025871277,240300000,-0.0037338309628237587,0.4743396043777466,0.4655041992664337,0.4728306434056842,0.46509470978090306,62.67300308325046,0.009720055149391449,0.009287370419521048,0.0004326847298704011,0.01564145166497989,0.24830034749744384
2014-11-20,NVDA,0.4761920445879242,0.4879350854166268,0.4747541118925056,0.4874557554721832,220968000,0.016491708933738636,0.4748313933610916,0.46805301010608674,0.4754897546905022,0.4672243331800726,66.32451693691108,0.010291004828117678,0.009488097301240374,0.0008029075268773042,0.015370007736283707,0.24399130871607314
2014-11-21,NVDA,0.4917696083940208,0.4924885748218996,0.4860179341089086,0.4900920391082763,198976000,0.005408252146986037,0.4766129940748215,0.47050692439079284,0.47814471549373383,0.46940220993513965,67.46701026383292,0.010831355495205586,0.009756748940033417,0.0010746065551721692,0.015329477297115545,0.24334790794067
2014-11-24,NVDA,0.4912901624777962,0.4953642665158923,0.4893729572144233,0.4932074248790741,136004000,0.006356736127496099,0.47815724909305574,0.4731046766042709,0.480883389927432,0.4716693732631334,68.81352321072649,0.011379793709025254,0.010081357893831784,0.0012984358151934706,0.015287557976691948,0.242682459358852
2014-11-25,NVDA,0.4922487883103046,0.4965625860630703,0.491290185633437,0.4929677546024322,190240000,-0.0004859421504058714,0.48025027811527254,0.47516542971134185,0.4830805471410684,0.47369779053354283,68.57836469477311,0.011660678513066014,0.01039722201767863,0.0012634564953873835,0.01472793756681611,0.23379876076008696
2014-11-26,NVDA,0.4900919964847877,0.5018350376016207,0.4898523029377287,0.5013557076454163,219264000,0.017015216440979586,0.4834923386573792,0.47778876423835753,0.4864033035964044,0.4763318778775308,72.16366448681734,0.012416984189027591,0.010801174451948423,0.0016158097370791678,0.014751080888578972,0.23416614960346585
2014-11-28,NVDA,0.5030331504458647,0.5054296853491582,0.4984797169882373,0.5025538206100464,124832000,0.0023897463345077252,0.4870928555727005,0.4806151926517487,0.48933976123524836,0.478829205756818,72.64381639875876,0.012963603240716992,0.011233660209702137,0.001729943031014855,0.014503107144882897,0.23022968845850494
2014-12-01,NVDA,0.5003970303235797,0.5032728382186391,0.492488458620833,0.4932074248790741,190060000,-0.0185978005691545,0.4891859948635101,0.481960067152977,0.490042972806853,0.4801985599589376,63.44938090795985,0.01249855123440502,0.011486638414642715,0.0010119128197623051,0.012243738342790413,0.1943633206366172
2014-12-02,NVDA,0.4927282583779096,0.4960833972702942,0.4881748229451454,0.4939265549182892,245952000,0.0014580681533564732,0.49156581461429594,0.4829471305012703,0.49074907864529593,0.4815059880503044,63.8287292002765,0.01204912711595657,0.011599136154905487,0.00044999096105108327,0.011792322827080431,0.1871973214814697
2014-12-03,NVDA,0.4963230463642141,0.5068677921397352,0.4948851134998433,0.506628155708313,284424000,0.025715565732490342,0.49409418404102323,0.48425903618335725,0.49363618356584443,0.4838985754463052,69.7921897709834,0.012572935324171697,0.01179389598875873,0.000779039335412967,0.012713388451242253,0.2018187849776857
2014-12-04,NVDA,0.505908946811384,0.5078261516197489,0.4987193430731784,0.5020744800567627,185332000,-0.00898820091272623,0.49634691178798673,0.48534325808286666,0.49517041929146594,0.4856296139806345,65.61552597576818,0.012476788878926892,0.011930474566792363,0.0005463143121345292,0.012971550921307959,0.20591698713954978
2014-12-05,NVDA,0.5023141165278536,0.5075865154593161,0.5020744802112072,0.5049503445625305,165680000,0.0057279639177094666,0.4980963706970215,0.48646388202905655,0.49694858752256854,0.48746968355986264,66.96030144936388,0.01248868853192825,0.01204211735981954,0.000446571172108709,0.012985713294439474,0.20614180784323274
2014-12-08,NVDA,0.5042313329038935,0.5092640379259784,0.4944055020168264,0.4984796047210693,226944000,-0.012814606250179383,0.4989351272583008,0.48777406066656115,0.4972269542859323,0.4885182474799776,61.163969375731234,0.011839506010238032,0.01200159508990324,-0.0001620890796652074,0.012295836308848044,0.19519035020862185
2014-12-09,NVDA,0.4953643079732989,0.4980005368534457,0.487935065533589,0.4968022406101227,239448000,-0.0033649603615882873,0.49929460883140564,0.48872592896223066,0.49714973361760323,0.48930719920665805,59.720792663170194,0.011062157256356953,0.011813707523193983,-0.00075155026683703,0.012184468331794703,0.19342243838082493
2014-12-10,NVDA,0.4953642636780931,0.4972815260683875,0.48529885039619,0.4857781231403351,204364000,-0.022190152476464053,0.4985756456851959,0.4894129619002342,0.4950821680762817,0.4889710967241511,51.17448538931835,0.00944764208400145,0.011340494435355477,-0.0018928523513540262,0.01298903656683107,0.20619456315695528
2014-12-11,NVDA,0.488653984028255,0.4920091217605423,0.4845798800479198,0.4855384826660156,135652000,-0.0004933126110543418,0.4969939231872559,0.4902431309223175,0.4933469525471424,0.4886441810995668,51.003619661797636,0.00805592648851794,0.01068358084598797,-0.002627654357470031,0.012860302622576912,0.20415097514622157
2014-12-12,NVDA,0.4790678378014887,0.4833816069261172,0.4699609982203739,0.4704403281211853,323964000,-0.031095690833667256,0.4937825739383698,0.4904377147555351,0.4891821117424229,0.48691048081591143,41.583243996926626,0.005669334403141046,0.009680731557418587,-0.00401139715427754,0.014768793841638162,0.23444733401614093
2014-12-15,NVDA,0.4759522761193435,0.4845798418468252,0.467564403880918,0.4690023362636566,254696000,-0.0030566934243746458,0.491362065076828,0.49027402997016906,0.48551306165537444,0.4852049432395062,40.81011443473368,0.0036201778985769373,0.008468620825650258,-0.004848442927073321,0.014522284147579053,0.2305341139386588
2014-12-16,NVDA,0.4685230162306237,0.4759522570600733,0.4634902816615218,0.4637299180030823,185308000,-0.011241773980440017,0.4883424013853073,0.48995410799980166,0.4815524900822304,0.48315970274079917,38.01902950521253,0.001552866042036971,0.0070854698689276005,-0.005532603826890629,0.014702636383542609,0.23339711692718287
2014-12-17,NVDA,0.4730764776938209,0.4833815844090202,0.4577386358061666,0.4826626181602478,345596000,0.040826997401189224,0.4859458476305008,0.49002001583576205,0.4817543315509608,0.4831123613521752,50.983031103007605,0.0014257816536722978,0.005953532225876541,-0.004527750572204243,0.01655962517567899,0.26287590011574535
2014-12-18,NVDA,0.4886540551443184,0.4944057288278646,0.4800265160500428,0.4845799505710602,226156000,0.003972407099022135,0.48419639468193054,0.49027165323495864,0.4822680804637061,0.4832521317539738,52.07623500652377,0.0014629154829821633,0.005055408877297666,-0.0035924933943155025,0.016551302088175998,0.2627437751977065
2014-12-19,NVDA,0.4879350064087991,0.4912901440628944,0.4833815726565826,0.4893729388713836,325528000,0.009891016528180918,0.48263865411281587,0.49036751240491866,0.4835598729014656,0.48383506576515567,54.79065222789231,0.0018576841825187485,0.004415863938341882,-0.002558179755823134,0.016282452185458894,0.25847591530214625
2014-12-22,NVDA,0.4888936931197207,0.4980005621910095,0.4872161240040439,0.4980005621910095,148976000,0.017629955876848014,0.4825907498598099,0.49076293855905534,0.48618545277229175,0.485184160662856,59.26345134510574,0.0028340491642623866,0.004099500983525984,-0.001265451819263597,0.01670720355689649,0.2652186342892913
2014-12-23,NVDA,0.5018348760686637,0.5042314108024517,0.4944055783973947,0.4948849081993103,109280000,-0.006256326253913369,0.48239901661872864,0.49084681272506714,0.48776717194084057,0.4861080413806136,57.06769467890843,0.003318168427951518,0.003943234472411091,-0.0006250660444595728,0.016729725369333544,0.2655761569779886
2014-12-24,NVDA,0.4960832561556826,0.4968022224478103,0.4924884818329523,0.4929677546024322,45644000,-0.003873938293761814,0.48311797976493825,0.49084681272506714,0.4887127324247663,0.48676134740173915,55.700136226444506,0.003506714932481725,0.0038559305644252175,-0.0003492156319434927,0.016755257918307974,0.2659814736275321
2014-12-26,NVDA,0.4929675865977508,0.4960830870892303,0.4917693479445063,0.4934469163417816,52636000,0.000971994080496863,0.4839088231325149,0.4904513731598854,0.48957349313695087,0.4873980682531718,55.98404291622857,0.0036526977180021958,0.003815283995140613,-0.0001625862771384174,0.016281810423139077,0.258465727641152
2014-12-29,NVDA,0.4920091180831163,0.4960832220330003,0.4896125829868372,0.4927280843257904,82944000,-0.0014567565267614713,0.48613759875297535,0.4899600863456726,0.4901470551712853,0.4879056888315164,55.41033090601805,0.003668102785518823,0.003785847753216255,-0.00011774496769743209,0.016266482762224227,0.2582224085673859
2014-12-30,NVDA,0.4893730627034497,0.4917695983682144,0.4874557998888876,0.4881747663021087,112120000,-0.009241036118150414,0.48805484175682057,0.48970845341682434,0.48978845719507136,0.4879313152572871,51.78990196146023,0.003275142893102656,0.0036837067811935353,-0.0004085638880908793,0.015858982885908014,0.25175354857525223
2014-12-31,NVDA,0.4888936692580448,0.4915298981436515,0.4790678628802934,0.4805058240890503,166300000,-0.01570941954077254,0.4897324323654174,0.4890374168753624,0.4881007057212493,0.48722412562221695,46.30250999622682,0.0023181772977963755,0.0034106008845141036,-0.0010924235867177281,0.016214087615573133,0.25739066139971256
2015-01-02,NVDA,0.4824229776859283,0.4860178088992088,0.4747540425228657,0.4824229776859283,113680000,0.003989865472520782,0.4897084683179854,0.48782715797424314,0.48706839153300907,0.4867668734378085,47.79175487873088,0.00169493528301623,0.0030674677642145293,-0.0013725324811982992,0.014994118531555628,0.23802425257872709
2015-01-05,NVDA,0.4824230215357024,0.4838609541517152,0.4721179139714885,0.4742747843265533,197952000,-0.01689014357993479,0.4886779516935348,0.4864371731877327,0.48474228113183526,0.485577150665308,42.4083988000358,0.0005373264247282017,0.0025614394963172638,-0.002024113071589062,0.015279941937009121,0.24256155847699623
2015-01-06,NVDA,0.4749937286997788,0.4754730300266646,0.4594162498777956,0.4598955512046814,197764000,-0.030318358886166963,0.48573021292686464,0.48418443351984025,0.4802246938723527,0.4831312840500102,34.93072082271041,-0.001522816792196402,0.0017445882386145307,-0.003267405030810933,0.016319830475479562,0.2590692772611115
2015-01-07,NVDA,0.4632507549394561,0.4673248882197394,0.4572594160789891,0.4586973488330841,321808000,-0.002605379348546988,0.48179989159107206,0.48219532072544097,0.4763106311379402,0.48080424260077914,34.386614914301745,-0.0032151181708010013,0.0007526469567314244,-0.003967765127532425,0.01620653211284755,0.25727072151226077
2015-01-08,NVDA,0.4639696803898127,0.478828222308267,0.463730015428952,0.4759523570537567,283780000,0.037617414324649934,0.4799066364765167,0.4811528265476227,0.47624549039536135,0.4803421582629675,47.15295196877744,-0.0031278879037189844,-2.3460015358657365e-05,-0.003104427888360327,0.018694366192070138,0.2967638631731468
2015-01-09,NVDA,0.4776300530233031,0.4814645217731644,0.471159383436792,0.4778696894645691,209540000,0.00402841247111585,0.4783968299627304,0.4807574048638344,0.47654079931703547,0.4801066850440724,48.355398352720584,-0.0028709500616529438,-0.0005929580246175146,-0.002277992037035429,0.018112516805133927,0.2875272905031751
2015-01-12,NVDA,0.4790678059765414,0.479307470911026,0.4675644319313639,0.4718782007694244,190732000,-0.012537913216169705,0.4762399584054947,0.4800743907690048,0.4756930541265607,0.47932301987505826,44.91610596027996,-0.0031148816190583184,-0.0010973427435056755,-0.0020175388755526427,0.01830569661034708,0.29059392484065855
2015-01-13,NVDA,0.4754729884444413,0.485059128419619,0.4678040821780894,0.4711592197418213,236720000,-0.0015236580677614464,0.47408307194709776,0.4801103353500366,0.4748687206020626,0.4785455151004643,44.50701491761198,-0.0033278534725714737,-0.0015434448893188353,-0.0017844085832526384,0.016910767828483612,0.2684501169199165
2015-01-14,NVDA,0.4661264931901922,0.4745143653048683,0.4649282257452384,0.4730764329433441,155260000,0.004069140794004555,0.4725732386112213,0.480314040184021,0.4745428501186592,0.4780246501331195,45.92144224071598,-0.0033038474218113345,-0.0018955253958173352,-0.0014083220259939993,0.01691336785624838,0.26849139108112113
2015-01-15,NVDA,0.4764317419200155,0.4793075789372273,0.4694817715120492,0.4697214365005493,188932000,-0.0070918697469687375,0.4714947998523712,0.48061361610889436,0.47366622946082104,0.4772338678823985,43.816747926060316,-0.0035150236233839616,-0.0022194250413306604,-0.0012955985820533012,0.016785844996405154,0.2664670284393956
2015-01-16,NVDA,0.4690024060675761,0.4788282121511629,0.4675644734708229,0.4783489108085632,181512000,0.01836721434791011,0.4710873931646347,0.4803979307413101,0.47451762606950143,0.47734006244679517,50.144673561823076,-0.002952186245362698,-0.002365977282137068,-0.0005862089632256299,0.014570358537516488,0.2312972712198924
2015-01-20,NVDA,0.4817039586662386,0.4843401298418811,0.4737953880014136,0.47978675365448,140308000,0.003005845343070579,0.47163859009742737,0.48015827089548113,0.4754756492667702,0.47757308065705084,51.13251426568546,-0.0023628739273485744,-0.0023653566111793696,2.4826838307952064e-06,0.014556869505387334,0.2310831394732482
2015-01-21,NVDA,0.4771506282873802,0.487695400340499,0.473795461855907,0.4864971041679382,144780000,0.013986110417484987,0.47429874539375305,0.4800144791603088,0.4774795501578916,0.4784229876580877,55.55824532300547,-0.0013389360426188657,-0.002160072497467269,0.0008211364548484034,0.014736878474287328,0.23394069326607148
2015-01-22,NVDA,0.4874556105280412,0.4963228404671621,0.4824229047284551,0.4948849081993103,159712000,0.017241220881916375,0.4779175013303757,0.4798586964607239,0.4806441607108768,0.4799907896143946,60.38754876521306,0.00014766559655365885,-0.0016985248786630836,0.0018461904752167424,0.014712371672366869,0.23355165984620513
2015-01-23,NVDA,0.4953643890617012,0.4972816519372815,0.491290284015732,0.4963230490684509,120416000,0.0029060107619232056,0.4799545705318451,0.47993060350418093,0.4834948676849811,0.48154624289573333,61.166724038888944,0.0014254226698361405,-0.0010737353689632388,0.002499158038799379,0.014656780425278284,0.2326691761569951
2015-01-26,NVDA,0.4941661059856415,0.4965626415143861,0.4910506040844819,0.4941661059856415,133240000,-0.0043458450838779195,0.4815842121839523,0.4799905210733414,0.4854350928305557,0.48274813461858174,59.28325945409763,0.0022382064252625677,-0.0004113470101180775,0.0026495534353806454,0.014664141275333704,0.23278602602910317
2015-01-27,NVDA,0.486497108436624,0.4869764383374354,0.4694816968885159,0.4704403281211853,357948000,-0.048011746611261064,0.4814404249191284,0.47884019166231157,0.4827087719743065,0.48157596257121066,43.43855707343608,0.0009568415444547451,-0.00013770929920351298,0.0010945508436582582,0.018197421951326877,0.28887511791431186
2015-01-28,NVDA,0.4761919330884585,0.4781091667104479,0.4625316613873774,0.462771326303482,272728000,-0.016301752548152693,0.4806016355752945,0.47734235376119616,0.47908378185233835,0.479785044831427,39.741163715576995,-0.0006697532113733584,-0.00024411808163748208,-0.00042563512973587634,0.01846517661737658,0.29312559146677986
2015-01-29,NVDA,0.463011099184242,0.476671345501662,0.4608542001432035,0.4740351736545563,235340000,0.02433998545468974,0.4806975096464157,0.4766353741288185,0.4781658530891052,0.4792374380526774,46.891361177757986,-0.00103797776743364,-0.0004028900187967137,-0.0006350877486369262,0.01936940453931966,0.3074797647266726
2015-01-30,NVDA,0.4706799942943984,0.4761920313820336,0.4594162837225077,0.4601352214813232,298200000,-0.029322617699593767,0.4797388881444931,0.4756168439984322,0.4748875564331448,0.477418179331596,40.504190960234794,-0.0024234720771127427,-0.0008070064304599195,-0.0016164656466528232,0.020127181739425362,0.31950910485071965
2015-02-02,NVDA,0.4630111989744038,0.4721180413384149,0.4539043566103927,0.4702008068561554,259604000,0.02187527688584212,0.47892407774925233,0.4750057354569435,0.4740354201464194,0.4767308105244112,46.21725424752974,-0.0026784027220073114,-0.001181285688769398,-0.0014971170332379134,0.020792261750365974,0.3300669227161735
2015-02-03,NVDA,0.4735557351981007,0.4824229371644659,0.4711592003031802,0.4819436073303222,183468000,0.024974011747621594,0.47913976311683654,0.475389176607132,0.4754732723616744,0.47722726736306936,52.007218824541745,-0.0019108639846321385,-0.0013272013479419462,-0.0005836626366901923,0.021219280790290906,0.3368456398245591
2015-02-04,NVDA,0.4805057871683904,0.4886539953173033,0.4790678260701222,0.4831419587135315,181516000,0.0024864971025291283,0.47880424857139586,0.4765514969825745,0.47686757897110293,0.4777905713012086,52.56839335934235,-0.001192144761137659,-0.0013001900305810888,0.00010804526944342978,0.01989618941485203,0.31584221537720514
2015-02-05,NVDA,0.4836211248079009,0.491290058514355,0.4831418521624306,0.4910504221916199,140448000,0.01636881942348034,0.4784207999706268,0.47816915065050125,0.47944627773846965,0.47905341424315256,56.2076517051929,1.5414620321063666e-05,-0.0010370691004006583,0.001052483720721722,0.020083507265455155,0.31881579407011923
2015-02-06,NVDA,0.4905711970130634,0.4963229270882954,0.4867367293422103,0.4888936281204223,210524000,-0.004392204901426444,0.47767785787582395,0.4788162142038345,0.4811639778079156,0.4799905774695592,54.968958346140596,0.0007892805389145829,-0.0006717991725376101,0.001461079711452193,0.01847131052675119,0.2932229642593988
2015-02-09,NVDA,0.4860178713721574,0.4898522823086618,0.4829023696328142,0.4884144067764282,273944000,-0.000980215974252907,0.4771026879549026,0.47934345006942747,0.4824822376203724,0.48079284692735624,54.68061237168041,0.00134836261249216,-0.00026776681553165616,0.001616129428023816,0.018469265787527077,0.2931905050305009
2015-02-10,NVDA,0.4888935113011068,0.5023141163733355,0.4867366130382778,0.5020744800567627,226204000,0.02796820300713887,0.4802661031484604,0.4808532640337944,0.4860444635178979,0.48281966913015684,60.96611139914553,0.0028607163778289757,0.00035792982314047017,0.0025027865546885055,0.01908764469903424,0.3030069659256296
2015-02-11,NVDA,0.503272860601464,0.503272860601464,0.4953642885469871,0.4987194836139679,320832000,-0.006682268420445281,0.483860918879509,0.4822312772274017,0.4883490126262742,0.4843339371762341,58.80875721863666,0.0037453731287066527,0.0010354184842537068,0.002709954644452946,0.019190562409411076,0.30464073392859725
2015-02-12,NVDA,0.5272382166039791,0.5392208916576806,0.5241227153762266,0.5344278216362,676904000,0.0716000461090307,0.48990018367767335,0.48529884666204454,0.49672697790080617,0.48910478331527846,70.69485086832202,0.007244326344088503,0.002277200056220666,0.004967126287867837,0.024571028038109375,0.3900529778761962
2015-02-13,NVDA,0.533229499943257,0.535386398490667,0.525081292725795,0.534667432308197,310084000,0.0004483499217227127,0.4973534047603607,0.4885461464524269,0.5036252423385136,0.49344408321936595,70.75583189437756,0.0099222292719221,0.003806205899360953,0.006116023372561148,0.02441044728761095,0.3875038374892185
2015-02-17,NVDA,0.5337089523952481,0.5389813532320439,0.5303538141981562,0.5363451242446899,203340000,0.0031378233180394677,0.5039678364992142,0.4914459571242332,0.5095743117760002,0.4975298966503492,71.20760392797206,0.01204106050351278,0.005453176820191318,0.006587883683321461,0.024266967826116786,0.38522617164906436
2015-02-18,NVDA,0.5356260912338934,0.5365847510033882,0.5291554520482807,0.5301140546798706,170948000,-0.011617649314131895,0.508784881234169,0.4939623221755028,0.5133088104857948,0.5006331497960179,67.06376317905631,0.013066828021628007,0.006975907060478657,0.006090920961149351,0.024580687827798316,0.3902063222836009
2015-02-19,NVDA,0.5368243570128148,0.537782959590184,0.5291554221180584,0.5315519571304321,169432000,0.0027124397813407253,0.513625881075859,0.4962150648236275,0.5166257462393652,0.5035777981135812,67.53329646672493,0.013836286779493834,0.008347983004281693,0.005488303775212141,0.02449975648440542,0.38892157703627306
2015-02-20,NVDA,0.5310727028214657,0.5356260795062969,0.5272382352411574,0.5353864431381226,157752000,0.007213755788598286,0.5180594831705093,0.49824014157056806,0.5200367820391393,0.5066071928778232,68.81022634892335,0.014587345524537887,0.009595855508332932,0.004991490016204955,0.024332064643766367,0.3862595515929194
2015-02-23,NVDA,0.5351469000497096,0.5351469000497096,0.5284365663300373,0.5310727953910828,125008000,-0.008057073170840368,0.5222773998975754,0.49997762888669967,0.5220433299213108,0.5089372502600383,65.68062971074477,0.014665435655226933,0.010609771537711733,0.0040556641175151995,0.024486197207523847,0.388706330188754
2015-02-24,NVDA,0.5331175020336619,0.5367261171340942,0.5283059769944837,0.5367261171340942,149356000,0.010645097606343024,0.527108570933342,0.5021056294441223,0.5247129275963622,0.5115838090099484,67.75076400055096,0.015010467142756556,0.011489910658720699,0.0035205564840358576,0.02445731434712536,0.3882478289941545
2015-02-25,NVDA,0.5345614699499657,0.5369672923310744,0.5302311158514876,0.5326368808746338,123820000,-0.007618850897913032,0.5301648110151291,0.5052154570817947,0.5261536463742298,0.5135888634732517,64.71019341367058,0.014783524622057787,0.012148633451388117,0.0026348911706696697,0.021372992741339834,0.33928574140064305
2015-02-26,NVDA,0.5331176155834301,0.5372074070020341,0.5297495014523017,0.534079909324646,152864000,0.002709216169264561,0.5337008535861969,0.5087808862328529,0.5275947850924873,0.515540391649575,65.30197710989773,0.014552360818410937,0.012629378924792682,0.0019229818936182547,0.020721151882725223,0.3289380885629326
2015-02-27,NVDA,0.5326365367033424,0.5338394471166178,0.5287873036819573,0.5307119488716125,157492000,-0.0063060983838397755,0.5333292663097382,0.5116147249937057,0.5281615421432373,0.5169853018611976,62.66086476415501,0.013936741496583416,0.012890851439150829,0.0010458900574325872,0.020534060327376983,0.3259681021958223
2015-03-02,NVDA,0.5292683818605439,0.5465898985882691,0.5285466472170625,0.5437029600143433,301512000,0.02447845986952424,0.5342328190803528,0.5157931119203567,0.5309872544834383,0.5195298407329257,68.03168848991838,0.014331915378371307,0.013179064226994925,0.0011528511513763818,0.019160827831859184,0.304168712143346
2015-03-03,NVDA,0.5396132174191159,0.5422595397793202,0.5319147520975327,0.533598780632019,160344000,-0.018584006572371137,0.5339581847190857,0.51896301060915,0.5314620774195439,0.5208697397709346,60.71649057881051,0.013672166470317437,0.013277684675659429,0.00039448179465800814,0.019804711880928517,0.3143900545453386
2015-03-04,NVDA,0.5316741045897649,0.5408159804511281,0.5295089008234247,0.5396131277084351,226840000,0.011271290892554742,0.5349080920219421,0.5218464866280556,0.5329440865629786,0.5226548243364109,63.249573116013075,0.013479237987535586,0.013317995338034662,0.0001612426495009242,0.019365031723767044,0.3074103484317843
2015-03-05,NVDA,0.5396132032364668,0.5509202844467882,0.5381697338568686,0.5499579906463623,323056000,0.019170888191431867,0.5367486953735352,0.5251872882246971,0.5360375236690483,0.5252551258897395,67.1707865130357,0.013999704875133356,0.013454337245454402,0.0005453676296789545,0.019571232985337545,0.3106836919806442
2015-03-06,NVDA,0.546830609194858,0.5494769320489019,0.5420190818104526,0.5425002574920654,257392000,-0.01356055058956751,0.5374600768089295,0.5277597799897193,0.5372125661823242,0.5268975193756753,62.03221766816428,0.013653018397265959,0.013494073475816715,0.00015894492144924444,0.019931867145211855,0.31640858178845704
2015-03-09,NVDA,0.5427407309880231,0.5480334332186445,0.5415378206528231,0.5439435839653015,222388000,0.0026605083653019612,0.5387471556663513,0.5305122777819633,0.538436387597411,0.5285209540984969,62.62808492336745,0.0133409451387132,0.013463447808396013,-0.0001225026696828127,0.01981569220671293,0.31456436181337877
2015-03-10,NVDA,0.5463492807401438,0.5569346839122337,0.5453869870039305,0.5533260107040405,527212000,0.017248896788784496,0.540407145023346,0.533757857978344,0.5411435917986163,0.530883340441882,66.32759115298711,0.013692865429390855,0.013509331332594982,0.0001835340967958725,0.019919428527612158,0.31621112485552366
2015-03-11,NVDA,0.5533258806598568,0.5605431680221012,0.5489955311856706,0.5504390001296997,262120000,-0.005217558037200254,0.5421873569488526,0.5361760839819908,0.5428336660406314,0.5327457842216742,64.22093850493344,0.013582239566534038,0.013523912979382794,5.832658715124346e-05,0.019407523115417227,0.30808487836278886
2015-03-12,NVDA,0.5451461726426713,0.5492359621249547,0.5350419497489847,0.5453867316246033,406972000,-0.009178616529544548,0.5433180391788482,0.5385094463825226,0.5432978597831717,0.5339496839743341,60.59391433936634,0.012937753558857512,0.013406681095277739,-0.0004689275364202269,0.019492978582742845,0.3094414418510752
2015-03-13,NVDA,0.5427405474505612,0.5475520724484145,0.5352826435533569,0.546108603477478,359288000,0.0013235962868485274,0.5448577046394348,0.5390934854745865,0.5438089040912274,0.5351076763079669,60.933412671067074,0.012342960811091097,0.013193937038440412,-0.0008509762273493145,0.011476438775003322,0.18218281761190527
2015-03-16,NVDA,0.5504392896773147,0.5559725519681546,0.5468306154189707,0.5526044368743896,236956000,0.01189476480602547,0.5457478523254394,0.5399903357028961,0.5454080918699842,0.53677403445715,63.94374483492506,0.012254480714889993,0.013006045773730329,-0.0007515650588403363,0.011722691397750647,0.18609195680882623
2015-03-17,NVDA,0.5514014528630062,0.559581036097248,0.5475522203533871,0.5593404769897461,299900000,0.012189623654591752,0.5483220219612122,0.541140103340149,0.5479412528008499,0.5389232194602543,66.80063286475037,0.012582854429747825,0.012921407504933828,-0.0003385530751860034,0.011952936439990668,0.1897469835430622
2015-03-18,NVDA,0.5593404895785131,0.5622273710072625,0.5451464694739251,0.5501985549926758,413844000,-0.016344109488142577,0.5493805646896363,0.5421443283557892,0.5483516713811819,0.5399970609395326,59.86761831079859,0.01196746279997285,0.012730618563941634,-0.0007631557639687838,0.012282051028628378,0.1949715156693344
2015-03-19,NVDA,0.5521230519660039,0.5605431922401269,0.5480332613531578,0.5586186051368713,310756000,0.01530365732114225,0.5502466261386871,0.5434976607561112,0.5502183866094891,0.5417705413392792,63.61341876036932,0.012020621930028286,0.012588619237158965,-0.0005679973071306792,0.012641571495364089,0.20067872614665777
2015-03-20,NVDA,0.5631898973567628,0.5680014252592386,0.5578971937208649,0.564633309841156,462084000,0.010767104154740803,0.5524599313735962,0.5449600040912628,0.5528392817425194,0.5439479478632674,66.0510099843539,0.012405089180071327,0.012551913225741437,-0.00014682404567011031,0.012735011474722353,0.20216203983401562
2015-03-23,NVDA,0.5477928160951062,0.5550101060240865,0.5461087875141364,0.5463493466377258,426012000,-0.03238201304236521,0.5527005076408387,0.545723831653595,0.5516592935416478,0.5441766525084539,54.17076704030013,0.011106391651141134,0.012262808910821377,-0.0011564172596802424,0.01481253835696522,0.2351417566688116
2015-03-24,NVDA,0.5446653147102642,0.5485145474536546,0.5364857309792607,0.5388914942741394,330480000,-0.013650336381808792,0.5512570559978485,0.5458321005105973,0.5493378754930098,0.5436733041051859,50.204206452208304,0.00936739662766306,0.011683726454189714,-0.0023163298265266533,0.015019892214820306,0.23843339711645797
2015-03-25,NVDA,0.5386509690540356,0.5386509690540356,0.504489047815559,0.5061731338500977,542552000,-0.06071418972405895,0.5468304693698883,0.5445089131593704,0.5414897406488439,0.540101859318987,37.30024127923814,0.005288173522704942,0.01040461586789276,-0.005116442345187818,0.020269691203461917,0.3217713724586026
2015-03-26,NVDA,0.4958282442519413,0.5066541488751265,0.4922195711389374,0.5044889450073242,311920000,-0.003327297974041077,0.5427406907081604,0.5430293649435043,0.5347623232594767,0.5367101531940668,36.77623763244552,0.0018975856721296092,0.00870320982874013,-0.006805624156610521,0.020235369408426136,0.3212265308533186
2015-03-27,NVDA,0.5073760661701903,0.5162773865764905,0.4991964806463396,0.5143527984619141,318288000,0.01955216968024276,0.539565110206604,0.5422114074230194,0.5310515005690107,0.5345808813148142,41.9222732334494,6.3773961517243904e-06,0.006963843342222449,-0.006957465946070725,0.020807332079418477,0.3303061567732665
2015-03-30,NVDA,0.516758615592324,0.5191643796626874,0.5100224417805428,0.5165180563926697,253252000,0.00420967463816746,0.535956472158432,0.5408521622419358,0.5284090561733124,0.5328606122746099,43.018682373507666,-0.0013026840380857552,0.005310537866160809,-0.006613221904246564,0.01995919217584443,0.3168423532021831
2015-03-31,NVDA,0.5150743850588471,0.5155555032700144,0.503045569410903,0.5035266876220703,357276000,-0.02515181920517995,0.5303750932216644,0.5393485575914383,0.5238849891639956,0.5300669051648442,38.34171318922656,-0.003349805074666201,0.003578469277995407,-0.006928274352661608,0.02029129987638958,0.322114399506975
2015-04-01,NVDA,0.5054513216018677,0.5071353500203435,0.4967905630511945,0.5054513216018677,330768000,0.003822307788464041,0.5259003698825836,0.5376404672861099,0.5205334132436087,0.5277225638731322,39.39296882401207,-0.004761968360497026,0.0019103817502969204,-0.006672350110793947,0.02008877436304082,0.3188994066521759
2015-04-02,NVDA,0.5083381716484462,0.5097816408778594,0.5023237930031083,0.5066541433334351,192204000,0.002379698459894053,0.52070392370224,0.5354752749204635,0.5180099096235771,0.5257160476312563,40.080547688456456,-0.005718145060433222,0.000384676388150892,-0.006102821448584114,0.0194511414877769,0.3087772985579315
2015-04-06,NVDA,0.5044890029396065,0.5230134314503978,0.4991963582433117,0.521329402923584,515864000,0.028965044070489165,0.5163735330104828,0.5344167321920394,0.518613453859942,0.5252982719448114,47.85362271844224,-0.005231446324583056,-0.0007385481543958975,-0.004492898170187158,0.02062917810611352,0.3274780501226088
2015-04-07,NVDA,0.5213292784554203,0.5316740636202429,0.5184423403227606,0.5259002447128296,413964000,0.008767665440722494,0.5143286228179932,0.5335145652294159,0.5199383249241033,0.5253556026846227,50.02805726230546,-0.004425886473426344,-0.0014760158182019869,-0.002949870655224357,0.020743289239794294,0.32928950821186664
2015-04-08,NVDA,0.526381515053564,0.5316742173747311,0.5213294292183065,0.5297495722770691,366432000,0.007319501374907,0.5134144306182862,0.5323357433080673,0.521722188079188,0.5257740759791414,51.849018511954895,-0.0034372435196926565,-0.001868261358500121,-0.0015689821611925355,0.020387282900755966,0.32363808278231887
2015-04-09,NVDA,0.5256596108311963,0.5437028588450115,0.5254190517807693,0.5420188307762146,379432000,0.023160487787479367,0.5169990003108978,0.5319147348403931,0.5254124867513746,0.5273211954836245,57.20222276883899,-0.0016447505728790501,-0.001823559201375907,0.0001788086284968569,0.02112384004556701,0.33533056497166575
2015-04-10,NVDA,0.5425002015532717,0.547792846715619,0.5405755563832069,0.5475522875785828,258728000,0.010208975201920323,0.5213053345680236,0.532023012638092,0.5294379050835942,0.5292479661593349,59.39479193064771,0.0002197831967266639,-0.001414890721755393,0.0016346739184820568,0.021152086880635235,0.3357789695771568
2015-04-13,NVDA,0.5463494335132452,0.5494769320489019,0.5400944364419319,0.5425002574920654,236724000,-0.00922657105289193,0.5241200804710389,0.5318425953388214,0.5318128782487708,0.5305100891434045,56.5464537639158,0.0012750846537984417,-0.000876895646644626,0.0021519803004430675,0.021259509395300306,0.3374842491312346
2015-04-14,NVDA,0.5403350003468281,0.5425002046663541,0.5326365343382417,0.5379292368888855,220276000,-0.008425840430585918,0.5262611985206604,0.5311088353395462,0.5329249434560643,0.5312166746429741,54.02212019405111,0.0017227170902385236,-0.0003569730992679961,0.0020796901895065198,0.02114069089577114,0.3355980639257865
2015-04-15,NVDA,0.539372627344438,0.5485145042009326,0.5367262477782049,0.5444247126579285,243560000,0.012074963254664395,0.5303510010242463,0.5303630471229553,0.535015810583676,0.5324745830253507,56.96229368814678,0.0025719517717007756,0.00022881187492575827,0.0023431398967750173,0.021136904262801872,0.33553795299092876
2015-04-16,NVDA,0.5412972517197623,0.5458682191380145,0.5372074598984548,0.5410566926002502,155284000,-0.006186383496875503,0.5339115381240844,0.5299059540033341,0.5361141527685076,0.5332919267943887,54.99838042232976,0.0029393226226989144,0.0007709140244803895,0.0021684085982185248,0.02087259219453249,0.3313421289840053
2015-04-17,NVDA,0.5297495014523017,0.5393726109382062,0.5295089423564765,0.534079909324646,293636000,-0.01289473611734604,0.5366541147232056,0.5286790192127228,0.5357442903241691,0.5333669727496514,51.07039977703073,0.0026370997218920778,0.0011441511639627272,0.0014929485579293505,0.02069148082956995,0.3284670751962152
2015-04-20,NVDA,0.5364856072479548,0.5398536636124158,0.5304711717189248,0.5314335227012634,231624000,-0.004955038707089687,0.5376645267009735,0.5270190298557281,0.5349605143927317,0.5331828346498049,49.62268683231964,0.002159155214586761,0.0013471519740875341,0.0008120032404992268,0.02047698835654879,0.3250621127459599
2015-04-21,NVDA,0.5379292392774879,0.5379292392774879,0.5280655689055771,0.5307119488716125,230456000,-0.0013577875666991313,0.5381456971168518,0.5262371599674225,0.5341880479343464,0.5329475121947389,49.21304378225965,0.0017025300647361963,0.0014182275922172667,0.00028430247251892953,0.0192587656488493,0.30572342678957243
2015-04-22,NVDA,0.5338392365253289,0.5374478516257613,0.5256595980724036,0.5367261171340942,207420000,0.01133226465932946,0.5388433516025544,0.5261288911104203,0.5346495150615732,0.5333073793318204,52.71663309954443,0.0018051359760798968,0.0014956092689897929,0.000309526707090104,0.019223768992079983,0.3051678720863906
2015-04-23,NVDA,0.5268626305784021,0.5396131806342528,0.520848194201303,0.534561038017273,259380000,-0.004033862053111847,0.5380975723266601,0.527548286318779,0.5346334283262458,0.5334267753971016,51.34344850352425,0.0016922410086844808,0.0015349356169287306,0.00015730539175575018,0.012964469531284476,0.20580457355791704
2015-04-24,NVDA,0.5343203671074401,0.5345609261576527,0.5239755822955453,0.529990017414093,240960000,-0.008550979734950781,0.5363413453102112,0.5288233399391175,0.5337891717967634,0.5330994651130055,48.472653736967956,0.0012198659176374527,0.0014719216770704752,-0.0002520557594330225,0.013146002957090803,0.20868632735389187
2015-04-27,NVDA,0.5316741462926486,0.5434624023568101,0.5271031793244791,0.534079909324646,248456000,0.007716922538481441,0.5354993104934692,0.529809695482254,0.5338420331654693,0.5331928407522094,51.1068519266701,0.0011621290509337134,0.001409963151843123,-0.00024783410090940946,0.01259524066873988,0.19994324707495553
2015-04-28,NVDA,0.5331175020336619,0.5386507615645072,0.5280653605919927,0.5367261171340942,234484000,0.004954703899636259,0.5353789985179901,0.5308200985193252,0.5343664120688556,0.5335293432647699,52.78857536197353,0.0013147434786182632,0.001390919217198151,-7.617573857988773e-05,0.012603347561595873,0.20007194000936995
2015-04-29,NVDA,0.5328774401695596,0.5381701461636662,0.5304716751464135,0.5326368808746338,195156000,-0.007618850897913032,0.5342002153396607,0.5322756081819534,0.5340519518517244,0.5334443468466616,49.93048908299951,0.0010931234741564655,0.001331360068589814,-0.00023823659443334842,0.011140525583176256,0.17685036100582316
2015-04-30,NVDA,0.529990117906042,0.5367262314524686,0.5287872077110858,0.534079909324646,218844000,0.002709216169264561,0.5335025370121003,0.5337070375680923,0.5340570350286192,0.5335048766064697,50.93993005962763,0.001022145700585897,0.0012695171949890305,-0.0002473714944031336,0.011138311668773418,0.1768152162042198
2015-05-01,NVDA,0.5384101710458136,0.5489955725272159,0.5360044084105685,0.547311544418335,256968000,0.024774635523026056,0.5348257005214692,0.5357399076223374,0.5364669458267494,0.5348197973504569,59.085291299359916,0.002010402999984784,0.0014176943559881814,0.0005927086439966025,0.01216995648140823,0.19319206989770904
2015-05-04,NVDA,0.5468305228834444,0.5504391965311229,0.5422595553823587,0.5439435839653015,200720000,-0.0061536440942658865,0.5360767066478729,0.5368706166744233,0.5378263345792134,0.5356887294090136,56.51329144146128,0.002493098876479971,0.0016327752600865395,0.0008603236163934316,0.010828279391363056,0.17189360637763496
2015-05-05,NVDA,0.5420188302932842,0.5427405648018261,0.5275842548382548,0.529990017414093,292928000,-0.02565259884028448,0.536004513502121,0.5370751053094864,0.5364015496401006,0.5351459949333068,47.32233597198273,0.0017297629992618635,0.0016521728079216043,7.759019134025917e-05,0.012354103065899341,0.1961153063017816
2015-05-06,NVDA,0.5328769397505828,0.5379290817053516,0.5246973578248353,0.5316740870475769,316484000,0.003177549723862194,0.5354993104934692,0.5371713310480117,0.5355420109869145,0.5348153370394277,48.4128004241765,0.0012463371630953013,0.0015710056789563437,-0.00032466851586104243,0.012267470899771529,0.19474006329910343
2015-05-07,NVDA,0.5295089944948637,0.5427407211526757,0.5278249659424382,0.5410566926002502,534564000,0.017647287654690036,0.536148875951767,0.5371232241392135,0.5365446803711573,0.5354097518547442,54.11221439328042,0.0016018514134561457,0.0015771748258563041,2.4676587599841565e-05,0.011777791000653666,0.18696663588854504
2015-05-08,NVDA,0.5054515133607517,0.5254193602154296,0.4929415176683961,0.5011211037635803,1146552000,-0.0738103592153061,0.5332619845867157,0.5348016649484635,0.5301040300788705,0.5321441663222524,35.9211030808343,-0.001323611476091835,0.0009970175654666763,-0.0023206290415585112,0.020029624622226825,0.31796043362632936
2015-05-11,NVDA,0.4941442549194219,0.5013616025528227,0.4902950793255075,0.4963094592094421,544144000,-0.009601759969798174,0.5294849395751953,0.5324921250343323,0.5239595626480653,0.5287313370734132,34.419727058994425,-0.0039843918072519635,7.356909229483625e-07,-0.003985127498174912,0.020034731642685138,0.3180415050627687
2015-05-12,NVDA,0.4927009584767548,0.5052108968111725,0.4924603419271756,0.5011211037635803,388800000,0.009694847569100551,0.5259244382381439,0.530651718378067,0.519807115578159,0.5261017910439053,37.24445483797461,-0.0056398076942153486,-0.001127372986104711,-0.004512434708110637,0.020244242988080908,0.3213673945633513
2015-05-13,NVDA,0.5047294912322409,0.508578722897944,0.4991962314673999,0.5040077567100525,308524000,0.005760389903343599,0.5230615258216857,0.5286308705806733,0.5169345048748668,0.5239975972978241,38.943561214261024,-0.0066422403313574074,-0.0022303464551552505,-0.004411893876202157,0.020039437884895976,0.31811621434176574
2015-05-14,NVDA,0.5054513078314824,0.5148338007855904,0.5042483976465335,0.5121874213218689,293052000,0.01622924350452415,0.520872277021408,0.5271874070167542,0.5160713987743217,0.5228728186334475,43.60316314288471,-0.006699418122690148,-0.0031241607886622305,-0.003575257334027918,0.020511535154920567,0.3256105261684712
2015-05-15,NVDA,0.5143525131103952,0.5167582755979183,0.5093004290939673,0.5124279260635376,215824000,0.00046956393627950455,0.5173839151859283,0.5261048078536987,0.5154089491905428,0.5218780669601227,43.739118619836105,-0.006648683328841165,-0.0038290652966980177,-0.0028196180321431474,0.020373384761203622,0.32341745665666705
2015-05-18,NVDA,0.5112251766421542,0.5148338501853483,0.5088194133993315,0.5117063522338867,324972000,-0.0014081469665285784,0.5141601920127868,0.5251184493303299,0.514735749743878,0.5209093322242907,43.401066103481334,-0.006590726820597248,-0.004381397601477864,-0.0022093292191193844,0.020360489886711648,0.3232127568701081
2015-05-19,NVDA,0.5123830055960729,0.5140748866138714,0.5075492080054241,0.5085160136222839,253808000,-0.0062347058966049085,0.5120127916336059,0.5240086525678634,0.5136048886308608,0.5197290161669568,41.86057215905088,-0.00672471124816254,-0.004850060330814799,-0.0018746509173477414,0.020385539947519446,0.32361041425745496
2015-05-20,NVDA,0.5087576862147926,0.5147999620148099,0.508032610813854,0.5085160136222839,196824000,0.0,0.5096969842910767,0.522598147392273,0.5126796386293013,0.5186611111627022,41.86057215905088,-0.006753049916503939,-0.005230658247952627,-0.001522391668551312,0.02015368937270004,0.3199299004836578
2015-05-21,NVDA,0.5087577903061515,0.5109330169540166,0.5044073370104214,0.5048907399177551,239692000,-0.00712912397528076,0.5060803890228271,0.5211146324872971,0.511263475227202,0.517349647234612,39.989959167740636,-0.006987490366232252,-0.005582024671608552,-0.0014054656946236995,0.02017798596230279,0.3203155968864331
2015-05-22,NVDA,0.5060991435293826,0.5080326396259315,0.5029571691549286,0.5041655898094177,212592000,-0.0014362515510890628,0.5063848376274109,0.5198234111070633,0.5099729506057866,0.5160940227179268,39.60868184603513,-0.007149385993707513,-0.005895496936028345,-0.001253889057679168,0.020131162345887788,0.31957229501932044
2015-05-26,NVDA,0.5017487256616996,0.5051323728769459,0.4971566000847683,0.5010236501693726,259732000,-0.0062319597044154795,0.506856256723404,0.5181705981492997,0.5083458050718931,0.514658749141874,37.92161815301114,-0.007445391872630935,-0.006205475923348864,-0.0012399159492820716,0.02000727142395503,0.31760558760452484
2015-05-27,NVDA,0.5044071959259984,0.5302680629547778,0.5027153726586758,0.5278511643409729,432332000,0.05354540481777903,0.5095292627811432,0.5177268505096435,0.5118922340299076,0.5159151696370263,55.39254121732264,-0.00545237093932216,-0.0060548549265435235,0.0006024839872213637,0.023643068995955127,0.3753220847618331
2015-05-28,NVDA,0.5278513707018597,0.536793893306632,0.526884622403074,0.5351020693778992,327656000,0.013736646855708079,0.5126386940479278,0.5178501099348068,0.5161122040931787,0.5177424934218714,58.76996555562211,-0.003250332245729237,-0.005493950390380666,0.002243618144651429,0.023789439611566213,0.3776456462507593
2015-05-29,NVDA,0.5351019855696779,0.5384856328971932,0.5341352374223052,0.5348603129386902,335168000,-0.0004517949995783699,0.51490598320961,0.5178891301155091,0.519520951155999,0.5193727619472827,58.610625480227576,-0.0015073328456632895,-0.004696626881437191,0.0031892940357739017,0.023784519778510878,0.37756754632222106
2015-06-01,NVDA,0.5382438644417511,0.5462196360786239,0.5348602177166322,0.5409024357795715,372660000,0.01129663707461126,0.5177534341812133,0.5175686746835708,0.5234084938148303,0.5214232070741673,61.42554247433997,0.0003574352624434729,-0.0036858144526610587,0.004043249715104532,0.02324067065657983,0.3689342091579987
2015-06-02,NVDA,0.5375188899011751,0.5404191919945102,0.5297847894012297,0.5302681922912598,224304000,-0.019660187835880638,0.5196096181869507,0.5168849050998687,0.5246557117196357,0.5222655866186523,54.411488991460836,0.0009660468607536332,-0.0027554421899781203,0.0037214890507317536,0.023612140565479865,0.37483111114895856
2015-06-03,NVDA,0.5317182238468567,0.5358269458067954,0.5235007223035703,0.5244675278663635,250788000,-0.010939114412712336,0.5212047696113586,0.5166087806224823,0.5246214964735861,0.5224752953089106,50.991138537826615,0.0009691391633039892,-0.0020105259193216986,0.002979665082625688,0.023025647909560895,0.36552082886899434
2015-06-04,NVDA,0.5213256859384264,0.5355854089335237,0.5213256859384264,0.5338935852050781,323712000,0.01797262335203409,0.5237425267696381,0.5167197555303573,0.5263073307884029,0.5235627514894979,55.84811767947855,0.0017124537844781518,-0.0012659299785617287,0.0029783837630398807,0.023377127405778964,0.371100392896582
2015-06-05,NVDA,0.5322017077876284,0.5404192114738019,0.526642833657316,0.5380023121833801,313320000,0.00769577888208528,0.5270536839962006,0.5165670365095139,0.5284336910420351,0.5249379477460582,57.81082070498421,0.0026030693431032814,-0.0004921301142287268,0.003095199457332008,0.023096549837449597,0.3666463620810056
2015-06-08,NVDA,0.5363104743408059,0.539935794369403,0.5196338523883599,0.5256760716438293,342812000,-0.02291112930263639,0.5292047321796417,0.5177947849035263,0.5279323056969067,0.5250082452601316,50.55074766501929,0.002287890614163457,6.387403144971e-05,0.002224016582713747,0.016360305492391213,0.25971179823546764
2015-06-09,NVDA,0.5261594507266213,0.532201669708643,0.5251927026043082,0.5283346772193909,256888000,0.00505749779944864,0.5319358348846436,0.5193960458040238,0.5280054641555402,0.5253250483038705,51.9523097055673,0.0022269653811166634,0.0004964923013831007,0.0017304730797335628,0.016115200266925336,0.2558208734057169
2015-06-10,NVDA,0.5220507136185583,0.5254343607652213,0.516008437179444,0.5189087390899658,529460000,-0.017840846977967617,0.5310415923595428,0.520285427570343,0.5263515141436176,0.5247139712358796,46.879053569182595,0.0014019267251730305,0.0006775791861410867,0.0007243475390319438,0.016701442986237196,0.2651271880650454
2015-06-11,NVDA,0.5189086551856444,0.5280928470449054,0.5189086551856444,0.5244675278663635,283052000,0.010712459354888404,0.5299781382083892,0.5213084161281586,0.5260089711841168,0.5246905004387828,49.9811540899482,0.0011829886865802886,0.0007786610862289271,0.0004043276003513614,0.016798486583316247,0.2666677074102594
2015-06-12,NVDA,0.5210839083921366,0.5242258829236999,0.5089994131259005,0.5102078914642334,323728000,-0.027188787950592652,0.5275128960609436,0.5212094396352768,0.5231360475986835,0.5233112043459686,43.038023356675815,-0.00013954616988409718,0.0005950196350063223,-0.0007345658048904195,0.017662906557408205,0.2803899490888447
2015-06-15,NVDA,0.5075492230580014,0.5116580029929798,0.5036822309695276,0.5092411041259766,306548000,-0.0018948890333355672,0.5243467628955841,0.5210500985383988,0.5206096942400095,0.5219711948012075,42.60588202225716,-0.0012512525696543042,0.000225765194074197,-0.0014770177637285012,0.017667177612550218,0.28045774998729434
2015-06-16,NVDA,0.5082743457355919,0.5162501185005656,0.503198874930034,0.5155250430107117,256892000,0.012339810816175856,0.5228724479675293,0.52124103307724,0.519685212198319,0.521357275583065,46.37489253905292,-0.0016067054496703426,-0.00014072893467471093,-0.0014659765149956316,0.017882426378488577,0.28387471821541305
2015-06-17,NVDA,0.5152832774267979,0.5244675268924129,0.5140748569106645,0.5215672254562378,233544000,0.01172044409373263,0.5225824177265167,0.5218935936689377,0.5200273964270314,0.5213772708090815,49.78920767482724,-0.0013848866796731807,-0.0003895604836744049,-0.0009953261959987757,0.017975829481800848,0.2853574465136887
2015-06-18,NVDA,0.5259177967746794,0.5336518396512024,0.524467645728012,0.5302681922912598,299404000,0.016682349676805153,0.5222198784351348,0.5229812026023865,0.5218893593114365,0.5222240252359556,54.30148588640649,-0.0005012206402186248,-0.0004118925149832489,-8.93281252353759e-05,0.018290776592631106,0.29035707690205964
2015-06-19,NVDA,0.5302681977513468,0.5346185933127224,0.523742575597572,0.5285763740539551,355656000,-0.0031904954170349775,0.5212772846221924,0.5241654843091965,0.5231051801737127,0.5228290108376699,53.29852304983114,6.186235911564975e-05,-0.0003171415401634692,0.00037900389927911893,0.018205440597938004,0.289002409983018
2015-06-22,NVDA,0.5295431969545826,0.5324434994870992,0.5184254474111772,0.5264012217521667,514236000,-0.004115114501062278,0.5213497996330261,0.525277265906334,0.5237044604607043,0.5231692214009552,51.96947074228643,0.00032880284609693167,-0.00018795266291138902,0.0005167555090083207,0.01824535419552706,0.28963601870192135
2015-06-23,NVDA,0.5273677084479892,0.531476429915252,0.5087575967585978,0.5128663182258606,414064000,-0.025712143070743987,0.5198029637336731,0.5258693993091583,0.5217338891452782,0.5221879925271367,44.5287122045819,-0.0005455101915131655,-0.00025946416863174436,-0.00028604602288142113,0.019219687308554587,0.30510307736915865
2015-06-24,NVDA,0.5121413778867158,0.514800007130959,0.505374083716099,0.5077909827232361,253368000,-0.009896020312235465,0.5186911880970001,0.5248663902282715,0.5191988152503614,0.520816848736289,42.09487027888936,-0.001629166711884067,-0.000533404677282209,-0.001095762034601858,0.01490051966278214,0.23653841660009733
2015-06-25,NVDA,0.5077909039262993,0.5147999272463902,0.5077909039262993,0.5116579532623291,350460000,0.0076152800476188,0.5174102306365966,0.5236941844224929,0.5178277494343555,0.5199445729768642,44.58033125505016,-0.002151143068464867,-0.0008569523555187405,-0.0012941907129461264,0.01462426229086048,0.23215296677637942
2015-06-26,NVDA,0.507549296492012,0.5080326993847187,0.4990901780453128,0.5012653470039368,421296000,-0.020311628485649713,0.516515976190567,0.5220144361257553,0.5148164035379157,0.5181655990746806,39.65408480891554,-0.0033646242679544747,-0.0013584867380058874,-0.0020061375299485875,0.015168063263084064,0.2407855395876919
2015-06-29,NVDA,0.4954646625042844,0.5005401897830386,0.4855553957609658,0.4862804710865021,391724000,-0.02989409901761475,0.5142199128866196,0.5192833378911018,0.5096280521831132,0.5151289202186636,33.84644967013355,-0.00547238882201706,-0.0021812671548081222,-0.003291121667208938,0.015885812918869018,0.2521794621445471
2015-06-30,NVDA,0.4891807483370893,0.4913559744629813,0.4826551275828241,0.4860387742519378,315916000,-0.0004970317521166834,0.5112712860107422,0.5170718669891358,0.5053390925592631,0.5123584301265945,33.760563433339726,-0.007080688561182158,-0.00316115143608293,-0.003919537125099229,0.01554114775744548,0.24670807232825942
2015-07-01,NVDA,0.498123150672915,0.5051321141362183,0.4886972317242641,0.4930476248264313,302892000,0.014420352749183074,0.5084193259477615,0.5155008718371391,0.5031042802442027,0.5105193058122933,38.6242729159821,-0.007700950264714512,-0.004069111201809247,-0.0036318390629052656,0.01599288324339419,0.2538791508534786
2015-07-02,NVDA,0.4928062112146288,0.4966732613499278,0.4903893120829944,0.4935312867164612,145764000,0.0009809638373172724,0.5047456353902817,0.5134827569127083,0.5013637359664315,0.5089013992317378,38.9573647770656,-0.008060567456998569,-0.004867402452847111,-0.0031931650041514574,0.01525663643953589,0.24219159517402736
2015-07-06,NVDA,0.4894225388417909,0.4961898330137556,0.4838636653619266,0.4874889850616455,214776000,-0.01224299617358815,0.5006368964910507,0.5109570905566215,0.49884105398374307,0.5068621216917291,36.306446535221724,-0.008732467469491412,-0.005640415456175971,-0.0030920520133154404,0.015115928445223633,0.2399579250114538
2015-07-07,NVDA,0.4845886306877766,0.4865221264050535,0.4630781883101968,0.4783046543598175,594252000,-0.01884007840847235,0.4958272397518158,0.5085885196924209,0.4951071631430293,0.5041423628982137,32.667675055424894,-0.00989202272079831,-0.0064907369091004394,-0.003401285811697871,0.01488496994649268,0.23629157250654023
2015-07-08,NVDA,0.4756461230478871,0.4785463956776088,0.4710539983067651,0.4749210476875305,332492000,-0.007074166311042407,0.49203271269798277,0.5059178382158279,0.4914369603329386,0.5013593804971962,31.418361055897805,-0.010957693917522604,-0.007384128310784873,-0.003573565606737731,0.014716736676342771,0.2336209521361574
2015-07-09,NVDA,0.4824135666719625,0.484588793301394,0.4662203185180276,0.469120591878891,357588000,-0.012213515987305468,0.4881656736135483,0.5034284308552742,0.487379438795839,0.4982890196764052,29.346428710283604,-0.01213046191202688,-0.008333395031033275,-0.0037970668809936044,0.014514977776410722,0.2304181288920724
2015-07-10,NVDA,0.4751627303015192,0.4816883798708397,0.4739542809459717,0.4773379564285278,216708000,0.017516529207820764,0.48473367393016814,0.5010719522833824,0.4855537147290551,0.4962936803194645,35.805160858393094,-0.012255542092798222,-0.009117824443386265,-0.0031377176494119564,0.014973400828972513,0.23769536924609794
2015-07-13,NVDA,0.4821717491899673,0.4831384971403784,0.4773379518145018,0.4804799258708954,212472000,0.006582274466242044,0.48265513181686404,0.4995855540037155,0.48463120766393514,0.49478760846721986,38.13389554485891,-0.011963233651073546,-0.009686906284923722,-0.002276327366149824,0.014173596828036589,0.22499887434167237
2015-07-14,NVDA,0.4812050553490491,0.4816884293786081,0.4744377325000993,0.480721652507782,249216000,0.0005030941437322856,0.482099249958992,0.4981595814228058,0.48392037945372546,0.49344799361394004,38.319281384453184,-0.011578600882095225,-0.010065245204358022,-0.0015133556777372024,0.014192687472489524,0.2253019289272149
2015-07-15,NVDA,0.4795131537438311,0.4826551278305955,0.4729875329862159,0.4773379564285278,265732000,-0.007038784422549904,0.481229168176651,0.4962502270936966,0.48272357526732584,0.4919137043581865,36.6631124276434,-0.011415225028025944,-0.010335241169091607,-0.0010799838589343365,0.013760960207470774,0.21844847106254078
2015-07-16,NVDA,0.4802381616826673,0.4879722595214844,0.478546338584814,0.4879722595214844,282848000,0.022278352160643333,0.48072163164615633,0.4945704787969589,0.4836778814953546,0.49153832865945296,44.74578630944947,-0.010308815493598744,-0.010329956033993035,2.114054039429117e-05,0.014564716825685088,0.23120771182104496
2015-07-17,NVDA,0.4862805247353471,0.4867638699234252,0.4787880980860062,0.4850720465183258,220372000,-0.005943397286564123,0.4798757076263428,0.4923106715083122,0.4839313660449857,0.4909224922650599,43.12928471072566,-0.009555847060967904,-0.01017513423938801,0.0006192871784201064,0.013795688939267988,0.2189997725886453
2015-07-20,NVDA,0.4850721125187316,0.4870056664043684,0.4749211418952562,0.4761295914649963,188412000,-0.018435313099394723,0.47873976826667786,0.4896883323788643,0.4825128615758967,0.4895136445698158,38.50967389816429,-0.009570374224147027,-0.010054182236339814,0.0004838080121927872,0.014144778261022308,0.22454139377290616
2015-07-21,NVDA,0.475162680601689,0.4850719758053936,0.475162680601689,0.4783046543598175,149720000,0.004568216161757066,0.47873976826667786,0.4872835040092468,0.481747732991155,0.4884461216926731,40.187792689665564,-0.009299182520223048,-0.009903182293116462,0.0006039997728934134,0.014309419656707078,0.22715499490383706
2015-07-22,NVDA,0.4749211674123296,0.4749211674123296,0.4633200451571643,0.469120591878891,356472000,-0.019201281855011132,0.4781597226858139,0.48509621769189837,0.4794518891525615,0.48660559504374146,35.75115763146901,-0.009713368562405289,-0.009865219546974228,0.00015185098456893878,0.013873203166267141,0.22023027279490032
2015-07-23,NVDA,0.4700872503674261,0.481930042277,0.4691204736163824,0.4749210476875305,169916000,0.012364530376737237,0.47873976826667786,0.48345272094011305,0.4786280997952831,0.48549278100981663,40.23853664849027,-0.009464465213996687,-0.00978506868037872,0.00032060346638203285,0.014292000884481224,0.22687848046711492
2015-07-24,NVDA,0.4783047797895665,0.4787881538456448,0.4674287338751096,0.4693622589111328,188844000,-0.011704658707935467,0.47794219851493835,0.4813379362225533,0.4769434014527103,0.483956540809942,37.533057896193405,-0.009605034456363626,-0.0097490618355757,0.00014402737921207463,0.014171865570977842,0.22497139148787457
2015-07-27,NVDA,0.4652534132421565,0.4720207350927387,0.4613863927644696,0.4667035639286041,192420000,-0.005664483950406529,0.4765645623207092,0.4796098470687866,0.4750816128119637,0.48231340015457647,36.27672970371877,-0.009817797599771694,-0.0097628089884149,-5.498861135679392e-05,0.01366535075370685,0.21693071803666436
2015-07-28,NVDA,0.4679120733350875,0.4799965679021017,0.4630782755082818,0.4768546223640442,198308000,0.021750548356628707,0.47617785930633544,0.47913855463266375,0.47540397818506924,0.48179351655547814,43.98599947503074,-0.00906283759363441,-0.009622814709458803,0.0005599771158243932,0.013284891966989561,0.2108911220340845
2015-07-29,NVDA,0.4758879036378476,0.4865222774427549,0.473954378508618,0.4826552271842956,232680000,0.012164304482348287,0.47670958638191213,0.4789693772792815,0.4767223870940195,0.4818755842344131,47.86725649111529,-0.007905338200388468,-0.009279319407644737,0.0013739812072562693,0.0136027062524725,0.21593626740903374
2015-07-30,NVDA,0.4814468129614987,0.4886975399318932,0.4814468129614987,0.4838637411594391,190180000,0.0025038866401461135,0.4762987345457076,0.4785101830959319,0.47802081510591393,0.48206493251298704,48.66534225401741,-0.006811970458940608,-0.008785849617903912,0.001973879158963304,0.013180188020625233,0.20922899841388215
2015-07-31,NVDA,0.4857971221279902,0.4860387947221309,0.4792715010988895,0.4821717739105224,218340000,-0.0034967845386851826,0.4760087072849273,0.477942207455635,0.47877553488857,0.4820751078841809,47.56741518109645,-0.0060126857644555165,-0.008231216847214234,0.0022185310827587176,0.01318534859262449,0.2093109199546794
2015-08-03,NVDA,0.4860389528308468,0.4908727520265745,0.4797550311634302,0.4903894066810608,397132000,0.01704295691946367,0.47743468880653384,0.47808722853660574,0.48088714794175014,0.48286694586483614,53.10157196822057,-0.0046624072698222,-0.007517454931735828,0.0028550476619136284,0.013502884963383248,0.21435165357015346
2015-08-04,NVDA,0.4886975714491744,0.4937730432005526,0.4867640172414372,0.4923228919506073,260100000,0.003942754968204287,0.47883651256561277,0.47878814041614526,0.4829663741251787,0.4837675121587191,54.32316080590549,-0.0033971257807887123,-0.006693389101546405,0.0032962633207576928,0.012734985596351472,0.20216162902761353
2015-08-05,NVDA,0.504407404612936,0.5048908075850571,0.4964316301252462,0.4973984360694885,234628000,0.010309380696826187,0.48166429698467256,0.4799120098352431,0.48559038538778043,0.4850656953883162,57.4559557163687,-0.0019622079804011427,-0.005747152877317353,0.00378494489691621,0.012710590496259147,0.20177436881929658
2015-08-06,NVDA,0.4961898136969652,0.499815190878965,0.4860388152107814,0.494256317615509,655676000,-0.006317105616191698,0.4835978239774704,0.481168796122074,0.4871660094291856,0.4859409927432869,54.943619181005296,-0.0010662766119773348,-0.004810977624249349,0.0037447010122720146,0.012419040690730245,0.19714615913798428
2015-08-07,NVDA,0.5428360498802411,0.5648298136692516,0.5288180009939917,0.5554039478302002,1405248000,0.12371643626062667,0.49220199286937716,0.48507209569215765,0.4995729073202791,0.4925565122753739,76.48903749279712,0.004525688854620402,-0.0029436443284753993,0.007469333183095801,0.029731134178269288,0.4719671233895594
2015-08-10,NVDA,0.5515369153096761,0.5788478808539623,0.548153210476894,0.5747391581535339,662304000,0.034812878804464154,0.5030055522918702,0.4897850573062896,0.5132394983808709,0.5003834309304368,79.78137400774153,0.01039769351829345,-0.0002753767591216295,0.010673070277415079,0.030324690792908268,0.48138954253779226
2015-08-11,NVDA,0.5662798640147315,0.5773976090535058,0.5662798640147315,0.5718387365341187,435008000,-0.005046500796523912,0.5125039637088775,0.4943409115076064,0.523893905317825,0.5071886981307875,78.01648616227637,0.014648402074114775,0.0027093790075256516,0.011939023066589123,0.030435646886329788,0.4831509159156358
2015-08-12,NVDA,0.5626545747075083,0.577397639599561,0.5626545747075083,0.5732889175415039,384048000,0.002535996452732059,0.5215673327445984,0.4991384595632552,0.5328748166312212,0.5134839571222843,78.27525739988988,0.017927479888249276,0.005752999183670377,0.0121744807045789,0.030242619991340838,0.48008670895270933
2015-08-13,NVDA,0.5740140328644604,0.5752225111192035,0.5670050088078281,0.568455159664154,276884000,-0.008431626234951417,0.5300264745950699,0.5031626045703887,0.5393439699099362,0.5187193097453195,75.10191267536904,0.019906657263657146,0.00858373079966773,0.011322926463989415,0.03034495014535091,0.4817111497875109
2015-08-14,NVDA,0.5679718071990411,0.5723222601537691,0.5645881599831992,0.5689386129379272,214652000,0.0008504686175403453,0.5387031584978104,0.5073559328913688,0.5447248140968436,0.5235021005255679,75.21016089253399,0.021269004388580814,0.011120785517450348,0.010148218871130467,0.030217539719991474,0.47968857198788273
2015-08-17,NVDA,0.5679718515597854,0.5679718515597854,0.5583042544032072,0.5653132796287537,273880000,-0.006372099250660512,0.5461955457925797,0.5118151172995568,0.5484681714662818,0.5274841175830142,72.65908822639989,0.021804788175312506,0.013257586049022779,0.008547202126289727,0.029770508244143234,0.472592167308007
2015-08-18,NVDA,0.5635655527869642,0.5674488719146419,0.555798914531609,0.560167670249939,287084000,-0.009102226259736668,0.5529800236225129,0.5159082680940628,0.5505953530633103,0.530596836884626,69.0776503295775,0.021565598221019555,0.014919188483422136,0.00664640973759742,0.030033782768536858,0.47677152081651303
2015-08-19,NVDA,0.559439590860172,0.5657499777346435,0.5519156413409859,0.5579833388328552,249248000,-0.0038994242850700633,0.5590385138988495,0.5203514054417611,0.5519386232032275,0.5332050751654097,67.55537300401113,0.020958188221039453,0.0161269884309456,0.004831199790093853,0.02948534537065379,0.4680653470295971
2015-08-20,NVDA,0.551673037716474,0.5543427949376699,0.5351689419510598,0.5378387570381165,426932000,-0.03610247903974262,0.5633967578411102,0.5234972909092903,0.5493750111732073,0.5336463782009055,55.42472099329828,0.018636482257702314,0.016628887196296942,0.0020075950614053713,0.031147596897933696,0.49445277197531673
2015-08-21,NVDA,0.5339555244668215,0.5429356710147516,0.5206066204420366,0.5210920572280884,382664000,-0.031137026833566894,0.5599655687808991,0.5260837808251381,0.5442326559104583,0.5324507285844468,47.74861915340737,0.015269181221721273,0.01635694600138181,-0.0010877647796605355,0.03204135865011188,0.5086407999409456
2015-08-24,NVDA,0.4919670639829311,0.5298293883146357,0.4854139871919381,0.5026462078094482,682284000,-0.035398446709707154,0.5527562737464905,0.5278809130191803,0.5366714835284565,0.5296122027963517,41.01119694300392,0.010985510869859216,0.01528265897507729,-0.0042971481052180745,0.03326308843462491,0.5280351590157977
2015-08-25,NVDA,0.5247325807412995,0.5266742698351682,0.4922098815441131,0.4922098815441131,622684000,-0.020762767336526933,0.5447933882474899,0.5286486759781838,0.5285875558949394,0.5260500769628051,37.764440754089385,0.0066716404263523765,0.013560455265332309,-0.0068888148389799325,0.03344151404793429,0.5308675778178424
2015-08-26,NVDA,0.5082284224836061,0.5298293396907857,0.5043451030726968,0.5293439030647278,614976000,0.07544347018008146,0.5403988867998123,0.5309831097722053,0.5287250735621737,0.5263637746867977,52.24985571727976,0.006178055437484731,0.012083975299762795,-0.005905919862278064,0.03722429181737677,0.590917313275653
2015-08-27,NVDA,0.5349261785507633,0.5494885833419955,0.5317709850594111,0.5492458939552307,463764000,0.03759746881994275,0.53847796022892,0.5342522174119949,0.5324561318154567,0.5285430241409342,57.904866729881256,0.00730856156638926,0.011128892553088089,-0.003820330986698829,0.0379086351723509,0.6017809272474999
2015-08-28,NVDA,0.549245986819565,0.555070938147747,0.5453626666454895,0.5516730546951294,320944000,0.004419078534060983,0.5367514044046402,0.5377272814512253,0.535950117793579,0.5307458841937147,58.54959138988911,0.008304616950720822,0.010564037432614637,-0.0022594204818938146,0.03783442230850053,0.6006028345565201
2015-08-31,NVDA,0.5490033627895302,0.5528866834261902,0.5434211002241819,0.5456054210662842,219352000,-0.010998604295071823,0.5347806185483932,0.5404880821704865,0.5377056274795254,0.5321610781815784,56.23100268871241,0.008506334960067363,0.010152496938105183,-0.0016461619780378193,0.03797777468306443,0.6028784829542
2015-09-01,NVDA,0.5298295249925065,0.5388096717213952,0.5193931257419878,0.5232763886451721,353408000,-0.040925239301094374,0.5310914903879166,0.5420357570052147,0.535082129509643,0.5313149172733492,48.60319243983349,0.006786204489807712,0.00947923844844569,-0.0026930339586379772,0.03940429614666681,0.6255238091497266
2015-09-02,NVDA,0.5375959957852394,0.5392949374151221,0.5286158509419197,0.5390522480010986,344044000,0.03014823465811678,0.529198381304741,0.5441184476017952,0.5358039692353621,0.5320518059140873,53.411684125322225,0.0066196613692531825,0.008907323032607188,-0.0022876616633540053,0.039825312419133306,0.6322072352788732
2015-09-03,NVDA,0.5470615858903908,0.5497314009498998,0.5395376931450933,0.540508508682251,262556000,0.0027015204677327542,0.5294653564691544,0.5464310571551323,0.5366593400438874,0.5328572061777219,53.8409833016379,0.006529910074218215,0.008431840440929393,-0.0019019303667111784,0.039744364607276136,0.6309222286027797
2015-09-04,NVDA,0.5312855251126278,0.5397802898011091,0.5276449530074575,0.5278876423835754,287972000,-0.023349986347939167,0.5301449149847031,0.5450552418828011,0.5350644859238306,0.5323839143878032,49.57715805113965,0.0053783844252314195,0.0078211492377898,-0.00244276481255838,0.02874655818808836,0.45633746408837594
2015-09-08,NVDA,0.5407513495150944,0.552644002306437,0.538567028411326,0.550459623336792,238448000,0.04275906299169474,0.5349262565374374,0.543841265141964,0.5378636018170962,0.534105410478183,56.250250979284914,0.006215513700210784,0.007500022130273997,-0.0012845084300632127,0.029333251957509715,0.4656509389462158
2015-09-09,NVDA,0.552158321228114,0.5567697082642422,0.5383239865221955,0.5395375490188599,289392000,-0.019841735623994383,0.5396590232849121,0.5422262057662011,0.5381679558537805,0.5346227570058666,52.621296405571385,0.00592927556606937,0.007185872817433072,-0.0012565972513637023,0.0296059627145208,0.4699800880036368
2015-09-10,NVDA,0.5363825007813735,0.5548282275034759,0.5339554329986196,0.5480324029922485,357076000,0.015744694672013893,0.5415278732776642,0.5409633800387382,0.5399614916971384,0.5358998661474268,55.05025320561592,0.0063150969965586334,0.007011717653258184,-0.0006966206566995509,0.029870206204068276,0.4741748233570999
2015-09-11,NVDA,0.5419648516667974,0.5533720663365951,0.5397804729430479,0.5497314929962158,301584000,0.003100345882269595,0.5415764331817627,0.5400271967053414,0.5417378555696979,0.5372171639425496,55.54120567533686,0.006680951770089649,0.006945564476624477,-0.00026461270653482805,0.029847418272949584,0.4738130761652975
2015-09-14,NVDA,0.5524012754676454,0.5541002174849735,0.5477898283543992,0.5507023334503174,192460000,0.0017660266265813185,0.5414793610572814,0.5391153827309608,0.5433677606389014,0.5385014658004322,55.83801459795701,0.006968899885062552,0.006950231558312092,1.8668326750459485e-05,0.029851521355230587,0.4738782105772437
2015-09-15,NVDA,0.5509447789144036,0.5596822324665969,0.5492458376495115,0.5567697286605835,327976000,0.011017558564264673,0.5425957918167115,0.5386882051825523,0.545804482097389,0.5402413003585419,57.73698774009405,0.00759909133225567,0.007080003513100808,0.0005190878191548617,0.029946370263330937,0.475383890315001
2015-09-16,NVDA,0.5557991329402913,0.5638084637054225,0.5516731228288403,0.5606532692909241,173508000,0.006975128909546102,0.5463334798812867,0.5387124851346016,0.5485042615871226,0.5421852973997211,58.95360916666157,0.008316029851624829,0.007327208780805613,0.000988821070819216,0.02991458023254248,0.474879239221177
2015-09-17,NVDA,0.5703614507550049,0.5754583336139615,0.5645364996392007,0.5657500624656677,268712000,0.009090811476386795,0.5490032613277436,0.5391008213162423,0.5516398617468581,0.544429560739335,60.55834653823683,0.009189546040550334,0.007699676232754558,0.001489869807795776,0.029955875643253946,0.4755347835433618
2015-09-18,NVDA,0.5579834975020335,0.5701188380707473,0.5545856137159673,0.5652647018432617,326412000,-0.0008579064406828429,0.5514788806438446,0.5404721185564995,0.5541171054007497,0.5464138598920899,60.316512501606695,0.009730482423356612,0.008105837470874969,0.0016246449524816436,0.028660043918458236,0.45496409263457777
2015-09-21,NVDA,0.5659927999328064,0.5723031882880701,0.563080295194726,0.5710896253585815,281840000,0.010304771368750743,0.5557990789413452,0.5429719969630241,0.5572030181203554,0.5487639327936605,62.26414913559147,0.01050807055443126,0.008586284087586228,0.0019217864668450314,0.027548150262500685,0.4373133280464932
2015-09-22,NVDA,0.5587115508296967,0.5625948708782162,0.552643852404036,0.5555563569068909,228356000,-0.02719935323976075,0.5563087522983551,0.5456175044178962,0.5569036251724527,0.5494108303282539,54.57234801252586,0.009758420802808643,0.008820711430630712,0.000937709372177931,0.02697112307102459,0.42815330535628643
2015-09-23,NVDA,0.5560415520814688,0.5616238119574981,0.553857232291688,0.5582259297370911,161632000,0.004805224163149324,0.5581775903701782,0.5489183068275452,0.5571440441842052,0.550250363605286,55.587791978861546,0.009272838678415996,0.008911136880187768,0.0003617017982282273,0.026264628190711264,0.41693804682119
2015-09-24,NVDA,0.5548282651274188,0.5747302454419362,0.5460908089438291,0.5689052939414978,382440000,0.019130899579380634,0.5602648794651032,0.5508963763713837,0.5592824532309856,0.5520270236373062,59.48898226942599,0.009638638561042079,0.009056637216358632,0.0005820013446834471,0.02098843423960297,0.333181064439735
2015-09-25,NVDA,0.5759437530972934,0.5841958304483961,0.567449044175979,0.5730313062667847,369692000,0.007252546898800949,0.56259486079216,0.5520856469869614,0.56178224469204,0.5540274315067804,60.91737712657387,0.01014453246014757,0.00927421626511642,0.0008703161950311504,0.01945921635156484,0.3089054830466532
2015-09-28,NVDA,0.5730314242880711,0.576671998042484,0.561866897807019,0.5655074715614319,395584000,-0.013129884219362231,0.5640753746032715,0.5527773678302765,0.562459558668293,0.5551207686548424,56.97249720696829,0.009825088929274473,0.009384390797948032,0.0004406981313264408,0.019752187151324714,0.31355625031206313
2015-09-29,NVDA,0.5715750868716107,0.5764292230681786,0.563565756360687,0.5754584074020386,380736000,0.017596471030048466,0.565944242477417,0.5542700171470643,0.5648229857107921,0.5570576866307658,60.60605008062435,0.010256652680926348,0.009558843174543696,0.0006978095063826517,0.019840326405941862,0.3149554176028206
2015-09-30,NVDA,0.5807977723013792,0.5990008072640418,0.5773998894156657,0.5982726812362671,556380000,0.03964539146664947,0.5697061836719512,0.558019831776619,0.5709047485336057,0.5609829242122422,67.40269324614643,0.01229782957078085,0.010106640453791128,0.0021911891169897214,0.018625762845117286,0.2956748188022832
2015-10-01,NVDA,0.5982727359844038,0.5999716775827313,0.5696333024906363,0.5866228342056274,489296000,-0.019472470323342317,0.5717934608459473,0.5603983610868454,0.5737625822921552,0.5634248204020884,61.56185849365996,0.012827563501176642,0.010650825063268232,0.00217673843790841,0.018668422346091805,0.29635201738607936
2015-10-02,NVDA,0.5834677812625,0.6019135117530823,0.5774000816330481,0.6019135117530823,386144000,0.026065602386856623,0.5754583418369293,0.5634686112403869,0.5788809331032327,0.5670904100545641,65.75626042980156,0.014316183296569474,0.011383896709928482,0.002932286586640992,0.019277499766129965,0.3060208216817142
2015-10-05,NVDA,0.6057967757652342,0.6244851939714644,0.6026415815123277,0.6169613003730774,482024000,0.02499991830415671,0.580045509338379,0.5679222941398621,0.5858046362432044,0.5718400186563273,69.30596553920127,0.01651972686325509,0.012411062740593804,0.004108664122661287,0.018474837692146556,0.29327895627421363
2015-10-06,NVDA,0.6104081487568064,0.6276403124796467,0.6079810809986939,0.624970555305481,453216000,0.012981778480368744,0.5869869291782379,0.5716478407382966,0.5929257124363456,0.5769000697657705,71.02744559676327,0.01869680581337707,0.013668211355150457,0.005028594458226614,0.01663324043904961,0.26404450619320846
2015-10-07,NVDA,0.6264267844171812,0.637833996672776,0.6162330770629323,0.631523609161377,310152000,0.010485380151538326,0.5943166971206665,0.5762471437454224,0.5999435118408968,0.5821023116129711,72.39178568589186,0.02071217617233756,0.015077004318587878,0.005635171853749682,0.015445510189639926,0.24518987300580797
2015-10-08,NVDA,0.6288538731415688,0.6368632025025418,0.6181747287496985,0.6351642608642578,460068000,0.005764870307406911,0.6009425938129425,0.5806037366390229,0.6063472843905987,0.5871558305892841,73.14831790564578,0.022345556205686457,0.016530714696007594,0.005814841509678863,0.01534352238492163,0.2435708667975318
2015-10-09,NVDA,0.6317664054139918,0.6378341045444739,0.6208446279913385,0.6327372789382935,423248000,-0.0038210303625427766,0.6069131910800933,0.5847540259361267,0.6111454652174523,0.5914969209082374,71.73706512934363,0.02317701429805452,0.01785997461641698,0.005317039681637541,0.015525339290387297,0.24645712069358874
2015-10-12,NVDA,0.6334654618887591,0.6431737938271271,0.6288540722104409,0.6395331621170044,227588000,0.0107404501124293,0.6143157601356506,0.5891955673694611,0.6163068646537344,0.596071801023358,73.29096391222143,0.024106437794387592,0.019109267252011102,0.00499717054237649,0.015490580595135304,0.24590534351238563
2015-10-13,NVDA,0.6344362050534106,0.6446298560126539,0.6322518264767729,0.6407465934753418,298444000,0.0018973705043232592,0.6208445787429809,0.5933944106101989,0.6207504517122084,0.6003265431616421,73.57037934608485,0.024656699299650975,0.02021875366153908,0.004437945638111895,0.015519475210124414,0.2463640313053265
2015-10-14,NVDA,0.6414746122622172,0.6744828042071588,0.6407465439920976,0.6640464067459106,612148000,0.036363538265873796,0.6274219512939453,0.5985640674829483,0.6286224435365179,0.6063951015982392,78.27098773409,0.026665502400291308,0.021508103409289527,0.005157398991001781,0.016836195588986545,0.2672663193174062
2015-10-15,NVDA,0.6652599408067622,0.679336969563215,0.658464173728381,0.6657453775405884,526048000,0.0025585121422513346,0.6353342056274414,0.6035638332366944,0.6353720679008943,0.6120475088308439,78.57028156327685,0.028071001047943578,0.022820682937020338,0.00525031811092324,0.016890106442978926,0.26812212759319193
2015-10-16,NVDA,0.6679297735822172,0.6824921815890053,0.6662307739021461,0.6761817932128906,448396000,0.01567628709771407,0.6427610337734222,0.6091096878051758,0.6427920179576209,0.6181555359148484,80.3598666352148,0.029684812337792743,0.02419350881717482,0.005491303520617923,0.016822488526761332,0.267048726450287
2015-10-19,NVDA,0.6783662441065006,0.68152143863099,0.6672017185376723,0.6749683022499084,294712000,-0.001794622356239839,0.6485617339611054,0.6143036216497422,0.6486422514653095,0.6235662755658065,79.52824241438515,0.030514103244897672,0.025457627702719393,0.005056475542178279,0.016994782160126017,0.26978380308846317
2015-10-20,NVDA,0.6720557115395628,0.6771525364372128,0.6669588287760534,0.6739973425865173,264824000,-0.001438526313242483,0.653464412689209,0.6202256709337235,0.6532522680328018,0.6283692343296837,78.82532706186686,0.030738638048029676,0.02651382977178145,0.004224808276248226,0.015004158120107643,0.23818362610617133
2015-10-21,NVDA,0.6781233019732118,0.6822493689090933,0.6640463332558192,0.665259838104248,386280000,-0.012963707614541131,0.6568380355834961,0.6255773663520813,0.6554354625912465,0.6318826251653565,72.6062418311949,0.029867248854769324,0.027184513588379026,0.0026827352663902973,0.01582032182764592,0.2511398233017477
2015-10-22,NVDA,0.6730265522342217,0.6914722793335967,0.672055736674436,0.6892879009246826,306884000,0.036118312641427286,0.6622503995895386,0.6315964967012405,0.661590451379144,0.6373497942852924,77.79465238567039,0.030760937559631163,0.027899798382629456,0.002861139177001707,0.016821337418399845,0.2670304531715475
2015-10-23,NVDA,0.6953556454506353,0.698510839628116,0.6849192472941686,0.693899393081665,381776000,0.0066902264653072585,0.6683666110038757,0.6376399010419845,0.667464804415966,0.6427354703611374,78.63116215829903,0.03147843734308975,0.028615526174721517,0.002862911168368232,0.01682624700761962,0.2671083904842375
2015-10-26,NVDA,0.694384972088066,0.6960839142446454,0.6844339507719731,0.6907443404197693,247436000,-0.004546844533014904,0.6734877288341522,0.6439017444849015,0.6716974473257484,0.6473077437000547,76.50758636769801,0.03143016730475845,0.029178454400728904,0.002251712904029545,0.01631368076857359,0.25897165369045666
2015-10-27,NVDA,0.6873462963258336,0.6946275001039584,0.6868608595942797,0.690258800983429,208268000,-0.0007029220623729904,0.678438949584961,0.6496417641639709,0.6750722388998721,0.6513983205841856,76.16667565186054,0.03099543786322656,0.029541851093228436,0.001453586769998124,0.016388668789990547,0.260162051626325
2015-10-28,NVDA,0.6946275110747487,0.6958410739898682,0.6844338024780312,0.6958410739898682,217036000,0.008087217429876947,0.6816184163093567,0.654520183801651,0.6788483907344168,0.6556309637656792,77.41282287687916,0.03074692303788784,0.02978286548216032,0.0009640575557275204,0.014746343461686393,0.23409094528299318
2015-10-29,NVDA,0.6846764740047672,0.6917149298163737,0.6705994466498374,0.6718129515647888,327168000,-0.034531049291621985,0.6822251737117767,0.6587796896696091,0.6775692199763026,0.6571721054608325,62.310621372164626,0.02828505210620147,0.02948330280696855,-0.0011982507007670812,0.01648755638649319,0.2617318435548943
2015-10-30,NVDA,0.6790942466016642,0.693413964085119,0.6739973636786524,0.6885597705841064,301160000,0.02492780018651164,0.6834629714488983,0.6631120026111603,0.6795675019049942,0.6601614069011443,67.12451702668095,0.027369827655780776,0.029060607776730998,-0.0016907801209502214,0.016419883805587322,0.2606575746369654
2015-11-02,NVDA,0.6907441340579781,0.6972972112372844,0.6866181246438171,0.6965690851211548,190088000,0.011631981534811375,0.685623049736023,0.6670923918485642,0.6826586988533869,0.6636288048268596,69.15373186798143,0.02697978427272818,0.028644443075930434,-0.0016646588032022541,0.015907315118136128,0.2525207989759575
2015-11-03,NVDA,0.6924431878986841,0.6963265085252756,0.6839484782772677,0.6917150616645813,376768000,-0.006968473853141588,0.6873948216438294,0.6704296171665192,0.6843053102736041,0.6663036864304521,66.47573395630344,0.02597951725217429,0.028111457911179208,-0.002131940659004919,0.016084604915644042,0.2553351872611271
2015-11-04,NVDA,0.6897734485712367,0.6948702744792117,0.6771526706666842,0.6803078651428223,442264000,-0.016491178454764444,0.6888996243476868,0.6728688299655914,0.6835785020680074,0.6676374177363922,60.542186126949694,0.023989793598982567,0.027287125048739883,-0.0032973314497573153,0.016736711153989073,0.26568705287145566
2015-11-05,NVDA,0.68370584732596,0.6856475369026771,0.6705996886131063,0.6725413203239441,478800000,-0.01141622082709226,0.6872249662876129,0.6747376829385757,0.681571741750905,0.6681044560780638,56.82331213342063,0.02153795190681096,0.0261372904203541,-0.00459933851354314,0.017071373899921843,0.2709996592643523
2015-11-06,NVDA,0.7390430591353695,0.7752063960471771,0.723752522263018,0.7657408118247986,1172272000,0.13857808982794229,0.6944091081619262,0.681387859582901,0.6968752090370673,0.6774031566253719,75.93035364985187,0.026806263841424927,0.026271085104568267,0.0005351787368566598,0.034685031692732626,0.5506078084521854
2015-11-09,NVDA,0.7582166821616358,0.7645270696882148,0.7516635473615175,0.7623426914215088,492568000,-0.00443769007843775,0.7015689432621002,0.6875283360481262,0.7087783876524203,0.6854926361297659,74.63350919666773,0.030357299041883667,0.027088327892031347,0.0032689711498523205,0.03483647837265144,0.5530119499638949
2015-11-10,NVDA,0.7523917713082128,0.7565178389705893,0.7317617223256566,0.7477803826332092,552260000,-0.019102050760329115,0.7073211014270783,0.6928800255060196,0.7158696594671091,0.6914248024634271,69.18054551892645,0.03163183134355385,0.02799702858233585,0.0036348027612180013,0.03538543634549953,0.5617263876221881
2015-11-11,NVDA,0.7482658417225911,0.7536054150194431,0.73782944246002,0.7404992580413818,619896000,-0.009736982623411272,0.7117869198322296,0.6967026680707932,0.720347768298795,0.696098560137518,66.56189622736899,0.03168908937493253,0.028735440740855187,0.002953648634077346,0.03496092630005023,0.5549874995663425
2015-11-12,NVDA,0.7388002028421495,0.7455960281532262,0.7346741929124341,0.7378293871879578,291080000,-0.003605501051393234,0.7183885633945465,0.7003068685531616,0.7235262444604609,0.7000729246185123,65.58161221420619,0.031159839281580837,0.02922032044900032,0.0019395188325805161,0.035020045543382616,0.5559259884596774
2015-11-13,NVDA,0.7385573716643831,0.7417125653344185,0.7196262096441705,0.7232668399810791,292940000,-0.019737011644900715,0.7218592703342438,0.7026611208915711,0.7234790800096642,0.7022818689387568,60.359970949660514,0.029228402089014893,0.029221936777003236,6.465312011656732e-06,0.03538241223689612,0.5616783813863744
2015-11-16,NVDA,0.7327325616040506,0.7383148239479872,0.7269075519471656,0.7378293871879578,344280000,0.020134404623416202,0.725985300540924,0.7058041751384735,0.7260882267693539,0.7056673468672521,63.49048521689225,0.02854376529551328,0.029086302480705248,-0.0005425371851919686,0.03553518641301383,0.5641035962469358
2015-11-17,NVDA,0.7397710763622085,0.744139775739005,0.7346741929124341,0.7378293871879578,257048000,0.0,0.7305967330932617,0.7089957773685456,0.7282229832091001,0.7087303983263669,63.49048521689225,0.027682083872735408,0.02880545875911128,-0.001123374886375872,0.03552286990254875,0.5639080777046714
2015-11-18,NVDA,0.740874497315622,0.7569540382347432,0.7328347558988519,0.7559794783592224,350216000,0.024599306406646315,0.7381638944149017,0.7135317593812942,0.7332696186909404,0.7132303107104484,67.23118837697052,0.02813938252242365,0.028672243511773755,-0.0005328609893501049,0.03551075211826763,0.5637157138427776
2015-11-19,NVDA,0.7586594940095218,0.7657246761385993,0.7525687556658778,0.7581722140312195,254072000,0.0029005227453478,0.7467269837856293,0.7169759750366211,0.7377973632982638,0.7175104919790932,67.66225957878768,0.028351907301313872,0.02860817626968178,-0.00025626896836790716,0.03484652508386697,0.5531714365601171
2015-11-20,NVDA,0.7637757998043424,0.7691356481174185,0.7591468425378493,0.7647503018379211,239744000,0.008676244901835384,0.7466279327869415,0.7205185204744339,0.7426978975782015,0.7220095214894577,68.98057732108413,0.02872006440552244,0.028630553896849913,8.951050867252522e-05,0.03485348328307106,0.5532818945481183
2015-11-23,NVDA,0.7710844086372662,0.7710844086372662,0.7506196400535365,0.7532995343208313,242552000,-0.014973210850090846,0.7457236170768737,0.723646280169487,0.7446254678950432,0.7249895227114933,64.08308826987684,0.027767760860100132,0.02845799528949996,-0.0006902344293998261,0.03508748757598931,0.5569965975368175
2015-11-24,NVDA,0.7532996160597045,0.7659683141262537,0.7498888306065823,0.7593903541564941,195428000,0.00808552183847322,0.7468846142292023,0.7271028578281402,0.7473099926698524,0.728265792372922,65.48673722419134,0.027191089740348118,0.02820461417966959,-0.0010135244393214733,0.03506876208120708,0.556699339522595
2015-11-25,NVDA,0.7579286558923982,0.7669429004771533,0.7557359829656448,0.7584158778190613,138300000,-0.0012832350741606158,0.7486762762069702,0.7302315980195999,0.7493292445151631,0.7311372290820781,65.04873270952102,0.02635167591031584,0.027834026525798843,-0.0014823506154830017,0.035092588899802706,0.5570775785418223
2015-11-27,NVDA,0.7598777335844322,0.7671865859646657,0.7559796673645219,0.7647503018379211,86996000,0.008352177484832524,0.7513683676719666,0.7348784655332565,0.7521330731193009,0.7343384741064442,66.61201002217089,0.02589902168133551,0.027447025556906177,-0.0015480038755706672,0.033846929619477675,0.5373033504974639
2015-11-30,NVDA,0.7654811626522307,0.776200858855014,0.7647502716345139,0.7727900147438049,327244000,0.010512860062378504,0.7563206851482391,0.7390899777412414,0.7558888806873925,0.7380005255957166,68.53559223394993,0.025890577127688275,0.027135735871062598,-0.0012451587433743236,0.03359778874520206,0.5333483617289371
2015-12-01,NVDA,0.7796116492389433,0.7986146996346262,0.7788807582171406,0.7978838086128235,409496000,0.03247168492121055,0.7623261272907257,0.7441557139158249,0.7635243221283798,0.7437036954068696,73.64030517350021,0.027590695838710433,0.027226727864592168,0.000363967974118265,0.034091836965648964,0.5411911340907961
2015-12-02,NVDA,0.7991019604745151,0.8073853150105361,0.790087714881128,0.7917931079864502,294240000,-0.007633568397587109,0.7677224993705749,0.7491596162319183,0.7686641013753017,0.7482836394620678,70.64448568732374,0.02812240593739368,0.02740586347915247,0.0007165424582412094,0.03410683740953052,0.5414292587551932
2015-12-03,NVDA,0.7981273830718556,0.8064107368258089,0.7861895743761049,0.7900876402854919,246656000,-0.0021539309748417335,0.7711333155632019,0.7546486049890518,0.7725592902680636,0.7522649728738224,69.78834742845095,0.028082455959506092,0.027541181975223195,0.0005412739842828966,0.03372917006322339,0.535433975495363
2015-12-04,NVDA,0.7900875827116478,0.8237083333838705,0.7900875827116478,0.8222465515136719,458756000,0.04070296709939614,0.7775407493114471,0.7621338665485382,0.781593337767265,0.7589298851252366,75.75499555528573,0.03029651136301592,0.028092247852781742,0.0022042635102341793,0.034159801857111864,0.5422700432949621
2015-12-07,NVDA,0.8220030487638313,0.8220030487638313,0.804218169201765,0.8066544532775879,333588000,-0.018962801616352776,0.7817311644554138,0.7641795486211777,0.7861499042236874,0.7634750820921272,68.67338102082559,0.030442096661884244,0.028562217614602245,0.0018798790472819987,0.016906995895979045,0.2683902393477013
2015-12-08,NVDA,0.7966657755871998,0.8210286202500241,0.7915495956336878,0.8176178336143494,314488000,0.013591173137661672,0.7881629943847657,0.7669433057308197,0.7918713459310804,0.7686315346180531,70.74426880067263,0.03108381238829616,0.02906653656934103,0.002017275818955132,0.01698457957248178,0.2696218420306472
2015-12-09,NVDA,0.8173740445947524,0.8222466124662234,0.7886258593017184,0.7969092130661011,372676000,-0.02532799517924411,0.7919148802757263,0.7693997472524643,0.7927873217738114,0.7713246468512005,62.358718042621234,0.029580379909262322,0.02916930523732529,0.0004110746719370312,0.01747339735616004,0.27738158378287786
2015-12-10,NVDA,0.7993453876576431,0.8078724093090831,0.7966654931205999,0.8034871220588684,236596000,0.008254276503416147,0.796422004699707,0.7725491404533387,0.7947327400074581,0.7743877397281212,63.82549572003549,0.028590112104208587,0.02905346661070195,-0.00046335450649336377,0.017226613692178608,0.2734640145677087
2015-12-11,NVDA,0.7954473904196756,0.8010508485847665,0.7898439322545846,0.7915493249893188,227320000,-0.014857484011641553,0.7991019070148468,0.7752351373434067,0.7941539372768873,0.7760221764196639,59.30861440913911,0.02653614511630542,0.028550002311822646,-0.0020138571955172248,0.017673916480086472,0.28056472619300915
2015-12-14,NVDA,0.792280522047494,0.7978839823779207,0.7839971080249463,0.7934986352920532,275892000,0.0024626517150534433,0.8011727690696716,0.7787467271089554,0.7940347914614629,0.7776866010741772,59.8087837881957,0.024780006046043246,0.027796003058666766,-0.0030159970126235197,0.016802277681162308,0.2667278892228389
2015-12-15,NVDA,0.8025126864777842,0.8088470364426673,0.7981273985481837,0.8032435774803162,307296000,0.01228098166126812,0.8017087459564209,0.7820174366235733,0.7957091161921634,0.7801205988271428,62.303378638342714,0.023899094686399613,0.027016621384213336,-0.0031175266978137224,0.016513788982104993,0.26214827310028965
2015-12-16,NVDA,0.8049489630282054,0.8107960909944942,0.797883780211592,0.8081161379814148,236356000,0.006066105771282082,0.8033410489559174,0.7855317741632462,0.7979649383356636,0.7827868406513592,63.52252622585612,0.023325261898317518,0.026278349487034173,-0.0029530875887166554,0.016484695359592745,0.2616864261608573
2015-12-17,NVDA,0.8093343884574097,0.8176177431087291,0.7954475743453513,0.795934796333313,254160000,-0.015073751253785739,0.8039257645606994,0.7875295400619506,0.7975958216079635,0.7840390269067834,58.434538643437115,0.021638131896999258,0.025350305969027192,-0.0037121740720279343,0.016349061471781046,0.25953330494184174
2015-12-18,NVDA,0.7903311953938233,0.7983709376119518,0.7820478422253233,0.7830223441123962,395896000,-0.0162230025378981,0.8000033438205719,0.7887720465660095,0.7949460984269512,0.7839421999739846,53.539141072758525,0.019039664831084102,0.024088177741438576,-0.005048512910354474,0.01688735614255121,0.2680784679274172
2015-12-21,NVDA,0.7915495404041695,0.8022691796907402,0.7844842985192391,0.8015382885932922,284216000,0.023646763876048693,0.7994917273521424,0.7906114459037781,0.7961446784571949,0.7856180179377282,58.86133145522074,0.018263907973574467,0.022923323787865754,-0.004659415814291287,0.01753014116642223,0.2782823638452538
2015-12-22,NVDA,0.8039744941747585,0.8103088443420631,0.7973965330273557,0.8022691011428833,130012000,0.0009117624946821667,0.7979568541049957,0.7930599242448807,0.7972582098545927,0.7872038353858383,59.06066882555228,0.017506283995452177,0.02183991582938304,-0.004333631833930863,0.017050238635936216,0.2706641473499543
2015-12-23,NVDA,0.80348760635305,0.8086037875762918,0.8020258236933759,0.8054366111755371,122524000,0.003948188990628543,0.7988095939159393,0.7953622370958329,0.7987451919129462,0.7889402902229524,59.96611556728683,0.016965881006702488,0.02086510886484693,-0.0038992278581444426,0.01701406848406927,0.27008996398961405
2015-12-24,NVDA,0.8029999590965033,0.8100651999987082,0.8017817880749961,0.8081161379814148,52448000,0.0033268003573452276,0.799272495508194,0.7978472501039505,0.8004490002890314,0.790766561438044,60.756814603382445,0.01656289640451336,0.020004666372780217,-0.0034417699682668564,0.016982983595853197,0.2695965066871022
2015-12-28,NVDA,0.7995893689201617,0.8073854446411133,0.788382448355338,0.8073854446411133,142024000,-0.0009041934766044202,0.8008561074733734,0.7999790072441101,0.8017101719894099,0.7923493122192887,60.40644334704383,0.01600012784397631,0.019203758667019438,-0.003203630823043129,0.01696459701988145,0.26930462884220274
2015-12-29,NVDA,0.807872444892276,0.8229774271271368,0.8056797721277997,0.8205411434173584,203660000,0.01629419859320458,0.8035603582859039,0.8023665636777878,0.8051339849763095,0.7950342485238668,64.38833310248823,0.01642633211808253,0.018648273357232056,-0.0022219412391495247,0.017150244001026105,0.2722516833047547
2015-12-30,NVDA,0.8198103762771471,0.8268756175279449,0.8132324150761125,0.813476026058197,180344000,-0.008610314565990929,0.804583603143692,0.8031461745500564,0.8066507197184708,0.7967906082890411,60.849101150816985,0.016009459072072185,0.018120510500200082,-0.002111051428127897,0.01586440520694926,0.2518396252532756
2015-12-31,NVDA,0.8122578270585672,0.8159122237452758,0.8029999136924744,0.8029999136924744,148528000,-0.01287820664671091,0.804071980714798,0.8037065148353577,0.8059869368046533,0.7973819707084158,55.93908777972359,0.0146647038863702,0.017429349177434106,-0.0027646452910639052,0.016058299143485052,0.25491759607405784
2016-01-04,NVDA,0.7866768919720291,0.7937420750543172,0.780586152806643,0.7886258959770203,358076000,-0.01790039758454931,0.8033410906791687,0.8036334276199341,0.8028303839269018,0.7965480588292352,49.97990575180587,0.012297356343218602,0.016402950610591004,-0.004105594267372403,0.016589264492859624,0.2633464096894837
2016-01-05,NVDA,0.8034874174888512,0.8146943377979469,0.7917932170458627,0.80129474401474,490272000,0.016064458575792084,0.8051683306694031,0.8025858372449874,0.8025511766701451,0.7970001240849975,54.57322673666079,0.011313076415345624,0.01538497577154193,-0.0040718993561963054,0.01414528934821452,0.22454950703055934
2016-01-06,NVDA,0.7881386122889165,0.79179306738837,0.7591468148137606,0.7681611180305481,449344000,-0.04135011022059365,0.8018306136131287,0.8006611704826355,0.7962984387356729,0.7942535520798119,43.358820765697,0.0077698547247934124,0.013861951562192228,-0.006092096837398815,0.016340769415688957,0.25940167263217934
2016-01-07,NVDA,0.7489143551440721,0.7540305919862935,0.7279623020184527,0.7377074956893921,645304000,-0.03964483703527533,0.7953744530677795,0.7966656535863876,0.7856455399999854,0.7888682133759624,36.03025972976136,0.0024759321910229337,0.01158474768795837,-0.009108815496935437,0.017877238581858492,0.2837923644969995
2016-01-08,NVDA,0.7472090785135138,0.7479399696047229,0.7204099514830484,0.7218717336654663,398472000,-0.02146618018179025,0.7870179653167725,0.7929137796163559,0.7740503024846183,0.782487596260677,32.91483264860547,-0.0029631953366718866,0.008675159083032319,-0.011638354419704205,0.017665446355590968,0.280430267135076
2016-01-11,NVDA,0.7226025922043049,0.7282060515940786,0.7101775022990869,0.7230898141860962,409372000,0.001687391906100455,0.7785153329372406,0.7888939142227173,0.7647847591576142,0.7768306646345264,33.3919210091658,-0.0070936826135714615,0.005521390743711563,-0.012615073357283024,0.017470329978761825,0.27733289067624073
2016-01-12,NVDA,0.7360021661415609,0.745990972424831,0.7301550954425732,0.7352712750434875,469356000,0.016846400845934584,0.771303915977478,0.7860800117254257,0.7594186711368639,0.7728726275306179,38.13058974189113,-0.009277239213816846,0.0025616647522058813,-0.011838903966022727,0.017970604985339596,0.28527451020351663
2016-01-13,NVDA,0.7408746628841407,0.745747289093922,0.7121265341856726,0.7128574252128601,481672000,-0.03048378277704622,0.7605355441570282,0.7820479512214661,0.7509529900597722,0.7671568939765457,33.419407027352364,-0.012670278824841952,-0.0004847239632036855,-0.012185554861638265,0.018879828381868937,0.2997079841640253
2016-01-14,NVDA,0.6982395596533265,0.7065229707097997,0.6777747881706666,0.6984832286834717,600236000,-0.020164195561400367,0.7490362644195556,0.7768099337816239,0.7414130334458994,0.7606165449010149,30.791895368272932,-0.016330912102777484,-0.0036539615911184453,-0.012676950511659039,0.018694165816817432,0.29676068231462144
2016-01-15,NVDA,0.6704660866854342,0.6785058305059188,0.6490267504689422,0.6604772806167603,841452000,-0.05441211256903977,0.7347840011119843,0.7694279909133911,0.7266974420224195,0.7510794721120383,25.159420937721777,-0.022044635888786246,-0.007332096450652005,-0.01471253943813424,0.02122439481084164,0.3369268223840206
2016-01-19,NVDA,0.6741206446966815,0.6931237011967492,0.6631573339334715,0.665837287902832,457140000,0.008115354522212348,0.7225051403045655,0.7629231154918671,0.7156319594552217,0.7429611688540186,27.18242842769223,-0.02584240025798068,-0.011034157212117741,-0.014808243045862939,0.021553089370289408,0.342144686753613
2016-01-20,NVDA,0.6531684307529961,0.6780185534061774,0.644397795811544,0.6694915294647217,481180000,0.005488190025222606,0.7093248188495636,0.7572465747594833,0.7072427903660399,0.7359640603407522,28.5994564083377,-0.02823184993537009,-0.01447369575676821,-0.01375815417860188,0.021698377807280816,0.3444510691895282
2016-01-21,NVDA,0.6768005353283102,0.6877637869799228,0.6629136608383375,0.677287757396698,481456000,0.011644998612917012,0.7002374827861786,0.7510340481996536,0.7017964207352504,0.7303758410127471,31.655218589885024,-0.02916027409333366,-0.017411011424081302,-0.011749262669252358,0.02094227441616982,0.33244829995953445
2016-01-22,NVDA,0.6901998364545248,0.6977523567977536,0.68873805457612,0.6931234002113342,257996000,0.023380967161585664,0.6957790732383728,0.7455767631530762,0.7002195079127201,0.7268279895078507,37.505733143734425,-0.02829211896016237,-0.019587232931297518,-0.008704886028864853,0.0220298060158154,0.3497123288930532
2016-01-25,NVDA,0.6928799273515003,0.7009196711994651,0.6909308650966491,0.6923926472663879,270728000,-0.0010542898201438833,0.6928311645984649,0.7399245649576187,0.6987964423406597,0.7235484331039018,37.34685567612698,-0.02734781680915299,-0.021139349706868614,-0.006208467102284378,0.02192650781437949,0.34807252078177514
2016-01-26,NVDA,0.6938542520947208,0.7021376048253101,0.686789012137179,0.6992140412330627,227944000,0.009851915663180666,0.6904435873031616,0.7344794601202012,0.6988723694120057,0.7212308719733457,39.9059334510768,-0.02575216612587361,-0.022061912990669615,-0.003690253135203995,0.022140468522018026,0.351469041718281
2016-01-27,NVDA,0.6982397561215183,0.7004324294962794,0.6777749788805529,0.6909309029579163,231700000,-0.011846355746144899,0.6860095500946045,0.7286567330360413,0.697428466420353,0.7183451606385429,37.882514232481874,-0.024869303645243312,-0.022623391121584357,-0.0022459125236589557,0.022117748530293344,0.35110837303092324
2016-01-28,NVDA,0.6965343217187537,0.6989706059627254,0.6699788060337833,0.6833783984184265,276776000,-0.010930911480666161,0.6830616474151612,0.7217985957860946,0.694873908601821,0.7150149928080557,36.08585322691829,-0.024496670398381215,-0.02299804697694373,-0.0014986234214374866,0.021401006682330647,0.3397304489272703
2016-01-29,NVDA,0.6892254554073879,0.7150500795017979,0.6865455602174991,0.713588297367096,310504000,0.04420669283457834,0.6845721542835236,0.7168042093515397,0.6982765247409618,0.7148791170517738,46.92842455655423,-0.021515650469482894,-0.02270156767545156,0.0011859172059686673,0.024474507274487654,0.38852075825481347
2016-02-01,NVDA,0.7128572210077957,0.717486118739864,0.706766483554517,0.7138317227363586,289884000,0.00034112858935730905,0.6899075984954834,0.7123457998037338,0.7011047425583067,0.7147793652122104,47.00643624305862,-0.018915482399214145,-0.02194435062020408,0.0030288682209899352,0.024464362958786942,0.38835972223542337
2016-02-02,NVDA,0.7065229359309739,0.710177332261824,0.6787492566228341,0.6836218237876892,341908000,-0.042320757100657636,0.6916860520839692,0.7070955961942673,0.697926030054558,0.711811980314637,39.28805339481015,-0.019072659099048872,-0.02137001231597304,0.002297353216924168,0.025690267136072815,0.4078203477411853
2016-02-03,NVDA,0.6889815822374913,0.6931232579860632,0.6711967085659662,0.6870325207710266,326772000,0.004989157549769363,0.6934401512145996,0.7013824850320816,0.6959453920030068,0.7094520317866742,40.476382824235436,-0.018706372604817778,-0.02083728437374199,0.0021309117689242117,0.025287633087602353,0.4014287303714655
2016-02-04,NVDA,0.6880073155971269,0.7028686905292251,0.6804548516713719,0.6872764825820923,348140000,0.00035509499723818116,0.694439023733139,0.6973382532596588,0.6943692266537496,0.7073400747195712,40.56599377708053,-0.018186756630337197,-0.020307178825061032,0.0021204221947238346,0.024024903934612277,0.38138352649920765
2016-02-05,NVDA,0.6826475231150856,0.6901999870202825,0.6419615230233227,0.6439105272293091,600428000,-0.06309826751216285,0.6895177364349365,0.6926484048366547,0.6851949176674876,0.7012991654347843,31.490616369361078,-0.021031786061603386,-0.020452100272369503,-0.000579685789233883,0.026259496803531054,0.41685658857503227
2016-02-08,NVDA,0.634165324188036,0.637332499258142,0.6054171375780253,0.6144314408302307,608852000,-0.04578133941360507,0.6817216157913208,0.6872763901948928,0.6723288309698046,0.6930260488057792,27.058982948867396,-0.025372727282475194,-0.021436225674390644,-0.00393650160808455,0.027524043734379545,0.4369306487762029
2016-02-09,NVDA,0.6071224794555501,0.6468339080909842,0.604198915890504,0.6210092902183533,425372000,0.010705587232376024,0.6739011406898499,0.6821723639965057,0.6629980053786315,0.686167309892691,29.444954880143897,-0.027959872991142998,-0.022740955137741117,-0.00521891785340188,0.027758097512245315,0.44064613731409075
2016-02-10,NVDA,0.6249074535284334,0.6429359434429325,0.616136819544582,0.6195476055145264,335800000,-0.002353724375545152,0.6667628109455108,0.6763861805200577,0.6550979326760669,0.6798225761423896,29.216251559043272,-0.029784809599764817,-0.024149726030145858,-0.005635083569618959,0.027208969687628416,0.4319290033425575
2016-02-11,NVDA,0.60371175265922,0.622714803335002,0.60371175265922,0.6163804531097412,340144000,-0.005112040425295339,0.6600630164146424,0.6715623319149018,0.6480583909367349,0.6737804691868993,28.696153529050235,-0.03112782554365623,-0.025545345932847935,-0.005582479610808294,0.02670049076067089,0.423857150616678
2016-02-12,NVDA,0.6261256743437662,0.628074736723494,0.6029809434016127,0.6268565654754639,340816000,0.01699617876081061,0.6513898432254791,0.6679809987545013,0.6442035135801402,0.6693115259762864,32.948098920751164,-0.03098961168654879,-0.026634199083588106,-0.004355412602960684,0.027019907678735498,0.42892773699515185
2016-02-16,NVDA,0.6358706693702525,0.6585281731999697,0.6339216655132563,0.6575536131858826,485352000,0.04896981127913258,0.6457620322704315,0.6678348153829574,0.6466308044175478,0.6681917247581527,43.56719400443861,-0.02807939916990365,-0.026923239100851218,-0.0011561600690524337,0.026966697705734777,0.42808305486018167
2016-02-17,NVDA,0.6658371965700244,0.6802112925018781,0.6631572429682727,0.673876941204071,771468000,0.024824330200393874,0.6447875440120697,0.6682367980480194,0.651584647469643,0.6687331739434782,48.25967327495786,-0.024177179160597917,-0.02637402711280056,0.0021968479522026414,0.027481118288501378,0.43624922844794173
2016-02-18,NVDA,0.7291805636574156,0.7547615767918538,0.7284496725890948,0.7318604588508606,1068660000,0.08604466795255772,0.6492703378200531,0.6713552445173263,0.6661802495389553,0.6747452963156099,60.74601036861164,-0.01621889507708907,-0.02434300070565826,0.008124105628569193,0.03343729419712402,0.5308005897629599
2016-02-19,NVDA,0.7279622014866463,0.748183418927839,0.7223587434903506,0.7416054010391235,525628000,0.0133153008478748,0.6547032296657562,0.6745711266994476,0.6798939134480767,0.6811129253368968,62.38880187366784,-0.009021567200893532,-0.021278714004705317,0.012257146803811785,0.03345686949206384,0.5311113379364689
2016-02-22,NVDA,0.752325189516565,0.7764444172097859,0.7508634075802021,0.7679173946380615,449668000,0.035479776120926454,0.6671039164066315,0.678310826420784,0.6958981827553467,0.6893800176512934,66.46919323169529,-0.001180862769190938,-0.01725914375760244,0.016078280988411502,0.03391159056334961,0.538329811159607
2016-02-23,NVDA,0.7618267238540012,0.7771753182128138,0.7581722689659077,0.7698664665222168,369380000,0.002538127014395819,0.68264741897583,0.6821845173835754,0.7093469616220502,0.6970453937342385,66.75689663284474,0.005131077921838423,-0.012781099421714268,0.01791217734355269,0.033883550916749314,0.5378846955690799
2016-02-24,NVDA,0.7666992710228574,0.7764444063481674,0.7455035494132785,0.7752262353897095,336852000,0.006961946130352725,0.6980691134929657,0.6859851270914078,0.7213250113979882,0.7044911881776167,67.5806703139792,0.010445416687181797,-0.008135796199935055,0.018581212887116852,0.03387178559161305,0.5376979268226537
2016-02-25,NVDA,0.7781499935626506,0.7808298890207319,0.7630450068017501,0.7769318222999573,349616000,0.002200115053369478,0.7138075351715087,0.6902851730585098,0.7314353406528916,0.7113902961892682,67.85366256993527,0.01462609454247421,-0.0035834180514532025,0.01820951259392741,0.033633292767426964,0.5339119706090346
2016-02-26,NVDA,0.7805862331069148,0.7825352373124034,0.7640194650178633,0.7718155980110168,361964000,-0.006585165058363596,0.7293510496616363,0.6947070330381393,0.7387772056270961,0.7171450868389585,66.05676225893257,0.01732674340841489,0.0005986142405204162,0.016728129167894474,0.03352919797406157,0.5322595169929057
2016-02-29,NVDA,0.7729160165356497,0.7829411576426835,0.7663140886556784,0.7668030858039856,323344000,-0.006494442739883199,0.7433457016944885,0.6973677724599838,0.7438728202047123,0.7218744200737229,64.26124181500637,0.01884532210557488,0.0042479558135313095,0.01459736629204357,0.03243782440450256,0.5149344986777737
2016-03-01,NVDA,0.768759088725424,0.8007907271385193,0.7675364795155549,0.8007907271385193,348700000,0.044323819196551595,0.7576694130897522,0.7017157226800919,0.7542215305563136,0.7293902588417988,70.1800043225207,0.022531595070428567,0.007904683664910761,0.014626911405517806,0.03363836083667216,0.5339924237141349
2016-03-02,NVDA,0.796389523197145,0.8083708270808424,0.7949224152444924,0.8054366111755371,233812000,0.005801620672630792,0.7708253800868988,0.7078064620494843,0.7635333633961724,0.7366327685878691,70.88969680855499,0.02553354218749282,0.011430455369427174,0.014103086818065646,0.03163935802046598,0.502259237783339
2016-03-03,NVDA,0.8044584970052875,0.8078817097677219,0.7875868734368635,0.7983456254005432,302004000,-0.00880390297213407,0.7774738967418671,0.7133721172809601,0.7698628655787852,0.7425101835224095,68.22097393368759,0.027028851836332857,0.014550134662808311,0.012478717173524546,0.03187404941207456,0.5059848481256028
2016-03-04,NVDA,0.8044584357072597,0.8051919895714891,0.7897874750171056,0.7959004044532776,175304000,-0.003062860081482599,0.7829033970832825,0.7188033133745193,0.7745969635559656,0.7475949664682064,67.28037402297637,0.027697309270983128,0.017179569584443274,0.010517739686539854,0.03192639720899345,0.5068158436395799
2016-03-07,NVDA,0.7914990181115743,0.7968783932542789,0.7804957693233364,0.7907654643058777,239968000,-0.006451737074976371,0.7851882040500641,0.7261460602283478,0.7775366909650405,0.7517064424527465,65.24594517022494,0.02749576577616175,0.01924280882278697,0.00825295695337478,0.027508642191009295,0.4366861568548173
2016-03-08,NVDA,0.7826964218823012,0.7873422431667303,0.7738938346107759,0.7763389945030212,274940000,-0.018243677112934842,0.7858354568481445,0.7342414379119873,0.7773189279719461,0.7540523997908679,59.777068944331,0.025873689768582064,0.02056898501194599,0.005304704756636074,0.02511949729634233,0.39875965743048697
2016-03-09,NVDA,0.7831853573423088,0.7844079079527605,0.7658246839557237,0.7758498787879944,222788000,-0.0006300285294054131,0.785897821187973,0.7419834673404694,0.7770518281203185,0.7561283501715467,59.594684279309575,0.024268957856389717,0.021308979580834737,0.00295997827555498,0.025278871476671086,0.4012896441098149
2016-03-10,NVDA,0.7804958797112845,0.7848972031679569,0.7589784926916173,0.7746275067329407,286084000,-0.0015755265141798036,0.7856673896312714,0.74973746240139,0.7766110424135224,0.7578901746059652,59.10929967521651,0.02263760878282861,0.021574705421233513,0.001062903361595098,0.025257037467169747,0.4009430399542311
2016-03-11,NVDA,0.7861197596937992,0.7880759228985162,0.7768281739373574,0.7878313660621643,277400000,0.017045430499766256,0.7872689664363861,0.7583100080490113,0.7786511012587299,0.7607417166494127,62.64822856581042,0.02215480716134044,0.0216907257692549,0.00046408139208553925,0.02497323348551782,0.3964377914149855
2016-03-14,NVDA,0.7841635972266308,0.792966185258675,0.7804958279227726,0.7897874712944031,190312000,0.0024828983923501635,0.7895674049854279,0.7664565533399582,0.7806758958106704,0.7635079789965546,63.15694865508506,0.02168010993042324,0.02168860260148857,-8.49267106532714e-06,0.02505050884045232,0.3976644996447711
2016-03-15,NVDA,0.7856305835325919,0.7907654014672155,0.7719376774097225,0.7858750820159912,226216000,-0.004953724160754014,0.788075840473175,0.7728726267814636,0.781621202393456,0.76563817928412,61.356974980339395,0.020749029936065866,0.02150068806840403,-0.0007516581323381635,0.02371794705723786,0.3765107371346857
2016-03-16,NVDA,0.7800068404339839,0.8120384789902148,0.7763390710852026,0.8093487620353699,363644000,0.029869479967683965,0.7884670555591583,0.7796462178230286,0.7866625768738039,0.7698010919270962,67.36641031371161,0.021655639401450544,0.02153167833501333,0.0001239610664372122,0.02391872731077866,0.37969802484893445
2016-03-17,NVDA,0.8064146019768947,0.8103268115386842,0.7914990844080128,0.8025023341178894,353680000,-0.008459181305551011,0.788882726430893,0.78317831158638,0.7895425327363649,0.772915495945267,64.22906933264878,0.021573004255255435,0.021539943519061754,3.306073619368036e-05,0.01602617703942333,0.2544076734804451
2016-03-18,NVDA,0.8120386054157178,0.8374682631032612,0.8069037275279799,0.8267095685005188,545512000,0.030164690311135445,0.791963642835617,0.7874335199594498,0.7963001756025746,0.778038740950529,69.61692402397766,0.023193476849241113,0.021870650185097627,0.001322826664143486,0.016918820058536992,0.26857794210924085
2016-03-21,NVDA,0.8193738521706201,0.8293989899167465,0.810571265182632,0.8291544914245605,337780000,0.00295741457120946,0.7958025455474853,0.7904953747987747,0.8022736875702083,0.7829069076623416,70.10666304988445,0.02439380134446123,0.022375280416970348,0.002018520927490882,0.01538745904010298,0.2442683395758309
2016-03-22,NVDA,0.8264650700080807,0.8335559946916091,0.81741792363752,0.8276876211166382,242012000,-0.0017691157957815395,0.8009374082088471,0.7933864325284958,0.8068944027604683,0.7871717375151318,69.3840532144065,0.024939219185446615,0.022888068170665604,0.002051151014781011,0.015438380131830451,0.24507668684702366
2016-03-23,NVDA,0.8313549845337926,0.8479820445823748,0.827687216407078,0.8418691754341125,429008000,0.017133945169243825,0.8075393378734589,0.7967185795307159,0.8132534523374945,0.7923810173169394,72.35119152438931,0.026213625311994893,0.023553179598931464,0.0026604457130634286,0.015715218431992427,0.24947135862066233
2016-03-24,NVDA,0.8342893180394088,0.8445590126795074,0.8315996597063484,0.8430919051170349,244956000,0.0014523986845009773,0.8143857777118683,0.8000265836715699,0.8186786255701382,0.7972106256788533,72.59777683491441,0.027010900567478235,0.02424472379264082,0.002766176774837415,0.01572123366847979,0.24956684753959912
2016-03-28,NVDA,0.841624862306446,0.8553177701143291,0.8406468099552858,0.851650059223175,265388000,0.010150914810351797,0.8207676470279693,0.8040183067321778,0.8246734316888721,0.8023953336354553,74.32383441625214,0.02801043164428718,0.024997865362970096,0.0030125662813170855,0.015560978059251097,0.2470228686102655
2016-03-29,NVDA,0.8479821222868862,0.8672989001642101,0.8460260179715227,0.8653427958488464,261812000,0.016077890769080838,0.8283231794834137,0.8089452922344208,0.8320678615361401,0.8083903300367307,76.8377206070532,0.02956663091797407,0.02591161847397089,0.003655012444003177,0.015498285880045481,0.246027661118305
2016-03-30,NVDA,0.8685217523874296,0.886371427879946,0.8680326970229862,0.8743901252746582,376700000,0.010455197026210783,0.8371746838092804,0.8126252621412278,0.839762818579507,0.8146760248212952,78.34628123547084,0.031170657984967653,0.026963426376170246,0.004207231608797407,0.012710150001899925,0.201767376188126
2016-03-31,NVDA,0.8783023917056542,0.8802584965654433,0.8643649842623065,0.8712114095687866,379884000,-0.0036353517886230646,0.8433609485626221,0.8159140020608902,0.8454807442139214,0.8200603471781991,76.4620111337687,0.031818580411517416,0.027934457183239683,0.0038841232282777333,0.012833159218000842,0.2037200869567582
2016-04-01,NVDA,0.8658320983564143,0.8844153873969615,0.8592301710905477,0.8839263319969177,348292000,0.014594531578075332,0.8515033483505249,0.8201930373907089,0.852470851083557,0.8261428219228389,78.67168429657255,0.03297790284354807,0.02894314631530136,0.004034756528246707,0.012668982710740578,0.2011138657007791
2016-04-04,NVDA,0.8912618092101592,0.8959076314494242,0.8719450246021628,0.8753682374954224,393940000,-0.009681909217662321,0.8563692152500153,0.8241664290428161,0.8566340122493507,0.8308309567392754,73.65940848303535,0.03282769034039246,0.029720055120319583,0.003107635220072874,0.012978327530167245,0.20602456247019396
2016-04-05,NVDA,0.8675435227709309,0.8822144811412531,0.864120252513424,0.8741454482078552,339568000,-0.0013968856021846499,0.8608683109283447,0.8283354282379151,0.8598179096963514,0.8349561464029497,72.94430786765048,0.03223835330397862,0.030223714757051393,0.002014638546927225,0.012794586193569494,0.2031077591769924
2016-04-06,NVDA,0.8631424355214795,0.875857292893269,0.8467598667061182,0.8753682374954224,453376000,0.001398839621111092,0.8656363725662232,0.8332868903875351,0.8626452420234552,0.8388049169831852,73.22424807749451,0.03150677781059441,0.030480327367759998,0.0010264504428344132,0.011607007434095937,0.18425553081777465
2016-04-07,NVDA,0.8697443593681082,0.8775688959198268,0.8626534350589119,0.8663211464881897,378104000,-0.010335183091767064,0.8680815696716309,0.8378104537725448,0.8633135882897705,0.8414255102693761,67.64727012081984,0.029852849263228176,0.030354831746853637,-0.0005019824836254606,0.01209509155596657,0.19200362604986887
2016-04-08,NVDA,0.8734120717262732,0.8790359460726987,0.86338687399714,0.8719449639320374,255936000,0.00649160818322958,0.8709668755531311,0.8426763266324997,0.8648829293156372,0.8443321249039152,69.21678322715215,0.028665456502114606,0.03001695669790583,-0.0013515001957912255,0.011977182603875354,0.19013187946237936
2016-04-11,NVDA,0.8770796071322222,0.8917506238370293,0.8743899489133241,0.8773241639137268,387524000,0.00616919668579996,0.8735342860221863,0.8471509665250778,0.8671449719698352,0.8474742238572306,70.68186387247852,0.027837601129386935,0.029581085584202055,-0.0017434844548151196,0.011692924903526034,0.18561942836210285
2016-04-12,NVDA,0.8802586195871657,0.881481229018315,0.8592302270680994,0.8763464093208313,292764000,-0.001114473569876151,0.8746346473693848,0.8514789134263993,0.8688179605791072,0.850223955806145,70.02944714720246,0.026793761355544343,0.029023620738470514,-0.0022298593829261706,0.011768529045294088,0.18681960690533128
2016-04-13,NVDA,0.8802583928276989,0.898597121490195,0.8802583928276989,0.8983526229858398,350716000,0.025111318345063305,0.877030897140503,0.8571027904748917,0.8741878991985131,0.8548076383946873,75.50877972150774,0.027426077593126652,0.028704112109401745,-0.001278034516275093,0.01230086288098953,0.19527014456762284
2016-04-14,NVDA,0.8959074644504491,0.9047100518903122,0.8922396953933347,0.9007977843284608,416564000,0.002721828021711614,0.8799895346164703,0.8616752415895462,0.8790260601312309,0.859187652293142,76.033094087145,0.027803989765650905,0.02852408764065158,-0.0007200978750006755,0.011053706568324015,0.17547215187159923
2016-04-15,NVDA,0.900553467619549,0.9159579841747352,0.8976192517815238,0.9078889489173888,436972000,0.007872093728798824,0.8823857963085174,0.8669445723295212,0.8842738580923505,0.8638258710192607,77.53512887760598,0.028348897164145348,0.028489049545350337,-0.00014015238120498874,0.010566597146704621,0.1677395295263107
2016-04-18,NVDA,0.9061773407226044,0.9061773407226044,0.8951740896481385,0.9039766788482666,307320000,-0.004309194504225844,0.8852466404438019,0.8708079278469085,0.8878561891388806,0.867649757479166,74.7516696548337,0.028140664639911717,0.028419372564262614,-0.0002787079243508975,0.009179336388345885,0.14571744770501419
2016-04-19,NVDA,0.9073999462688992,0.9091115528415205,0.8822147865189756,0.8878386616706848,309152000,-0.017852249460840963,0.8866159617900848,0.8737421363592148,0.8878530023264813,0.8695725102593106,64.47027760016366,0.02636946497126158,0.02800939104566241,-0.0016399260744008291,0.01045605732322577,0.1659847642289466
2016-04-20,NVDA,0.8863715544754078,0.8966412522177346,0.8853935019040498,0.891261875629425,200172000,0.003855671200777122,0.8882053256034851,0.8769208490848541,0.8884727974724711,0.8716381641040833,65.5525984979601,0.024954343096848186,0.027398381455899568,-0.0024440383590513814,0.010382920939074055,0.16482376012341104
2016-04-21,NVDA,0.8915061354071562,0.8956629597421653,0.8863713170599722,0.8902835845947266,178280000,-0.0010976471242053476,0.8906015694141388,0.8793415695428848,0.8888020314946993,0.8734139184365256,64.94373463089862,0.02348320908880641,0.02661534698248094,-0.003132137893674527,0.009937536731323556,0.15775350501391094
2016-04-22,NVDA,0.893217918144266,0.899330789610605,0.8839262742312131,0.8868604898452759,223540000,-0.003844948742943499,0.8920931220054626,0.8815299987792968,0.8884490239220768,0.8746945442849781,62.74758055913188,0.021789928913446555,0.025650263368674063,-0.0038603344552275085,0.010046644420439723,0.1594855358830689
2016-04-25,NVDA,0.8871051084782331,0.8961521967834423,0.8846599479012245,0.891261875629425,191972000,0.004962884055097705,0.8934868931770324,0.8835105895996094,0.888960451505231,0.8762723853654015,64.41391055042509,0.020566074321077377,0.024633425559154726,-0.00406735123807735,0.009906924827651507,0.15726755610826393
2016-04-26,NVDA,0.8966410129196912,0.9069107079212134,0.8880829240355543,0.8919951915740967,214536000,0.0008227839254919544,0.895051771402359,0.8848432093858719,0.8895122224268429,0.8777697954805154,64.69724637115536,0.01943134080616271,0.023593008608556326,-0.004161667802393614,0.00936451347890397,0.14865704288575327
2016-04-27,NVDA,0.8897945998960272,0.9127791516250636,0.8880829936444844,0.912290096282959,352396000,0.022752257972431522,0.8964455187320709,0.8867382079362869,0.8936536540370458,0.8810574431759862,71.46796211876514,0.01993983155266399,0.02286237319737786,-0.00292254164471387,0.010332954806877456,0.16403057236480315
2016-04-28,NVDA,0.906666146249748,0.9120455213734948,0.8829481009398479,0.8851487040519714,381224000,-0.0297508351143706,0.894880610704422,0.8874350726604462,0.8921072994943049,0.8814470870689372,55.99970097115308,0.017945861884885006,0.02187907093487929,-0.003933209049994283,0.012523637132395533,0.19880657617399602
2016-04-29,NVDA,0.8814809232590971,0.8834370277137505,0.8592299290270822,0.8687660694122314,321904000,-0.018508341665919747,0.8909683227539062,0.8866770595312119,0.8878634394793824,0.8802393711016319,49.09278635798143,0.014872246853285365,0.020477706118560507,-0.005605459265275142,0.012798551020334767,0.20317069885066658
2016-05-02,NVDA,0.8770796676626544,0.8856377564729826,0.8729229016566815,0.8802583813667297,256076000,0.013228315836820714,0.8885964930057526,0.8869215667247772,0.8864807016407182,0.8802411816030697,53.431847148184914,0.013211425239675334,0.01902444994278347,-0.005813024703108138,0.01298441453066742,0.20612119060751669
2016-05-03,NVDA,0.8702332965671565,0.8739010074982783,0.8621642625620317,0.8697442412376404,224024000,-0.011944379459090881,0.8867870509624481,0.8867015063762664,0.8834377088401586,0.8792414729968384,49.29235543919907,0.010920919347037317,0.01740374382363424,-0.006482824476596923,0.013270524918194354,0.2106630522049682
2016-05-04,NVDA,0.8592301575294984,0.8599637114693752,0.8411359824717941,0.8499385714530945,525764000,-0.022771832046122653,0.8826547205448151,0.8854300230741501,0.877346956587965,0.8764507204688627,42.597630643020885,0.00742196905692083,0.015407388870291559,-0.007985419813370729,0.014189083457652305,0.22524471696533088
2016-05-05,NVDA,0.8570294361850662,0.8650984701171814,0.8487158454417987,0.8550732731819153,246884000,0.006041262158560823,0.879133689403534,0.8848676294088363,0.8732971959686832,0.874414773108201,44.694781351201435,0.005005651228992769,0.013327041342031802,-0.008321390113039033,0.014117264000859433,0.22410461843351276
2016-05-06,NVDA,0.8536062293239032,0.8660765872225467,0.851894623003936,0.8638759255409241,183240000,0.010294617590200339,0.8768352329730987,0.8844641774892807,0.8715842377090905,0.873411073339889,48.18941256939656,0.003757686153369022,0.011413170304299246,-0.007655484150930224,0.014242277101959116,0.22608913989032117
2016-05-09,NVDA,0.8660764676298845,0.8697441782955797,0.8555622743325033,0.8626532554626465,333336000,-0.0014153306535449328,0.8739743709564209,0.8837306320667266,0.8699604227551916,0.872386519256342,47.73819947951819,0.002639578168748602,0.009658451877189118,-0.0070188737084405164,0.01415978576241484,0.22477963047181673
2016-05-10,NVDA,0.8680326992241457,0.8807475557597318,0.8597191660880557,0.8792804479598999,269676000,0.01927447951070005,0.8727028965950012,0.8838773339986801,0.8716549727924112,0.8730430838947761,54.040507260559366,0.003059872702872446,0.008338736042325785,-0.005278863339453339,0.014849141209693679,0.23572280894238176
2016-05-11,NVDA,0.881970225755456,0.8915063105165566,0.877079846653538,0.8817256689071655,328176000,0.0027809340614124434,0.8696464538574219,0.8830459862947464,0.8734860084496392,0.873869996753099,54.90181465179047,0.0035493533085591,0.007380859495572448,-0.0038315061870133477,0.01367637178464493,0.2171056714789866
2016-05-12,NVDA,0.8880829707848916,0.8919952385293785,0.8540952285569068,0.8697442412376404,670540000,-0.01358861161927527,0.8681060075759888,0.8814933091402054,0.8728056871383666,0.8734770676563887,49.961096758884025,0.002936617635006078,0.006492011123459174,-0.003555393488453096,0.013936351154263997,0.22123271602710295
2016-05-13,NVDA,0.9582594148713336,1.0025168664089663,0.9536136501331984,1.0020278692245483,2110256000,0.1520948592872189,0.8814321875572204,0.8862002551555633,0.8963006293358542,0.8857200011390706,75.826668306342,0.01297562846938305,0.00778873459264395,0.0051868938767390994,0.03713409101505523,0.5894854199296453
2016-05-16,NVDA,0.994447835683986,1.0465298837451185,0.9912691207778296,1.0316143035888672,973032000,0.029526558365303046,0.8965677797794342,0.8925821363925934,0.9209031155636747,0.8996146966104798,78.50312841231845,0.023053251340542702,0.010841637942223701,0.012211613398319,0.03743079140777709,0.5941953926478687
2016-05-17,NVDA,1.0269687195145254,1.04115069059573,1.0137648596299358,1.0338152647018433,628392000,0.002133511628637841,0.9129748821258545,0.8998809665441513,0.9414325972251598,0.9123957030953715,78.69213141189219,0.03086168494558572,0.014845647342896106,0.016016037602689617,0.03698974371428371,0.5871939775680559
2016-05-18,NVDA,1.0269681410873894,1.0722037471974264,1.0269681410873894,1.0602223873138428,541072000,0.02554336689893577,0.9340032637119293,0.9083289921283721,0.9630307408776476,0.9264744349257021,80.86581712458346,0.03873425456023094,0.019623368786363074,0.019110885773867867,0.03717182563778258,0.5900844384949658
2016-05-19,NVDA,1.056065802141836,1.072448488752156,1.0545988107324626,1.064868450164795,398880000,0.004382158787198609,0.9549827814102173,0.9170582354068756,0.9815466880207653,0.9396548173294252,81.22864532819595,0.04483143229702058,0.024664981488494577,0.020166450808526002,0.037111090636938536,0.5891203002463019
2016-05-20,NVDA,1.07147073810021,1.0883424275190443,1.069759130952733,1.083941102027893,391084000,0.017910805658808426,0.9769892990589142,0.9269122660160065,1.0001638542038793,0.9533963682530888,82.68054320238929,0.05061898899387485,0.029855782989570635,0.020763206004304213,0.03701495806440799,0.5875942429674498
2016-05-23,NVDA,1.0885868064694308,1.0927435162585954,1.0790506605844348,1.0856525897979736,413636000,0.0015789490470272671,0.9992892324924469,0.9366318017244339,1.0157072606755329,0.9659921988764112,82.80903873168009,0.05471307387484825,0.03482724116662616,0.01988583270822209,0.037050224659107914,0.5881540828024343
2016-05-24,NVDA,1.088961883289357,1.1154382878288915,1.0860200475741608,1.1120060682296753,415788000,0.024274320053531806,1.0225617945194245,0.9476323455572129,1.033216134776286,0.9798982816719601,84.69230752270722,0.05939945120492218,0.039741683174285364,0.01965776803063682,0.0370982651925873,0.5889167026290583
2016-05-25,NVDA,1.115437952577157,1.1200957213461935,1.0985224607474495,1.1073479652404783,458076000,-0.004188918677946352,1.0451240241527557,0.9573852390050888,1.046694649406139,0.9920363467737238,82.96229702254931,0.06202261096917605,0.04419786873326351,0.017824742235912544,0.03716458369528107,0.5899694762217577
2016-05-26,NVDA,1.1093091948485132,1.127205221088756,1.106122226467489,1.1191152334213257,309964000,0.010626531632531577,1.0700611233711244,0.9690835654735566,1.0598620283179911,1.0041390978830191,83.85926967668001,0.064309682195264,0.04822023142566361,0.016089450769600395,0.035948664142823376,0.5706673517213735
2016-05-27,NVDA,1.1203408835062765,1.126959952906612,1.116663531808278,1.125243902206421,277416000,0.005476351855526751,1.0823827266693116,0.981907457113266,1.071749641752251,1.015672888770962,84.32221328805112,0.06585756990003822,0.05174769912053853,0.014109870779499684,0.03525800673128664,0.5597035052089547
2016-05-31,NVDA,1.130146960479156,1.147797851797167,1.1294114433549272,1.1453462839126587,412524000,0.01786491059122408,1.0937559247016906,0.9951618522405624,1.0851308494177796,1.0280227359273142,85.76447613116227,0.06792339761225308,0.05498283881888144,0.012940558793371637,0.035270931975395284,0.5599086870982324
2016-06-01,NVDA,1.139953126839449,1.1585845538956248,1.1365210249316586,1.1475528478622437,387132000,0.0019265474386025438,1.1051296830177306,1.0090522825717927,1.0964803036804094,1.0394065561115933,85.91761644007686,0.06894388997977008,0.05777504905105917,0.011168840928710906,0.0348722979738076,0.5535805685042192
2016-06-02,NVDA,1.1536813277334304,1.1654486657625485,1.1424043733869809,1.1556426286697388,329208000,0.0070495932475489465,1.1146717071533203,1.0243374854326248,1.1072370900421056,1.050476658259988,86.49137874157097,0.0696030743209608,0.0601406541050395,0.0094624202159213,0.033816858748801616,0.5368259902243677
2016-06-03,NVDA,1.1443660850488366,1.14583688593318,1.1193605996594005,1.139462947845459,461076000,-0.01400059189829661,1.1221311569213868,1.038556969165802,1.1130963369154425,1.058951542982414,79.51363039423404,0.06803564507156978,0.061719652298345556,0.006315992773224227,0.03441845137114042,0.5463759770400457
2016-06-06,NVDA,1.1424047629941578,1.1512302695258585,1.1276957023385463,1.1335793733596802,322512000,-0.005163462749625758,1.1270949840545654,1.0520421415567398,1.1168205253598493,1.0660589553992965,77.07844833794523,0.06556292225256533,0.06248830628918951,0.0030746159633758124,0.03470153933982912,0.5508698592258742
2016-06-07,NVDA,1.140443226568499,1.1468171625765695,1.135295074461331,1.1357853412628174,193400000,0.001946019797977705,1.1321082592010498,1.0656987458467484,1.1202686737058434,1.0726995635767747,77.35843599859938,0.06305442264302497,0.06260152955995661,0.00045289308306835363,0.03462997418796042,0.5497337976595753
2016-06-08,NVDA,1.1360306997099052,1.1401983190397007,1.122792558269817,1.1321083307266235,234616000,-0.0032374167922484265,1.1341184854507447,1.0783401399850845,1.1224213386187125,1.0783575414005697,75.69860779745392,0.060077182249266725,0.06209666009781864,-0.002019477848551915,0.03482754794965322,0.5528701838937594
2016-06-09,NVDA,1.1281863020942886,1.1632428507620003,1.1257347330672414,1.161526799201965,472168000,0.02598555957667048,1.1395363688468934,1.0923301964998244,1.129531422361122,1.0862784230959408,79.49023780685474,0.05940671865960567,0.061558671810176054,-0.0021519531505703807,0.03484705059952227,0.553179778862521
2016-06-10,NVDA,1.147798081912487,1.15809438853841,1.1311277208883834,1.132598638534546,400024000,-0.024905289044811152,1.1408847093582153,1.1054729163646697,1.130089098029017,1.0906898721853318,68.21868866461787,0.0558967674901385,0.06042629094616855,-0.004529523456030048,0.03541284437971744,0.5621614766769824
2016-06-13,NVDA,1.133824162752811,1.1693710777740385,1.133824162752811,1.1470623016357422,475588000,0.012770334175847609,1.1430665493011474,1.1127246379852296,1.1331751350484216,1.0960586749901327,70.4730839218489,0.05366360203506604,0.05907375316394805,-0.005410151128882011,0.014037230117065709,0.22283411991565175
2016-06-14,NVDA,1.1443659650027995,1.1546622714964516,1.1316180901646324,1.1492689847946167,298344000,0.001923769228338923,1.1434588193893434,1.118607372045517,1.1361012895477298,1.1011263235429407,70.81324949762124,0.05147845166516074,0.05755469286419059,-0.006076241199029851,0.013012460033672603,0.20656639916558928
2016-06-15,NVDA,1.1588298159166874,1.1710873061542442,1.1460819419036408,1.1610361337661743,301036000,0.010238811911956747,1.1448071479797364,1.1249684154987336,1.140634897587447,1.1068320197546773,72.62438956481179,0.050118480191710724,0.056067450329694624,-0.0059489701379839,0.013028470746541154,0.20682056135296756
2016-06-16,NVDA,1.1524562112557104,1.167655540940572,1.1411792515226715,1.1656943559646606,246456000,0.004012125086388041,1.1458123207092286,1.1302420139312743,1.1451911627469402,1.1124379565365805,73.32993343780144,0.048853420777442924,0.054624644419244285,-0.005771223641801361,0.012181970070499497,0.1933827797122419
2016-06-17,NVDA,1.1671647938754577,1.16740992728447,1.1406883984498457,1.1453462839126587,471000000,-0.01745575240017616,1.1464006543159484,1.1342659056186677,1.1452193665952526,1.1155720829533498,65.40071375690053,0.045682335194851875,0.05283618257436581,-0.007153847379513932,0.013162817467614316,0.20895324943346683
2016-06-20,NVDA,1.163733012868721,1.180893525197842,1.1629974955419171,1.1659393310546875,293768000,0.01797975636824889,1.1496366500854491,1.1383658170700073,1.1489866328606044,1.1203689637249057,69.04837609658071,0.044320020220449674,0.05113295010358258,-0.006812929883132909,0.013166735100323434,0.20901543992472535
2016-06-21,NVDA,1.1708421649539564,1.1740291334360928,1.1571136403781372,1.1588298082351685,212508000,-0.006097678181151922,1.1519410967826844,1.142024677991867,1.1507763011105252,1.1240319012973117,66.44397645178347,0.04218046655153529,0.04934245339317313,-0.007161986841637838,0.013343603778877184,0.21182314315374443
2016-06-22,NVDA,1.1612811750801677,1.1688808955767176,1.1558878891552715,1.1578490734100342,202620000,-0.0008463148066822912,1.1545151710510253,1.144316828250885,1.152062259710436,1.1272525843556662,66.0737402534096,0.0399452537302778,0.04746301346059406,-0.007517759730316265,0.012420859277708286,0.1971750283112729
2016-06-23,NVDA,1.168880897880426,1.1899638916793651,1.168145380722693,1.1887381076812744,297880000,0.02667794532172274,1.1572363018989562,1.148386335372925,1.1587305957051337,1.1331083484819147,71.4665485983149,0.04020288455314924,0.0460109876791051,-0.005808103125955859,0.013472110525386471,0.21386312451208997
2016-06-24,NVDA,1.1399533847321328,1.1610363847190444,1.1105352615267536,1.1210767030715942,1017684000,-0.05691868055080607,1.1560841083526612,1.1484844088554382,1.1518844334081264,1.1319624774904555,51.976680329285195,0.034549088567411346,0.04371860785676635,-0.009169519289355006,0.01897185040321639,0.30116878846578626
2016-06-27,NVDA,1.11176080639542,1.120341179057102,1.092638993351284,1.1090642213821411,449088000,-0.010715129175854377,1.1522843003273011,1.1476754248142242,1.1440989403124926,1.1297816911944256,49.40085182204862,0.028767493873245176,0.04072838506006212,-0.011960891186816945,0.01908274081991743,0.3029291192580139
2016-06-28,NVDA,1.130146920906565,1.131372587908711,1.1097993290075132,1.125243902206421,381920000,0.014588587849418078,1.1498817920684814,1.1466703057289123,1.140670751565934,1.1293495208146156,52.79417988563718,0.025200606541881054,0.03762282935642591,-0.012422222814544859,0.01892980332996394,0.3005013118706817
2016-06-29,NVDA,1.13505024877012,1.1524560108106054,1.132108413369303,1.1436305046081543,318932000,0.016340104012721346,1.1481412291526794,1.146474188566208,1.1412088884827012,1.1307096145092383,56.37463272380072,0.02358558780956166,0.03481538104705306,-0.011229793237491403,0.019306173324538895,0.3064760003102341
2016-06-30,NVDA,1.1455916048793235,1.1595652635555471,1.1362759493257175,1.1524559259414673,430940000,0.007717021623462994,1.14681738615036,1.1463148534297942,1.143253804384295,1.1327806917884982,58.02051279373137,0.022755500330093437,0.032403404903661136,-0.009647904573567699,0.01931955666630136,0.30668845427432084
2016-07-01,NVDA,1.1460819143919077,1.1610361058954652,1.139953110971649,1.1438754796981812,218488000,-0.007445357388636387,1.1466703057289123,1.1465354800224303,1.143366836259547,1.1338373382560871,55.815686053867694,0.02116134490848043,0.030154992904624995,-0.008993647996144567,0.0191233914195293,0.30357442752132596
2016-07-05,NVDA,1.137501608504973,1.16275222394333,1.128431086464836,1.160791039466858,371084000,0.014787938083208108,1.1461554765701294,1.1478960633277893,1.1465348732063307,1.1364043574190177,59.11425806906138,0.02102059719607441,0.02832811376291488,-0.00730751656684047,0.019338729568117406,0.30699281465502115
2016-07-06,NVDA,1.1527010777591915,1.1750098585479325,1.1468174072970847,1.1681455373764038,273104000,0.006335763853693832,1.1470870494842529,1.1495140731334685,1.1504640848736167,1.1394273269387687,60.49514974668624,0.021257457400551072,0.02691398249044212,-0.0056565250898910485,0.01937052811955868,0.3074976010100154
2016-07-07,NVDA,1.1759903504026172,1.202711883084555,1.1705970639362515,1.1985442638397217,395400000,0.026023064327747925,1.1511565685272216,1.1528358697891234,1.1592059355947266,1.1450575114055261,65.65811190435505,0.023625751040442067,0.026256336200442112,-0.0026305851600000457,0.020079026374617136,0.3187446621332627
2016-07-08,NVDA,1.2112922795478205,1.252477742327389,1.2066343928705348,1.2465940713882446,481932000,0.040090140179377176,1.1569421648979188,1.1570892333984375,1.1750946875571844,1.154727659975309,71.90776323279522,0.02904504550815412,0.026814078061984516,0.002230967446169605,0.021146318154780665,0.3356873938931994
2016-07-11,NVDA,1.2644896163345212,1.2845919561796908,1.2630186991632677,1.2752763032913208,448776000,0.023008477708493125,1.1723621249198914,1.1642231166362762,1.1933095267815728,1.1662084831482624,74.84998765472278,0.03524797510893585,0.028500857471374784,0.006747117637561063,0.020430447971242917,0.32432330703331713
2016-07-12,NVDA,1.289495051262347,1.3061652894887594,1.273314962881547,1.294398069381714,436760000,0.014994214227177727,1.1908955097198486,1.1715899050235747,1.2116892617997803,1.178417015170496,76.60888367582882,0.04123151696167149,0.031046989369434126,0.010184527592237362,0.020474376259046956,0.32502064698361927
2016-07-13,NVDA,1.2968498349579067,1.3042044223717473,1.291946815647747,1.2939079999923706,324604000,-0.00037860794212829507,1.2077619194984437,1.1788218557834624,1.2266381232893422,1.189416156582103,76.46129335990172,0.04541050841111294,0.03391969317776989,0.011490815233343048,0.020506499209448546,0.3255305830124609
2016-07-14,NVDA,1.3007724900798192,1.3189136522021092,1.2899857994327095,1.3071463108062744,316892000,0.010231261275130743,1.2241135001182557,1.1861273646354675,1.241275975565148,1.2006285522225004,77.71051212375498,0.049223195926045404,0.036980393727424996,0.012242802198620409,0.02050641997882327,0.3255293252652767
2016-07-15,NVDA,1.2904759704048616,1.2978305582304066,1.2708638920663526,1.2919468879699707,428616000,-0.011627943031815913,1.238062596321106,1.192439991235733,1.2504888687296611,1.2093255365794024,72.92517447828448,0.05043690659124689,0.03967169630018937,0.010765210291057516,0.02088678110845487,0.3315673710096816
2016-07-18,NVDA,1.3078816361685868,1.3098428204810286,1.2936628453332837,1.2985658645629885,252992000,0.0051232575074491304,1.2535316348075867,1.2001009702682495,1.259230140699357,1.217824615434982,73.68512030751586,0.051341049472072964,0.04200556693456609,0.009335482537506871,0.020186891596354735,0.32045696944424584
2016-07-19,NVDA,1.297830360765724,1.3171973027129058,1.2953787928978122,1.312049150466919,382652000,0.010383212951980747,1.2686574459075928,1.207406461238861,1.2688335970207318,1.226798380676119,75.21148086082727,0.052539930097853293,0.044112439567223535,0.008427490530629758,0.020030253443158067,0.3179704158491489
2016-07-20,NVDA,1.316461930769228,1.3363192586181143,1.311068644521132,1.329209804534912,296460000,0.013079276841028609,1.2847638726234436,1.2159254610538484,1.2798110892960373,1.2365518496150516,77.03708082538108,0.05424941945854278,0.04613983554548739,0.008109583913055392,0.01987332111500257,0.31547919237135397
2016-07-21,NVDA,1.3262674288144811,1.330435046191529,1.3002814250087211,1.3046941757202148,361308000,-0.018443761647752188,1.295378863811493,1.2232677161693573,1.2843352868277058,1.2430415949584004,69.1967462941107,0.05301487327490717,0.04751484309137135,0.0055000301835358215,0.02061797161232288,0.3273001525487746
2016-07-22,NVDA,1.3093526358323544,1.3402416706085205,1.2997917301995878,1.3402416706085205,315768000,0.027245844696656807,1.3047436237335206,1.2308428943157197,1.294500083878763,1.2522987450203167,73.42078234477935,0.054279175734374796,0.04886770961997204,0.005411466114402755,0.02064803800732663,0.32777744177277557
2016-07-25,NVDA,1.3483314381453635,1.368188646489764,1.3424477689038286,1.3650016784667969,312528000,0.018474285945037305,1.3137161612510682,1.2430391430854797,1.307318555622042,1.2630323577295053,75.8997922946002,0.0566263173111492,0.050419431158207476,0.0062068861529417235,0.014472872437378803,0.22974972735639326
2016-07-26,NVDA,1.3770142838635977,1.3954005766802984,1.3750530995586638,1.3882912397384644,514508000,0.017061928669440896,1.323105478286743,1.257000494003296,1.3220408618250277,1.274961775063692,77.98018339137762,0.05967778847916949,0.05227110262239988,0.00740668585676961,0.01369309446291109,0.21737113576666983
2016-07-27,NVDA,1.4003036607376609,1.402755228905256,1.3659825246717543,1.374317646026611,446676000,-0.010065318653516564,1.3311464428901671,1.2694541811943054,1.331545731679861,1.2844242389649223,73.86046323912142,0.060273750853405916,0.05387163226860109,0.006402118584804828,0.014476303594435956,0.22980419528608786
2016-07-28,NVDA,1.3775041493915368,1.387555318311049,1.373091398318154,1.3772590160369873,221916000,0.002140240299526308,1.3381577134132385,1.2811356067657471,1.3398572379266112,1.293265646305119,74.16980417427534,0.060288431792984154,0.055154992173477704,0.00513343961950645,0.01450475135800289,0.23025578953261228
2016-07-29,NVDA,1.3824080066364572,1.4034910075934226,1.3576477693339333,1.3998137712478638,409588000,0.01637655295644902,1.348944401741028,1.293503499031067,1.3507584258032024,1.3034130867758567,76.46937172482242,0.06141212602978352,0.05640641894473887,0.00500570708504465,0.014579766991135352,0.2314466257908756
2016-08-01,NVDA,1.405696846696789,1.4108449987764464,1.3816720200945347,1.390742540359497,301120000,-0.006480312649217779,1.3581620693206786,1.3058468520641326,1.3580282648134376,1.3117301775933463,73.63022783315475,0.06086902901020075,0.05729894095783125,0.0035700880523694967,0.014520924276531726,0.23051252665502073
2016-08-02,NVDA,1.3973616628095198,1.3980971799329431,1.360589079759683,1.3738272190093994,282748000,-0.012162798547691756,1.3643398761749268,1.3164986610412597,1.360900801939976,1.3176441815377324,68.52136105865688,0.058400491134904975,0.057519250993246,0.0008812401416589746,0.015276081315630753,0.24250027301255617
2016-08-03,NVDA,1.3721113009678525,1.3802012887248676,1.3645115800757468,1.377504587173462,299828000,0.0026767326437993066,1.3691693544387817,1.3269666135311127,1.3639196719824278,1.323345172550659,69.02454602357132,0.05609427013304691,0.057234254821206185,-0.0011399846881592762,0.0153260822106585,0.24329401261400058
2016-08-04,NVDA,1.3841241478503326,1.409374770694997,1.3814275622406962,1.403000831604004,272712000,0.018509008730677623,1.3790000200271606,1.3371894419193269,1.371025337368169,1.3309314257938347,72.32737341655087,0.055682039329662425,0.056923811722897434,-0.0012417723932350092,0.014958707535190593,0.2374621204383737
2016-08-05,NVDA,1.4191805019266577,1.427515624243244,1.4123162973009062,1.4267802238464355,371588000,0.016948950924886796,1.3876538753509522,1.3461987495422363,1.3811625894551265,1.3400598827512253,75.00433485795648,0.056621444898148576,0.056863338357947664,-0.00024189345979908766,0.013130061941070494,0.20843327156967928
2016-08-08,NVDA,1.4463918744159647,1.449823975709822,1.4248184992871709,1.4400179386138916,305064000,0.009278033537476915,1.3951555013656616,1.3544358313083649,1.3918635620294473,1.3495796975952887,76.37449039435953,0.05776818781903148,0.05704430825016443,0.0007238795688670474,0.012588788771183697,0.1998408263764468
2016-08-09,NVDA,1.447127527881814,1.457669083898454,1.4400181906569474,1.4436954259872437,372344000,0.0025537788625686897,1.4006959199905396,1.3619006991386413,1.401287537294501,1.3585431002992845,76.75568330090141,0.05830166701681061,0.057295780003493675,0.0010058870133169348,0.012436156573877305,0.19741786535964245
2016-08-10,NVDA,1.4564432222375678,1.4586495399387738,1.4297216919144418,1.4343795776367188,375740000,-0.0064527795702853386,1.4067021131515502,1.3689242780208588,1.4073042719021769,1.3657656219504688,73.51957878958622,0.05731208398976606,0.05729904080074816,1.3043189017902801e-05,0.012660608140018417,0.20098092351197255
2016-08-11,NVDA,1.4419794502612602,1.4696815171958386,1.43903761508468,1.463552713394165,681064000,0.0203385046833362,1.415331482887268,1.3767445981502533,1.4175312612643565,1.3750786782784399,76.81602027554328,0.05821084220290618,0.057481401081179766,0.000729441121726411,0.013065469405707748,0.20740789685895344
2016-08-12,NVDA,1.51748573065931,1.553768045224588,1.4863515681326909,1.5454329252243042,1425744000,0.05594619932769529,1.429893398284912,1.38941890001297,1.4407861092570742,1.3913028922732842,83.15449799253457,0.06478338086685431,0.058941797038314675,0.005841583828539637,0.016595922519188677,0.26345210258081886
2016-08-15,NVDA,1.5471489697494845,1.5567098735963267,1.523124143434126,1.543962001800537,573304000,-0.0009517872951707584,1.4452153444290161,1.4016887068748474,1.4595453624467947,1.4058418550854035,82.71698849630388,0.0690771949786857,0.06096887662638888,0.008108318352296813,0.01672811903993158,0.2655506572892611
2016-08-16,NVDA,1.5417559676811483,1.5442074189939246,1.5299887442059688,1.5346466302871704,287652000,-0.006033420189423877,1.4612972855567932,1.41281858086586,1.473200138417772,1.418108976533191,79.85162135675198,0.07091098329339984,0.06295729795979108,0.007953685333608768,0.017047250315263586,0.27061670922992936
2016-08-17,NVDA,1.5346467723985489,1.5380788746925789,1.4870873734162071,1.4990997314453125,595212000,-0.0231629211183334,1.4734567999839783,1.42131307721138,1.4779091553318702,1.4258223817629168,69.90090029121963,0.06870395960622244,0.06410663028907736,0.004597329317145085,0.018355211219791133,0.29137994489777924
2016-08-18,NVDA,1.4968930710718065,1.5248402668590284,1.491009401686206,1.5223888158798218,331684000,0.015535380299251944,1.48539559841156,1.4321978092193604,1.4859963663405886,1.4350191850121459,72.33344730585976,0.06804967758846625,0.06489523974895514,0.0031544378395111095,0.017508128847974088,0.27793292912289136
2016-08-19,NVDA,1.5216533926085158,1.5378333675196538,1.5150343225900682,1.526311278343201,291560000,0.0025765181814687566,1.4953487038612365,1.4415012896060944,1.4933263503410634,1.443713670091294,72.73314700197503,0.0670744715592293,0.06533108611100998,0.0017433854482193228,0.01693214565015337,0.2687894793181793
2016-08-22,NVDA,1.530969228913076,1.534891714543913,1.5128280689499134,1.5326852798461914,244748000,0.004176082292931316,1.5046154379844665,1.449885469675064,1.5004825193419957,1.4521871567346176,73.40551706603694,0.06605450716551586,0.06547577032191115,0.0005787368436047102,0.016707216911063295,0.26521884628011727
2016-08-23,NVDA,1.548281013203687,1.5551578660039118,1.540667287824801,1.5450881719589231,339764000,0.008092262825135421,1.5147547125816345,1.457725316286087,1.5085926379996188,1.4610348724702658,74.71222766299078,0.06549203634563905,0.06547902352665673,1.3012818982319208e-05,0.016512213540391233,0.26212326373841155
2016-08-24,NVDA,1.5504917742327875,1.551228529822572,1.5141424715461471,1.521264910697937,298448000,-0.015418706642988611,1.5234432458877563,1.4650726795196534,1.5108966875811312,1.466771066587187,67.81929459613869,0.062404574989068484,0.06486413381913908,-0.002459558830070596,0.016818230537291978,0.2669811329629607
2016-08-25,NVDA,1.5217559257327893,1.5224926811906572,1.4922835993910104,1.511194944381714,406032000,-0.006619469262327815,1.5282074689865113,1.4717694759368896,1.510950916090328,1.4710019120914275,65.08584898170062,0.05847115837975947,0.06358553873126316,-0.005114380351503689,0.017015675573715562,0.2701154757468461
2016-08-26,NVDA,1.5151248077680015,1.5320713560984458,1.5030901972002542,1.5234752893447876,300024000,0.008126248045448481,1.5260117053985596,1.4779525518417358,1.513228074863866,1.4759993765917474,66.84104350930092,0.0557027123908338,0.06200897346317729,-0.006306261072343493,0.01681876903531261,0.2669896813540253
2016-08-29,NVDA,1.5296150822340218,1.5357550617694826,1.5200365595700671,1.522492527961731,274652000,-0.0006450786500641348,1.523864758014679,1.4845400512218476,1.5149125208816596,1.480427295769841,66.55269902878173,0.05282051633600915,0.06017128203774366,-0.007350765701734513,0.0166705287036251,0.264636439042536
2016-08-30,NVDA,1.520527746271198,1.5286326411427718,1.509475595607669,1.513650894165039,285544000,-0.005807341339486793,1.5217651844024658,1.4915312349796295,1.5146831342059104,1.483591447997955,63.88264272814297,0.049255126801170945,0.05798805099042912,-0.008732924189258175,0.016391096315549556,0.2602005873999073
2016-08-31,NVDA,1.5165981879263453,1.520773369475641,1.5021076108469529,1.506528377532959,388544000,-0.004705521371894061,1.5225080490112304,1.4979824244976043,1.5132004511744646,1.4857759174774792,61.73399718921695,0.045332240490676856,0.05545688889047867,-0.010124648399801817,0.01652831859802847,0.2623789236025625
2016-09-01,NVDA,1.507756563493469,1.5566315237178725,1.506528520580704,1.5509827136993408,428492000,0.02950779874400955,1.5253674387931824,1.5053815186023711,1.5200699534517146,1.491986088546228,68.78976501019409,0.04528836218671706,0.053423183549726354,-0.008134821363009297,0.01718490454631551,0.27280190240360463
2016-09-02,NVDA,1.5541756898410024,1.555894903222981,1.5183176768881614,1.5357553958892822,323148000,-0.009817851401927591,1.5263118505477906,1.5108302772045135,1.5229218520767267,1.4961545940074712,64.4087946008535,0.043523163095499307,0.051443179458880946,-0.00792001636338164,0.017260927846458142,0.2740087348797476
2016-09-06,NVDA,1.5411582888306032,1.5502455234527588,1.5332989797569865,1.5502455234527588,306812000,0.009435179327555554,1.5280678749084473,1.516341656446457,1.5278897923269144,1.5013061110974986,66.58933950876602,0.04280008950379122,0.049714561467863,-0.006914471964071786,0.01726357593094412,0.2740507719177511
2016-09-07,NVDA,1.5453337901183883,1.552947515659883,1.5185631338117869,1.52740478515625,397988000,-0.014733626352061435,1.52629953622818,1.5205271244049072,1.5278016092049753,1.503791699103094,60.316278796683925,0.03992377534983915,0.047756404244258234,-0.007832628894419082,0.017756767601687456,0.281879946974603
2016-09-08,NVDA,1.5259312551223572,1.5409131220073502,1.5084935364736374,1.5384570360183716,315808000,0.007235967157842138,1.5280187487602235,1.5257309973239899,1.5297389595346838,1.507093159761692,62.17322523247988,0.038096942103124753,0.04582451181603154,-0.007727569712906786,0.01763789781065536,0.2799929475417881
2016-09-09,NVDA,1.5215108499284502,1.5301069187109768,1.449057935582431,1.4618293046951294,697760000,-0.049808171128106205,1.523082184791565,1.5256448268890381,1.5173917495638556,1.5027823164220193,46.07515799153764,0.030118755811644027,0.04268336061515404,-0.012564604803510016,0.02083086958057789,0.3306798030205767
2016-09-12,NVDA,1.442426178292482,1.4949851483888643,1.4077960954062092,1.4920378923416138,598260000,0.020664921375881606,1.5199384450912476,1.5229750752449036,1.5127819573416297,1.5017590379381711,51.415811800764374,0.025934608235284484,0.03933361013918013,-0.013399001903895646,0.016998034245054146,0.2698354283362369
2016-09-13,NVDA,1.488354136337276,1.5055463881558038,1.4620746467778143,1.4704251289367676,471768000,-0.014485398471299482,1.5147317051887512,1.5192982316017152,1.505080715813473,1.4987748561285137,47.77053733275859,0.020636783757290944,0.03559424486280229,-0.014957461105511348,0.017237821201387303,0.27364192826080475
2016-09-14,NVDA,1.473863542942487,1.4883541232746391,1.4615834635621443,1.4834420680999756,319048000,0.008852500482374293,1.5117108225822449,1.5167380034923554,1.5011464162292005,1.4973145906019862,50.066722305688565,0.017289277860118357,0.031933251462265506,-0.01464397360214715,0.017388591894755,0.27603533881869097
2016-09-15,NVDA,1.4858976498122742,1.541403866154029,1.4824591069559536,1.5396846532821655,515212000,0.037913570331888025,1.5150264501571655,1.518767249584198,1.5081533684206487,1.5013498346667653,58.54664804940726,0.018956147238860188,0.029337830617584444,-0.010381683378724256,0.018706380928455685,0.29695459120041173
2016-09-16,NVDA,1.545088148759264,1.5534386294788132,1.5256855164266654,1.543368935585022,902444000,0.0023928810974394032,1.5142650723457336,1.519816255569458,1.5145561988141711,1.5053516538018374,59.03739973571321,0.02033997742312965,0.027538259978693486,-0.007198282555563835,0.01841611572552751,0.2923467739531898
2016-09-19,NVDA,1.559578544878242,1.602804688571133,1.5524561078600692,1.5637538433074951,417128000,0.0132080588461152,1.517064917087555,1.5216883838176727,1.5235012250856845,1.5109137670880906,61.73654850588035,0.022818526731422484,0.026594313329239287,-0.0037757865978168027,0.018620975441376916,0.29559882112394714
2016-09-20,NVDA,1.5816829242218968,1.5816829242218968,1.540912863956004,1.5495089292526243,331112000,-0.009109435040454583,1.5169912576675415,1.5225295662879943,1.5282298985705827,1.5145894968180462,58.81980235955007,0.0233640234816177,0.02594825535971497,-0.002584231878097268,0.018752419216095172,0.29768542635969975
2016-09-21,NVDA,1.5541754783802375,1.5959279984548114,1.5539298932323162,1.5929807424545288,336212000,0.02805521954808765,1.5235488533973693,1.5249241948127747,1.5400027792767546,1.5220553297358064,64.35449671739451,0.026992987248086298,0.026157201737389238,0.0008357855106970596,0.019674444101071404,0.31232211764926004
2016-09-22,NVDA,1.6023139384676566,1.607225993553979,1.5878233583961103,1.59691059589386,308732000,0.0024669811345465753,1.5293942093849182,1.5287064790725708,1.550349655025319,1.52918440270324,64.81487789682637,0.02984207266998884,0.02689417592390916,0.002947896746079679,0.019256854058691483,0.30569308123657485
2016-09-23,NVDA,1.5988757275853838,1.6035420810019576,1.588069158090733,1.5951915979385376,276132000,-0.0010764522195184645,1.542730438709259,1.532906311750412,1.558502735554995,1.5354708022494588,64.42292225467159,0.03159705346085562,0.027834751431298453,0.0037623020295571644,0.019156712353491413,0.30410338094962286
2016-09-26,NVDA,1.577016652254955,1.5865951764013453,1.5603156898465602,1.580209493637085,230040000,-0.00939204063061394,1.551547598838806,1.5357430219650268,1.5624494188426477,1.5397316300006612,60.96266568695754,0.031416804410155486,0.02855116202706986,0.002865642383085624,0.019304310526298697,0.30644642930491656
2016-09-27,NVDA,1.5740697048086436,1.6366985017943347,1.573332949166378,1.6342424154281616,402752000,0.03419351801684978,1.5679293274879456,1.5413305163383484,1.5755026909491046,1.5487326571842326,67.70067551242676,0.03522787593028931,0.02988650480771375,0.005341371122575558,0.020581904871007757,0.32672761078005275
2016-09-28,NVDA,1.6366981730089056,1.6413646424771036,1.619260338072507,1.6401365995407104,319788000,0.0036066767432447744,1.583598780632019,1.5476548016071319,1.5872543106930328,1.557437794551516,68.34258944638927,0.0382824922250673,0.03156570229118446,0.00671678993388284,0.020459120519057378,0.32477846961914714
2016-09-29,NVDA,1.6374349122626854,1.660521674209941,1.622207578185347,1.655363917350769,336684000,0.009284176582805781,1.5951667070388793,1.5550965785980224,1.599637875539894,1.5667640919609687,70.00129851013168,0.041454157213230536,0.03354339327559368,0.007910763937636858,0.02037687714874516,0.32347289659016765
2016-09-30,NVDA,1.6644511695127762,1.6993268369125043,1.6546270609435088,1.6828714609146118,429932000,0.016617218289900704,1.6091169595718384,1.561691015958786,1.6147712546989335,1.5778219366232205,72.77625268232026,0.045661001836249326,0.03596691498772481,0.009694086848524519,0.019752514718839157,0.313561450285148
2016-10-03,NVDA,1.6828716742245344,1.707186363582336,1.6782052044957492,1.68115234375,242596000,-0.0010215380107981842,1.620856809616089,1.568960863351822,1.626840543617309,1.5876629277781518,72.32596924605895,0.04829947187435768,0.038433426365051385,0.009866045509306295,0.019518746170673208,0.3098504896283736
2016-10-04,NVDA,1.6836081583696108,1.711852440255309,1.6649422824633275,1.6774680614471436,281624000,-0.0021915219739325753,1.6336527228355409,1.5753219902515412,1.636045546859097,1.596215797651389,71.30769493697512,0.04952232506097398,0.04065120610423591,0.008871118956738075,0.019543889573995867,0.3102496287822069
2016-10-05,NVDA,1.6917129096597976,1.7089051561582302,1.6705910670482025,1.6757487058639526,305440000,-0.0010249706821289228,1.641929519176483,1.5827391862869262,1.643264303041798,1.6037903603383,70.80668965821131,0.049778887367943225,0.042476742356977376,0.007302145010965849,0.019082299553798247,0.3029221143755338
2016-10-06,NVDA,1.6556100618678726,1.6659253441163682,1.6273656526294935,1.65389084815979,360212000,-0.013043636929376934,1.6476275444030761,1.5885108768939973,1.64519640215416,1.608561835368918,64.5934127514907,0.047668970186257376,0.043515187922833376,0.004153782263424,0.019481735444991464,0.30926296257239805
2016-10-07,NVDA,1.6649423604176272,1.669363244462307,1.6371892475102627,1.6418557167053225,286260000,-0.007276859575018779,1.6522939562797547,1.5975121974945068,1.644589004799826,1.6117326812104802,61.39868806874261,0.0445125975753351,0.04371466985333372,0.0007979277220013792,0.015164364904763784,0.2407268299694439
2016-10-10,NVDA,1.650452036995864,1.659293806448434,1.632523030015112,1.6479960680007937,287876000,0.003739884834577767,1.6590726137161256,1.6053101062774657,1.6452084708363655,1.615186337095272,62.419932784293124,0.04202221859518773,0.04337617960170453,-0.0013539610065167948,0.014765918213351015,0.2344016848322758
2016-10-11,NVDA,1.6425927424597009,1.6450487113051613,1.61164666837348,1.6241724491119385,388540000,-0.01445611391400703,1.6580656170845032,1.6129974722862244,1.6413837396137423,1.6160421572873354,56.20673326421429,0.03769172166410728,0.042239288014185083,-0.004547566350077803,0.01476387668551064,0.23436927658251433
2016-10-12,NVDA,1.6175407738851666,1.6401362437172418,1.6040326558532547,1.6315401792526243,419920000,0.004536297943432244,1.6572059750556947,1.6204023778438568,1.6395940013662662,1.6175181593792676,57.61195873372815,0.03445708605509212,0.04068284762236649,-0.00622576156727437,0.01473745858759151,0.23394990227928208
2016-10-13,NVDA,1.6123834180623609,1.6160674296059592,1.564490799545121,1.6050152778625488,390116000,-0.016257583924305208,1.6521711111068726,1.623668909072876,1.6333069607292265,1.6163274087586277,51.23765613905773,0.029414207492067357,0.03842911959630667,-0.009014912104239312,0.013247743212222596,0.2103014038343098
2016-10-14,NVDA,1.624663692748479,1.6357158458331835,1.6111555707075231,1.6207340955734253,330636000,0.009793562670512124,1.6459573745727538,1.6275371670722962,1.6310209852463535,1.61674709321718,54.45371353793101,0.026381952395498898,0.03601968615614511,-0.009637733760646215,0.013357419147215643,0.21204245532711033
2016-10-17,NVDA,1.6204883152789575,1.635715648889676,1.6091905783701612,1.6114009618759155,195328000,-0.005758584164423097,1.6389822363853455,1.629919523000717,1.62745370826991,1.6162379378513452,52.25018176435401,0.02296108144202713,0.03340796521332152,-0.010446883771294387,0.013232302692242853,0.21005629317843025
2016-10-18,NVDA,1.6337510296354203,1.6452943529644235,1.627119761278602,1.635961413383484,269372000,0.015241676087233147,1.6348315715789794,1.6342421472072601,1.6290005637451053,1.6181163640925011,57.16273320048457,0.021978485442708307,0.031122069259198876,-0.00914358381649057,0.013316600054777562,0.2113944723231032
2016-10-19,NVDA,1.6249094504197656,1.6401367863828094,1.616558851191099,1.6325230598449707,199060000,-0.00210173266336533,1.6305090069770813,1.6362192630767822,1.6296410175814444,1.619488430354641,56.28963580375595,0.020683893588970825,0.029034434125153268,-0.008350540536182442,0.01194315918886274,0.18959177449312026
2016-10-20,NVDA,1.6516795748916189,1.6688718210494753,1.6283473495676528,1.6634684801101685,312084000,0.018955579266449307,1.631466770172119,1.6395471572875977,1.6357914653139396,1.6236770065218342,61.92610970279208,0.021902478869004538,0.027608043073923522,-0.005705564204918984,0.012580489279186573,0.19970907602545143
2016-10-21,NVDA,1.6575743472268194,1.6617495290331177,1.6430837692554616,1.6588023900985718,279508000,-0.002805036625213142,1.633161437511444,1.6427276968955993,1.6399752698202363,1.6270222811481903,60.65600853905793,0.022235386322589923,0.026533511723656804,-0.004298125401066881,0.01260949761108163,0.2001695690183103
2016-10-24,NVDA,1.670100192762206,1.7386233715553885,1.6698544904880706,1.7366585731506348,339836000,0.04693517655676671,1.6420276880264282,1.6505501508712768,1.6575540522439451,1.6374638327674707,71.2512019262785,0.02845356617986461,0.026917522614898368,0.0015360435649662413,0.015808298545173533,0.25094895960956004
2016-10-25,NVDA,1.733711159100119,1.775709262822865,1.725360678805922,1.7651482820510864,397460000,0.016404899236333925,1.656125271320343,1.657095444202423,1.677116639481607,1.6496242565087673,74.00940523791219,0.03527378568198358,0.028588775228315412,0.006685010453668171,0.014518111207960855,0.23046787057586376
2016-10-26,NVDA,1.7504121999294155,1.791673550126174,1.7486929867639351,1.772270917892456,333792000,0.00403514872591515,1.670198345184326,1.6637021601200104,1.6944174173744886,1.6613048909262615,74.66386707095896,0.04078346951079581,0.031027714084811493,0.009755755425984319,0.014517880263491283,0.23046420444606486
2016-10-27,NVDA,1.7857789146930392,1.789217340786452,1.7287990647930735,1.7359215021133425,388664000,-0.020510078573280133,1.6832889676094056,1.6677300393581391,1.7019636145997348,1.6684112348488407,65.58716017927892,0.0417357359867645,0.033169318465202095,0.008566417521562404,0.015444077178022242,0.24516712465161042
2016-10-28,NVDA,1.7442725062472009,1.7707975806487637,1.729781925980109,1.7329747676849363,290856000,-0.0016975044233387138,1.6945130348205566,1.6702352046966553,1.7076020060697714,1.6745601427379926,64.89838111097473,0.04177112565328578,0.03488967990281883,0.0068814457504669455,0.015101547337591916,0.23972963200522676
2016-10-31,NVDA,1.7386237070260782,1.7592543870382635,1.737641249077825,1.7477110624313354,252388000,0.008503467575633028,1.7081440448760987,1.673563140630722,1.7148945617718738,1.6815268969945014,66.7773818615405,0.042498373256076194,0.03641141857347031,0.006086954682605887,0.01516541437684707,0.24074348982228555
2016-11-01,NVDA,1.754096295689411,1.76367481905177,1.6772225236447271,1.6958884000778198,473224000,-0.029651733325657514,1.7141367435455321,1.6744841575622558,1.7114388960093185,1.6828946591929128,55.52155222976573,0.0384498406402487,0.03681910298682599,0.001630737653422712,0.01673189972729639,0.2656106738405742
2016-11-02,NVDA,1.7089055089523226,1.7319921543866097,1.6858187464054135,1.6887660026550293,295848000,-0.004199803137083569,1.719761037826538,1.6751350224018098,1.707316551763084,1.6834538347607335,54.170105382186605,0.034271570099645654,0.036309596409389924,-0.0020380263097442702,0.016763937433733354,0.2661192566634288
2016-11-03,NVDA,1.6966249750333453,1.698098602864072,1.6366978726633212,1.669117450714111,309664000,-0.011634857588338043,1.7203259348869324,1.6758963525295258,1.7003712606632706,1.6820884648515313,50.51698626674297,0.029040031258021237,0.03485568337911619,-0.005815652121094951,0.01670681121490718,0.2652124060532957
2016-11-04,NVDA,1.6580654755217514,1.688029088425234,1.635224417403884,1.6595391035079956,328780000,-0.0057385699262909595,1.7203996062278748,1.6767805218696594,1.6929472320895842,1.6799409066283375,48.78965125278494,0.023846222060727618,0.03265379111543847,-0.008807569054710855,0.016672193876951135,0.26466287284959905
2016-11-07,NVDA,1.7081688832994044,1.7614647373287955,1.7069408401657449,1.7504125833511353,487580000,0.05475826369565384,1.7217750072479248,1.6819013476371765,1.7033954777735025,1.6866524948876516,62.04835381369856,0.026754412995511956,0.03147391549145317,-0.004719502495941212,0.02060606386336485,0.3271111228942694
2016-11-08,NVDA,1.7570438859328543,1.7626928141881877,1.7315012675173271,1.7477110624313354,429884000,-0.0015433623738169144,1.7200312852859496,1.6880782783031463,1.7114528568021994,1.6924675965584786,61.538266628400486,0.02851251062892879,0.030881634518948296,-0.0023691238900195068,0.0202218700278799,0.32101223483064595
2016-11-09,NVDA,1.700309112006742,1.741324874960507,1.6877834501866065,1.718238115310669,456532000,-0.016863741240880525,1.714628005027771,1.6924131751060485,1.7126865401673756,1.6949219316777349,56.118050113635654,0.027213890364812476,0.030148085688121135,-0.002934195323308658,0.02074381847194974,0.3292979095118814
2016-11-10,NVDA,1.7558157214265429,1.7560613066020925,1.6396455012826432,1.6644513607025146,869280000,-0.03130343468048913,1.7074809908866881,1.6953849792480469,1.7039165075374008,1.6920199725372378,47.83722173401988,0.02159564175193629,0.02843759690088417,-0.006841955148947879,0.021720891135291027,0.3448084571921249
2016-11-11,NVDA,1.9527895901376833,2.18021788993007,1.9279836101731296,2.160569667816162,2175344000,0.29806717025618035,1.7502404808998109,1.7223767578601836,1.7869443548608117,1.7366437530399925,78.84523706877133,0.05652416501015112,0.03405491052273756,0.022469254487413555,0.06972897604186917,1.1069131786918007
2016-11-14,NVDA,2.163517046827138,2.1659731332865033,2.0537326054168337,2.0542237758636475,1348796000,-0.04922122787181671,1.780891752243042,1.7445178985595704,1.8355406132249636,1.7668894694993882,69.33125235781004,0.07476223413065841,0.04219637524432174,0.032565858886336674,0.07112106607019346,1.1290119227971542
2016-11-15,NVDA,2.07018805040801,2.147798609197659,2.0613462789163837,2.1168527603149414,626092000,0.03048790749438335,1.8229881882667542,1.7685624659061432,1.8866882763322321,1.800219306719917,71.51145373150827,0.09319537269548217,0.05239617473455383,0.04079919796092834,0.07121354750311415,1.1304800200315486
2016-11-16,NVDA,2.1450964930534036,2.27330109211894,2.1207818034831893,2.250460147857666,987984000,0.06311605136053333,1.8791576027870178,1.799459320306778,1.9528286166095836,1.8430993868282741,75.51100537536954,0.11723337402237943,0.06536361459211895,0.05186975943026048,0.07187720458696495,1.141015249629722
2016-11-17,NVDA,2.2671610228220116,2.3280705955180396,2.226390839502222,2.2691259384155273,832988000,0.008294210664263613,1.9391584515571594,1.829742193222046,2.0103372205743004,1.8836733441222981,76.0175699402456,0.13621958201220075,0.07953480807613532,0.05668477393606543,0.07191164959228383,1.1415620471376142
2016-11-18,NVDA,2.2691256840672995,2.3167724810605077,2.2546351065869663,2.2929491996765137,576060000,0.010498871330879789,2.0024994611740112,1.861449533700943,2.0617212167747025,1.9226519970322233,76.68058146346831,0.15144288738103184,0.09391642393711463,0.05752646344391721,0.07177269134876087,1.1393561534077097
2016-11-21,NVDA,2.3108784880174777,2.317264170985581,2.2693714316121825,2.283616542816162,436436000,-0.004070154219582456,2.0558198571205137,1.8887974321842194,2.1020658215095134,1.95702957282117,75.7965532712065,0.1608996481639795,0.10731306878248761,0.05358657938149189,0.07161277375526941,1.1368175403118557
2016-11-22,NVDA,2.2914761250449063,2.3022825771966424,2.268880645654702,2.300072193145752,330368000,0.007205960379537579,2.1110559701919556,1.9155436277389526,2.1380669799888294,1.9897002985663683,76.31505187490434,0.16778787845424503,0.1194080307168391,0.04837984773740593,0.07163880576638891,1.1372307856771502
2016-11-23,NVDA,2.305236464061849,2.342869936891835,2.2818694253009646,2.3113858699798584,443236000,0.004918835533867849,2.1703707456588743,1.9424993753433228,2.1695795054417437,2.0203370196533674,76.6848644891177,0.17217504303362086,0.12996143318019546,0.0422136098534254,0.07163168227164884,1.1371177037038627
2016-11-25,NVDA,2.3224545924493034,2.339180554499836,2.2976113675795826,2.3160593509674072,195564000,0.0020219388931324023,2.235531544685364,1.971506267786026,2.1962122046282277,2.0485010512070856,76.84569278802668,0.17402298478531675,0.13877374350121974,0.03524924128409701,0.07121196057043298,1.1304548282562181
2016-11-28,NVDA,2.3089264895275723,2.3303259095950093,2.302285176952766,2.3148298263549805,278736000,-0.0005308692162457884,2.250957560539246,2.000599020719528,2.2177790449421826,2.073865696459266,76.695801102779,0.17338955274379853,0.1456969053497355,0.02769264739406302,0.071196662115124,1.130211972807072
2016-11-29,NVDA,2.312124129078461,2.3229469920887627,2.275966599397766,2.2936763763427734,444568000,-0.009138231143978381,2.274902820587158,2.0278972864151,2.2315785597422897,2.094800046924362,74.02070199304649,0.16922987005794576,0.15040349829137756,0.018826371766568206,0.07141193965239742,1.1336293977659755
2016-11-30,NVDA,2.3022847019343113,2.316059229881533,2.265389206239301,2.2678489685058594,440500000,-0.011260266750488745,2.29000244140625,2.056495314836502,2.238173179517484,2.11128089659879,70.77482978363535,0.161982007840638,0.15271920020122964,0.009262807639408344,0.07091287904044483,1.1257070561557299
2016-12-01,NVDA,2.2653900449336306,2.2671118322424944,2.0850935794953926,2.155687093734741,1035524000,-0.049457382889573354,2.2805251359939573,2.0798413693904876,2.223175709375167,2.1155100582307855,58.73030666946094,0.1455101484824799,0.1512773898574797,-0.005767241374999815,0.07232276507069937,1.1480883030337155
2016-12-02,NVDA,2.1214976291570955,2.184220195907379,2.0937029562235785,2.1756112575531006,478292000,0.009242604771474872,2.271173667907715,2.1051660597324373,2.2145276272257,2.121233981975768,60.03151835119205,0.13253600224171302,0.1475291123343264,-0.014993110092613365,0.07207700144215205,1.1441869263790692
2016-12-05,NVDA,2.213489575494441,2.27793390048628,2.189138489022861,2.2599780559539795,602284000,0.038778434386189886,2.2678765535354612,2.1351880073547362,2.2227913415399327,2.134447703307026,65.0557391646746,0.1275908060310198,0.1435414510736651,-0.01595064504264529,0.07207481624348391,1.144152237425622
2016-12-06,NVDA,2.268095546859829,2.305483194914457,2.2523533916039815,2.2971200942993164,498796000,0.01643468981810914,2.269226908683777,2.1625233829021453,2.236305660223457,2.1499403119729585,67.021201586601,0.12522523592163193,0.13987820804325846,-0.014652972121626529,0.07154522343429591,1.135745212210185
2016-12-07,NVDA,2.2835923876177624,2.3441010247997203,2.2653904651364427,2.3384437561035156,480804000,0.017989334517925615,2.273064064979553,2.1920600175857543,2.2548762231107404,2.1678930209377736,69.10337850054366,0.12524127525710016,0.1369508214860268,-0.011709546228926643,0.07142947000837101,1.1339076835397788
2016-12-08,NVDA,2.3413946725190264,2.376568389776538,2.288757014402109,2.2993335723876953,381544000,-0.016724876796262333,2.271858835220337,2.221114790439606,2.2629593775247323,2.180411168694909,64.92533697525874,0.12070668999266232,0.1337019951873539,-0.012995305194691581,0.07142603624291681,1.1338531742030646
2016-12-09,NVDA,2.317043964954415,2.3187657523124567,2.231200198055604,2.258502960205078,382312000,-0.017757585359925554,2.266103196144104,2.250817370414734,2.2621491198302497,2.187848482172068,60.792892762199855,0.11252123458296337,0.1294658430664758,-0.016944608483512424,0.07100922373688603,1.1272364807972706
2016-12-12,NVDA,2.2100471503228074,2.212506914172264,2.1532279190259067,2.2036519050598145,601332000,-0.024286465907612964,2.2549854040145876,2.2529714822769167,2.251513262599261,2.189353570066139,55.66694740862214,0.10045025247451189,0.12366272494808302,-0.023212472473571125,0.02675508700736992,0.424723839164377
2016-12-13,NVDA,2.215950061086338,2.2700636824269025,2.2149662495672566,2.2425148487091064,387796000,0.01763569988529423,2.2498692512512206,2.2623860359191896,2.2498771873465055,2.194416548984517,58.34676532160216,0.09294837592880789,0.117519855144228,-0.024571479215420106,0.02415760199885384,0.38349004296386474
2016-12-14,NVDA,2.276213372114506,2.388622191089438,2.2523541780502776,2.3723881244659424,983980000,0.05791412076116109,2.260323166847229,2.2751628041267393,2.272151903186403,2.211366222839891,65.7891244666874,0.09637185788723412,0.11329025569282923,-0.016918397805595106,0.02637679471448152,0.4187186351851263
2016-12-15,NVDA,2.383455975549591,2.458231278396706,2.3760769202439715,2.4279768466949463,746548000,0.02343154632065847,2.2875521421432494,2.2840386390686036,2.3004837110970473,2.231995806064182,68.39231612417868,0.10239024629017024,0.11111025381229744,-0.008720007522127204,0.023152943236966032,0.3675415795452416
2016-12-16,NVDA,2.455525449719329,2.476924874350406,2.403871593327643,2.469791889190674,1089528000,0.017222175142505014,2.316970205307007,2.2940719366073608,2.331267016204979,2.254643052076229,70.22753267269748,0.10927434035150041,0.11074307112013805,-0.001468730768637641,0.02332437048791273,0.37026290278890817
2016-12-19,NVDA,2.452327666505828,2.51996950750262,2.4351095599472945,2.499799966812134,744656000,0.012150042986533993,2.3409523963928223,2.3044144749641418,2.3619093708608254,2.2779913296701246,71.50613734078203,0.1158163764736111,0.11175773219083267,0.004058644282778426,0.02334961738211062,0.3706636848094544
2016-12-20,NVDA,2.5723614954414393,2.610486886330503,2.56104672558785,2.586873769760132,848056000,0.03483230822626138,2.369927763938904,2.3195773363113403,2.4028119888425175,2.307408704916792,74.87758803622694,0.12656811695859638,0.11471980914438541,0.011848307814210965,0.02419561707638894,0.384093513611237
2016-12-21,NVDA,2.5984337588827495,2.606058882167203,2.5509614668538565,2.603107213973999,576136000,0.006275313625130119,2.3963941097259522,2.334729087352753,2.439229302502787,2.3355704676841453,75.46054729245827,0.1348444491623706,0.11874473714798245,0.016099712014388146,0.02419514578834715,0.3840860321455103
2016-12-22,NVDA,2.627458599363264,2.6778825653182814,2.620325380870693,2.634591817855835,718612000,0.012095008500925486,2.429919934272766,2.3508893847465515,2.4747497598397046,2.3640486915100207,76.59492865566885,0.14230365847313964,0.12345652141301389,0.01884713706012575,0.02422389768424819,0.3845424543431649
2016-12-23,NVDA,2.6166360517717235,2.701742074548134,2.6139304530343663,2.700266122817993,647692000,0.0249276963957199,2.474096250534058,2.370099723339081,2.515752734926666,2.396069399253637,78.79673393301452,0.15176505011276742,0.1291182271529646,0.02264682295980283,0.024523576001467512,0.3892997001472488
2016-12-27,NVDA,2.756347992202716,2.8867124092181764,2.735686307050103,2.885728597640991,1194272000,0.06868303581479962,2.5423039197921753,2.3986446619033814,2.583021073601998,2.4427036086238614,83.51348578977591,0.17224303243610217,0.1377431882095921,0.03449984422651006,0.027908125387104587,0.4430277559937217
2016-12-28,NVDA,2.94180897982245,2.949926009386018,2.6734550985808196,2.6872293949127197,2295764000,-0.06878651127848245,2.586775374412537,2.4183223128318785,2.601968041113038,2.4659917787466097,66.47015863275108,0.17048945788562087,0.14429244214479786,0.026197015740823004,0.032954878297236784,0.5231424747653295
2016-12-29,NVDA,2.580232117574343,2.742326876986516,2.5285782705828,2.7408509254455566,2175368000,0.01995420660191849,2.6236216545104982,2.4419724106788636,2.6272194746280415,2.4921688403369857,68.34924591678487,0.1714501758970015,0.1497239888952386,0.021726187001762903,0.03270967435134797,0.5192499827974483
2016-12-30,NVDA,2.738883492639519,2.7529038603708096,2.6146682749661743,2.62549090385437,1212932000,-0.04208912659940944,2.6433730602264403,2.465462601184845,2.6269051890328283,2.5048661797195937,60.494499818949556,0.16104651819041615,0.15198849475427412,0.009058023436142038,0.0320390448811441,0.5086040699972656
2017-01-03,NVDA,2.5679340088401847,2.616390360672771,2.444456752900813,2.5091471672058105,1501996000,-0.04431313644155477,2.647308588027954,2.4821393966674803,2.605494639609734,2.505273892813519,53.78167779406867,0.14177923452023844,0.149946642707467,-0.008167408187228553,0.03429889119445598,0.5444780180747619
2017-01-04,NVDA,2.5433361878543757,2.594990026209138,2.4973396154502754,2.5676872730255127,1199220000,0.02333067848104431,2.654097318649292,2.497524857521057,2.598620572958057,2.51121802426228,56.40311740380714,0.12973793257030053,0.1459049006800337,-0.01616696810973317,0.033731874215512755,0.5354769025821524
2017-01-05,NVDA,2.5711309372114433,2.6028610762439692,2.485533030984721,2.50250506401062,984296000,-0.02538557156070187,2.6456604480743406,2.5077941060066222,2.5811450258767046,2.5103882185240267,52.81131127559837,0.11362564875568193,0.13944905029516336,-0.025823401539481428,0.03440225534119006,0.5461188730351946
2017-01-06,NVDA,2.5298076919978834,2.5642436619225077,2.489222550639794,2.535957098007202,822856000,0.013367419102429556,2.638945436477661,2.5176697731018067,2.57292903899134,2.512823349903377,54.41567718312977,0.10237572370685433,0.13203438497750156,-0.02965866127064723,0.03432481819294669,0.5448895964162546
2017-01-09,NVDA,2.545796462800636,2.656483214536337,2.545796462800636,2.638773202896118,916248000,0.04054331398970068,2.6393635749816893,2.534641754627228,2.584900705155845,2.5248185739979236,59.026628315753776,0.1005968594721951,0.12574687987644026,-0.02515002040424516,0.0348350496986708,0.5529892704675506
2017-01-10,NVDA,2.65180953895212,2.6857533732513637,2.5981878373808738,2.618849515914917,880920000,-0.007550359750256086,2.6312219142913817,2.5526590824127195,2.591073216202949,2.533773901799542,57.806391515402666,0.0964674055180823,0.11989098500476868,-0.02342357948668637,0.03451906607653523,0.5479731859723099
2017-01-11,NVDA,2.6072891638935953,2.612208455253865,2.561784487287583,2.58662748336792,525664000,-0.012303888540056152,2.6013118028640747,2.571807861328125,2.5902649011420347,2.5388075762346256,55.797400413556154,0.08956231614267107,0.11382525123234916,-0.024262935089678084,0.03402975762500396,0.5402056551093869
2017-01-12,NVDA,2.5637528631528057,2.575313469950122,2.4995543503252056,2.544321060180664,625616000,-0.01635582373545752,2.5870209693908692,2.586898171901703,2.5819114755126944,2.539332669943772,53.18391249341581,0.07975682129352046,0.10701156524458343,-0.027254743951062962,0.03440135961047358,0.5461046537508896
2017-01-13,NVDA,2.548255611827115,2.58269158406192,2.5349732223621153,2.544074296951294,457820000,-9.698588485240744e-05,2.567343306541443,2.5954824805259706,2.5750319885015305,2.539784253468298,53.16826957153507,0.07114585907382542,0.09983842401043183,-0.028692564936606407,0.03225191656678373,0.511983303245483
2017-01-17,NVDA,2.5334987436892105,2.5384180366548907,2.473727844598693,2.4870102405548096,580612000,-0.022430184709962053,2.553495240211487,2.5984341502189636,2.5590280343293994,2.5347581570003466,49.53952569546956,0.0590364812225066,0.09167803545284679,-0.032641554230340195,0.03242726776136691,0.5147669171632743
2017-01-18,NVDA,2.4656100187843895,2.539155196015145,2.4378153539265317,2.5322680473327637,654424000,0.018197676085104364,2.555807328224182,2.601557958126068,2.5541625821481926,2.534521003698672,52.3190122692342,0.05248660588284837,0.08383974953884711,-0.03135314365599874,0.03245256231821304,0.5151684558049049
2017-01-19,NVDA,2.5352197040447653,2.6186036982253516,2.5330060112038484,2.58662748336792,644872000,0.021466699029912384,2.557701349258423,2.6058993339538574,2.56006529146087,2.5394835255719337,55.490289051123256,0.0510931644784236,0.07729043252676242,-0.026197268048338815,0.03267576964277044,0.5187117622344267
2017-01-20,NVDA,2.6092573885337527,2.626967404498405,2.5364501706594136,2.5583415031433105,492024000,-0.010935467285679512,2.563284993171692,2.6044727206230163,2.5597518754031316,2.5412795234358745,53.4964290005861,0.04716274712680102,0.07126489544677014,-0.024102148319969124,0.031864025862182434,0.5058257292039912
2017-01-23,NVDA,2.553175245048988,2.60482908829994,2.550715482376114,2.5849053859710693,369904000,0.010383243517380736,2.5681798219680787,2.60356262922287,2.5643252409609385,2.5454343674868456,55.1271017413305,0.04566494928911968,0.06614490621524005,-0.02047995692612037,0.03192027300660944,0.5067186249406596
2017-01-24,NVDA,2.594990197848599,2.6461521340145744,2.580231856810001,2.640002727508545,428052000,0.02131503220059927,2.568302774429321,2.6038331747055055,2.578084783969594,2.554440877965103,58.38650762290849,0.0483662921966137,0.06258918341151479,-0.014222891214901084,0.032167712231936,0.5106466008695588
2017-01-25,NVDA,2.6823104855582245,2.688459893959086,2.6154066111036545,2.651318311691284,522760000,0.0042862017015483644,2.571549654006958,2.60138578414917,2.5913999708280833,2.563667300224739,59.044465276985335,0.05083421381453723,0.06023818949211928,-0.009403975677582048,0.03167329863673421,0.5027980283632791
2017-01-26,NVDA,2.6540233037571612,2.704447268234254,2.62450685391027,2.697068214416504,458800000,0.0172555300219821,2.5825937271118162,2.5919527649879455,2.6106123787532507,2.5763721491953833,61.68237676730149,0.05583802824751993,0.059358157243199414,-0.0035201289956794807,0.02759106558965868,0.4379945877450514
2017-01-27,NVDA,2.7039553311242917,2.7521656023526324,2.6773905500288095,2.749213933944702,471996000,0.019334223453995936,2.60308301448822,2.5950519919395445,2.6358126615153328,2.592833271552461,64.48983606794403,0.06328183737250503,0.06014289326906054,0.0031389441034444937,0.023224370416531574,0.3686754508691286
2017-01-30,NVDA,2.7283079672589756,2.7305216611767245,2.6542708486816933,2.7061705589294434,496004000,-0.01565661168954502,2.619292640686035,2.593317973613739,2.648605006499716,2.6036272989216975,60.54639349118628,0.06495906147351249,0.06110612690995093,0.003852934563561561,0.02309160865535746,0.3665679232470147
2017-01-31,NVDA,2.679850031401329,2.7069067152944073,2.661402047144918,2.685507297515869,362756000,-0.007635609420623024,2.6391423463821413,2.596318793296814,2.6553145139571983,2.6114253940259045,58.691012567757774,0.06388450039745219,0.06166180160745119,0.0022226987900010042,0.02100750962872414,0.33348387685439346
2017-02-01,NVDA,2.719943615917994,2.8070172569863177,2.7022338381193776,2.8028359413146973,590004000,0.043689564317087815,2.6661991357803343,2.6110032320022585,2.6821365916585616,2.6296549699581706,65.21011323150515,0.07167412925460548,0.06366426713688204,0.008009862117723435,0.02014017010234633,0.3197152887200801
2017-02-02,NVDA,2.7868483286226367,2.846865293202944,2.756348057820163,2.8382561206817627,483240000,0.01263726458083414,2.691361999511719,2.6245316743850706,2.7105219605718704,2.64952174621756,66.90795841788538,0.07978585700667562,0.06688858511084077,0.012897271895834853,0.019787483842890533,0.3141165679199822
2017-02-03,NVDA,2.839731616303163,2.850800316047078,2.8016062252829723,2.813412666320801,372744000,-0.008753069950218073,2.7168691158294678,2.64007705450058,2.72922936161713,2.6651304052750118,64.52921624514819,0.08325014470378544,0.07016089702942971,0.013089247674355736,0.018756775301676954,0.2977545770745344
2017-02-06,NVDA,2.804065232576084,2.885973501622842,2.804065232576084,2.885481595993042,506768000,0.02561619578065244,2.746926736831665,2.6575532793998717,2.757638858776387,2.6861162329624433,68.07506633574519,0.0907646990306028,0.07428165742966433,0.01648304160093847,0.019203346417437976,0.3048436737645842
2017-02-07,NVDA,2.9196707558827764,2.9742762546578563,2.899993128252671,2.9302475452423096,746224000,0.015514203698762996,2.7759512186050417,2.672126996517181,2.7890222563156453,2.7093668341319543,70.07609047739207,0.09918888769935474,0.07926310348360242,0.01992578421575232,0.01762939186690209,0.2798579198707658
2017-02-08,NVDA,2.9122922199918,2.9346754491484277,2.862606002035891,2.9174575805664062,449580000,-0.00436480689034946,2.8025651454925535,2.6870573997497558,2.8123741334521473,2.729185000459045,68.7502153667721,0.10363839573976508,0.08413816193483496,0.019500233804930114,0.0175202935030293,0.27812603703525723
2017-02-09,NVDA,2.923607286862362,2.9285268128286113,2.8434210309653154,2.8626065254211426,842568000,-0.018800977779637407,2.8191189765930176,2.700856351852417,2.821507295628328,2.741891812360197,63.22531933745988,0.10156783045226225,0.08762409563832042,0.01394373481394183,0.017924486826879724,0.2845424071342621
2017-02-10,NVDA,2.9499266245706193,2.968866285976703,2.7696301495311757,2.7947192192077637,1651092000,-0.02371520696627749,2.823669505119324,2.713376259803772,2.8166367362791345,2.7469229939647275,57.10832927811297,0.09337261293133059,0.08877379909692246,0.004598813834408133,0.018458595653618338,0.29302112190583124
2017-02-13,NVDA,2.7890615525981803,2.80357382685647,2.6614027531545723,2.665830373764038,1180724000,-0.04611871008646895,2.8196354866027833,2.719464063644409,2.789217397640026,2.7391998872789474,47.67710521859384,0.07560605184185487,0.08614024964590894,-0.010534197804054068,0.021694681097419552,0.34439238573975584
2017-02-14,NVDA,2.656237866046372,2.7093676808251748,2.614422823096524,2.6756696701049805,850632000,0.0036908936284081317,2.818651723861694,2.7288970351219177,2.7685723562700177,2.733149390405236,48.37797452222327,0.061609675176821366,0.08123413475209143,-0.019624459575270065,0.020881817951073117,0.33148858332878284
2017-02-15,NVDA,2.678621527395143,2.700758697648405,2.650580783334632,2.6810810565948486,373020000,0.0020224419143846095,2.8064762353897095,2.736337685585022,2.7526648472381687,2.728190501470914,48.78430327632461,0.05037342599769001,0.07506199300121115,-0.024688567003521136,0.020609164409248683,0.32716034253429244
2017-02-16,NVDA,2.6906729542128573,2.6919028356037185,2.598925866722435,2.638035297393799,647176000,-0.016055374042186044,2.7864541530609133,2.738908076286316,2.7318231109028286,2.7196042915588077,45.70260594675415,0.0375621909951791,0.06756203260000475,-0.029999841604825647,0.020553303739658843,0.32627358189546685
2017-02-17,NVDA,2.6245075924417116,2.641971537899558,2.577527188831099,2.6375439167022705,563740000,-0.00018626767125284882,2.76886727809906,2.742868196964264,2.7146814392299996,2.711789017762947,45.66714207829792,0.027057640997931287,0.05946115427959006,-0.032403513281658775,0.020359292910924986,0.3231937554685669
2017-02-21,NVDA,2.6621409951333295,2.73593225538289,2.661894924962012,2.731996774673462,551952000,0.03581091384794299,2.753518795967102,2.7502227663993835,2.7178296820379018,2.713713566040139,53.18675655156952,0.02605393219439378,0.05277970986255081,-0.02672577766815703,0.021679699160986176,0.3441545548719905
2017-02-22,NVDA,2.7440642173313523,2.75342292595636,2.708845869637881,2.7278096675872803,433772000,-0.001532617873123976,2.7332750082015993,2.7546131134033205,2.7196442248650614,2.7150560519017715,52.83764826850096,0.024636625504469656,0.04715109299093458,-0.022514467486464927,0.021261430823949268,0.33751475086543725
2017-02-23,NVDA,2.598264971090411,2.62018392124028,2.4549294629422524,2.4748780727386475,1592888000,-0.09272332958345597,2.6890170574188232,2.7457911014556884,2.675141288114804,2.6921819586481406,37.02702059445471,0.0030685614090031343,0.038334586674548296,-0.03526602526554516,0.029962193627699137,0.4756350784371367
2017-02-24,NVDA,2.390650653194142,2.512067246564421,2.3569101208376817,2.4987680912017822,1029904000,0.009653008253735385,2.652633213996887,2.7358760952949526,2.643073434130618,2.673761590319916,38.88712130971484,-0.011958707408437075,0.028275927857951223,-0.0402346352663883,0.02973910404440289,0.4720936410921913
2017-02-27,NVDA,2.516992855525954,2.5864440228198635,2.501230833510496,2.571420907974243,715400000,0.02907545403203815,2.630303382873535,2.7269864439964295,2.630045702102186,2.664014858667947,44.277660582431224,-0.017800260757534936,0.019060690134853994,-0.03686095089238893,0.030206763269470898,0.4795175011393221
2017-02-28,NVDA,2.5810264310405633,2.5908779028680007,2.482021534869381,2.4992611408233643,625360000,-0.02806221530170494,2.613646459579468,2.7166409730911254,2.606266690960582,2.648324028397034,40.460358338344406,-0.027930459071484837,0.009662460293586228,-0.037592919365071066,0.03060739590876994,0.48587734712340636
2017-03-01,NVDA,2.5561516756302023,2.570436119648671,2.4901484218372127,2.5315237045288086,504804000,0.012908840608315097,2.5992318630218505,2.7089417934417725,2.5926770570638955,2.6372001880286318,42.833385921536234,-0.03297527649683474,0.0011349129355020349,-0.03411018943233677,0.030805820987690982,0.489027247599627
2017-03-02,NVDA,2.5187171501493224,2.532755213880659,2.4354740557425822,2.438183069229126,754332000,-0.03687132580773367,2.5749420642852785,2.690709149837494,2.564587241093937,2.618246176714393,38.10187857065601,-0.043997958760011446,-0.007891661403600661,-0.036106297356410785,0.029697465489703333,0.4714326495280682
2017-03-03,NVDA,2.4275936199535453,2.4325191213029353,2.3697173937120057,2.4241456985473633,864692000,-0.0057573079146189254,2.5535531044006348,2.670003628730774,2.539052415176378,2.5997604168889614,37.4322064186705,-0.05325235239654402,-0.016963799602189335,-0.03628855279435469,0.029356053685269282,0.4660129051529023
2017-03-06,NVDA,2.387941237392589,2.4160173577986357,2.343856951060101,2.4054272174835205,883568000,-0.007721681528902957,2.5303414344787596,2.64960435628891,2.5147569246867674,2.5812524931360623,36.51068517091898,-0.06138929345138111,-0.025848898372027692,-0.035540395079353415,0.029354517564832268,0.4659885199969412
2017-03-07,NVDA,2.405427456405435,2.451235707231836,2.392620828443478,2.431779384613037,603400000,0.010955295981512014,2.5003196954727174,2.6269192457199098,2.4996700992188163,2.567016958991012,38.79510792754269,-0.06496262945322817,-0.03367164458826779,-0.03129098486496038,0.028662029873431766,0.4549956186924274
2017-03-08,NVDA,2.4800508040820524,2.4948277746307346,2.425130219526073,2.427346706390381,638712000,-0.0018228126493314845,2.4702733993530273,2.601774203777313,2.486520391431828,2.5537150301719045,38.543881203667155,-0.06737554077211527,-0.04041242382503729,-0.02696311694707798,0.028167719231750814,0.447148680522624
2017-03-09,NVDA,2.411338727873777,2.4492658580200777,2.3987782431947826,2.426854372024536,478060000,-0.00020282820107597743,2.465471029281616,2.5772440433502197,2.4756720242668657,2.541633062729298,38.5140489078545,-0.06853746046399323,-0.04603743115282848,-0.022500029311164745,0.02821894374137828,0.4479618444036571
2017-03-10,NVDA,2.4532069428529977,2.4650282872953997,2.422914322013777,2.441138982772827,499740000,0.005886060124973502,2.4597081184387206,2.556170666217804,2.469393289449768,2.5320621979715385,39.96590033885597,-0.06752722961629587,-0.050335390845521966,-0.017191838770773904,0.028297021283387788,0.4492012869584752
2017-03-13,NVDA,2.451482336065933,2.5182244957066215,2.450743428835497,2.508373260498047,774136000,0.027542175271335845,2.453403353691101,2.541853368282318,2.476480556913091,2.5298061086883488,46.38322466964311,-0.06060277896704225,-0.05238886846982602,-0.008213910497216224,0.029065526935030273,0.46140093597083714
2017-03-14,NVDA,2.521179605242259,2.530538077993127,2.474386067128181,2.5066490173339844,522016000,-0.0006873949707628668,2.454142141342163,2.5338943004608154,2.481965731535072,2.5276006714165047,46.24669434119922,-0.05462455607297034,-0.05283600599045489,-0.0017885500825154527,0.027408904976419485,0.4351028776572398
2017-03-15,NVDA,2.518223750358369,2.536448400920482,2.4706913138019564,2.525612115859986,615036000,0.0075651191670105256,2.4535509824752806,2.5263914227485658,2.489901437775965,2.527411285173027,48.05755912330584,-0.04780553533539278,-0.051829911859442475,0.004024376524049696,0.027470100764186163,0.43607433067153173
2017-03-16,NVDA,2.536202112032569,2.557136008832319,2.5221640539614105,2.55664324760437,523100000,0.012286578588025954,2.465397000312805,2.520169532299042,2.5020363122902203,2.5301952815950597,50.96847239773049,-0.03944278737807627,-0.04935248696316924,0.009909699585092968,0.02765449836345922,0.4390015518117349
2017-03-17,NVDA,2.574129993930101,2.613535167519602,2.556644011271599,2.6123037338256836,1119688000,0.021770924149651538,2.484212803840637,2.518882954120636,2.522084934387577,2.5380151341884525,55.757831307400316,-0.028001133668756673,-0.04508221630428673,0.017081082635530057,0.027934498679167474,0.44344641902603654
2017-03-20,NVDA,2.629789757833636,2.699487308875962,2.613781354432952,2.6955466270446777,748568000,0.03186570234583175,2.513224744796753,2.5217830896377564,2.553623423961595,2.553018133508093,61.77191367299827,-0.012077315107874576,-0.0384812360650043,0.026403920957129727,0.028834540566600418,0.4577341410481691
2017-03-21,NVDA,2.678307574475925,2.7081076657861285,2.6004827328514044,2.608363628387451,913484000,-0.03234334653406146,2.5308831691741944,2.515601432323456,2.5635761884026596,2.5582891330204127,53.56002496990823,-0.006418524788011748,-0.032068693809605794,0.025650169021594046,0.028592093358180855,0.45388541093092905
2017-03-22,NVDA,2.5972812293799685,2.6662401294612303,2.5933407811995632,2.6615607738494873,616764000,0.020394834862393685,2.554304575920105,2.512288987636566,2.58139156757481,2.5681245273850863,57.29092311854528,0.002331792904441965,-0.025188596466796245,0.02752038937123821,0.029024495336645164,0.46074957953950224
2017-03-23,NVDA,2.653678299770286,2.673627146217386,2.6278189014795266,2.6374237537384033,533940000,-0.009068746559626306,2.5753615140914916,2.520416271686554,2.5915792377863722,2.57472445370445,55.12688514864412,0.007235421481925464,-0.018703792877051904,0.025939214358977367,0.01957036667245144,0.310669939689919
2017-03-24,NVDA,2.683724696894895,2.691605589083107,2.6209230005388866,2.646782398223877,439500000,0.003548403805876177,2.5959258556365965,2.527816987037659,2.6016161760477368,2.5815871150872525,55.823644682177274,0.011741399312334533,-0.012614754439174617,0.024356153751509152,0.0195147144966183,0.30978648878687426
2017-03-27,NVDA,2.6002363349281943,2.66993389981413,2.5509801509733303,2.6659934520721436,506644000,0.00725826719308631,2.6116878747940064,2.5325456142425535,2.6133211353249015,2.5896258138477184,57.289706168774956,0.01667042442305977,-0.00675771866672774,0.02342814308978751,0.018571078744558583,0.29480673561779774
2017-03-28,NVDA,2.6672240510589846,2.681754638392289,2.641857177109499,2.652200937271118,432444000,-0.0051734991285538046,2.62624306678772,2.5401926040649414,2.6203901902242137,2.5955853494118517,55.85648614655532,0.019241962295790227,-0.0015577824742241467,0.020799744770014374,0.017283416685400215,0.27436573413043946
2017-03-29,NVDA,2.6595893187490485,2.6719034196699147,2.6413646654683514,2.6435811519622803,349992000,-0.003250049869036986,2.638039970397949,2.545795476436615,2.624606728722044,2.600156378226178,54.93158341208501,0.02034980012248644,0.0028237340451179706,0.01752606607736847,0.01717894389796569,0.27270728004448663
2017-03-30,NVDA,2.6507229589450527,2.7090916853282603,2.645058552760331,2.69431471824646,525532000,0.01919122711497656,2.651807117462158,2.5586020588874816,2.637280908635574,2.6091238391804907,59.21246787747985,0.025032979774362474,0.007265583190966872,0.0177673965833956,0.014867836883145674,0.23601959355766286
2017-03-31,NVDA,2.6847095981843103,2.706382402786623,2.6696864868239447,2.6827392578125,440808000,-0.0042962540179766195,2.65885066986084,2.5715317368507384,2.6455460630313787,2.6161348314311583,57.86200621127895,0.02749346294535293,0.011311159141844085,0.016182303803508845,0.014815116751967972,0.23518268742056544
2017-04-03,NVDA,2.6832330004973897,2.7004726042867815,2.6455517831303115,2.6691949367523193,445232000,-0.005048690818810542,2.656215500831604,2.5847201228141783,2.649845858253368,2.6211881747950785,56.245560959749945,0.028027417448361014,0.014654410803147472,0.013373006645213542,0.014704197932770653,0.2334219057526872
2017-04-04,NVDA,2.546546032303542,2.571666757037447,2.4711840929737328,2.482020378112793,1271280000,-0.07012397485935096,2.643581175804138,2.5872321724891663,2.619332134591445,2.607934098920575,39.72819993956839,0.013195053279207336,0.014362539298359445,-0.0011674860191521093,0.022288968556716467,0.3538264066872602
2017-04-05,NVDA,2.463303471690987,2.521179679221296,2.4504968435020804,2.463549852371216,747048000,-0.007441730093941112,2.623780083656311,2.589042329788208,2.591008083278676,2.5941832182968265,38.52587449743039,-4.9548089448681054e-05,0.011480121820797821,-0.011529669910246503,0.022365214474044007,0.35503677310165616
2017-04-06,NVDA,2.4687216543834545,2.493596002802341,2.423652076473797,2.4815282821655273,635120000,0.007297773892014803,2.6081905364990234,2.5917760252952577,2.571102664894467,2.583454176760512,40.4160816143185,-0.008991631137260203,0.007385771229186217,-0.01637740236644642,0.022407119634733373,0.35570199690466175
2017-04-07,NVDA,2.487931421215467,2.505417401568764,2.4559148540102713,2.470937967300415,429068000,-0.004267658338300562,2.5906060934066772,2.593265974521637,2.552890901695548,2.572738347288122,39.642825377780845,-0.016739879370372357,0.0025606411092745024,-0.01930052047964686,0.02241416913804084,0.35581390430037024
2017-04-10,NVDA,2.4716768341216384,2.478326293237492,2.4037032544408836,2.4078900814056396,756332000,-0.02551577041962627,2.5647957563400268,2.5882418155670166,2.526527116188292,2.5570385124421713,35.31140297897899,-0.027649137352360853,-0.003481314583052569,-0.024167822769308282,0.022227926072457216,0.3528573872907029
2017-04-11,NVDA,2.377844779291943,2.4357210081795144,2.3729192777173647,2.416511058807373,618148000,0.0035803035480344025,2.5412267684936523,2.583734917640686,2.5065241966644884,2.5436549454293336,36.33571545636225,-0.03519347361557701,-0.009823746389557457,-0.025369727226019552,0.02225965042594715,0.3533609957897349
2017-04-12,NVDA,2.416510474610491,2.430794684082773,2.3913897415242173,2.396561622619629,414092000,-0.008255470677460797,2.516524815559387,2.577282392978668,2.4865310013836046,2.529646057542695,34.956318628415474,-0.042294621168793345,-0.016317921345404635,-0.02597669982338871,0.02219826093068323,0.3523864677642542
2017-04-13,NVDA,2.372425971953983,2.3940985475602243,2.351738214492798,2.351738214492798,506892000,-0.018703215349762492,2.482267165184021,2.5670371413230897,2.4620232219489124,2.5127024534427047,32.01545976780025,-0.05095186481554714,-0.023244710039433136,-0.027707154776114008,0.02220222936886915,0.3524494647674539
2017-04-17,NVDA,2.3645454723184316,2.4440942789709212,2.359373590295083,2.443848133087158,497292000,0.039166739744553425,2.458378052711487,2.558614361286163,2.4587186603376843,2.5061448991231288,42.68618666175968,-0.04980615775843322,-0.028556999583233156,-0.021249158175200067,0.023561195170961648,0.3740223780829229
2017-04-18,NVDA,2.4295633499587046,2.451482543925677,2.4037039434205827,2.4453253746032715,370116000,0.0006044735334054252,2.435991096496582,2.546103298664093,2.456283517476882,2.500352563454571,42.841138665940285,-0.04822308985475443,-0.032490217637537414,-0.015732872217217017,0.02211486200714228,0.35106255089645516
2017-04-19,NVDA,2.4628111998558007,2.4869466443917414,2.4482806100187,2.454930305480957,380828000,0.0039278743750998935,2.4332820892333986,2.538431632518768,2.456037478932168,2.4960266341237505,43.903089136916435,-0.045667038294908924,-0.03512558176901172,-0.010541456525897205,0.021189801031056773,0.33637766315469764
2017-04-20,NVDA,2.4694610137834085,2.4985221948517378,2.4482807274679868,2.493842840194702,404016000,0.015850769623425798,2.436311388015747,2.530045735836029,2.4629111809799014,2.4958186537495552,48.1092923188513,-0.040039877884304964,-0.03610844099207037,-0.003931436892234595,0.020950925753950196,0.33258563568918376
2017-04-21,NVDA,2.483498870268531,2.50689564381171,2.4716775280088146,2.504186630249023,341896000,0.004147731319553927,2.4385772228240965,2.52338387966156,2.4704158081197414,2.4966156038923617,49.19970869062654,-0.034349693422839334,-0.03575669147822416,0.0014069980553848283,0.020959059952818316,0.3327147620931025
2017-04-24,NVDA,2.535710432651299,2.548517062860245,2.5147767617922065,2.535464286804199,371820000,0.012490145972892552,2.445029854774475,2.517817974090576,2.482242804244188,2.500315478455394,52.45329539446227,-0.027005038482271537,-0.03400636087903364,0.0070013223967621,0.021186207356590644,0.33632061534111585
2017-04-25,NVDA,2.5499944180038687,2.5940787085073245,2.528567989566946,2.5795481204986572,388440000,0.01738688804409194,2.4621956586837768,2.5134957075119018,2.4999346799268185,2.507861444364276,56.66594506037599,-0.017426270373923636,-0.030690342778011637,0.013264072404088001,0.02153552906292261,0.34186592551618256
2017-04-26,NVDA,2.5930933981753723,2.5955560303182144,2.559845398091779,2.5618157386779785,327004000,-0.006874220209255433,2.4767261266708376,2.5089764475822447,2.511185781517938,2.512999948584629,54.57148029682151,-0.01113749652688023,-0.026779773527785357,0.015642277000905126,0.021554473049180168,0.3421666519750489
2017-04-27,NVDA,2.5692045586324985,2.6100870778876097,2.5512260490187284,2.6017136573791504,319700000,0.015574078220692567,2.4972413301467897,2.506883072853088,2.5276453953108855,2.521448873231726,58.30566522379332,-0.0029007315192521865,-0.022003965126078724,0.019103233606826538,0.02188282853119717,0.3473791336572993
2017-04-28,NVDA,2.594818261695914,2.601714103841039,2.5630478298347183,2.5687124729156494,348248000,-0.012684402977976017,2.518938755989075,2.500602960586548,2.5351121366935696,2.5259501684397185,54.3277721750287,0.0009530580482595141,-0.017412560491211076,0.01836561853947059,0.02152604971782713,0.3417154455778961
2017-05-01,NVDA,2.5795475724648367,2.631512980183175,2.5724053528792687,2.626340866088867,307732000,0.022434738718656977,2.5371880292892457,2.4977830410003663,2.5516991784018055,2.535511187263447,59.521279942196394,0.008558684565988184,-0.012218311479771225,0.02077699604575941,0.02220551693545375,0.3525016532690624
2017-05-02,NVDA,2.5994976054484327,2.6007290393793023,2.525859359563262,2.5485172271728516,629972000,-0.029631964350427253,2.5475072145462034,2.4917491555213926,2.5511206418147228,2.5367498577310093,51.07481309316223,0.008211820362179267,-0.008132285111381128,0.016344105473560397,0.02311357934695105,0.36691669716354713
2017-05-03,NVDA,2.5416204539495495,2.577084939601566,2.526843721936496,2.5674800872802734,336904000,0.007440742367850417,2.5587621927261353,2.496022140979767,2.5540950864448226,2.5396765462595106,52.83125633267383,0.009359185449106633,-0.004633990999283576,0.01399317644839021,0.016711158362296075,0.26528141487871704
2017-05-04,NVDA,2.573637515423088,2.5847201840030736,2.549748218033873,2.557629346847534,209788000,-0.0038367348909701393,2.5651408433914185,2.500726115703583,2.5547376792453154,2.541386336791703,51.79108154106453,0.009365646773869862,-0.0018340634446528884,0.01119971021852275,0.016625149918764064,0.26391607316529236
2017-05-05,NVDA,2.546054291677543,2.565017855241396,2.5305384138896843,2.557875633239746,228428000,9.629479444139832e-05,2.570509743690491,2.5045434832572937,2.5553082163352117,2.542956745977231,51.81662436051084,0.009283624825711545,0.0003894742094199983,0.008894150616291547,0.016582452454067094,0.2632382719260855
2017-05-08,NVDA,2.5696969233909654,2.571174502844636,2.51970184469319,2.5310308933258057,365240000,-0.010494935549286044,2.5700664043426515,2.5075481295585633,2.5508941576062285,2.541820950486619,48.7826605594724,0.006972105587430111,0.0017060004850220209,0.00526610510240809,0.016756893214850525,0.26600743315536074
2017-05-09,NVDA,2.536694860807311,2.5842270639769613,2.5283212074044483,2.535217046737671,847672000,0.0016539321676807273,2.5656332969665527,2.513914477825165,2.548043773811945,2.5411920072724334,49.281372075347264,0.005415570210379084,0.0024479144300934338,0.00296765578028565,0.015521280969873505,0.24639269685266824
2017-05-10,NVDA,2.8147470108994423,3.000196765711264,2.8080975500374663,2.9871437549591064,2129096000,0.1782595730030203,2.6081660985946655,2.5424461126327516,2.62788013402052,2.583663602290212,76.21145856668076,0.04018547995587651,0.00999542753525005,0.030190052420626463,0.04222386733371944,0.6702831141384333
2017-05-11,NVDA,2.95660467620869,3.2122444879911485,2.953156755790905,3.115455865859986,1939792000,0.04295478270433484,2.659540319442749,2.578390824794769,2.716530267082241,2.6343104845349523,79.53411282333744,0.07720463199409044,0.02343726842701813,0.05376736356707232,0.04251913169391888,0.6749702905470832
2017-05-12,NVDA,3.1186574389481483,3.1918029050630983,3.0977235371048293,3.149688720703125,962620000,0.010988072473846255,2.7176379442214964,2.618288350105286,2.795286349558765,2.6833941260747785,80.32373642649961,0.10805924230218222,0.04036166320205095,0.06769757910013127,0.041830390767452125,0.6640368672919836
2017-05-15,NVDA,3.1908181002633813,3.3102643524987374,3.186384891902223,3.3078014850616455,1087540000,0.05019948902227522,2.7857840061187744,2.66148601770401,2.8884709196501976,2.742861493597337,83.49182372401567,0.14361462198182684,0.06101225495800613,0.0826023670238207,0.04223013758159995,0.6703826512377367
2017-05-16,NVDA,3.3587817485335205,3.384887768573094,3.2844050750300413,3.3693718910217285,1120700000,0.018613694394340463,2.867869472503662,2.707688343524933,2.9759074598995667,2.802529150494898,84.53598265068982,0.17474636640022334,0.08375907724644957,0.09098728915377377,0.04207575924451545,0.6679319711112889
2017-05-17,NVDA,3.3026300588414914,3.3213474781439447,3.141315977465027,3.145502805709839,1271368000,-0.06644237933735586,2.9256717443466185,2.742216968536377,3.006742977319616,2.8351933081344165,67.7550538763009,0.17928742013448318,0.1028647458240563,0.07642267431042687,0.045980884216642426,0.7299239082005451
2017-05-18,NVDA,3.1893402471947496,3.2861288694259905,3.129001404949158,3.2772626876831055,1156032000,0.041888337131377185,2.997635078430176,2.781387960910797,3.0559283792038867,2.8772951538057203,71.35869066799785,0.19131282409925543,0.12055436147909614,0.0707584626201593,0.04642024572228387,0.7368985558780381
2017-05-19,NVDA,3.3783436844681947,3.4076818690815256,3.333719924778073,3.352950096130371,1018372000,0.023094703006786954,3.077142524719238,2.8238261342048645,3.1099323277359745,2.9225956245033062,73.21079043709126,0.20459197575292665,0.13736188433386223,0.06723009141906441,0.04638670740410641,0.7363661515823046
2017-05-22,NVDA,3.3965875355011654,3.438745831494236,3.385739602579075,3.4244465827941895,836608000,0.021323456840688593,3.1664840936660767,2.868275249004364,3.167116737746559,2.9703909538643427,74.8643054746383,0.21836776044903772,0.15356305955689734,0.06480470089214038,0.04639703371550327,0.7365300766938048
2017-05-23,NVDA,3.4441706560919036,3.446389477204487,3.3458009607729533,3.3783442974090576,681248000,-0.013462696605275881,3.2507968187332152,2.908215057849884,3.2055217485942857,3.0092436532495537,71.78736768834207,0.22299455748280028,0.16744935914207792,0.05554519834072236,0.0468623683678612,0.7439170352931634
2017-05-24,NVDA,3.4752342782606354,3.477946379458346,3.4042305989631334,3.416311264038086,815996000,0.011238335494148988,3.2937135696411133,2.9509398341178894,3.243847115038613,3.048011997134176,72.77958497007391,0.2271069962861234,0.17938088657088702,0.04772610971523639,0.046600737070279716,0.739763767201613
2017-05-25,NVDA,3.451566747682308,3.4523064330806963,3.3637983492650685,3.408668756484986,608228000,-0.002237064179001824,3.3230348587036134,2.991287589073181,3.2738146862106805,3.0823602599294913,72.2289181017658,0.22713121985957763,0.18893095322862516,0.03820026663095247,0.04676833674553906,0.7424243295649214
2017-05-26,NVDA,3.4005333105440245,3.5817405008345244,3.3803170432624023,3.4969305992126465,779140000,0.025893346943654416,3.3577590465545653,3.037698495388031,3.3143812158474013,3.12184314938503,74.61747701693321,0.2316026392317605,0.19746529042925223,0.034137348802508266,0.04637903803519227,0.7362444041251468
2017-05-30,NVDA,3.5427858209563756,3.606639746722629,3.526760797046564,3.5716311931610107,989652000,0.021361760500818505,3.384142017364502,3.084963011741638,3.36115393899533,3.164680105935123,76.46264757642832,0.23842556345106924,0.20565734503361566,0.03276821841745359,0.04637243022835014,0.7361395084434518
2017-05-31,NVDA,3.616501705945178,3.6241444935954985,3.5021070015644677,3.5588114261627197,887316000,-0.0035893311221042445,3.403085970878601,3.1354777216911316,3.3970916639348556,3.2022164221472753,75.44897929399828,0.2400313994355523,0.21253215591400298,0.02749924352154931,0.04536519551621353,0.7201501530823405
2017-06-01,NVDA,3.574590410731282,3.5755767363194138,3.5136949745751664,3.559058427810669,503340000,6.940565778035257e-05,3.444441533088684,3.1850566387176515,3.4265401664577304,3.2362013750675986,75.45573080584086,0.23857383631342444,0.2177404919938873,0.02083334431953715,0.04548312722217238,0.722022260876281
2017-06-02,NVDA,3.5560995067070698,3.582232782038283,3.535390198560589,3.541307210922241,487456000,-0.0049876160362298805,3.4708459854125975,3.2342405319213867,3.447406901814914,3.2652590737204217,73.88323198207272,0.23329702925725693,0.22085179944656122,0.012445229810695707,0.04551209980238132,0.7224821863287173
2017-06-05,NVDA,3.525035549801789,3.661865344054604,3.5134481652091263,3.64904522895813,817376000,0.030423234026011325,3.5004554986953735,3.288799011707306,3.484068415840953,3.301810136124013,77.01422935661842,0.23509860887984857,0.2237011613332187,0.011397447546629857,0.045413110628996015,0.720910781917125
2017-06-06,NVDA,3.644361620023509,3.690464761877934,3.619214665484136,3.6325278282165527,758728000,-0.004526499318369126,3.5212636232376098,3.3438738584518433,3.51106103627288,3.3333070591804455,75.51944187958642,0.232513289050587,0.22546358687669238,0.007049702173894612,0.045229453860610544,0.7179953211026746
2017-06-07,NVDA,3.656935048962533,3.6951487581976874,3.641403066165159,3.676411628723145,612612000,0.012080788525751673,3.5510703563690185,3.400933587551117,3.541124780354746,3.365983684851179,76.80740950435496,0.23133873151479012,0.22663861580431194,0.004700115710478181,0.0450771779061619,0.7155780152659179
2017-06-08,NVDA,3.783410457164528,3.944648014346257,3.742238238657703,3.943168878555298,1161744000,0.07255913558428184,3.6037561178207396,3.4487348437309264,3.614223707300301,3.4209537032991904,82.74891730058299,0.24906193592190462,0.23112327982783049,0.017938656094074135,0.028738708464424837,0.45621285358833036
2017-06-09,NVDA,4.061508036091195,4.154207119752375,3.519365205176831,3.6882455348968506,3692928000,-0.06464935981941666,3.631713795661926,3.47737432718277,3.6276822214087643,3.446410068213253,65.4841205810539,0.23977355941430423,0.23285333574512526,0.006920223669178965,0.03288004753379974,0.5219545732225004
2017-06-12,NVDA,3.596532744954067,3.740019255725093,3.503587015872353,3.697367668151855,1697532000,0.0024732987998479228,3.651757502555847,3.5047582745552064,3.6403523026347804,3.4703107920169294,65.75942405994734,0.23049157067895587,0.2323809827318914,-0.001889412052935524,0.03290795462275023,0.5223975845255728
2017-06-13,NVDA,3.8065855454122897,3.8157077064624945,3.590862589275197,3.73262357711792,1672504000,0.009535407925413963,3.667856740951538,3.52599937915802,3.657128897995351,3.4952929620265474,66.85962095535257,0.2234051098986516,0.23058580816524343,-0.007180698266591845,0.03142297723414004,0.4988242992886728
2017-06-14,NVDA,3.735581921532419,3.798203139741625,3.6611266760537062,3.740512609481811,1184640000,0.0021135354800450035,3.686026859283447,3.5445564150810243,3.672289572811071,3.518647214165144,67.11425329843358,0.215936436827457,0.22765593389768615,-0.011719497070229151,0.03130549146854292,0.4969592705785127
2017-06-15,NVDA,3.623158946445584,3.7868617173314,3.611817965778073,3.756537437438965,963824000,0.004284126169373792,3.705774760246277,3.5751081466674806,3.687607366379779,3.541303425905508,67.65785306567795,0.20890243210071047,0.22390523353829103,-0.015002801437580565,0.02632477499561894,0.417892847748835
2017-06-16,NVDA,3.766152099339197,3.8139810091092814,3.704023938716276,3.738046407699585,924960000,-0.004922360031632267,3.7254486799240114,3.5981473326683044,3.696778101165198,3.560040852743039,66.29605827921141,0.1995357373401383,0.2190313342986605,-0.01949559695852221,0.02533188364217636,0.4021311861481426
2017-06-19,NVDA,3.7821771054010727,3.8837519368537095,3.778479148971218,3.8785746097564697,778176000,0.03759402284771696,3.7484016180038453,3.624428558349609,3.7298320118181563,3.5903774010300324,71.06294527286154,0.2011334742320896,0.21545176228534635,-0.014318288053256745,0.02601782358856788,0.41302014522300423
2017-06-20,NVDA,3.9207341793366792,3.987546643136096,3.8687142513966264,3.8729052543640137,1095444000,-0.0014617110569936642,3.7724393606185913,3.6468514919281008,3.755845328644676,3.6172848156332686,70.62894325822903,0.19964088676020753,0.2122895871803186,-0.01264870042011107,0.025885119551411682,0.4109135339412668
2017-06-21,NVDA,3.900516818004549,3.935278973646364,3.838635060063433,3.9315807819366455,682652000,0.015150261552749233,3.7979562759399412,3.67451331615448,3.7877972292432154,3.647217764805019,72.500816134399,0.20087703966683268,0.21000707767762142,-0.009130038010788738,0.025512363493557608,0.40499621496861865
2017-06-22,NVDA,3.9397165843861486,3.9530299803879183,3.880546928215383,3.90446138381958,469132000,-0.006897835659809837,3.7940855264663695,3.6989208221435548,3.809008893711645,3.67171715709212,70.2716389540413,0.19739296771064074,0.2074842556842253,-0.01009128797358455,0.02570976563058584,0.40812987674571505
2017-06-23,NVDA,3.912104496823268,3.9278831201352142,3.7774932709902846,3.792532444000244,1088588000,-0.028666934774455477,3.804514217376709,3.7181140065193174,3.806013175582299,3.6832233748928935,61.822793858428106,0.18348498487948195,0.20268440152327663,-0.01919941664379468,0.02686362575472002,0.426446838362994
2017-06-26,NVDA,3.825322496594565,3.860824343147609,3.656935424447675,3.7511138916015625,1063960000,-0.010921080573537467,3.8098888397216797,3.7308231711387636,3.7960314875858012,3.689689138388957,58.996106199530075,0.16719337608959695,0.1955861964365407,-0.028392820346943765,0.026667105770018372,0.4233271803199453
2017-06-27,NVDA,3.7336089593318382,3.742237838321026,3.608119901061961,3.613790273666382,999492000,-0.03660875726611157,3.7980055093765257,3.732931125164032,3.7628967214186337,3.682460675082045,50.71643783285864,0.14156936690509037,0.18478283053025066,-0.04321346362516029,0.027790480466617324,0.4411602007780061
2017-06-28,NVDA,3.6813430687002087,3.7459367053598016,3.5933280169054256,3.741252422332764,994948000,0.035271042040042166,3.798079490661621,3.742053174972534,3.7589613943121116,3.688059889105923,56.77959844151585,0.13004817080622733,0.17383589858544599,-0.04378772777921866,0.028796496705839104,0.4571302134812459
2017-06-29,NVDA,3.712899675787962,3.7158579470741504,3.552155179939054,3.616255760192871,1064424000,-0.03341037920717327,3.7840513229370116,3.7449130415916443,3.7330149153813403,3.6812214006380133,50.25068604661894,0.10956831852608717,0.16098238257357422,-0.05141406404748705,0.029920612969105007,0.4749750059451946
2017-06-30,NVDA,3.633513231265619,3.647073031626443,3.5378556487749755,3.5639889240264893,731060000,-0.014453301876965252,3.766645574569702,3.7460471272468565,3.7022829169531852,3.670056402865487,47.7768088221265,0.0881047741847718,0.14640686089581376,-0.05830208671104195,0.030098336249953873,0.47779627556507015
2017-07-03,NVDA,3.5760696175737685,3.5908619144048175,3.416557853152628,3.435048341751098,709072000,-0.036178726989341436,3.722292947769165,3.7353472828865053,3.653694812370987,3.6476746827593547,42.25071439086247,0.059998705540008856,0.12912522982465277,-0.06912652428464391,0.030325865133584047,0.4814081846180877
2017-07-05,NVDA,3.498409435323804,3.555606915293533,3.4794259004335344,3.526761770248413,820188000,0.026699312316100343,3.687678599357605,3.7300589799880983,3.6306160774396097,3.636159167282122,46.95082206360046,0.044610706390308064,0.11222232513778384,-0.06761161874747577,0.031016422512370703,0.4923704431598285
2017-07-06,NVDA,3.497669968457925,3.5842056383027625,3.445649816431922,3.537362813949585,746284000,0.0030058859633224078,3.648256802558899,3.7231065392494203,3.6136609386232412,3.6267499907742615,47.48288430105677,0.03289186488576057,0.09635623308737919,-0.06346436820161862,0.03088075675130257,0.49021681596855293
2017-07-07,NVDA,3.5940668603958397,3.6364718027947545,3.571138495932102,3.61822772026062,654972000,0.02286022400420573,3.619633436203003,3.7068594813346865,3.61449126255731,3.6259383459634384,51.48045917297368,0.02978636204648799,0.08304225887920096,-0.053255896832712965,0.02626437436620862,0.4169340174821261
2017-07-10,NVDA,3.6916973695128217,3.796723532064029,3.6655640901880857,3.789327383041382,958492000,0.047288251599719056,3.6193129301071165,3.7119135737419127,3.6462796480998683,3.6414992066375285,58.65216214448075,0.040662806003398,0.07456636830404037,-0.03390356230064237,0.024519623410970137,0.38923695471830566
2017-07-11,NVDA,3.793025629895059,3.8507161573913433,3.751113726295827,3.8430733680725098,757956000,0.014183515858688045,3.6285088777542116,3.7191988587379456,3.68206032445853,3.6606967458218125,60.62118091712645,0.05300827165869215,0.07025474897497073,-0.017246477316278583,0.02467991852942615,0.39178156083717913
2017-07-12,NVDA,3.902737295930798,4.018611197265663,3.859839288410256,4.00653076171875,1145208000,0.04253298805175354,3.667782926559448,3.732894217967987,3.7410549494149334,3.693633318764378,65.93438515457775,0.07511589841272626,0.07122697886252184,0.0038889195502044144,0.026247642663822252,0.41666840994097565
2017-07-13,NVDA,4.018610265120382,4.0999686174495595,3.913830732809936,3.9601802825927734,1369132000,-0.011568731624087891,3.689675712585449,3.7438776016235353,3.7808959190836315,3.719018743890892,63.32520095254543,0.08788319285198876,0.07455822166041523,0.013324971191573526,0.026473253776745996,0.4202498753278281
2017-07-14,NVDA,3.976452509433961,4.068165531233772,3.969549404042512,4.066686630249023,941948000,0.02689431794921182,3.7347187995910645,3.7593850612640383,3.832857866568248,3.7521299711630953,66.59629730538633,0.105380773859864,0.08072273210030499,0.024658041759559005,0.02700001201824106,0.4286119031761259
2017-07-17,NVDA,4.100707012508297,4.129552387059989,3.9877914453789183,4.049426555633545,930792000,-0.004244259807749562,3.78326256275177,3.774954068660736,3.872233991852847,3.7804439315888523,65.57554732962967,0.11651191230001423,0.08788056814024685,0.028631344159767383,0.026988219013323433,0.42842469502679276
2017-07-18,NVDA,3.9885318991083487,4.106132005560571,3.9766978728974585,4.091586112976074,776640000,0.01041124138524685,3.8489163398742674,3.785604643821716,3.9121161956934336,3.810076520292397,66.90970746032852,0.1272682742015303,0.09575810935250355,0.03151016484902676,0.025888148965339565,0.4109616243964955
2017-07-19,NVDA,4.100707829643317,4.127087748612837,4.058303117386156,4.070383548736572,687044000,-0.005181991446363554,3.9032785177230833,3.7954785585403443,3.940892078064913,3.8348676658585092,65.5341286647926,0.13255389992063193,0.10311726746612923,0.029436632454502704,0.025935174561191293,0.4117081325877653
2017-07-20,NVDA,4.090844672158438,4.129797815629098,4.041043597609581,4.129551410675049,699596000,0.014536188354250301,3.96249737739563,3.8053770899772643,3.9751937749031194,3.8629327844124655,67.53966924536675,0.13990441732048353,0.1104746974370001,0.029429719883483432,0.02592015345551978,0.411469679927621
2017-07-21,NVDA,4.109091027409969,4.173931308112767,4.094791537273834,4.144346237182617,648332000,0.0035826715873601422,4.015109229087829,3.817371332645416,4.0059487680448465,3.8897340656286703,68.04045442887556,0.14524923144552382,0.11742960423870485,0.027819627206818964,0.02582000026776374,0.409879797360744
2017-07-24,NVDA,4.151494415730494,4.1611093832706185,4.08566807293672,4.096269130706787,652524000,-0.01160064910708658,4.04580340385437,3.8325581669807436,4.022370652165199,3.9094040718265863,64.5551360268353,0.14394629120985636,0.12273294163293516,0.021213349576921198,0.02497609769493367,0.3964832593298883
2017-07-25,NVDA,4.073342475412102,4.090847112599931,4.032909937619727,4.076547622680664,496556000,-0.0048145049548343755,4.069150829315186,3.8488298535346983,4.032221010440738,3.9253225052412604,63.12665488132245,0.13971182980136776,0.1261287192666217,0.013583110534746062,0.02481892776511438,0.39398826404261245
2017-07-26,NVDA,4.1339909012936165,4.189462606282366,4.088873851870943,4.123636245727539,640404000,0.011551103385837536,4.080861377716064,3.8743221521377564,4.048841962311065,3.9442095281447154,65.11175921187258,0.13855843162123316,0.128614661737544,0.009943769883689169,0.022885591607891498,0.36329750400640637
2017-07-27,NVDA,4.148535890229936,4.160123509070221,3.8844910552305314,3.9875450134277344,782856000,-0.033002724825888174,4.083597850799561,3.8866367816925047,4.037697062514096,3.9483367172192887,55.76739060923066,0.12521947797332267,0.12793562498469974,-0.002716147011377068,0.023509416879560686,0.3732004231887702
2017-07-28,NVDA,3.951796829812933,4.077286114603497,3.9268965200926926,4.052878379821777,513348000,0.01638435833928842,4.082217025756836,3.90846791267395,4.040457302024583,3.9582930660385736,58.82258720440365,0.11855350673105658,0.1260592013339711,-0.007505694602914531,0.02198725101582964,0.34903678921102516
2017-07-31,NVDA,4.0664401291593055,4.10243503065304,3.959934796037798,4.00653076171875,559672000,-0.011435728822700386,4.077927446365356,3.930595004558563,4.034288840150795,3.9628871322938286,55.87419698102849,0.10828259668708995,0.12250388040459488,-0.014221283717504932,0.021849838179133104,0.34685542805394337
2017-08-01,NVDA,3.997161007927686,4.057070357598832,3.969302186936513,4.055344581604004,431384000,0.01218356298462897,4.07430329322815,3.9616098165512086,4.038117156778651,3.9716926036567024,58.247862971385274,0.10289557762141444,0.1185822198479588,-0.015686642226544367,0.019471891934341817,0.30910670168515736
2017-08-02,NVDA,4.086408273297855,4.090352634714849,3.9759581595657423,4.052878379821777,478444000,-0.0006081361848790934,4.07255277633667,3.987915647029877,4.040801015513765,3.9794245823390906,58.07787889943871,0.09730564541785691,0.11432690496193842,-0.017021259544081513,0.019083085657354105,0.3029345933826151
2017-08-03,NVDA,4.05238479064642,4.108102881977157,4.035373442150098,4.104404926300049,442420000,0.012713568394948416,4.07003812789917,4.0162677526473995,4.052365362929453,3.991327472240134,60.66096591132342,0.09592755243706463,0.11064703445696368,-0.014719482019899047,0.019095642711192084,0.3031339304325447
2017-08-04,NVDA,4.127087668943283,4.19291402744633,4.104406177526089,4.122403621673584,589096000,0.004385214348175959,4.067843866348267,4.041476547718048,4.065099591792022,4.00381091504332,61.5521401678426,0.09519045184160202,0.10755571793389136,-0.012365266092289343,0.01876425918084154,0.29787337997320373
2017-08-07,NVDA,4.15149453776515,4.249617336987724,4.141879099703831,4.249124526977539,717412000,0.03073956772153963,4.083129405975342,4.064466404914856,4.098558670916661,4.027174116179912,67.18803747038399,0.10363695006779094,0.10677196436067128,-0.0031350142928803365,0.017178578426996653,0.27270147837271375
2017-08-08,NVDA,4.2870914310596895,4.3036095003278305,4.159383577559222,4.198583602905273,755336000,-0.011894432312205327,4.095333003997803,4.0822419166564945,4.116745022187318,4.043498829201376,63.20838464615424,0.10504177439231333,0.1064259263669997,-0.0013841519746863734,0.01750196242863327,0.2778350402505581
2017-08-09,NVDA,4.15248103545533,4.245673392527062,4.133743907981555,4.243207931518555,530784000,0.010628424448283713,4.107290172576905,4.094075775146484,4.139738278429361,4.062518743707773,65.17002588579831,0.10850513847449683,0.10684176878849913,0.001663369685997701,0.015157416297717295,0.24061652425222396
2017-08-10,NVDA,4.244441389579491,4.25676869741797,4.051400404192156,4.061508655548096,1328088000,-0.04282120482967533,4.11468653678894,4.0991421937942505,4.125514710632767,4.062422544835423,52.82075040396345,0.09548754543042115,0.10457092411688354,-0.00908337868646239,0.018068046237623207,0.28682134212940347
2017-08-11,NVDA,3.874136632401297,3.919993124872822,3.7698501727080753,3.8450448513031006,1497196000,-0.05329640352958542,4.093903183937073,4.088060104846955,4.0745201907546456,4.041719907356154,42.49066548620936,0.06693263150534356,0.09704326559457555,-0.03011063408923198,0.020807514799128613,0.3303090573587424
2017-08-14,NVDA,3.9365111889789417,4.155438983938421,3.9249238052816384,4.151741027832031,1279020000,0.079764004943919,4.108424210548401,4.093175828456879,4.088560342950534,4.052198109306238,55.707730285380045,0.06826357477426725,0.09128732743051389,-0.023023752656246635,0.027770244978804048,0.44083897236753405
2017-08-15,NVDA,4.156918237246325,4.183051274741345,4.0824630155280035,4.116732120513916,764532000,-0.008432343704346201,4.114562964439392,4.094433128833771,4.0936824843256945,4.058344205611731,54.17711025903713,0.06573567077127507,0.08617699609866614,-0.02044132532739107,0.02777562531298718,0.440924382524848
2017-08-16,NVDA,4.131771912736308,4.15519308801055,4.039319236840992,4.071615695953369,596632000,-0.010959281109336527,4.116436696052551,4.09449473619461,4.089670340985271,4.05960815707284,52.18709744863311,0.05940696372967036,0.08082298962486699,-0.02141602589519663,0.02786956097573387,0.44241556494205464
2017-08-17,NVDA,4.063232767739227,4.080243646184611,3.978669304526737,3.980887889862061,525444000,-0.02228299841300818,4.104084992408753,4.087061560153961,4.069891713508324,4.052110988767051,48.341608643062294,0.046534026801133166,0.07396519706012022,-0.02743117025898706,0.028100364614955256,0.4460794591284654
2017-08-18,NVDA,4.035128902392917,4.05214025875268,3.935772866119703,3.9816293716430664,601204000,0.00018626040258351573,4.090007567405701,4.0789257168769835,4.053844014987368,4.0453984538028624,48.37508918518343,0.03597723969946909,0.06636760558799,-0.030390365888520912,0.028078535333918065,0.4457329300349229
2017-08-21,NVDA,4.006036658563477,4.017377404770563,3.879807903806571,3.923691987991333,623672000,-0.014551174467508199,4.05746431350708,4.070296859741211,4.030180010078998,4.033807361820812,45.87327839981616,0.022674470029942384,0.05762897847638048,-0.0349545084464381,0.028141356313112906,0.4467301821633256
2017-08-22,NVDA,3.960210708852366,4.01696481579482,3.940963608638758,4.011042594909668,450456000,0.022262350659959074,4.038710212707519,4.067021608352661,4.02670048004821,4.031639288781656,50.06622037912513,0.018961813205081057,0.0498955454221206,-0.030933732217039545,0.02863458603070431,0.45455996119516645
2017-08-23,NVDA,3.977731224913029,4.102343559017083,3.969094279156817,4.0912394523620605,579520000,0.019994017903018246,4.02351336479187,4.065401768684387,4.038434838650728,4.037315494836933,53.61865865757468,0.022234417561233677,0.04436331984994322,-0.02212890228870954,0.02888159504626925,0.45848110775582074
2017-08-24,NVDA,4.123317814991696,4.1277598342767945,4.049784463959073,4.0761871337890625,469700000,-0.0036791585406490412,4.024981212615967,4.069833874702454,4.0452988923122435,4.041017555689517,52.85854585675564,0.023344285389305774,0.04015951295781573,-0.016815227568509956,0.02784380615186254,0.4420067197879118
2017-08-25,NVDA,4.100371482077671,4.11048863478272,4.035720730115615,4.0421366691589355,357200000,-0.008353508686554045,4.044690394401551,4.069296789169312,4.044723942648005,4.041124137924699,51.09398672556088,0.021231531832380135,0.03637391673272861,-0.015142384900348478,0.02769518551958754,0.4396474403917548
2017-08-28,NVDA,4.0611353853114665,4.073966787887158,4.0056148481423595,4.070758819580078,389496000,0.007080945738308753,4.036592173576355,4.072508192062378,4.049457556635654,4.043946488558545,52.5285426077627,0.021617534272003525,0.0334226402405836,-0.011805105968580074,0.027594099167552153,0.4380427443011846
2017-08-29,NVDA,4.012030501412811,4.085810943349243,4.003887270231886,4.064095973968506,324096000,-0.0016367576432001485,4.031328558921814,4.072945761680603,4.0521190870598085,4.045865487169017,52.1450907813038,0.021142095117258286,0.03096653121591854,-0.009824436098660252,0.0274761238287757,0.4361699438577381
2017-08-30,NVDA,4.083836751052391,4.0993828776275105,4.053485775773115,4.088278770446777,384400000,0.005950350738065158,4.032994866371155,4.074715781211853,4.058693574948348,4.0499048474811845,53.472653947252596,0.02245777646588376,0.029264780265911585,-0.006807003800027824,0.02750180571347636,0.4365776311384424
2017-08-31,NVDA,4.108512028744885,4.185006717267959,4.101109605416797,4.181058883666992,612684000,0.022694174842210035,4.053011965751648,4.0785484790802,4.080941812897192,4.0623957080703095,58.25722565865938,0.03063391445783381,0.02953860710429603,0.0010953073535377791,0.027818282848843617,0.4416015499133617
2017-09-01,NVDA,4.1936448982720345,4.241762546696998,4.185007950756027,4.206229209899902,445432000,0.006020084130179626,4.075471949577332,4.082739758491516,4.103721339624958,4.076094136815985,59.4747539931341,0.0386985054107587,0.031370586765588564,0.007327918645170135,0.027830259606318953,0.44179167504411776
2017-09-05,NVDA,4.154904584072368,4.159839849358269,4.035967796990664,4.0939555168151855,695364000,-0.0266922432140565,4.092498302459717,4.074981307983398,4.1019457354777265,4.077795220625433,52.16576667008582,0.0356196025162836,0.03222038991572757,0.003399212600556027,0.027602455247510024,0.438175392958208
2017-09-06,NVDA,4.126772683932748,4.140591043770432,4.056693455625134,4.091485977172852,397672000,-0.00060321604184288,4.100542640686035,4.069626426696777,4.100043961240476,4.079099102201377,52.014351141649485,0.03260443494924292,0.032297198922430645,0.000307236026812277,0.027493943764083317,0.4364528265609574
2017-09-07,NVDA,4.108266927715056,4.142812837775393,4.070266426648685,4.110487937927246,352868000,0.004644268820768183,4.102467489242554,4.062990427017212,4.101942866092616,4.0820885151276505,53.14139616253616,0.03138638959422835,0.03211503705679019,-0.0007286474625618419,0.027393843255711186,0.4348637802533746
2017-09-08,NVDA,4.098890032067274,4.113695354563026,4.014992420170148,4.039174556732178,498856000,-0.017349127955604393,4.098766231536866,4.061873722076416,4.090530446208899,4.078001471470939,48.53421589445093,0.024385584168394203,0.030569146479110996,-0.006183562310716793,0.025910647891749475,0.41131878378077485
2017-09-11,NVDA,4.084825387110074,4.180814075296995,4.079396407574918,4.17020320892334,567444000,0.032439462655253104,4.111572885513306,4.078131639957428,4.10501640306607,4.0867825893235485,56.070221126495575,0.029075152352366906,0.03027034765376218,-0.001195195301395273,0.02361270170526144,0.3748400189668353
2017-09-12,NVDA,4.1948775303631205,4.1948775303631205,4.120110131574225,4.185254096984863,411488000,0.0036091497961820984,4.123022413253784,4.07980729341507,4.1196050746876685,4.096160828148435,56.851787634283696,0.03361861533500399,0.030940001190010544,0.0026786141449934436,0.01558186397688409,0.2473544222740272
2017-09-13,NVDA,4.160084916701567,4.232878405179089,4.127760023660965,4.204008102416992,580960000,0.004480971763611619,4.137013626098633,4.084171092510223,4.134951079729364,4.106431997126394,57.85788462515082,0.03829123644892096,0.03241024824179263,0.005880988207128332,0.015458566398222694,0.24539713389166032
2017-09-14,NVDA,4.165019421191666,4.258047190436093,4.140590671717259,4.180071830749512,513712000,-0.00569367876663196,4.146192932128907,4.089593899250031,4.143154852642118,4.113445314614309,56.061140945243096,0.039606308397188705,0.03384946027287185,0.005756848124316857,0.015285113330824171,0.24264365180879344
2017-09-15,NVDA,4.2654504635234565,4.444349765777588,4.26026857801741,4.444349765777588,1364792000,0.06322329991652076,4.172522020339966,4.112766993045807,4.197917564121294,4.144960024248907,67.91011639065957,0.06126728199539677,0.03933302461737684,0.021934257378019933,0.01964190061321034,0.3118055057952099
2017-09-18,NVDA,4.568468943563326,4.718004230469194,4.561559762772193,4.627937316894531,1684460000,0.04130807897492805,4.214692831039429,4.14508239030838,4.276102973716428,4.190957861643729,73.29722186536534,0.09218508838514072,0.049903437370929615,0.04228165101421111,0.0211301179937933,0.3354302243101688
2017-09-19,NVDA,4.577599139328865,4.684691912364669,4.555637545702236,4.623002529144287,874280000,-0.0010663039303123734,4.2675975322723385,4.180047917366028,4.339175620157857,4.232104972834258,72.94275192402584,0.11496424036984809,0.06291559797071332,0.05204864239913477,0.020589021883041445,0.3268405898435667
2017-09-20,NVDA,4.626703838446828,4.674081146439339,4.545520491706357,4.585741996765137,724920000,-0.008059812241990594,4.317023134231567,4.208782887458801,4.384005870450089,4.265784689399104,70.18288356020668,0.12852867036329219,0.07603821244922909,0.05249045791406309,0.0206333372004988,0.32754407369914496
2017-09-21,NVDA,4.482103637868586,4.508260158034046,4.382660384018477,4.460389137268066,1075600000,-0.027335349347062388,4.35201325416565,4.227240371704101,4.397893737144266,4.284318446339006,61.72199367648298,0.12769170028017474,0.08636891001541823,0.041322790264756507,0.02173891950238718,0.3450946486474109
2017-09-22,NVDA,4.449038985845202,4.498637308225439,4.407090181728481,4.4169602394104,491232000,-0.009736571523502935,4.389791822433471,4.2442790269851685,4.4013603739199265,4.296950998060091,59.06527065346015,0.1221163649126753,0.09351840099486965,0.028597963917805655,0.02190118133997621,0.3476704754646324
2017-09-25,NVDA,4.386116086822176,4.3873501383429785,4.198827353839992,4.219554901123047,874580000,-0.044692577607106654,4.394726991653442,4.253149938583374,4.368304833411402,4.289579941208944,48.78592156410661,0.10060915078800559,0.09493655095349685,0.00567259983450874,0.024369738382845826,0.38685760366029254
2017-09-26,NVDA,4.35403671827964,4.409063541897769,4.2035144747692925,4.243242263793945,1125620000,0.005613711215036954,4.400525808334351,4.261774110794067,4.345566184390046,4.285166829074183,49.91235752726095,0.08450181650694866,0.09284960406418721,-0.008347787557238556,0.024357203334328618,0.3866586159340006
2017-09-27,NVDA,4.3335551253303555,4.349594494030347,4.2627355634988335,4.336269378662109,713720000,0.021923592640922474,4.413751935958862,4.275382781028748,4.343875856075876,4.290033738558748,54.175163766277144,0.07834009292572386,0.08994770183649455,-0.011607608910770686,0.024720961388363414,0.39243309602423776
2017-09-28,NVDA,4.34342422735739,4.347372530843563,4.287657088035292,4.3350348472595215,435244000,-0.0002846989646591025,4.429248237609864,4.287720584869385,4.342268399927447,4.294319558435012,54.10935032584945,0.07252128598608731,0.0864624186664131,-0.01394113268032579,0.024728197780674307,0.3925479701909013
2017-09-29,NVDA,4.418935874487144,4.434974781578009,4.373779088853216,4.411286354064941,619092000,0.017589594891866733,4.425941896438599,4.299231958389282,4.354817118861537,4.30545925325691,57.540357796910016,0.07321867954223382,0.08381367084157726,-0.010594991299343437,0.024542286319948262,0.3895967172451541
2017-10-02,NVDA,4.461376675610774,4.490494075284112,4.367609009695415,4.4169602394104,503480000,0.0012862201385386296,4.404844188690186,4.309768509864807,4.36611586805224,4.316078394795337,57.79322727501697,0.07338328723295895,0.0817275941198536,-0.00834430688689465,0.02453411708014866,0.3894670345836929
2017-10-03,NVDA,4.423128893844561,4.455947975556622,4.381920428192538,4.426090240478516,390332000,0.0020670326589433685,4.385152959823609,4.326375246047974,4.377020299402472,4.32655571343183,58.22436703640846,0.0734042957683565,0.08006293444955419,-0.00665863868119769,0.023541606759960743,0.373711421698399
2017-10-04,NVDA,4.43225860398216,4.4853115091058555,4.395738313594542,4.463103294372559,427848000,0.008362471590737774,4.37288908958435,4.344956111907959,4.3926717530333965,4.339560244949995,60.00789125308343,0.07553684754383827,0.07915771706841102,-0.003620869524572745,0.02353132739578559,0.37354824185093904
2017-10-05,NVDA,4.487532038540155,4.490986628433252,4.430777456600264,4.460635185241699,437364000,-0.0005530029148039795,4.3729136943817135,4.362463474273682,4.405028740707633,4.351091191644443,59.82447871645205,0.07614994524303498,0.07855616270333582,-0.0024062174603008413,0.02355968487958274,0.3739984029505479
2017-10-06,NVDA,4.43300054402543,4.487040427249241,4.416961167438068,4.473715305328369,318800000,0.002932344731966907,4.378589200973511,4.384190511703491,4.417517207002311,4.36276967866196,60.51329530813961,0.07680591518244739,0.07820611319915814,-0.0014001980167107492,0.023006221483641363,0.36521244391791896
2017-10-09,NVDA,4.510479933175182,4.607702631427795,4.491726311475158,4.574636936187744,563492000,0.022558795983100177,4.41409740447998,4.404412198066711,4.446084430490572,4.382947512712034,65.43718582243034,0.08449529904760755,0.07946395036884803,0.005031348678759526,0.02249475915773132,0.3570932312018991
2017-10-10,NVDA,4.7236800345069,4.761187290244358,4.62078217390146,4.661990642547607,974876000,0.01909522167078448,4.4559722423553465,4.428249025344849,4.485340105410033,4.409523048886851,69.03627388438572,0.09652522253708007,0.08287620480249444,0.013649017734585628,0.022714288903709728,0.3605781578813394
2017-10-11,NVDA,4.678523627682139,4.7130700099361,4.632626983790919,4.711589336395264,529508000,0.010638951823496612,4.493504238128662,4.453628087043763,4.526476329225529,4.438291266744796,70.8898138146463,0.10880696469431861,0.08806235678085927,0.020744607913459334,0.02273931739347829,0.36097547283905423
2017-10-12,NVDA,4.715043070828581,4.764641389559843,4.686666009933324,4.713809490203857,528292000,0.00047121123045346103,4.531381702423095,4.4803149700164795,4.5605369039488615,4.46453109755042,70.97357441739304,0.11736655313051259,0.09392319605078994,0.023443357079722643,0.022614488621029896,0.3589938775088707
2017-10-13,NVDA,4.775992009268941,4.81177196504256,4.729108416171767,4.801654815673828,628728000,0.018635739448641164,4.5704185485839846,4.498180222511292,4.604376524262491,4.4966381183240784,74.14373250411622,0.12974287712079935,0.10108713226479182,0.028655744856007526,0.01853369585973149,0.2942133007185418
2017-10-16,NVDA,4.83151263262083,4.8870331734610435,4.768342574124737,4.8840718269348145,576640000,0.017164293233232097,4.617129707336426,4.510986948013306,4.655230215657459,4.533536566763196,76.71339681275845,0.14453545234630738,0.10977679628109493,0.034758656065212445,0.016671029889821706,0.2646443951267565
2017-10-17,NVDA,4.863344095500636,4.908007148435938,4.845084185022525,4.879630088806152,478596000,-0.0009094334166354079,4.6624836921691895,4.523818325996399,4.696030192593585,4.566497854576811,76.27344541953437,0.15412362246034395,0.11864616151694474,0.03547746094339921,0.016669136768079525,0.2646143427507683
2017-10-18,NVDA,4.888513370283382,4.889253236190173,4.770316497105285,4.875434875488281,567316000,-0.0008597400297811753,4.703716850280761,4.538302969932556,4.728649225847166,4.595920427996951,75.83109484865727,0.15954466610313123,0.12682586243418204,0.03271880366894919,0.016498254516142515,0.2619016710981682
2017-10-19,NVDA,4.797953034844264,4.885798458987188,4.748848437707955,4.880863666534424,570772000,0.0011134988333936224,4.745739698410034,4.559326696395874,4.756324578699394,4.623057879286234,76.0248655182078,0.16240681563773496,0.13394205307489263,0.028464762562842333,0.014873548231366954,0.23611025839992925
2017-10-20,NVDA,4.8978919170533715,4.925034933480398,4.8497737888702295,4.858657360076904,451620000,-0.0045496674307411444,4.784233903884887,4.581411552429199,4.77493053894985,4.645495925075822,73.43145606945455,0.16102700731481345,0.1393590439228768,0.021667963391936662,0.014653622005793447,0.23261903780203771
2017-10-23,NVDA,4.88037167861789,4.906774827855026,4.831513686155317,4.851747989654541,428696000,-0.0014220740238110041,4.811945009231567,4.613021206855774,4.788897348168884,4.665138978845223,72.60158927625739,0.15755972044903288,0.142999179228108,0.014560541220924872,0.009085811898189976,0.14423279245033432
2017-10-24,NVDA,4.860877597490025,4.904307079985378,4.834968163609026,4.9025797843933105,407244000,0.01047700639999416,4.836003923416138,4.645988082885742,4.8095668820278705,4.687752388897422,74.8531872324157,0.15710259077039979,0.14581986153656637,0.011282729233833416,0.00911057133587416,0.14462583633861922
2017-10-25,NVDA,4.863098355682998,4.915904650176435,4.717264726082027,4.778707027435303,828160000,-0.02526685182204269,4.842715692520142,4.668109965324402,4.8039559993746765,4.696414735424839,61.57358775040136,0.14507251037287894,0.1456703913038289,-0.0005978809309499511,0.011029176014847123,0.1750827414074635
2017-10-26,NVDA,4.80634393075185,4.840396124000379,4.782408417215794,4.828798770904541,322744000,0.010482279658839522,4.85421462059021,4.692798161506653,4.808472866925561,4.709022738803858,64.32946182280149,0.13798990828264746,0.1441342946995926,-0.006144386416945147,0.011024153477453722,0.1750030110981027
2017-10-27,NVDA,4.880864040723219,4.981294252288455,4.854954142760017,4.981047630310059,572192000,0.03152934438330268,4.872153902053833,4.7212862253189085,4.8398500966318325,4.734929871328259,71.11108109485578,0.14301353465133815,0.14391014268994173,-0.0008966080386035857,0.012208099744421805,0.19379757542646772
2017-10-30,NVDA,4.981048759724676,5.08542682922171,4.965256007126421,5.029906749725342,504056000,0.009809004659576459,4.886737394332886,4.751933550834655,4.874405851739743,4.763022907366076,72.89220528395887,0.14921723395735675,0.14497156094342475,0.004245673013932,0.012177633038629239,0.1933139314657007
2017-10-31,NVDA,5.061737718778116,5.1298425725651375,5.056062118190584,5.1031928062438965,411908000,0.014570062660218541,4.90909366607666,4.785788679122925,4.916003479831407,4.795420040592535,75.34740052165921,0.15822338197970698,0.1476219251506812,0.010601456829025774,0.012253973650650283,0.1945258011117536
2017-11-01,NVDA,5.165868763585285,5.181167798233534,5.04865884259544,5.112815856933594,502576000,0.0018856921647019131,4.932831764221191,4.818274307250976,4.9517875483954406,4.825648213577398,75.65914854930058,0.1642440161607297,0.15094634335269091,0.013297672808038785,0.012307489432068719,0.19537533780485644
2017-11-02,NVDA,5.083205793911416,5.127868851709636,5.025217617115734,5.081725120544434,342308000,-0.00608094194258868,4.952917909622192,4.849328804016113,4.975412561513439,4.8500364904314015,72.47051043375045,0.16460913785942477,0.15367890225403769,0.010930235605387084,0.012543256194479794,0.1991180191293838
2017-11-03,NVDA,5.112816895637146,5.14958381652832,5.0669202530208235,5.14958381652832,353640000,0.013353476304640566,4.982010555267334,4.883122229576111,5.007080062425235,4.878564807202537,74.95181061072313,0.1684325435666958,0.1566296305165693,0.011802913050126485,0.012598608283220092,0.19999670629751262
2017-11-06,NVDA,5.112815568743943,5.181414128159518,5.100477881188919,5.1727776527404785,389944000,0.004504021497371058,5.014113521575927,4.913029265403748,5.037206897028006,4.906585078206151,75.75614132098907,0.17135885071533785,0.15957547455632304,0.011783376159014813,0.012071052906305417,0.19162202431672556
2017-11-07,NVDA,5.195480052078543,5.2534682242757045,5.183388985396631,5.23199987411499,427700000,0.011448824084510312,5.0470555305480955,4.941529726982116,5.072623801952912,4.937576963530802,77.72316085267852,0.176423013853519,0.16294498241576225,0.013478031437756749,0.011759265767798286,0.18667255693385568
2017-11-08,NVDA,5.227557565489611,5.231259248075691,5.11380271815011,5.161180019378662,522988000,-0.013535905282931138,5.085302829742432,4.964009261131286,5.088724932393958,4.95887249265917,70.37037656319673,0.17273069725798784,0.16490212538420737,0.007828571873780471,0.012462515494638098,0.19783630025460916
2017-11-09,NVDA,5.065191742967513,5.0913477917094525,4.944280614060956,5.066425323486328,978564000,-0.018359114686284705,5.1090654850006105,4.98164005279541,5.084670458047116,4.969115619404613,61.92878519042838,0.1603106364665674,0.1639838276006794,-0.0036731911341119916,0.013465082201138592,0.2137515533235295
2017-11-10,NVDA,5.257911080764572,5.395848582946882,5.222131115803474,5.333418846130371,1253256000,0.052698600215490554,5.144302606582642,5.0082282543182375,5.129897437698617,5.0038111648070664,72.08885634175772,0.17005154635410769,0.16519737135136506,0.004854175002742628,0.017113658191103928,0.2716709015773469
2017-11-13,NVDA,5.333418007285244,5.358833723577544,5.231507108144709,5.2468061447143555,582376000,-0.01623962113511057,5.165992546081543,5.026364970207214,5.151153566246933,5.026953543845856,65.94103399001307,0.1688361286732203,0.16592512281573613,0.0029110058574841613,0.017530315282740946,0.2782851278561249
2017-11-14,NVDA,5.255935853487221,5.300352289707835,5.2122597539573094,5.285053253173828,529292000,0.007289598167830702,5.184178590774536,5.0466361284255985,5.175498963870004,5.051534468543758,67.26849230099614,0.1690108712940992,0.16654227251140874,0.0024685987826904565,0.017511909604119354,0.2779929467660603
2017-11-15,NVDA,5.230026444931423,5.231260496305435,5.12762230156524,5.18141508102417,501948000,-0.019609674148017397,5.191038513183594,5.061935138702393,5.176574621534398,5.06390405068475,60.39899489250387,0.15895429555442586,0.16502467712001218,-0.006070381565586314,0.018278882337175038,0.2901682614502575
2017-11-16,NVDA,5.255440895626243,5.285545244198986,5.212751768720923,5.221634864807129,441768000,0.007762316501191968,5.205029487609863,5.078973698616028,5.1847673930385305,5.078926032982119,62.019958896162784,0.15247218283446884,0.1625141782629035,-0.010041995428434675,0.018299294337045496,0.29049229190276976
2017-11-17,NVDA,5.2786370306660775,5.31392327018724,5.200415034451737,5.2154669761657715,515664000,-0.0011812179137472567,5.211617803573608,5.0968141794204715,5.1903491354253015,5.091929932332944,61.603517257486125,0.14516400445474176,0.15904414350127116,-0.013880139046529405,0.018236339099348145,0.2894929084867129
2017-11-20,NVDA,5.231013387196668,5.294677165489488,5.194246469201468,5.282586097717285,396100000,0.012869244855396866,5.222598648071289,5.118356084823608,5.207119492205662,5.110087662369548,64.40451052585591,0.14313816494248677,0.1558629477895143,-0.012724782847027521,0.018304702342636987,0.29057814133007337
2017-11-21,NVDA,5.322312734237784,5.342793652522641,5.290481087341017,5.331195831298828,399176000,0.009201881934787215,5.232518243789673,5.139786887168884,5.2296788265862375,5.131145583219955,66.32072875700526,0.14379746412950478,0.15344985105751238,-0.0096523869280076,0.01828470598169363,0.29026070894097894
2017-11-22,NVDA,5.358358777921161,5.358358777921161,5.274649684699717,5.307244300842285,356640000,-0.00449271255727024,5.247124671936035,5.166213750839233,5.243781640087337,5.147916889660177,64.47884606518504,0.1407646281384185,0.15091280647369362,-0.010148178335275121,0.017062523123123955,0.2708591575384506
2017-11-24,NVDA,5.323541324645499,5.358358491793912,5.299095128354143,5.357370376586914,180752000,0.009444840467711879,5.276219177246094,5.192642331123352,5.264434137632715,5.167864840796057,66.571260911617,0.14078298059068928,0.14888684129709276,-0.008103860706403482,0.017047814686249243,0.2706256683415807
2017-11-27,NVDA,5.366012256640127,5.367246693934093,5.284525265853096,5.287735462188721,422896000,-0.01299796532689168,5.2716508388519285,5.2079767227172855,5.268670742097442,5.179281090452501,61.17968200235375,0.13363807289514007,0.14583708761670222,-0.012199014721562151,0.016340937313720393,0.25940433793080014
2017-11-28,NVDA,5.292921862238831,5.302305188626579,5.142048260118121,5.203039646148682,512752000,-0.016017407951982032,5.267274188995361,5.216633367538452,5.256737815561304,5.181543810042614,55.311980824292974,0.11976090834534592,0.14062185176243097,-0.020860943417085054,0.016798326883549746,0.2666651722550598
2017-11-29,NVDA,5.1857549931611935,5.1884711326174875,4.7220223386650035,4.8501787185668945,1396788000,-0.06781822772443735,5.223786735534668,5.203982663154602,5.182817979744138,5.149985229902069,38.67117268587196,0.0793752392374687,0.12837252925743853,-0.04899729001996983,0.022606424666760244,0.3588658662033829
2017-11-30,NVDA,4.918826330843466,5.00475752838504,4.85585963498414,4.956112384796143,823768000,0.021841188206884965,5.201256465911865,5.196147489547729,5.141598780662684,5.13152114941579,44.10770825640159,0.055280033234058834,0.11375403005276259,-0.05847399681870376,0.02323232014886954,0.3688016489576633
2017-12-01,NVDA,4.921542276935536,4.941790637594679,4.752642822128657,4.881292819976807,811548000,-0.015096422157185097,5.167222261428833,5.186125874519348,5.094270424174343,5.1076898799454105,41.32158453149012,0.02980353865053864,0.09696393177231781,-0.06716039312177917,0.023416780323556624,0.37172986345176867
2017-12-04,NVDA,4.9398137459395,4.9459873468586295,4.555839600338682,4.609176158905029,1240844000,-0.055746842303361355,5.106593179702759,5.159105491638184,5.006071466852649,5.06021238270347,33.12600593717666,-0.012203631363933987,0.07513041914506746,-0.08733405050900145,0.026024100009547187,0.41311978031721297
2017-12-05,NVDA,4.50398499760678,4.758322042474608,4.459044114595156,4.635845184326172,981488000,0.005786072066179759,5.041919088363647,5.132258868217468,4.938757597302381,5.019796459048489,34.49720089286298,-0.042848715457187936,0.051534592224616385,-0.09438330768180432,0.02605083072082543,0.4135441172036736
2017-12-06,NVDA,4.585470116401038,4.6951066206896765,4.56423411933135,4.67337703704834,467032000,0.008096010809218512,4.9761372089385985,5.104327726364136,4.8905065863471,4.986804133143713,36.47139038754302,-0.0633760983278302,0.02855245411412707,-0.09192855244195727,0.025949066086357848,0.4119286537132979
2017-12-07,NVDA,4.740048085684807,4.780544796670754,4.694613153463657,4.74078893661499,542600000,0.014424665297116057,4.9194916725158695,5.083308172225952,4.863285195486716,4.963374114426692,39.9709370348221,-0.07335898353651693,0.008170166583998271,-0.0815291501205152,0.02623393120318925,0.4164507472512974
2017-12-08,NVDA,4.790669461412274,4.809683383143502,4.720047938340991,4.728443622589111,466876000,-0.0026040632036011813,4.856598997116089,5.066409087181091,4.8387685458689695,4.940999781870732,39.54135682696604,-0.08132914390964352,-0.009729695514730088,-0.07159944839491343,0.026012744110161596,0.4129395110030865
2017-12-11,NVDA,4.742517713464227,4.809682707027843,4.726714462613752,4.8067193031311035,372748000,0.016554216733820626,4.808497381210327,5.040074110031128,4.832941410825721,4.9282111648479106,43.67480088252722,-0.08040252986917462,-0.023864262385618996,-0.05653826748355563,0.023013347633653893,0.3653255680423499
2017-12-12,NVDA,4.763261941962513,4.786473240415567,4.6889361456397465,4.7123942375183105,455016000,-0.01962358516573859,4.75943284034729,5.0133535146713255,4.8110237429516465,4.907657171768901,40.11560446675476,-0.08628478871975176,-0.03634836765244555,-0.04993642106730621,0.023113123254276367,0.36690945691679505
2017-12-13,NVDA,4.753383500010347,4.75461793784421,4.589916331395567,4.597324371337891,554280000,-0.024418556763412758,4.734147405624389,4.978967070579529,4.7721693117491455,4.878101666965947,36.2360565044567,-0.09908945619006904,-0.04889658535997025,-0.05019287083009879,0.02330552988971753,0.36996381756465097
2017-12-14,NVDA,4.590902437909763,4.675352369434619,4.558307826650252,4.604483604431152,438164000,0.0015572608141152244,4.698984527587891,4.950120496749878,4.7416810013276915,4.852042803867396,36.64657005309384,-0.10742127158313419,-0.06060152260460304,-0.04681974897853115,0.02316773654898668,0.36777641609328326
2017-12-15,NVDA,4.648437403530416,4.75041908036223,4.583494972862359,4.730170726776123,670036000,0.027296681483242713,4.683872318267822,4.9255472898483275,4.739588224136497,4.8404359393825125,43.521163674751016,-0.10269854999082995,-0.06902092808184843,-0.03367762190898152,0.024152578721230732,0.3834103009037217
2017-12-18,NVDA,4.770668487414191,4.889688359129098,4.741037269406493,4.886725425720215,477704000,0.03309705039986843,4.711627244949341,4.90911021232605,4.766340442606264,4.844844461890865,50.69754419216953,-0.08533936421224997,-0.07228461530792873,-0.013054748904321234,0.025585145979906722,0.4061516011207029
2017-12-19,NVDA,4.877341701368436,4.882527187648366,4.8141277506400355,4.842524528503418,373100000,-0.00904509530741282,4.732295179367066,4.8871071338653564,4.780192094587565,4.844623515853965,48.81175224143344,-0.07429233166555971,-0.07268615857945493,-0.0016061730861047785,0.025340895037173666,0.40227423760891445
2017-12-20,NVDA,4.881784126788529,4.8909201864910905,4.804001396819572,4.859560489654541,288820000,0.003517991710903834,4.750913524627686,4.863525366783142,4.79462271187247,4.846046084787353,49.59004573184628,-0.06343161887572091,-0.07083525063870813,0.007403631762987223,0.025216279802718403,0.40029603208928266
2017-12-21,NVDA,4.863017914232466,4.88795769218551,4.828694811516735,4.837090492248535,300904000,-0.00462387441289025,4.76054368019104,4.840017676353455,4.802344126486299,4.845193171212228,48.54168901294298,-0.055992124387571174,-0.06786662538848075,0.011874501000909574,0.02521634626363646,0.40029708712364914
2017-12-22,NVDA,4.800298843351743,4.8311649616097,4.722516093467407,4.821781635284424,466276000,-0.0031648895112968978,4.769877481460571,4.81323823928833,4.805878218995049,4.842963501123865,47.80026053300105,-0.050746593086157255,-0.06444261892801605,0.013696025841858792,0.025010904596800873,0.39703580176738384
2017-12-26,NVDA,4.766470988250175,4.8830215216898765,4.736592503739777,4.875366687774658,355080000,0.01111312302036116,4.776742219924927,4.792619800567627,4.818512486045886,4.846049518900132,50.642082004726525,-0.041783946505074,-0.05991088444342764,0.01812693793835364,0.02518302928578012,0.3997681964965844
2017-12-27,NVDA,4.862031879793944,4.937838882780134,4.847463065811417,4.868698596954346,329488000,-0.0013677106251378524,4.7923726558685305,4.77590274810791,4.827637233483788,4.848206573952914,50.275285213152195,-0.034817687095246797,-0.05489224497379147,0.020074557878544674,0.02501976701106415,0.39717648823232143
2017-12-28,NVDA,4.8924025735041585,4.923268688184704,4.868203645094026,4.8743767738342285,240248000,0.0011662617364391892,4.820077896118164,4.777112650871277,4.836135331729323,4.85069897394161,50.60338298185233,-0.028510048808294997,-0.04961580574069218,0.021105756932397184,0.019832655664532038,0.31483364835796934
2017-12-29,NVDA,4.900553514670071,4.900553514670071,4.778076648712158,4.778076648712158,279964000,-0.01975639750275593,4.8374372005462645,4.768210864067077,4.825579207544384,4.843782562014996,45.16091003836902,-0.03092532738172249,-0.04587771006889824,0.014952382687175754,0.01965029462799911,0.3119387566490048
2018-01-02,NVDA,4.834375953920352,4.92623395284566,4.802769447470879,4.922529697418213,355616000,0.030232467858168244,4.856673097610473,4.770272707939148,4.843206569339626,4.851282289196255,53.27835569592727,-0.020941894146384143,-0.040890546884395425,0.01994865273801128,0.020607565949766107,0.3271349677766622
2018-01-03,NVDA,5.039819567643107,5.2768715921266445,5.031177092524499,5.246499061584473,914704000,0.06581359262010689,4.892650461196899,4.80213885307312,4.916532477020507,4.888921981804656,65.5828959268238,0.012962248055778502,-0.03011998789636064,0.04308223595213914,0.021028547940563785,0.3338178497011874
2018-01-04,NVDA,5.327740403287896,5.384287169511591,5.251932921727809,5.27415657043457,583268000,0.005271612274289517,4.935813665390015,4.83405442237854,4.981555039459427,4.9256109902456,66.39652281215356,0.04158390150641811,-0.01577921001580489,0.057363111522222995,0.021030042633581634,0.3338415772172571
2018-01-05,NVDA,5.288971564597203,5.356136083669661,5.212176454343494,5.318850040435791,580124000,0.008474050666557709,4.98174262046814,4.866328072547913,5.042881403273311,4.9630623283589514,67.72435030617623,0.06709967430680042,0.0007965668487161705,0.06630310745808425,0.021031555172305712,0.33386558802513067
2018-01-08,NVDA,5.442314845965731,5.555901948622903,5.397373497373646,5.481823444366455,881216000,0.03064072171459653,5.046215915679932,4.903379797935486,5.122689047108428,5.012468148931094,72.05988764791142,0.09932672311858504,0.020502598102689944,0.07882412501589509,0.0216487240193869,0.3436628397430103
2018-01-09,NVDA,5.487256847577626,5.52676545407122,5.398856305224729,5.480342864990234,497000000,-0.0002700888474878038,5.1120720386505125,4.940974760055542,5.1877170139960285,5.057027645698631,71.96530950592476,0.12332579807081423,0.0410672380963148,0.08225855997449943,0.02159758399657974,0.3428510170486708
2018-01-10,NVDA,5.387989697031971,5.526763836900809,5.333665496743862,5.523306846618652,582664000,0.007839652132512143,5.176866054534912,4.976804137229919,5.248733347200142,5.1014351886433955,73.06987892008772,0.14415039609125646,0.06168386969530314,0.08246652639595332,0.0214955863167869,0.3412318540784461
2018-01-11,NVDA,5.555902717307759,5.587262901229736,5.511702213580045,5.5331854820251465,406032000,0.0017885364113967572,5.243314743041992,5.017843699455261,5.300451917168324,5.142554264203563,73.33007227715893,0.15961126407598147,0.0812693485714388,0.07834191550454267,0.020604718914051787,0.32708977248581933
2018-01-12,NVDA,5.521331639654908,5.555654749671344,5.46552573671378,5.506021976470947,359916000,-0.004909198443182716,5.306479263305664,5.063278579711914,5.337828291586982,5.177170236800457,71.29039041287281,0.16773865861722914,0.09856321058059687,0.06917544803663227,0.01940308809707417,0.30801447462921444
2018-01-16,NVDA,5.532445203405531,5.6178823443928865,5.350705418420513,5.435154914855957,702348000,-0.012870827962152775,5.372187089920044,5.104812145233154,5.35552404127225,5.201740206139076,66.12294605470615,0.1665415108655326,0.11215887063758402,0.05438264022794857,0.019963634607368382,0.316912874616356
2018-01-17,NVDA,5.449721845317526,5.558864301690892,5.355889051648854,5.54898738861084,538408000,0.020943740433919,5.4348328590393065,5.14575297832489,5.390699195333811,5.2348113663744815,69.89740868346225,0.17278631881413098,0.12428436027289341,0.048501958541237566,0.019697789979682537,0.3126927219829202
2018-01-18,NVDA,5.529726995869949,5.596397929165241,5.498614082057329,5.542073726654053,408632000,-0.0012459321805231571,5.4643903255462645,5.178520393371582,5.4182218373920366,5.26407444830587,69.39171935033983,0.17515838256289928,0.1344591647308946,0.0406992178320047,0.018893149495583714,0.29991945028847955
2018-01-19,NVDA,5.632203554862957,5.706282066340805,5.605288478534328,5.6820831298828125,609380000,0.02526299903868079,5.505182981491089,5.220498323440552,5.466196617844905,5.303884798932245,73.56299356789208,0.18618957142633263,0.1448052460699822,0.04138432535635042,0.018966966255272003,0.3010912550208225
2018-01-22,NVDA,5.689983178997837,5.772210558275641,5.632448787028187,5.770482063293457,550944000,0.01555748682129332,5.550346183776855,5.266044402122498,5.521521244290096,5.3483226336333125,75.8049673174317,0.1997621890537884,0.15579663466674346,0.04396555438704494,0.019001811383829583,0.3016444042882151
2018-01-23,NVDA,5.8238204730048055,5.922098396043224,5.805301079848276,5.899381160736084,475228000,0.02233766538545634,5.592101955413819,5.319158935546875,5.590223047280275,5.40080439811929,78.64836103043349,0.21840206318406974,0.16831772037020873,0.05008434281386101,0.018956059785378,0.3009181201786956
2018-01-24,NVDA,5.9025904287862,5.93839524547815,5.767026465621453,5.822585582733154,579972000,-0.013017565048017321,5.626326227188111,5.369199132919311,5.63247078099898,5.440974034749182,73.13392989875186,0.22439089779663135,0.17953235585549326,0.044858541941138086,0.019441906514853138,0.3086306979076074
2018-01-25,NVDA,5.876908457477814,5.920121303638124,5.8213498239538755,5.836165428161621,409884000,0.0023322706442885366,5.657612085342407,5.41723906993866,5.669506171392187,5.478611310312272,73.4879256472814,0.22760913597117494,0.1891477118786296,0.03846142409254533,0.01950617148492102,0.30965087268048314
2018-01-26,NVDA,5.879872543227689,6.008769303849789,5.867032225829724,6.0085225105285645,516356000,0.029532590274987447,5.705145788192749,5.47423026561737,5.731145505780619,5.529079043666204,77.5340378023505,0.24128599426288222,0.19957536835548015,0.04171062590740207,0.019844964846191034,0.31502905055904384
2018-01-29,NVDA,5.993954179465622,6.126555205457101,5.941358468062582,6.095441818237305,455116000,0.014466003506924396,5.764087772369384,5.535283517837525,5.797381198954562,5.583018355530118,79.25356663186545,0.25618551753642294,0.21089739819166872,0.04528811934475421,0.01972919559301346,0.31319127063879065
2018-01-30,NVDA,5.953705732374962,6.084825078462028,5.887034782639896,5.9934611320495605,570832000,-0.01673064713416217,5.819918394088745,5.596052742004394,5.833032095880925,5.622108143770065,72.2648431588488,0.25680422869545794,0.22007876429242657,0.03672546440303137,0.019487659194332117,0.30935699917790477
2018-01-31,NVDA,6.068773423608203,6.155198660306278,6.036178805971639,6.069514274597168,478576000,0.012689352758278316,5.871971082687378,5.653401970863342,5.876028855647514,5.664718251467884,74.09916968031034,0.2604293473429955,0.22814888090254037,0.032280466440455124,0.018992064472885855,0.30148967687376593
2018-02-01,NVDA,5.889750096245417,6.096676898963478,5.8783914795009435,5.9386420249938965,519224000,-0.02156222782950079,5.911627912521363,5.688009119033813,5.887413068255947,5.690806229898933,66.008889989778,0.24986173267008738,0.23249145125604978,0.017370281414037597,0.01534526688199226,0.2435985598300024
2018-02-02,NVDA,5.8522170708127845,5.8761692122464035,5.70825742887083,5.766285419464111,718464000,-0.02902289863648788,5.9200481414794925,5.712615561485291,5.865389859384704,5.697994724143236,57.15790605078086,0.22498559044625832,0.2309902790940915,-0.006004688647833184,0.01726531248252014,0.274078338819405
2018-02-05,NVDA,5.605289686773526,5.759126286967598,5.062045582238898,5.27687406539917,1165204000,-0.08487463218746194,5.870687341690063,5.71051676273346,5.758386987750971,5.657887994739039,40.536543332006836,0.1638904354970947,0.21757031037469216,-0.053679874877597455,0.02637875148736709,0.418749697991691
2018-02-06,NVDA,5.047228245708797,5.57318674114251,5.037350860903087,5.570223808288574,1114800000,0.05559157547702709,5.837771606445313,5.714936780929565,5.724175500575989,5.6495390246009,49.9343504367399,0.13755728292699487,0.20156770488515272,-0.06401042195815784,0.028418073641296306,0.45112293356633876
2018-02-07,NVDA,5.668996165660121,5.802090790643219,5.5978805855485,5.649735450744629,802932000,0.014274407132033096,5.82048659324646,5.723406410217285,5.710640946061196,5.649557731852684,52.142148115956424,0.12170110030672099,0.18559438396946637,-0.06389328366274538,0.028564413777801133,0.4534460112144528
2018-02-08,NVDA,5.775174844993028,5.808263048004478,5.370951866705575,5.371199131011963,1144000000,-0.04930077207348804,5.773989963531494,5.715801024436951,5.648924252415881,5.623047388915473,44.70492838932227,0.08567183656222888,0.16560987448801887,-0.07993803792578999,0.030717526209319466,0.48762561144580746
2018-02-09,NVDA,5.883082992680038,5.898886243549443,5.371199240991339,5.730727672576904,1674604000,0.06693636426344973,5.7462104797363285,5.725678133964538,5.663797601536067,5.633302654026085,53.85426286943095,0.08514780319423476,0.14951746022926204,-0.06436965703502728,0.034270620155991825,0.5440292292522717
2018-02-12,NVDA,5.811719975476617,5.8146833792840935,5.55664259075197,5.630721092224121,1093172000,-0.01745093922912133,5.69973840713501,5.731913089752197,5.657783690752076,5.633056790997327,51.310987750980715,0.07578915749949644,0.13477179968330893,-0.058982642183812495,0.03452366375817112,0.548046171905606
2018-02-13,NVDA,5.594422971878374,5.790484735326262,5.562075147582211,5.744308948516846,625524000,0.020172879180534453,5.674823188781739,5.747370791435242,5.673515555800216,5.643652234570615,53.96989525265669,0.07665433066230332,0.12314830587910781,-0.0464939752168045,0.03458066843207583,0.5489510930499272
2018-02-14,NVDA,5.704060916985158,5.9902517722482,5.692949091348327,5.961360931396484,744988000,0.03778556913023978,5.66400785446167,5.767989468574524,5.725851078635901,5.673910205696888,58.62015933878394,0.09377330735105716,0.11727330617349768,-0.023499998822440527,0.03523074216501948,0.5592706936372731
2018-02-15,NVDA,6.044575827374688,6.132976372293967,5.9638301163965,6.086800575256348,698900000,0.02104211526586397,5.678823709487915,5.795225811004639,5.791478259839618,5.713233098035884,61.068079343110355,0.11612355062193824,0.1170433550631858,-0.0009198044412475626,0.0354019426759736,0.5619884174951438
2018-02-16,NVDA,6.05963625055315,6.173223333825346,6.01197877048852,6.021115303039551,637656000,-0.01079142833820057,5.704306697845459,5.812177419662476,5.833230449512333,5.742555212798138,59.09661516922519,0.12707122889810396,0.11904892983016944,0.008022299067934516,0.035249597141340475,0.5595700071072013
2018-02-20,NVDA,6.043587527726283,6.219400953963212,6.0398832723629265,6.150507926940918,686240000,0.021489810008462618,5.791670083999634,5.8311787128448485,5.890917263590257,5.781407852240307,61.718365320684704,0.1445222832559141,0.12414360051531838,0.02037868274059572,0.035381126401157204,0.5616579693768221
2018-02-21,NVDA,6.214955647828824,6.2218696291213735,5.959877778058272,5.963581562042236,892292000,-0.030392020808540532,5.831005859375,5.834388732910156,5.90412895421789,5.798757729364301,56.121943048274694,0.14163627926221434,0.1276421362646976,0.01399414299751675,0.03588765825753092,0.5696989133154026
2018-02-22,NVDA,5.997432767055689,6.069086435851359,5.917625143276872,5.983101844787598,534364000,0.003273248222109837,5.864342498779297,5.842414546012878,5.9184876615942,5.816314311785567,56.5648753574707,0.13931824992191189,0.12997735899614046,0.009340890925771422,0.035733515459199706,0.5672519722507466
2018-02-23,NVDA,6.04289490180953,6.076498031616211,5.992243024770804,6.076498031616211,415300000,0.015609994489727663,5.934872388839722,5.854431176185608,5.94721681978002,5.8410937136742,58.712396146933614,0.1433648657707165,0.13265486035105567,0.010710005419660829,0.035863646186083994,0.56931773349833
2018-02-26,NVDA,6.122703332679039,6.12715073010271,6.030294359867452,6.092559337615967,469312000,0.0026431845968168943,5.971055555343628,5.858633017539978,5.973642732113828,5.865042820716273,59.08701862072577,0.14618274743262916,0.1353604377673704,0.010822309665258767,0.03530192483068189,0.5604006834232814
2018-02-27,NVDA,6.065874883803376,6.150130385346816,6.0567331409142895,6.0797119140625,455436000,-0.002108707169111268,6.015954637527466,5.857846522331238,5.9929280379226775,5.885487496273056,58.6287661952806,0.14569972352322313,0.13742829491854094,0.00827142860468219,0.03517069746368331,0.5583175135535772
2018-02-28,NVDA,6.090582207639398,6.130115361349495,5.967782295909265,5.979395389556885,523116000,-0.016500210194759557,6.03946328163147,5.857143235206604,5.990467556401624,5.8944311051572305,55.03932445603283,0.1356584324823773,0.1370743224313082,-0.0014158899489309096,0.035164805414527336,0.5582239801729015
2018-03-01,NVDA,5.9771709264830095,6.031034996811385,5.636444334778007,5.73750114440918,1040120000,-0.040454632849698746,6.017077302932739,5.840542578697205,5.944473663312088,5.879485394609797,47.48928041592276,0.10694895205417865,0.1310492483558823,-0.024100296301703655,0.03618633233930699,0.5744402173760428
2018-03-02,NVDA,5.630019649725559,5.8509115742309685,5.4815231620254234,5.844487190246582,913428000,0.01864680165539534,5.992845964431763,5.8358348369598385,5.926294304572905,5.876152232289491,50.70978127267479,0.09177147728915269,0.12319369414253639,-0.0314222168533837,0.036169896637320204,0.574179308695564
2018-03-05,NVDA,5.794330841824251,5.862031477565013,5.671036558141132,5.822498321533203,620776000,-0.0037623264450086236,5.972984266281128,5.838645482063294,5.907422307656596,5.871042336026988,50.03062176828257,0.0770803667663218,0.11397102866729347,-0.03689066190097168,0.035545044643908966,0.5642600908108293
2018-03-06,NVDA,5.907741202010256,6.002621052844354,5.8647489095100385,5.983348369598389,636808000,0.027625606600918617,5.956268310546875,5.873969197273254,5.921227046191467,5.881738148748074,54.79959975729027,0.07752317156683919,0.10668145724720263,-0.029158285680363438,0.02963516613759076,0.4704436779728863
2018-03-07,NVDA,5.880561610998472,6.02757595760045,5.879326406215545,5.9754414558410645,581208000,-0.0013214864435271423,5.9574542999267575,5.894230079650879,5.931084211582302,5.89066227323312,54.52412578364482,0.07635589250322017,0.10061634429840614,-0.024260451795185975,0.027338523728743416,0.4339856099873599
2018-03-08,NVDA,6.002865782290941,6.002865782290941,5.914904242221958,5.959132194519043,411912000,-0.0027293818276938886,5.9550573348999025,5.9096999168396,5.936183844843527,5.897183218117494,53.92200832598578,0.07327018130799345,0.09514711170032361,-0.021876930392330157,0.027262250851167683,0.4327748155922919
2018-03-09,NVDA,6.006574364726223,6.074521945773585,5.9905143444255415,6.061674118041992,505524000,0.017207526226262093,5.95357494354248,5.944223666191101,5.959000258152339,5.912849018110303,57.12769583659154,0.0781975959938146,0.09175720855902181,-0.013559612565207213,0.0244561263739092,0.38822897050398947
2018-03-12,NVDA,6.102936137303769,6.251185216531933,6.094782183459162,6.171130657196045,605060000,0.018057146758890585,5.961432075500488,5.966243815422058,5.9975694216148305,5.937447269451802,60.302491845451264,0.0898985411531843,0.09138547507785431,-0.001486933924670017,0.020144804292972215,0.319788854215625
2018-03-13,NVDA,6.2138777857833105,6.288249764743565,6.0792178054767,6.120480537414551,619772000,-0.008207591541176007,5.965508937835693,5.99073178768158,6.019916897214779,5.954879009257778,58.1563444366085,0.09400099813418805,0.09190857968912107,0.002092418445066982,0.0197309126138732,0.31321852749993534
2018-03-14,NVDA,6.163471502138722,6.190650721838629,6.083663883882365,6.145928859710693,505496000,0.004157896122792382,5.982162284851074,6.010812783241272,6.042828163123127,5.973074233110436,58.946902161891195,0.09817400298185497,0.09316166434766786,0.005012338634187111,0.01937738363776678,0.307606428987738
2018-03-15,NVDA,6.159518045344583,6.241796067659434,6.118749218602539,6.16075325012207,401952000,0.002412066711112937,6.024487495422363,6.020782399177551,6.064269088032026,5.990948425206782,59.42778038145496,0.10150723162202446,0.09483077780253918,0.006676453819485284,0.017624433435238427,0.27977920720831606
2018-03-16,NVDA,6.177061886639468,6.207947196072665,6.1395052448036775,6.188921928405762,399456000,0.00457227828157758,6.058930969238281,6.025888466835022,6.08693324082725,6.0098030445590656,60.37752124237614,0.10520903202516507,0.09690642864706436,0.00830260337810071,0.017053302723572267,0.2707127882332361
2018-03-19,NVDA,6.1320919277643275,6.161000243993237,5.855853764205862,5.954686641693115,713772000,-0.037847510345470514,6.072149801254272,6.0225670337677,6.062888404621043,6.0045538633337365,49.914171210376864,0.08822490369128655,0.09517012365590881,-0.0069452199646222595,0.018997824005251445,0.30158110661561016
2018-03-20,NVDA,5.957651760642879,6.205475515716861,5.957651760642879,6.166683673858643,554696000,0.035601710874453296,6.090483331680298,6.023375821113587,6.081760271755152,6.019994797669442,57.15171297839201,0.09082428259172293,0.09430095544307164,-0.003476672851348714,0.020083911615754436,0.318822212932126
2018-03-21,NVDA,6.160259724929546,6.226478209071581,6.111090462200979,6.141481876373291,438688000,-0.004086766699609612,6.1070873737335205,6.032270836830139,6.092618745322086,6.031564995641237,56.1136325055329,0.08981539865344068,0.09340384408514546,-0.0035884454317047787,0.018785884633255628,0.29821667338766533
2018-03-22,NVDA,6.078226922452298,6.124678344170441,5.938378292695647,5.975687503814697,551196000,-0.026995825420639274,6.108742904663086,6.031900119781494,6.07135851959347,6.026243329752996,49.715978972238155,0.07477566329936192,0.08967820792798875,-0.014902544628626835,0.019837203439109084,0.3149058420412672
2018-03-23,NVDA,5.989277919871422,5.991748800671801,5.745160740570835,5.756279468536377,735620000,-0.036716785330266455,6.078203439712524,6.015889191627503,6.0140714194012705,6.000532485827604,42.76689609443964,0.04463761525559473,0.08067008939350995,-0.036032474137915216,0.021098152988257138,0.3349227955783358
2018-03-26,NVDA,5.880561289586409,6.041906076450035,5.828674208637452,6.040670871734619,611424000,0.049405419725139454,6.065157461166382,6.013294768333435,6.018907683461879,6.0043551892473195,52.110607973161564,0.04320298738235362,0.07317666899127868,-0.029973681608925065,0.02407771580256133,0.3822218889124035
2018-03-27,NVDA,6.121468361736988,6.177062014118541,5.432108486023023,5.572204113006592,1409000000,-0.07755210781637967,6.010329818725586,5.9879193782806395,5.937688852470008,5.96319794389106,40.407919837456475,0.004216081800999305,0.05938455155322281,-0.0551684697522235,0.02966241483470933,0.47087623762964387
2018-03-28,NVDA,5.537858984553236,5.66782412342045,5.3616893596201365,5.469170093536377,945904000,-0.01849071164312044,5.942653942108154,5.962408113479614,5.852503623572984,5.916147672428709,38.367098462795624,-0.03459649913131546,0.040588341416315156,-0.07518484054763061,0.029710131637560408,0.47163371839186213
2018-03-29,NVDA,5.537364338975265,5.818791220491202,5.453109325727342,5.722182273864746,916628000,0.04626153072609429,5.898796844482422,5.961642169952393,5.82880883271694,5.897674777327379,45.6290137916652,-0.04442764645515318,0.02358514384202149,-0.06801279029717466,0.03043249125186211,0.4831008217714552
2018-04-02,NVDA,5.6517643203001615,5.79778995599427,5.374043499802319,5.461757659912109,922092000,-0.045511415311268455,5.826080417633056,5.942505693435669,5.762072255843334,5.856158861383068,40.358007151778914,-0.0723984274207039,0.004388429589476411,-0.07678685701018031,0.031750992067637526,0.5040313733433204
2018-04-03,NVDA,5.628537141413006,5.691542944931062,5.46916888314603,5.568001747131348,667432000,0.019452362011416646,5.78741192817688,5.9297808647155765,5.726786708804791,5.828715326692428,43.23879648568548,-0.08501249184721438,-0.013491754697861747,-0.07152073714935263,0.03213961222919583,0.5102005271550145
2018-04-04,NVDA,5.31251870810874,5.600369939066566,5.287563426422367,5.589992523193359,789168000,0.003949491587954546,5.729742813110351,5.910113072395324,5.701915038693621,5.805979821597278,43.84341372120876,-0.09217225258842543,-0.029227854275974487,-0.06294439831245094,0.031429423707987784,0.49892663388847924
2018-04-05,NVDA,5.648304155360375,5.661399398934045,5.3985039130729096,5.469910621643066,701240000,-0.021481585360277777,5.662585687637329,5.8848365306854244,5.659732417411702,5.773973231125448,41.258959279454096,-0.10631053873340424,-0.04464439116746044,-0.061666147565943796,0.03169763109428994,0.503184294152156
2018-04-06,NVDA,5.367372361645052,5.475347468322936,5.264585964188444,5.293741703033447,662988000,-0.03220690991047692,5.594391107559204,5.851567006111145,5.5931886511611095,5.728236895116686,37.743788536528335,-0.1302293884656125,-0.06176139062709085,-0.06846799783852164,0.032318255119842175,0.5130363951278542
2018-04-09,NVDA,5.3567469184188905,5.484488578032637,5.30238848463379,5.322402477264404,499524000,0.005414086262375273,5.551003408432007,5.814603424072265,5.543954801361708,5.689585998178374,38.65941717310855,-0.14519880283606224,-0.07844887306888514,-0.0667499297671771,0.03198995672682799,0.507824819705428
2018-04-10,NVDA,5.55243580278532,5.6581869470897574,5.495359545124256,5.631255149841309,761676000,0.05802880821137135,5.510061836242675,5.787609648704529,5.559827591994362,5.68403067928913,47.60264284315529,-0.1306344692416923,-0.08888599230344657,-0.04174847693824574,0.03470484418765773,0.5509223220587266
2018-04-11,NVDA,5.616430427510846,5.657693144322585,5.557377652942625,5.589992523193359,460244000,-0.007327429773646865,5.511840677261352,5.761085247993469,5.565312124939634,5.675074664422866,46.62461384976258,-0.12102656021241565,-0.09531410588524039,-0.025712454327175255,0.03469977496848293,0.5508418506990599
2018-04-12,NVDA,5.682896854549457,5.814344627825064,5.638668880942705,5.7965545654296875,593920000,0.03695211422542766,5.544579124450683,5.743616533279419,5.607356205028735,5.6866441788044675,51.94714478338237,-0.09564189238757859,-0.09537966318570804,-0.00026222920187055077,0.035858463443997096,0.569235460018302
2018-04-13,NVDA,5.8600534187104,5.868454318867843,5.671776832869516,5.7199578285217285,503036000,-0.013214183709194693,5.5443566799163815,5.721576762199402,5.627829227482006,5.689816907348969,49.95773461188288,-0.08077396478655885,-0.0924585235058782,0.011684558719319352,0.03592038288161921,0.5702184006179166
2018-04-16,NVDA,5.726631013940322,5.7530689276933895,5.62557417517804,5.719712734222412,350792000,-4.284896963646645e-05,5.5701521873474125,5.698116302490234,5.644535319616625,5.692664128955963,49.95114263457069,-0.06822435421947759,-0.08761168964859808,0.019387335429120495,0.0358833760837943,0.5696309359147352
2018-04-17,NVDA,5.771847090453658,5.890446571998541,5.716253436206854,5.869197368621826,447224000,0.02613498987545504,5.60027174949646,5.69384183883667,5.685382964890297,5.70947681844795,53.94284458163971,-0.04568985254993674,-0.07922732222886582,0.03353746967892908,0.03549316546005115,0.5634365342985767
2018-04-18,NVDA,5.818790588362269,5.9114464924525745,5.7513373842584405,5.840286731719971,391364000,-0.004925824620657493,5.625301170349121,5.677521991729736,5.713547286132056,5.721934905426237,53.06141313623227,-0.02982019575201278,-0.06934589693349522,0.03952570118148244,0.034489019426164454,0.5474962101846405
2018-04-19,NVDA,5.726134706965807,5.75949088912319,5.603829176994369,5.659175395965576,471996000,-0.031010692466644896,5.644227647781372,5.65340666770935,5.703661487919969,5.715957809287127,47.792870828654166,-0.031494500591572994,-0.06177561766511078,0.030281117073537783,0.035088928620364106,0.557019473407081
2018-04-20,NVDA,5.65052806954587,5.734783081732713,5.6198901831966905,5.651022434234619,386200000,-0.0014406624924134803,5.679955720901489,5.637173414230347,5.694090750886269,5.709773487853554,47.56391919534403,-0.03309774491345241,-0.05604004311477911,0.022942298201326698,0.03465062166863777,0.5500615662540089
2018-04-23,NVDA,5.668812361040737,5.719958133507901,5.505737995704806,5.531681537628174,427508000,-0.021118460950263263,5.700883626937866,5.625943517684936,5.664561803021161,5.692812349736851,44.22427696112599,-0.04349673726058434,-0.05353138194394016,0.010034644683355819,0.034002695858212945,0.5397760628795846
2018-04-24,NVDA,5.557378239507013,5.653245873112171,5.400233890919394,5.465463638305664,414596000,-0.011970663689164995,5.684304475784302,5.597183156013489,5.628362136709252,5.6711600915053095,42.443520622172116,-0.056430746170695656,-0.05411125478929126,-0.002319491381404394,0.03187577569623709,0.5060122520371206
2018-04-25,NVDA,5.435814101385799,5.474853363683221,5.196144285664577,5.353288650512695,588492000,-0.02052433155108202,5.660634088516235,5.586237382888794,5.578348775582605,5.640886620934585,39.538998194920175,-0.07486957558323404,-0.05826291894807982,-0.01660665663515422,0.027206198749228125,0.4318850160591248
2018-04-26,NVDA,5.514879209123028,5.57294372515703,5.448908157916776,5.564789772033691,375824000,0.039508633912490376,5.637457609176636,5.5910183668136595,5.5758835022100754,5.633639301991643,46.915230659015364,-0.07159085302918111,-0.06092850576430008,-0.01066234726488103,0.028382736304942504,0.4505619707424131
2018-04-27,NVDA,5.670542920771416,5.69030949968004,5.549966459538119,5.592217445373535,400848000,0.004928788770724779,5.624683570861817,5.5845201253890995,5.578853310057977,5.6296943632661085,47.80454021905461,-0.06601824058474559,-0.06194645272838919,-0.004071787856356403,0.026365636325059404,0.4185415012444687
2018-04-30,NVDA,5.608522986965027,5.658186599813355,5.537610650652489,5.556882858276367,327844000,-0.006318528820155267,5.608400583267212,5.589276385307312,5.57485868246132,5.6227599342194665,46.718691233219474,-0.0637186025624148,-0.062300882695194314,-0.0014177198672204808,0.02423993917154353,0.3847971050594234
2018-05-01,NVDA,5.548730597497608,5.614948605436822,5.49017170794247,5.6122307777404785,253788000,0.009960245856483585,5.582703924179077,5.591487836837769,5.581653608875712,5.621757157411944,48.68490784377143,-0.056775535293509094,-0.06119581321485727,0.0044202779213481785,0.02395374412650605,0.38025389956565475
2018-05-02,NVDA,5.6087712360513065,5.653245676682889,5.565531528912585,5.59172248840332,268248000,-0.0036542134757714395,5.557847499847412,5.591574335098267,5.583484314244368,5.618896712744456,47.97840309617235,-0.05232478447105127,-0.05942160746609607,0.007096822995044806,0.02395920702626798,0.3803406204108988
2018-05-03,NVDA,5.62359615167403,5.782964431798426,5.57837992758132,5.756773471832275,443144000,0.029517019804050415,5.567607307434082,5.605917477607727,5.614991433805805,5.632027832657582,53.790411067151496,-0.03507497492669032,-0.054552280958214926,0.01947730603152461,0.024233031492920058,0.38468744906077657
2018-05-04,NVDA,5.7281125580347805,5.909965255686521,5.710816861998181,5.906753063201904,400660000,0.026052717221456634,5.593180370330811,5.6365680456161495,5.668039002786914,5.658192140328469,58.34461437124677,-0.009196268138212282,-0.0454810783942144,0.036284810256002116,0.023282060923609325,0.36959125927755027
2018-05-07,NVDA,6.011268108792078,6.2015216788325995,6.00138458611721,6.144445419311523,687616000,0.04024078094450956,5.654456758499146,5.677670192718506,5.754658351245934,5.704501976422094,64.34250889708944,0.03014508630752477,-0.030355845453866565,0.06050093176139133,0.024525029865744865,0.3893227795271563
2018-05-08,NVDA,6.144692559760127,6.189661835313137,6.095770252030358,6.186944007873535,506616000,0.006916586552863091,5.726604795455932,5.705454635620117,5.833255743360043,5.750448836560326,65.30444339169273,0.06401475185477157,-0.011481725992138939,0.0754964778469105,0.02145187768339541,0.34053800103384385
2018-05-09,NVDA,6.206957436148472,6.322097743834752,6.17977821961558,6.319873809814453,596760000,0.021485534986537935,5.823263311386109,5.7419486999511715,5.9217317554426625,5.804679786394053,68.19464109215383,0.10042538852833172,0.010899696911955194,0.08952569161637652,0.021552415135500085,0.34213398360814606
2018-05-10,NVDA,6.372748961672507,6.436496075066098,6.3549589051653665,6.427354335784912,994080000,0.017006751907537643,5.90951976776123,5.773488688468933,6.013663133686707,5.863982124431278,70.34561306140577,0.1363817368425444,0.03599610489807304,0.10038563194447137,0.02049873276458525,0.32540729452238465
2018-05-11,NVDA,6.245750776113595,6.418955643960541,6.190404542976496,6.288990020751953,1214456000,-0.02152741358331567,5.979197025299072,5.801940298080444,6.06372256769857,5.904459066938009,64.31545375124489,0.15196084800526677,0.05918905351951179,0.09277179448575498,0.020974314834190013,0.3329569258274383
2018-05-14,NVDA,6.327039992585079,6.3868340850540735,6.285777271229011,6.309496879577637,523140000,0.003260755504145507,6.054458427429199,5.831429505348206,6.1084088062220365,5.943034096713212,64.7971019193312,0.16407083155183866,0.08016540912597717,0.08390542242586149,0.02094582351882393,0.33250464021753573
2018-05-15,NVDA,6.245996110622868,6.2487144092462685,5.967040139842372,6.067355632781982,963528000,-0.03837726706536759,6.099970912933349,5.841337418556213,6.100944592869299,5.9548742430054755,55.304887064593046,0.15237284647725602,0.09460689659623295,0.05776594988102307,0.02245334455276021,0.3564357947295019
2018-05-16,NVDA,6.028810902853696,6.140492072807018,5.991995581112506,6.078474521636963,553828000,0.0018325757591832748,6.148646116256714,5.853246808052063,6.09685912537251,5.966645698113236,55.62633789180438,0.14235829264967848,0.10415717580692206,0.038201116842756414,0.0223959855683609,0.355525249080447
2018-05-17,NVDA,6.080206063835622,6.214124732554924,6.0641455695038795,6.120480537414551,519784000,0.006910618055247841,6.185016822814942,5.8763120651245115,6.101153927561971,5.981296635189552,56.88784309291645,0.13624072275962096,0.11057388519746185,0.02566683756215911,0.020994295977542033,0.33327411664475937
2018-05-18,NVDA,6.172366186643895,6.23561894338696,6.071803271734639,6.07674503326416,483716000,-0.007145763128080351,6.202016019821167,5.897598195075989,6.0967159467805505,5.990386958815705,55.13047460761202,0.1264062819419136,0.11374036454635221,0.012665917395561402,0.02111245952326247,0.33514990478081874
2018-05-21,NVDA,6.174095676278785,6.177801761741882,5.942085018079283,6.034740924835205,640624000,-0.006912270993603364,6.191045570373535,5.92275116443634,6.085447760972306,5.994611146055657,53.42353443194917,0.11390995319932706,0.11377428227694719,0.00013567092237987133,0.020457036939949744,0.3247453938262128
2018-05-22,NVDA,6.048083460402511,6.073285689316128,5.936154874773719,5.996690273284912,518264000,-0.006305266791769015,6.172020196914673,5.949312496185303,6.0693100359382335,5.994809158172729,51.857178476656244,0.0997858835115304,0.11097660252386383,-0.011190719012333442,0.020254315383057348,0.3215272888766381
2018-05-23,NVDA,5.940569570593514,6.121298791763546,5.93982780058425,6.120062351226807,442956000,0.02057336169111723,6.152039051055908,5.9876511812210085,6.078537729627064,6.006738033701689,56.32812195332631,0.09742450312458661,0.1082661826440084,-0.01084167951942179,0.019620098340848977,0.3114594054511043
2018-05-24,NVDA,6.116350623043083,6.16604494237294,6.063195026608206,6.123767375946045,437372000,0.0006053900281743907,6.121680355072021,6.015600061416626,6.086761301685061,6.0178836853440085,56.45889732915327,0.0947597255554431,0.10556489122629535,-0.010805165670852254,0.018085269640212225,0.2870947551692888
2018-05-25,NVDA,6.136379332146935,6.179398216355228,6.10077767580912,6.16308069229126,292112000,0.0064197925773006315,6.109089422225952,6.044143223762513,6.100637554522551,6.031711971719937,57.89950128585404,0.0947281589569533,0.10339754477242695,-0.008669385815473649,0.01808823949387973,0.28714190013469565
2018-05-29,NVDA,6.145030112919082,6.214009031772578,6.0992917379431315,6.146018981933594,352684000,-0.002768373676983793,6.092741632461548,6.073600029945373,6.108888723142741,6.042598353645047,57.017796542334445,0.09226285599277251,0.10117060701649606,-0.008907751023723556,0.017988183107589498,0.285553554243449
2018-05-30,NVDA,6.179645825724187,6.263458284830537,6.154922204233035,6.254805088043213,390996000,0.017700255470963988,6.111486577987671,6.10572874546051,6.135418971306462,6.062808518825825,61.08673885870084,0.09795801619775446,0.10052808885274775,-0.0025700726549932884,0.018178139109647592,0.2885690122923878
2018-05-31,NVDA,6.222909504357917,6.309441911738726,6.212278572690008,6.2350239753723145,493868000,-0.0031625466169541427,6.127141523361206,6.13789381980896,6.153528972045708,6.079209990877872,59.97494396135629,0.09972572513448874,0.10036761610909595,-0.0006418909746072066,0.018165305332600405,0.28836528239769676
2018-06-01,NVDA,6.279774161543991,6.375454443154054,6.271120967026768,6.3692731857299805,421968000,0.021531466581032666,6.152020788192749,6.168518805503846,6.192755192715575,6.106835057054263,64.67406954800272,0.1106835454965367,0.10243080198658411,0.008252743509952587,0.017693956001606132,0.28088284373501166
2018-06-04,NVDA,6.40339274467173,6.570029246817029,6.371252370342508,6.548025608062744,642024000,0.028064806944259946,6.199148845672608,6.200582432746887,6.257349813687787,6.148853204769356,69.7642254176965,0.13226683393783123,0.10839800837683354,0.02386882556099769,0.01782390280263704,0.28294568525018865
2018-06-05,NVDA,6.551238626485291,6.591043794732279,6.5064891122517645,6.553463935852051,391712000,0.0008305294015054088,6.251021146774292,6.221033358573914,6.31118874499038,6.187387560110565,69.90629830669513,0.14810333013072352,0.11633907272761154,0.03176425740311198,0.01582632181554638,0.25123507015687185
2018-06-06,NVDA,6.463470886733961,6.558656512108603,6.4471533644287025,6.5554423332214355,371356000,0.00030188574908640575,6.306896352767945,6.239458274841309,6.355598488305117,6.2224403956449335,69.96159508239532,0.15898087502777525,0.12486743318764429,0.03411344184013096,0.015816912211401198,0.25108569732184954
2018-06-07,NVDA,6.551734163638174,6.5636015387033915,6.409573705424271,6.499814987182617,369448000,-0.008485673919654824,6.344871616363525,6.248455333709717,6.381819669919207,6.2488570234104275,66.27413149800654,0.16125391108900455,0.13214472876791636,0.029109182321088195,0.015388965788657845,0.24429225846761776
2018-06-08,NVDA,6.427126967372603,6.52700983207383,6.4083370374966515,6.484485626220703,360456000,-0.0023584303541166474,6.380943441390992,6.251311898231506,6.40048620742857,6.271297842725692,65.25344614255118,0.15997427338401415,0.13771063769113592,0.02226363569287823,0.014966537215911232,0.23758641276656478
2018-06-11,NVDA,6.471875766257849,6.513411098293093,6.430587533609372,6.443443775177002,265372000,-0.006329237723612824,6.408979749679565,6.259034585952759,6.408296674291921,6.28769269343534,62.47904170295297,0.1538746457725262,0.140943439307414,0.0129312064651122,0.014150186094991288,0.22462724047578683
2018-06-12,NVDA,6.4698991897504765,6.504017302235402,6.419710182965732,6.491902828216553,319160000,0.007520676012761518,6.443568134307862,6.268154883384705,6.423497793187308,6.307141277700217,64.40349066310463,0.15120785747867505,0.1429963229416662,0.008211534537008847,0.014213027701444165,0.22562482005175946
2018-06-13,NVDA,6.49338762597398,6.56829979417234,6.478306069604369,6.487453937530518,338208000,-0.0006852984099975368,6.466833019256592,6.289159798622132,6.435126183067891,6.324313911969769,64.07854807650263,0.14704042970108855,0.14380514429355068,0.003235285407537869,0.010711663087594992,0.1700423799461198
2018-06-14,NVDA,6.53245004787599,6.655573003442621,6.51761559322839,6.598956108093262,430016000,0.017187354490132645,6.503226232528687,6.315183877944946,6.464913442163413,6.350470311600578,68.3840146201459,0.15099443659030864,0.14524300275290228,0.005751433837406367,0.011134791376539816,0.17675933329746552
2018-06-15,NVDA,6.541844689144236,6.613048469734068,6.510940281947076,6.558162212371826,432260000,-0.006181871049483756,6.5221151351928714,6.33706796169281,6.481867764019487,6.370250492626411,65.30027371712607,0.149117357011888,0.14601787360469942,0.0030994834071885746,0.011348289240496289,0.18014850681829947
2018-06-18,NVDA,6.5141537228346875,6.571512382860502,6.486958168246381,6.553958892822266,356268000,-0.0006409294880860283,6.522708463668823,6.360928654670715,6.494975241983628,6.387746530740302,64.97514714190913,0.1456120599762718,0.14593671087901391,-0.00032465090274211295,0.011117384162312281,0.1764830023382786
2018-06-19,NVDA,6.450860089345643,6.518108371493578,6.304991766833154,6.432317733764648,594932000,-0.018559951480750958,6.510593843460083,6.380807495117187,6.483582967761995,6.3919914072188115,56.24721576892702,0.13150277969617807,0.14304992464244676,-0.011547144946268684,0.011982035843471158,0.1902089222525204
2018-06-20,NVDA,6.473360210722888,6.538135626390589,6.435038580049156,6.485227584838867,369780000,0.008225627723034146,6.5035723686218265,6.405234360694886,6.483881989048698,6.400871043182627,58.83727020640074,0.1231706219590496,0.13907406410576734,-0.01590344214671774,0.011810646557604929,0.18748820168582242
2018-06-21,NVDA,6.517121329739927,6.535416591080686,6.3490012845776205,6.35666561126709,359516000,-0.019823818345608868,6.489257431030273,6.417064523696899,6.460751738542951,6.396661002047813,50.94557441711472,0.10498326832498606,0.1322559049496111,-0.027272636624625035,0.012270599037072717,0.19478972093929828
2018-06-22,NVDA,6.377432479185783,6.3907833922434945,6.1890394577479775,6.204367637634277,434160000,-0.023958783259397265,6.4612456321716305,6.421094536781311,6.414136447468646,6.3783473482941435,43.50182748430891,0.07738840056320218,0.12128240407232932,-0.043894003509127144,0.013574421811556898,0.21548726582922265
2018-06-25,NVDA,6.098057271523718,6.101765649132433,5.8233789115244,5.91188907623291,665816000,-0.047140752850823864,6.4080901622772215,6.408534955978394,6.322818743607603,6.3339227509549785,33.406851690496154,0.031554947697157054,0.10333691279729487,-0.07178196510013782,0.017195548167881387,0.272970864657879
2018-06-26,NVDA,6.02512192579646,6.073332713500561,5.931419386754138,5.982844352722168,478884000,0.01200213257967131,6.357184314727784,6.400376224517823,6.261005217992069,6.300486713028044,37.21347224632831,0.0009461967363266766,0.08285876958510124,-0.08191257284877457,0.017472896692300195,0.27737363599049636
2018-06-27,NVDA,6.026358153449965,6.092617101969401,5.8223889196307805,5.827828407287598,453892000,-0.025910074923483295,6.291221761703492,6.379027390480042,6.182245797863983,6.255471636290858,32.80197158044608,-0.035411745637866865,0.05920466654050763,-0.09461641217837449,0.01770991194515048,0.281136136486322
2018-06-28,NVDA,5.817939364650027,5.966775268239401,5.810275038522449,5.9549078941345215,338012000,0.02180563289887072,6.226816940307617,6.365021586418152,6.140911633549535,6.226846517990254,39.16844374324803,-0.05335636540606625,0.03669246015119285,-0.0900488255572591,0.018584386866315562,0.29501799550131574
2018-06-29,NVDA,6.019929869712301,6.03253853996287,5.855765341438304,5.857001781463623,392300000,-0.016441247188278774,6.156700897216797,6.339408016204834,6.0892916604430045,6.191623209749623,36.31391497596625,-0.07461766492007094,0.014430435136940097,-0.08904810005701103,0.01796933327929572,0.28525432249591937
2018-07-02,NVDA,5.787529237669018,5.9927344469603625,5.767008669583508,5.989026069641113,357572000,0.022541275059079435,6.1002076148986815,6.311458039283752,6.071061553024479,6.172328244025003,42.40902119113246,-0.07989318240639953,-0.004434288371727828,-0.07545889403467171,0.017486061903801666,0.2775826272440391
2018-07-03,NVDA,6.023640801148233,6.029574489720484,5.847114627142565,5.855520725250244,222732000,-0.02229166192273213,6.042527914047241,6.276560878753662,6.031872311610981,6.142156099379788,38.40618852389084,-0.09376595796782183,-0.02230062229094663,-0.0714653356768752,0.017888392601029847,0.28396942906207706
2018-07-05,NVDA,5.910652225971076,6.006084940429795,5.871836398792618,6.001140594482422,306216000,0.024868816295745333,5.9941192150115965,6.248845791816711,6.026284726678516,6.128726051294325,44.553560821703364,-0.09194998391944154,-0.03623049461664561,-0.055719489302795924,0.019106922329799443,0.3033129888268571
2018-07-06,NVDA,5.976664615349915,6.1232752139489,5.955402275391055,6.114869117736816,296352000,0.018951151279301692,5.969939565658569,6.229598498344421,6.042390979598206,6.1274063433364665,48.84747134375298,-0.08040698833509641,-0.045065793360335775,-0.03534119497476063,0.01975932214525559,0.3136695148293455
2018-07-09,NVDA,6.189041043467061,6.198683110054865,6.0837186662877025,6.162339210510254,303880000,0.007763059496358693,5.965736722946167,6.213491177558899,6.064199748854942,6.130733283067303,50.56823341575948,-0.06666022384309755,-0.04938467945688813,-0.017275544386209422,0.01990197112759411,0.3159339972216105
2018-07-10,NVDA,6.174701362196853,6.283237449035854,6.134401984171053,6.261233806610107,360016000,0.01604822336478695,6.0006711959838865,6.204380679130554,6.100024122992244,6.143161904357094,54.037179522099756,-0.04724127848279025,-0.04895599926206856,0.0017147207792783115,0.02029197724476638,0.32212515239660094
2018-07-11,NVDA,6.1685198661477685,6.2031326513136,6.109182989343728,6.119814395904541,367508000,-0.02258650851790056,6.014368200302124,6.185776257514954,6.1036223544308434,6.140938332123517,48.76685546609002,-0.042769963416522394,-0.04771879209295933,0.004948828676436937,0.020720399123407368,0.32892613887921984
2018-07-12,NVDA,6.165059669219156,6.259255975598076,6.155170030828851,6.211292266845703,345508000,0.01494781786231636,6.052714586257935,6.171968173980713,6.123198702142636,6.147638706858964,52.02627171344307,-0.03148200933321199,-0.044471435541009866,0.012989426207797874,0.021093556546753402,0.33484982933152735
2018-07-13,NVDA,6.229833456417124,6.229833456417124,6.122038689961179,6.164068698883057,246988000,-0.007602857172687494,6.073630666732788,6.150223803520203,6.130629610640894,6.149203468004115,50.24904015610537,-0.026046523557458734,-0.04078645314429964,0.014739929586840908,0.020632538132838177,0.3275313888932806
2018-07-16,NVDA,6.136378765106201,6.189287281586046,6.124017191361547,6.136378765106201,197036000,-0.004492152039426989,6.101568365097046,6.129134631156921,6.131674911452768,6.147982067728123,49.18800846905522,-0.023700009207572315,-0.03736916435695418,0.013669155149381863,0.020623139442366472,0.3273821893074538
2018-07-17,NVDA,6.08717870889515,6.2871920150318585,6.0617133215949455,6.272110462188721,362136000,0.02211918499137333,6.129876804351807,6.115042209625244,6.157208647950213,6.159803819581514,54.28383273077547,-0.010763886696576463,-0.032048108824878636,0.021284222128302173,0.02138087472587573,0.3394108640261609
2018-07-18,NVDA,6.264693790411804,6.278538903205476,6.171980577328074,6.2229108810424805,277640000,-0.007844182822167922,6.16661581993103,6.104571866989136,6.1691545085124435,6.165814015911129,52.23877297628114,-0.004430835513626441,-0.026524654162628197,0.022093818649001756,0.02107552455051027,0.3345635802653191
2018-07-19,NVDA,6.20412110838301,6.2646939499617895,6.189040026518868,6.231069564819336,235752000,0.0013110719296511864,6.189608716964722,6.091863965988159,6.180411791477333,6.172028830092863,52.557957813702174,0.0012322857488173966,-0.02097326618033908,0.022205551929156478,0.02096503007014352,0.3328095347675447
2018-07-20,NVDA,6.228597159860733,6.2674129879557,6.192006169603679,6.202884674072266,222352000,-0.0045232829538932595,6.198410272598267,6.084174919128418,6.184497770130957,6.174967481900425,51.28292745960068,0.0034067936213491024,-0.016097254220001446,0.01950404784135055,0.020547201960868816,0.3261767191600656
2018-07-23,NVDA,6.176430833249131,6.178161472378731,6.014738681218389,6.166294097900391,301584000,-0.0058989612244158,6.1988057613372805,6.082271242141724,6.181188011543581,6.174141445328993,49.60061493363684,0.0021527376602330506,-0.012447255843954548,0.014599993504187598,0.019871867357292943,0.3154561146831567
2018-07-24,NVDA,6.214257858821427,6.300790287758488,6.131433807610705,6.148987770080566,354620000,-0.0028066011035245975,6.187581157684326,6.094126176834107,6.175333422186669,6.171745857210095,48.78545174052052,-0.00023487920273801421,-0.010004780515711242,0.009769901312973228,0.016544682095922227,0.2626386860785985
2018-07-25,NVDA,6.158382832475902,6.239723345249112,6.100529498278359,6.227114200592041,319112000,0.01270557584967369,6.198311138153076,6.1063396692276,6.184748109169464,6.17701903277028,52.57463752913144,0.0041294653380461455,-0.007177931344959765,0.01130739668300591,0.016567577134868613,0.26300213355445423
2018-07-26,NVDA,6.207087376228404,6.337379965364397,6.190275185855378,6.300541877746582,325124000,0.011791605997455434,6.207236099243164,6.12997534275055,6.205801521638031,6.188783113244214,55.87869358873686,0.01335924268189359,-0.0030704965395890937,0.016429739221482685,0.015305649590860546,0.24296965483028704
2018-07-27,NVDA,6.337133309027177,6.344055865179182,6.176924705176644,6.2308220863342285,295420000,-0.011065681772325475,6.213911437988282,6.143771052360535,6.210350715219158,6.192786824967072,52.162677411165824,0.014876614873587712,0.0005189257430462676,0.014357689130541446,0.015057969170726231,0.23903785005251468
2018-07-30,NVDA,6.244914405227425,6.250848091806308,6.000892900416597,6.03575325012207,340340000,-0.031307078505738994,6.203848886489868,6.152708625793457,6.178605721565141,6.177831246410405,43.45524600267717,0.0003348584043028069,0.00048211227529757546,-0.00014725387099476857,0.016347347962150864,0.25950610381973827
2018-07-31,NVDA,6.025369543202064,6.12846658338702,5.986553716003607,6.053801536560059,283988000,0.002990229336764738,6.182017993927002,6.1559473991394045,6.155914051564217,6.166018893091325,44.38035135493623,-0.00962232234329452,-0.0015387746484208436,-0.008083547694873676,0.015598570931318912,0.24761963695362615
2018-08-01,NVDA,6.085200371609465,6.14033371720076,6.02981945505752,6.093605995178223,283556000,0.006575117862350988,6.169087505340576,6.167851662635803,6.144585314039491,6.15912242662341,46.460773172894015,-0.014138591787475896,-0.004058738076231854,-0.010079853711244043,0.014671653686076435,0.23290528185253417
2018-08-02,NVDA,6.022401883522834,6.200163953398901,5.963560164099082,6.196208477020264,269668000,0.016837728255359563,6.165601396560669,6.177605056762696,6.153971343672358,6.16265443142311,51.49697169632693,-0.009331042609193041,-0.005113198982824091,-0.0042178436263689495,0.014114947660653717,0.22406784767269589
2018-08-03,NVDA,6.2206860091568945,6.256535233913246,6.203874287394923,6.232800483703613,214288000,0.005905548016832851,6.1685929775238035,6.1835016250610355,6.168303914587131,6.169335007830777,53.1881883220457,-0.0025390871060633202,-0.004598376607471938,0.0020592895014086175,0.013566338626271235,0.2153589492408199
2018-08-06,NVDA,6.220190883311782,6.2839774255396295,6.173710730714454,6.280516147613525,207508000,0.007655573772122226,6.180015182495117,6.189410471916199,6.188706138773748,6.179923687810087,55.3733525113417,0.006617558766478737,-0.002355189532681803,0.00897274829916054,0.013563557540197191,0.2153148008680604
2018-08-07,NVDA,6.329221165634741,6.371251168174037,6.3025198132827285,6.352708339691162,258132000,0.011494627253695988,6.200387239456177,6.193984198570251,6.218524720758732,6.196379368941618,58.527640293031,0.019475076595700358,0.0020108636929946294,0.01746421290270573,0.013334619417061155,0.21168052083142141
2018-08-08,NVDA,6.353945411950338,6.434049476976423,6.319085060697001,6.389052391052246,262100000,0.0057210325766114956,6.216581058502197,6.207446098327637,6.249529751721189,6.214729180571202,60.058241408867325,0.032225932820098,0.008053877518415305,0.024172055301682698,0.01217215552539977,0.19322697863885124
2018-08-09,NVDA,6.406854687899559,6.409574196651297,6.3329313948633015,6.340595722198486,204280000,-0.007584327986044137,6.220586442947388,6.2139112710952755,6.2660872008988795,6.226716470249991,57.0358143626499,0.03798318353953967,0.014039738722640178,0.023943444816899487,0.011973800854535262,0.1900781958558779
2018-08-10,NVDA,6.25875945093944,6.331693856492725,6.24763384766644,6.2993059158325195,256396000,-0.006511975873404241,6.227434825897217,6.220673131942749,6.27212696725045,6.2336297507816605,54.51814740933952,0.03876721953794782,0.018985234885701707,0.01978198465224611,0.011934494738977086,0.18945423061525252
2018-08-13,NVDA,6.307959659290421,6.452839613844387,6.306229020221007,6.332188606262207,375208000,0.005220049775173097,6.257078361511231,6.230463624000549,6.283047265252587,6.2430163084464745,56.17719920272508,0.0415628216845052,0.023500752245462407,0.018062069439042795,0.011890188927719671,0.18875089766592001
2018-08-14,NVDA,6.437510398377402,6.477562664453501,6.354439258750255,6.463469982147217,466220000,0.020732385601271996,6.298045206069946,6.240031599998474,6.315851395597065,6.264011896417974,62.1183567248616,0.05375204626668584,0.029551011049707095,0.024201035216978743,0.01176788499163105,0.18680938287039103
2018-08-15,NVDA,6.484238823873163,6.518110310173274,6.3267501822412875,6.405371189117432,591136000,-0.008988792891474695,6.329221725463867,6.2491546154022215,6.332127721691677,6.277474686198874,58.34830054564589,0.058054788062124274,0.03525176645219053,0.022803021609933742,0.011818751407683483,0.18761686219215032
2018-08-16,NVDA,6.4750909943011195,6.477563403260773,6.304745648022211,6.364823818206787,801260000,-0.006330214083382635,6.346083259582519,6.255842328071594,6.338072466512606,6.285793651152009,55.80285082556201,0.05752974092821894,0.03970736134739621,0.01782237958082273,0.011948410767416918,0.1896751407181895
2018-08-17,NVDA,6.253568622621382,6.2543103925105195,6.025864600772823,6.052813529968262,1143188000,-0.049021040825357964,6.328084564208984,6.248338770866394,6.286207205322724,6.2636050681821285,40.98582867382246,0.031573060027319855,0.038080501083380944,-0.006507441056061089,0.016378333766314767,0.2599979882116845
2018-08-20,NVDA,6.012267537774206,6.259997008578247,5.902000346212003,6.127479076385498,854388000,0.012335675970779114,6.312780857086182,6.246398019790649,6.257347545515955,6.250640688011021,44.765475164554644,0.01683304809520081,0.03383101048574492,-0.01699796239054411,0.016602788999757534,0.26356110458062354
2018-08-21,NVDA,6.143796757792996,6.267414396897227,6.124017954398875,6.262964248657227,673988000,0.02211107872956597,6.303806447982788,6.252096843719483,6.258368764268913,6.251814360453517,50.90944424540918,0.015900710060712697,0.030244950400738477,-0.01434424034002578,0.01731515013339123,0.2748694870002004
2018-08-22,NVDA,6.230328803129993,6.5027818850753185,6.226867524545311,6.497837066650391,749856000,0.03750186152563795,6.314684915542602,6.2656329870224,6.301908455611,6.275245094377029,59.3508623239812,0.033725334288864595,0.0309410271783637,0.002784307110500893,0.018998552131445204,0.30159266526060075
2018-08-23,NVDA,6.459266851111327,6.662494314777757,6.445421739946275,6.597224235534668,720684000,0.015295423363933525,6.340347766876221,6.280467104911804,6.355602233778939,6.30590977448728,62.30470179295592,0.055234482591846046,0.035799718261060175,0.01943476433078587,0.019106500782336288,0.30330629696833716
2018-08-24,NVDA,6.6056309993149815,6.744824366370064,6.601180851927682,6.7302374839782715,531512000,0.02016200203218088,6.383440923690796,6.3054378747940065,6.423717733815181,6.346321937295946,65.87837265763118,0.08206767008293703,0.045053308625435544,0.037014361457501484,0.019217071254198605,0.30506154879370573
2018-08-27,NVDA,6.759907203664735,6.895392228353461,6.7285085928127835,6.821221828460693,505776000,0.01351874205018988,6.432344245910644,6.3447113037109375,6.49599120556891,6.391550498359256,68.10576159434976,0.10941358895822528,0.0579253646919935,0.051488224266231786,0.017406300206025082,0.2763164495452483
2018-08-28,NVDA,6.815285601111715,6.83803147745245,6.6637302066621995,6.783639430999756,475384000,-0.005509628392985189,6.464361190795898,6.381203198432923,6.548290882919973,6.428892301467875,66.18390402587522,0.1265935496589803,0.07165900168539086,0.05493454797358943,0.017593635861087514,0.27929031087519174
2018-08-29,NVDA,6.775971957096754,6.914004818889428,6.755192928225578,6.8890204429626465,420108000,0.015534583321354267,6.51272611618042,6.420973920822144,6.610241712018641,6.472714029229282,68.83917506057495,0.14701743378727894,0.08673068810576848,0.06028674568151046,0.017726471285436585,0.281399007863956
2018-08-30,NVDA,6.857850955777092,6.968920613673174,6.835340342716159,6.872198581695557,346608000,-0.0024418364564839923,6.563463592529297,6.454773426055908,6.6578702337780795,6.510760177083213,67.9223333702794,0.1600017251965511,0.101384895523925,0.05861682967262609,0.017647534022571385,0.28014591766365127
2018-08-31,NVDA,6.852161580332045,6.95605718709204,6.842266535963625,6.9431939125061035,306592000,0.010330803158052904,6.652501630783081,6.490293097496033,6.709747266274084,6.551944342361584,69.75328683836037,0.17401466679045097,0.11591084977723021,0.05810381701322076,0.017682704116108162,0.28070422559016245
2018-09-04,NVDA,6.930083120296011,7.055499932969545,6.901635574694479,7.017899990081787,391720000,0.010759612725365963,6.74154372215271,6.5271622896194454,6.7657750342391205,6.59632107071589,71.59085529498535,0.1889698532385422,0.13052265046949263,0.05844720276904958,0.017715644565340215,0.28122713901061897
2018-09-05,NVDA,7.000337059306588,7.03571095061915,6.80639850765602,6.887288570404053,393156000,-0.018611182812853455,6.803976154327392,6.55389130115509,6.787868404450926,6.624032261162381,64.24238574156615,0.18811423246730108,0.14204096686905432,0.04607326559824676,0.018462150152497928,0.29307754782625633
2018-09-06,NVDA,6.8709615062607785,6.873435267421616,6.713386742071153,6.746286869049072,322796000,-0.020472744812942922,6.828821134567261,6.571753025054932,6.780308125286952,6.63567555715159,57.39335878066572,0.17405212340775744,0.14844319817679494,0.025608925230962504,0.019261198074491823,0.30576204034956905
2018-09-07,NVDA,6.654265481017739,6.850430552376574,6.6094914867958945,6.725013732910156,295420000,-0.0031533103397238804,6.84160008430481,6.590973925590515,6.770254599400261,6.644183954842882,56.41611649185792,0.1593542992000785,0.15062541838145166,0.008728880818626827,0.019159452123493823,0.30414687345007824
2018-09-10,NVDA,6.747524661213974,6.825693728801579,6.703740075108271,6.796009063720703,220140000,0.010556904956657176,6.848177242279053,6.615809082984924,6.774937229276705,6.658643489021722,58.92947159270916,0.15168635164675415,0.15083760503451216,0.0008487466122419907,0.019087703136732945,0.30300789359533736
2018-09-11,NVDA,6.749751053228916,6.837320229812747,6.728972022545656,6.74826717376709,243112000,-0.007024989152600636,6.840881776809693,6.6366130113601685,6.770088128274956,6.66717907804509,56.567109744088455,0.14014161118392732,0.1486984062643952,-0.008556795080467888,0.01924148145700236,0.30544904875013407
2018-09-12,NVDA,6.708439423219944,6.727981806708105,6.479126993875945,6.6344757080078125,419092000,-0.016862323738696228,6.825965404510498,6.645163297653198,6.745431324590021,6.664064471374873,51.28950183502009,0.12042214932275108,0.1430431548760664,-0.02262100555331531,0.019291739248459006,0.30624686645595983
2018-09-13,NVDA,6.700277184038123,6.802688457167006,6.682961325274999,6.712151050567627,305536000,0.011707834345683121,6.8082784652709964,6.660502290725708,6.739380365676857,6.668644145583706,54.415902688110556,0.10979641992833589,0.1363938078865203,-0.02659738795818442,0.0192554308831734,0.3056704890256178
2018-09-14,NVDA,6.802440210236953,6.904109292599834,6.765581971288428,6.838061332702637,386936000,0.01875855909475721,6.804864740371704,6.6841641664505005,6.757322359681544,6.684779115785509,59.00869243698523,0.11026430208389915,0.13116790672599607,-0.020903604642096923,0.01946465747379442,0.30899185818428865
2018-09-17,NVDA,6.81258362066938,6.861562967081699,6.756925165241341,6.776219844818115,205528000,-0.009043716468111862,6.788167333602905,6.720334482192993,6.760758266070011,6.693487756645757,56.02307887668442,0.10444107907443367,0.1258225411956836,-0.021381462121249917,0.015382267660924142,0.24418592898621902
2018-09-18,NVDA,6.780177613294013,6.882836117583296,6.697555963212411,6.704234600067139,299520000,-0.010623215657034057,6.756800794601441,6.749172258377075,6.75048123588767,6.694511265543031,52.68170072097211,0.09294610045070772,0.11924725304668843,-0.026301152595980704,0.015719691600798027,0.2495423679740545
2018-09-19,NVDA,6.685682284622454,6.74579332075343,6.63571352908889,6.727982521057129,224860000,0.003542227026147371,6.740870189666748,6.772423171997071,6.746390560463935,6.697699004163422,53.66355748678508,0.08477526929512891,0.11235285629637654,-0.027577587001247628,0.015171344907802862,0.24083763408259515
2018-09-20,NVDA,6.606027784289586,6.648328013817437,6.53305348337467,6.58698034286499,430584000,-0.020957572013725168,6.72493953704834,6.7768803358078005,6.717406884536853,6.687154369754047,47.37752923823919,0.06615948401209604,0.10311418183952044,-0.0369546978274244,0.013893096093085108,0.22054606321815762
2018-09-21,NVDA,6.598854869429416,6.644371040128891,6.483827562009334,6.516974925994873,435128000,-0.010627846634755356,6.7041356563568115,6.772867870330811,6.680964710256493,6.670946803681745,44.585130587785386,0.04523603511965835,0.09153855249554803,-0.04630251737588968,0.013674482554773318,0.21707568088452828
2018-09-24,NVDA,6.486053508190043,6.576096437906463,6.398979280763885,6.572633266448975,293912000,0.008540517814805693,6.681798076629638,6.764987659454346,6.661268084109671,6.661583609659576,47.24728427315769,0.03276749080859265,0.07978434015815696,-0.04701684934956431,0.012978456772738515,0.20602661413240825
2018-09-25,NVDA,6.638682392191445,6.664656182667533,6.553092029111985,6.639671802520752,280388000,0.010199646527364603,6.670938539505005,6.755910158157349,6.65734148745714,6.65949677088445,50.341692957582694,0.027973073034325502,0.06942208673339068,-0.041449013699065174,0.012801652760240773,0.20321993744520397
2018-09-26,NVDA,6.644618053395329,6.684939465478431,6.586980784311211,6.60281229019165,268548000,-0.005551405766036188,6.667772197723389,6.7468688011169435,6.647427087954323,6.654098248913708,48.65186651411888,0.020957621395363724,0.05972919366578529,-0.038771572270421564,0.012802384365380772,0.203231551316754
2018-09-27,NVDA,6.637938801426124,6.659212770347407,6.583270235767039,6.614686012268066,214428000,0.0017982825430391536,6.658025693893433,6.733152079582214,6.641474165102276,6.650344702566504,49.24292821949288,0.016169543138508935,0.05101726356033002,-0.034847720421821084,0.012207960530848284,0.19379536547949974
2018-09-28,NVDA,6.746534150636501,6.973867266689335,6.71858107591866,6.951603889465332,709396000,0.05093482541308747,6.669379949569702,6.737122344970703,6.697861387713741,6.6790360536997255,62.45075196794736,0.039110571253420545,0.048635925098948124,-0.009525353845527579,0.016993341243027326,0.2697609292386452
2018-10-01,NVDA,7.029279494349549,7.224701923867471,6.990689666354365,7.157912254333496,622060000,0.029677807905713616,6.70754919052124,6.747858262062072,6.781506999826423,6.724643310902942,67.9503987844837,0.07309625405369324,0.053527990889897153,0.01956826316379609,0.018085405927980105,0.2870969186705321
2018-10-02,NVDA,7.130453070251148,7.242016718908083,7.06440511417852,7.086668491363525,383964000,-0.00995314840955741,6.745792579650879,6.7512966871261595,6.836990907378623,6.759121899518235,64.44040372462838,0.09320694462549106,0.061463781637015935,0.031743162988475127,0.018130939250801396,0.28781973776184144
2018-10-03,NVDA,7.156922699488836,7.164343983919293,6.98895840006214,7.092854022979736,320552000,0.0008728405489475399,6.78227972984314,6.7615749597549435,6.883511473851552,6.790905911276473,64.61132403545857,0.10839442899585094,0.07084991110878294,0.037544517887068,0.017556352179143406,0.2786984507728821
2018-10-04,NVDA,7.056738062634952,7.080980264928115,6.831878189445557,6.908810615539551,391220000,-0.025947722432171028,6.814462757110595,6.769701147079468,6.8881113177948246,6.8021349307301,55.98825777146051,0.10437666568399973,0.0775552620238263,0.026821403660173423,0.017957012206280473,0.2850587315254165
2018-10-05,NVDA,6.88407290090465,6.946162752757861,6.618149457920154,6.675539493560791,426636000,-0.03376429532661929,6.830319213867187,6.767227435112,6.849461895206818,6.790078222428261,47.36055353938257,0.08143084520280297,0.07833037865962164,0.0031004665431813294,0.01959059500399916,0.3109910544981972
2018-10-08,NVDA,6.592423650802323,6.707698204267434,6.433611742656048,6.574365615844727,408612000,-0.015155910292142916,6.830492448806763,6.756145262718201,6.799444389868255,6.769534164658401,44.180591593905426,0.054454513039868147,0.07355520553567095,-0.019100692495802804,0.01969176597179446,0.3125970938223137
2018-10-09,NVDA,6.553833901990986,6.6483294254898,6.5008969131554855,6.568676471710205,273500000,-0.0008653525628100622,6.823392915725708,6.747165727615356,6.757486586566792,6.750404860568096,44.00168034827055,0.032244810952308356,0.06529312661899843,-0.03304831566669007,0.019648499294706263,0.31191025661652466
2018-10-10,NVDA,6.462800937723825,6.5085648156203355,6.075418775025503,6.077645301818848,684940000,-0.07475344112411642,6.770876216888428,6.719324207305908,6.633879080248984,6.686332521639597,31.968605607285085,-0.02469399267973227,0.047295702759252295,-0.07198969543898456,0.02548103008493956,0.40449881252703074
2018-10-11,NVDA,5.990569459579847,6.1239024834928335,5.794899830998788,5.816421031951904,725436000,-0.042981164068388034,6.691049718856812,6.674537706375122,6.485250344194969,6.603483808336007,27.638392428448952,-0.08986115673775608,0.019864330859850624,-0.1097254875976067,0.02660926080323741,0.42240891993975
2018-10-12,NVDA,6.073192591043174,6.1728828608288815,5.9282333853283555,6.0986714363098145,608236000,0.048526474064961356,6.60575647354126,6.637568211555481,6.414963270034032,6.555406439571607,37.490660611368355,-0.11737829111662812,-0.007584193535445125,-0.109794097581183,0.028851869748154294,0.45800923327706416
2018-10-15,NVDA,6.08531408934243,6.08531408934243,5.82161715333462,5.822606563568115,449760000,-0.0452663954149235,6.472225904464722,6.589887547492981,6.307262050676592,6.485615975190322,32.788373411456575,-0.15962192424053345,-0.03799173967646279,-0.12163018456407065,0.03020403584577515,0.47947420463040896
2018-10-16,NVDA,5.935159483401088,6.092239782889113,5.8859329088283365,6.081108093261719,408712000,0.044396186977674335,6.371669864654541,6.55873122215271,6.266143149328434,6.447091415006645,40.33483792117726,-0.17027852988352787,-0.06444909771787581,-0.10582943216565206,0.03230075091938157,0.5127585245599474
2018-10-17,NVDA,6.143199146203947,6.181294510431479,5.963608197714108,6.012587547302246,329668000,-0.011267773061853337,6.263643217086792,6.5229614734649655,6.220042130778217,6.405710094272893,39.08221409485178,-0.18215325273012173,-0.087989928720325,-0.09416332400979673,0.03227964685970371,0.5124235079985786
2018-10-18,NVDA,6.081851165619273,6.120193290794971,5.864907039094482,5.925265312194824,524020000,-0.01452323719537385,6.165288686752319,6.489875721931457,6.166446345581236,6.359953448360695,37.4845644996598,-0.19634686627684772,-0.10966131623162956,-0.08668555004521816,0.0321451435200615,0.5102883336753729
2018-10-19,NVDA,5.980429307895091,5.9999712224305055,5.632626353675516,5.668989658355713,613608000,-0.043251338182556776,6.064633703231811,6.4474764585495,6.075999675176595,6.294147373122126,33.19562067820502,-0.22567328954675503,-0.13286371089465465,-0.09280957865210038,0.03326541134462327,0.5280720340688395
2018-10-22,NVDA,5.721185164674777,5.8211226836767285,5.617042297973618,5.719700813293457,368844000,0.008945360283555859,5.979167222976685,6.404829835891723,6.011218063925115,6.239438176947967,34.78570990087516,-0.24203272231820971,-0.15469751317936567,-0.08733520913884404,0.03327511367176664,0.5282260537373992
2018-10-23,NVDA,5.45278760002083,5.545799241394186,5.360765840725064,5.468372344970703,626436000,-0.043940841754979254,5.869136810302734,6.3462648630142215,5.9125188422970405,6.166003335807275,30.864671577201975,-0.2721407286883357,-0.1781861562811597,-0.09395457240717603,0.03404719464746348,0.5404824592595869
2018-10-24,NVDA,5.430029305408423,5.47653488638788,4.918961911989338,4.932814598083496,884288000,-0.09793732268062594,5.754653739929199,6.262764978408813,5.734390797894577,6.0485567893573915,24.521614938183717,-0.3353508590298553,-0.20961909683089883,-0.12573176219895646,0.0393881416234663,0.6252673640441024
2018-10-25,NVDA,4.8353516351022865,5.1885966030005655,4.791072101912247,5.141348838806152,951720000,0.04227489936550155,5.687146520614624,6.189098119735718,5.626564987151227,5.962156032162035,30.510066968266614,-0.36441759312547894,-0.24057879608981486,-0.12383879703566408,0.041224679299021266,0.6544214958216168
2018-10-26,NVDA,4.905603397827116,5.067136276704087,4.777218352825311,4.90510892868042,664784000,-0.04594901406857044,5.567790269851685,6.086773371696472,5.495391158338352,5.861484879449501,27.817476621956587,-0.40188311730586346,-0.2728396603330246,-0.12904345697283887,0.03911572393665725,0.6209428673319091
2018-10-29,NVDA,5.046110572330848,5.049573744027559,4.353967871259537,4.591691017150879,758016000,-0.06389621842992532,5.444698715209961,5.9584623098373415,5.331082041758811,5.740552130659156,24.702700839424892,-0.4516585822722723,-0.30860344472087414,-0.14305513755139815,0.03889181006813255,0.6173883448646205
2018-10-30,NVDA,4.614696215400488,5.031515318709477,4.591690660137457,5.021620273590088,807192000,0.09363200939116711,5.338749933242798,5.85520989894867,5.274816265728134,5.672082429985911,35.38997261144661,-0.45121299639300005,-0.33712535505529934,-0.11408764133770072,0.046604054679485134,0.739816432615042
2018-10-31,NVDA,5.186121805010123,5.2588488760364624,5.0466045956017425,5.215311527252197,745772000,0.03857146560459346,5.259022331237793,5.761332774162293,5.2639972223688725,5.628580439249367,39.552557285492426,-0.43027070805992107,-0.35575442565622367,-0.0745162824036974,0.048063732919010865,0.762988106310788
2018-11-01,NVDA,5.251674635167855,5.404797289971184,5.125268412199563,5.395397186279297,566528000,0.03453018253772111,5.206035518646241,5.68566210269928,5.28788812489804,5.606372510395075,43.215631826667845,-0.3945937548502476,-0.36352229149502846,-0.031071463355219153,0.049172601600717666,0.7805908509213334
2018-11-02,NVDA,5.385998944865753,5.491626176770276,5.199976098731876,5.316487789154053,452960000,-0.014625317543982441,5.170785331726075,5.617709517478943,5.293088063853679,5.578764441705454,42.014202503369006,-0.36843969777744334,-0.36450577275151147,-0.0039339250259318725,0.048894454557725134,0.776175403499336
2018-11-05,NVDA,5.303375822452559,5.326629086762901,5.078021475818935,5.238564968109131,379332000,-0.014656823101124927,5.122671747207642,5.550919485092163,5.283174773718306,5.546364491839138,40.807721920602575,-0.3499659499231038,-0.36159780818583,0.011631858262726169,0.04889190692585078,0.7761349610971058
2018-11-06,NVDA,5.230649442131772,5.314755451588281,5.183896148686008,5.221002101898193,299012000,-0.0033526101743235337,5.097934722900391,5.4835357666015625,5.271870651569194,5.5153775975590476,40.525256432160496,-0.3329050262600566,-0.3558592518006753,0.02295422554061871,0.04887020071184866,0.7757903856321797
2018-11-07,NVDA,5.287543323842536,5.378080715270347,5.223969126281624,5.288532733917236,483812000,0.012934419619270221,5.133506536483765,5.444080138206482,5.274900121087019,5.493773324831256,42.18244848894316,-0.3103573572887983,-0.34675887289829993,0.03640151560950161,0.04666487582728869,0.7407819384042923
2018-11-08,NVDA,5.22941192102683,5.230154096652301,5.042152470746677,5.095584869384766,511352000,-0.03648419594626462,5.128930139541626,5.408038330078125,5.242297348050245,5.455850614788734,38.851471852932065,-0.3045468211368272,-0.3383164625460054,0.03376964140917821,0.04641504180181246,0.7368159462015786
2018-11-09,NVDA,5.006778356612328,5.1779585856268,4.973136051283547,5.087668418884277,413240000,-0.0015535901576385625,5.1471860885620115,5.3574881792068485,5.214182997292796,5.4207856437502135,38.716386015160886,-0.2971552994492894,-0.3300842299266622,0.032928930477372775,0.04466092630799,0.7089702259963416
2018-11-12,NVDA,4.996387874034105,5.018404015671048,4.666890284037056,4.688659191131592,617116000,-0.07842673596251937,5.156882905960083,5.300790810585022,5.118633214354395,5.351059314929392,32.56955479193499,-0.3198076319712415,-0.32802891033557807,0.00822127836433656,0.04668416820457852,0.741088195399341
2018-11-13,NVDA,4.78637237013519,5.051553217455858,4.780187729744398,4.930341720581055,644712000,0.051546192546175096,5.14775505065918,5.243252491950988,5.084398397304696,5.310990972610503,38.897496678046025,-0.31463113650419583,-0.32534935556930167,0.010718219065105838,0.04714556251870037,0.7484126030683748
2018-11-14,NVDA,5.103251540849771,5.117599164823573,4.770044027789219,4.877897262573242,526580000,-0.010637083792567559,5.114013624191284,5.186517977714539,5.046852736444431,5.269743952606954,38.06276703014426,-0.31117354113315443,-0.3225141926820722,0.01134065154891778,0.04714443832358916,0.7483947570242385
2018-11-15,NVDA,4.871962006307089,5.078516622728389,4.836093169949229,5.006531715393066,840708000,0.026370881938576396,5.075127077102661,5.1405812978744505,5.039521641707819,5.244676120491346,41.38532765209076,-0.294657023838214,-0.3169427589133006,0.022285735075086577,0.04779019229086721,0.7586457834575449
2018-11-16,NVDA,4.040054850732546,4.221624597657671,3.9977541439452753,4.0675129890441895,1963520000,-0.18755872922202266,4.950229597091675,5.060507464408874,4.862792795768977,5.132565346067807,29.1093665793033,-0.3532662944544738,-0.3242074660215353,-0.0290588284329385,0.06221989349875347,0.9877101887917571
2018-11-19,NVDA,4.0022063338398715,4.0029480374640105,3.577718545029702,3.5794501304626465,1697820000,-0.11999048556111214,4.784318113327027,4.953494930267334,4.62945776571328,4.984649611248268,24.96443770498341,-0.4340932012406178,-0.3461846130653518,-0.08790858817526598,0.06621320250953742,1.0511020040963635
2018-11-20,NVDA,3.3162483512074563,3.815936547258066,3.2976956142785774,3.6877987384796143,1692032000,0.0302696235644897,4.6309977769851685,4.8644662499427795,4.458247033488977,4.86114000431792,27.434713824189984,-0.4838290004906245,-0.37371349055040637,-0.11011550994021813,0.06693287762773219,1.0625264924213895
2018-11-21,NVDA,3.8248415064939874,3.8416626558558136,3.5524867085536456,3.579697370529175,1025496000,-0.029313250428359083,4.460114240646362,4.7968103885650635,4.298510731132649,4.739097848718992,26.49742264808637,-0.5259055449191186,-0.4041519014241488,-0.12175364349496975,0.06428529523313628,1.0204974248714676
2018-11-23,NVDA,3.5450668048617975,3.7004153109840536,3.5322035272180106,3.5868723392486572,411968000,0.0020043506410771794,4.309242987632752,4.719086563587188,4.169121932608286,4.629362085912294,26.676479485123167,-0.5523059107710102,-0.4337827032935211,-0.11852320747748912,0.06305486990743833,1.0009650283596732
2018-11-26,NVDA,3.707836190930004,3.79639477338871,3.6254617760851735,3.7860052585601807,814832000,0.05551714710684008,4.179076671600342,4.663131380081177,4.099464355508631,4.549042388069235,31.65289031196467,-0.550810626513071,-0.4571882879374311,-0.0936223385756399,0.0645676936230534,1.024980360333662
2018-11-27,NVDA,3.7600314644551864,3.883964182068924,3.7241628654717807,3.802826642990112,738060000,0.004443043070766484,4.0904934167861935,4.623688161373138,4.0455302259598085,4.477974221871223,32.07228534233167,-0.5420201865101548,-0.4741546676519759,-0.06786551885817893,0.06340527998720871,1.0065276159274494
2018-11-28,NVDA,3.9203280409724446,3.964854811718791,3.787984845599604,3.959660053253174,804524000,0.04124127260761634,3.9934252500534058,4.570590150356293,4.029917467285875,4.428610967717123,36.01455095574091,-0.5164452941050026,-0.48261279294258125,-0.03383250116242137,0.06000527272787246,0.9525541739433414
2018-11-29,NVDA,3.961887935753284,3.999030540692202,3.866307468648602,3.896516799926758,549172000,-0.01594663493259696,3.895287203788757,4.504650413990021,4.005662800493308,4.37793533268947,35.13054177104486,-0.4955596374249538,-0.4852021618390558,-0.010357475585898002,0.05891300904454163,0.9352150255101367
2018-11-30,NVDA,3.906173895488522,4.057468510149171,3.8559074239718822,4.046821117401123,729564000,0.0385740201292577,3.799316143989563,4.437221610546112,4.013146130840183,4.346400645519151,38.970676935210456,-0.4615587399149961,-0.4804734774542439,0.018914737539247828,0.05909025273460748,0.9380286818623546
2018-12-03,NVDA,4.273885310426985,4.325389882579484,4.143638044077653,4.2104949951171875,890804000,0.04044504883407751,3.813614344596863,4.381921970844269,4.049027742526911,4.333457250242773,42.932436968194736,-0.4166033258097297,-0.46769944712534106,0.051096121315611365,0.06025671730826341,0.9565457329127179
2018-12-04,NVDA,4.165924821161724,4.17087729419902,3.875221360444782,3.8903262615203857,812112000,-0.07604063986968135,3.844701957702637,4.314510035514831,4.020172927798451,4.291254298935879,37.76763542347382,-0.40217475703059424,-0.4545945091063917,0.052419752075797466,0.06205733982795784,0.9851297292660017
2018-12-06,NVDA,3.7499269793302017,3.924497649233,3.734327113448237,3.919545412063598,692308000,0.007510719816027356,3.8678766250610352,4.249437201023102,4.0018770158466594,4.255853452567091,38.494834039218645,-0.38395626227961266,-0.44046685974103594,0.056510597461423284,0.06219175821100095,0.9872635549450067
2018-12-07,NVDA,3.9237544176548105,3.933906845454352,3.6058130711508896,3.6550889015197754,681676000,-0.06747121993532135,3.8754157781600953,4.167765009403229,3.9388246314235893,4.198637781038775,34.55873564379566,-0.3864031887456769,-0.4296541255419642,0.043250936796287276,0.06307038463733218,1.0012113170614179
2018-12-10,NVDA,3.6102708275051967,3.785089236418504,3.60655647207419,3.7603273391723633,629472000,0.02879230587492132,3.8927612781524656,4.101002132892608,3.9063705782870026,4.156893929432449,37.30596263933602,-0.37552175218987216,-0.41882765087154583,0.04330589868167367,0.06365581631121112,1.0105047567736414
2018-12-11,NVDA,3.851944832694204,3.860116223288564,3.590460333674671,3.669450521469116,671912000,-0.024167262449882543,3.8811058044433593,4.030091238021851,3.863294204320114,4.1104707477216555,35.904271322362746,-0.3699663927428216,-0.40905539924580103,0.03908900650297942,0.0636424256816878,1.0102921871199377
2018-12-12,NVDA,3.675145999944551,3.7831074053135567,3.586003613639559,3.687031745910645,654136000,0.00479124172370371,3.8695263147354124,3.9800098657608034,3.8312464846093013,4.070143223739654,36.40212011826459,-0.35999527108107454,-0.3992433736128558,0.03924810253178124,0.0619152502357411,0.9828741269166253
2018-12-13,NVDA,3.7338318181433574,3.797964834614252,3.6508797813853344,3.686784267425537,471384000,-6.7121332866793e-05,3.842238736152649,3.9178319931030274,3.8049806269395257,4.0336328469478335,36.39783446598234,-0.34810037038671116,-0.3890147729676269,0.04091440258091572,0.0602695531399802,0.9567494954242778
2018-12-14,NVDA,3.6451844460507377,3.7288794023038903,3.6028418859003852,3.6263656616210938,471820000,-0.016387887498129472,3.8152236223220823,3.8552554130554197,3.7725051786998107,3.9948454959643347,35.30502436015347,-0.33963376579989557,-0.37913857153408065,0.03950480573418508,0.060273606146559466,0.9568138349091029
2018-12-17,NVDA,3.5964034794123507,3.6684601640487577,3.4973561485793327,3.5552988052368164,662868000,-0.019597267075518343,3.766071391105652,3.7826937675476073,3.733013110797448,3.9529839063712378,34.01149592577755,-0.3347990668089724,-0.37027067058905905,0.035471603780086625,0.05957167922829739,0.9456710905235224
2018-12-18,NVDA,3.5991276605455687,3.7224414627810014,3.5718897650413535,3.6384990215301514,564372000,0.02340175069695527,3.7088717937469484,3.7612430691719054,3.7158287309306663,3.923032964957801,36.92514830603129,-0.3205587689572531,-0.36032829026269786,0.039769521305444755,0.044106418740370544,0.7001676912521952
2018-12-19,NVDA,3.604821999427664,3.658307614235883,3.378251585900969,3.4297561645507812,745364000,-0.05737059588148097,3.6628147840499876,3.7537583708763123,3.6638155370434142,3.876054222061894,32.98949388815531,-0.32240060089563105,-0.35274275238928454,0.03034215149365349,0.037159543356492464,0.5898894633240086
2018-12-20,NVDA,3.421337549869546,3.511222851201115,3.2856428206917148,3.3453187942504883,749588000,-0.02461905927104069,3.6053921222686767,3.736634373664856,3.605907038353791,3.82550799084176,31.525740979571225,-0.32690529533403456,-0.34757526097823455,0.020669965644199984,0.03671640654324043,0.5828548844961533
2018-12-21,NVDA,3.37181451652954,3.4047478060595746,3.1809010440380523,3.2083866596221924,863740000,-0.04093246206120549,3.5607218980789184,3.718068838119507,3.5336306058571365,3.766734530725611,29.25849101059859,-0.3376325590343683,-0.3455867205894613,0.007954161555093042,0.037222900176692615,0.5908952216646652
2018-12-24,NVDA,3.132120004078285,3.2185386771140743,3.0828439351668155,3.1467294692993164,463840000,-0.019217506137535367,3.4993621110916138,3.6960616946220397,3.4632849446648053,3.7076864296373926,28.272525460672753,-0.34710796818107736,-0.3458909701077845,-0.001216998073292841,0.037321254592897986,0.5924565496184113
2018-12-26,NVDA,3.19278626959552,3.2967858408120705,3.081853425117454,3.295795440673828,695100000,0.04737171492778636,3.461996603012085,3.6715512037277223,3.4328323075755365,3.6684587164027675,34.058152021029,-0.3386847728652209,-0.3444497306592718,0.005764957794050896,0.03665476868541184,0.5818764138371861
2018-12-27,NVDA,3.243547638552544,3.277966519732493,3.0996815231709913,3.248004674911499,637044000,-0.014500525479384185,3.4180938959121705,3.6438101053237917,3.399227283454802,3.62841547435598,33.13535404812755,-0.3320381165632944,-0.34196740784007634,0.009929291276781937,0.036608303134199965,0.5811387960789571
2018-12-28,NVDA,3.268557427757804,3.4020236512278625,3.226710068592887,3.3094143867492676,628728000,0.0189069037714491,3.3803569078445435,3.6112978219985963,3.3828976658719774,3.598034418393436,35.55178397607983,-0.3181479317178795,-0.33720351261563697,0.019055580897757496,0.035372333113069594,0.5615183802559038
2018-12-31,NVDA,3.352747616905251,3.385185466316199,3.2749955349610382,3.305700302124023,465140000,-0.0011222785034462612,3.3482903718948362,3.5817569971084593,3.368861781554167,3.5701930739868253,35.468297253019074,-0.30393597106302606,-0.33055000430511483,0.026614033242088775,0.03535956293819947,0.5613156600144729
2019-01-02,NVDA,3.234881152570605,3.42901350076281,3.220271688741212,3.373051881790161,508752000,0.02037437562711375,3.330065679550171,3.5480685353279116,3.3696236179607113,3.5514177223490475,38.29796957422784,-0.2839648106784427,-0.3212329655797804,0.037268154901337724,0.03432827981624462,0.5449445479825279
2019-01-03,NVDA,3.312881563490466,3.346805254503346,3.161834649660386,3.1692631244659424,705552000,-0.06041672777830598,3.28314208984375,3.496006941795349,3.3331944373252984,3.5150220463601802,33.50996926422275,-0.28133847693657366,-0.3132540678511391,0.03191559091456542,0.034168522003617176,0.5424084713292567
2019-01-04,NVDA,3.242309633257826,3.410442208673466,3.2116051054063632,3.37230920791626,585620000,0.06406728487857372,3.277397394180298,3.4701060891151427,3.3403062137963824,3.5014303474607593,41.37436020912873,-0.259877263194781,-0.3025787069198675,0.042701443725086496,0.03503139969873294,0.5561062300881022
2019-01-07,NVDA,3.429508826663818,3.5877366873539573,3.378251727789185,3.5508415699005127,709160000,0.05294068573699007,3.2979496717453003,3.4516708970069887,3.3785853694516788,3.5061361781693074,47.27907101789741,-0.2258594598690511,-0.28723485750970423,0.06137539764065314,0.03738382035952761,0.5934497503729398
2019-01-08,NVDA,3.632308061543531,3.634536816055823,3.389890036843315,3.46244215965271,786016000,-0.024895340585493808,3.323355221748352,3.442038559913635,3.3938320585791386,3.501974843072489,44.869291286642515,-0.20368524258382736,-0.27052493452452886,0.0668396919407015,0.03471165043439001,0.5510303678760188
2019-01-09,NVDA,3.513698909920698,3.5778321572029506,3.4631849627780333,3.5305371284484863,617260000,0.019666745509651085,3.361735987663269,3.4305490493774413,3.4186875258281106,3.5046950607273457,47.105781284575514,-0.17855900369478617,-0.2521317483585803,0.07357274466379415,0.03434176264500437,0.5451585812537357
2019-01-10,NVDA,3.511223514049248,3.6048229514252688,3.450804610950893,3.596156358718872,523156000,0.0185861889800385,3.3917720794677733,3.426884341239929,3.4509545863537032,3.5134056605360624,49.242627684510275,-0.151603761082717,-0.23202615090340767,0.08042238982069067,0.03425840073369478,0.5438352519368946
2019-01-11,NVDA,3.5738701643159874,3.7080792986049738,3.546137071809889,3.685298442840576,874764000,0.024788155805733902,3.435501456260681,3.4267976760864256,3.4935625602604072,3.5297764017079207,52.075081375784265,-0.12164625362386339,-0.20995017144749883,0.08830391782363545,0.034708304947447775,0.5509772599172374
2019-01-14,NVDA,3.633051063973084,3.750421983358888,3.609527289244213,3.725164890289306,730168000,0.010817698503137185,3.477076506614685,3.428716707229614,3.535672074811116,3.5483848291918623,53.329424293909796,-0.09360876047786704,-0.18668188925357249,0.09307312877570545,0.03478339594855298,0.5521692926049769
2019-01-15,NVDA,3.7578503426020897,3.797221699312551,3.692726929675171,3.7110507488250737,617012000,-0.0037888635483022126,3.51761155128479,3.432950961589813,3.567559106450017,3.563876821537882,52.80250868102192,-0.07170121148623787,-0.16368575370010557,0.0919845422138677,0.03456353425082564,0.5486790963548869
2019-01-16,NVDA,3.7382888658650337,3.771221915315453,3.680098722595817,3.6855461597442623,470104000,-0.006872605848595947,3.5488609790802004,3.4394633293151857,3.5890112979580615,3.5754643775575374,51.80640132896072,-0.0557546236674904,-0.14209952769358256,0.08634490402609216,0.03426625913147727,0.5439600001343099
2019-01-17,NVDA,3.6526127323510096,3.7967263343986897,3.6253746048394815,3.75685977935791,493436000,0.019349539124642545,3.607620644569397,3.4453813672065734,3.6195292036671245,3.592740130109954,54.39690798066665,-0.03693664220308124,-0.1210669505954823,0.08413030839240106,0.03414706280735903,0.5420678171494505
2019-01-18,NVDA,3.8066306453246095,3.911868317546365,3.7551260682234338,3.8858683109283447,651336000,0.03433945878929867,3.6589765548706055,3.4681869745254517,3.667954495896437,3.6206570997117056,58.71974049089463,-0.011481000164628163,-0.09914976050931147,0.08766876034468331,0.03181038934554631,0.5049742758987253
2019-01-22,NVDA,3.8556595552286863,3.867297583177716,3.653603289208936,3.6838126182556152,661552000,-0.051997565667493695,3.6722736597061156,3.485111665725708,3.670837790870833,3.6266719110016017,50.62542475389606,-0.007524686300250494,-0.08082474566749928,0.07330005936724879,0.033760352955709255,0.5359289885674265
2019-01-23,NVDA,3.7390314439548784,3.8276786281555033,3.665488923818359,3.696688652038574,591020000,0.0034953009605185326,3.695698308944702,3.509526765346527,3.6755379474467857,3.633340172052742,51.08813164354065,-0.003312110790769651,-0.06532221869215336,0.06201010790138371,0.03196715762815021,0.507462895234121
2019-01-24,NVDA,3.7811265808391865,3.92598286910089,3.7764218261033498,3.90840220451355,708972000,0.05727113435918496,3.7334848165512087,3.5476104021072388,3.7178769032771064,3.6595365560966284,58.04944989865395,0.016914915356152527,-0.04887479188249219,0.06578970723864472,0.03314435945158551,0.5261503948405706
2019-01-25,NVDA,3.848973687391146,3.9836777833396,3.7464599562394896,3.965601682662964,1154572000,0.014635003041232109,3.7704293489456178,3.5811007142066957,3.762917772256353,3.6886856157696126,59.717546662323215,0.03713245927969222,-0.03167334165005531,0.06880580092974753,0.032066203920997106,0.5090352063890556
2019-01-28,NVDA,3.381223127206372,3.507260623513946,3.243795322037681,3.417375326156616,2511528000,-0.13824544177069364,3.743637037277222,3.5895692467689515,3.7000918729654915,3.662846540568375,42.34004262347962,0.00881609677164974,-0.0235754539657143,0.032391550737364036,0.04593673339493739,0.729223035634081
2019-01-29,NVDA,3.371319346140535,3.419605021487195,3.2440436966893182,3.258653163909912,1153932000,-0.046445633592495206,3.696985864639282,3.5870311856269836,3.6198302895008405,3.624351933267569,38.81810161917985,-0.026131152857142403,-0.02408659374399992,-0.002044559113142483,0.04709986403651432,0.7476871621534303
2019-01-30,NVDA,3.3346711511975444,3.4163850611148643,3.255185759523989,3.4020233154296875,974228000,0.04399675089930466,3.6660831212997436,3.591847336292267,3.5802290214879036,3.603177779187771,43.39812270967032,-0.041776750560662546,-0.02762462510733245,-0.014152125453330097,0.04809676373282108,0.7635124542244515
2019-01-31,NVDA,3.3988039917009822,3.5951650838160276,3.3770135380925757,3.5595080852508545,842852000,0.04629150220896583,3.653479313850403,3.6011701464653014,3.576461578535713,3.5990187607175885,48.00270053186634,-0.04099572153283537,-0.030298844392433032,-0.01069687714040234,0.048943025025339267,0.7769464357695506
2019-02-01,NVDA,3.578079650274053,3.63478418856549,3.530537139421069,3.5837748050689697,625048000,0.006817436352698936,3.636170816421509,3.621895730495453,3.577791256087214,3.59756695541772,48.69528612138621,-0.03798080978442808,-0.03183523747083204,-0.00614557231359604,0.04654461608568625,0.7388728741902145
2019-02-04,NVDA,3.599622847127747,3.731108041134815,3.5775849071350003,3.693965435028076,528592000,0.030747085392544893,3.616980528831482,3.6379785418510435,3.5989138340764617,3.606747762999659,51.83264184311053,-0.026395733975867586,-0.03074733677183915,0.004351602795971566,0.0449733333314537,0.713929533747831
2019-02-05,NVDA,3.7058505391601377,3.749678932348677,3.672174573691517,3.713031530380249,542424000,0.005161416826312992,3.619902420043945,3.6460880398750306,3.6196625061316956,3.6168700265597153,52.37531752949208,-0.015497359465558525,-0.02769734131058303,0.012199981845024504,0.043572033663618864,0.6916845911476206
2019-02-06,NVDA,3.746211880112754,3.852935391867206,3.740764443923303,3.7885546684265137,702464000,0.020340020661911984,3.629089021682739,3.662393665313721,3.6503701720034805,3.6332209448327437,54.55923451247018,-0.0007575010795397574,-0.022309373264374377,0.02155187218483462,0.043210206077881376,0.6859407562915548
2019-02-07,NVDA,3.7422510193852423,3.744479538056981,3.6075469011987353,3.6503846645355225,637120000,-0.03647037352858806,3.6032872676849363,3.6683860421180725,3.650372807009306,3.634855584804437,50.0383306551457,-0.00022265506379737232,-0.017892029624258978,0.017669374560461606,0.04405301072506774,0.6993198652931427
2019-02-08,NVDA,3.5832798133270645,3.679603194977889,3.568918066455661,3.668955802917481,461604000,0.005087446964804121,3.5736226797103883,3.672026014328003,3.653751533538065,3.638103224624727,50.630472043195525,0.001680379549533484,-0.013977547789500486,0.01565792733903397,0.0438989913896047,0.6968748841407589
2019-02-11,NVDA,3.624879825182458,3.6791081322542047,3.578079991863121,3.6263656616210938,495180000,-0.011608245938127815,3.594521713256836,3.669079375267029,3.6487722840986154,3.636985361481524,49.190593766665245,-0.0002452926893008467,-0.011231096769460559,0.010985804080159712,0.04365683927040151,0.6930308384196054
2019-02-12,NVDA,3.664746308472057,3.758841173246999,3.650384325216861,3.74324107170105,591060000,0.03222935053596032,3.6429805040359495,3.669983184337616,3.6659484272990577,3.6471049529310027,53.12980536746403,0.007572179639236065,-0.0074704414877212345,0.0150426211269573,0.044191570819544376,0.7015194386028795
2019-02-13,NVDA,3.772707588115835,3.8586310580795686,3.7590885235415303,3.785583734512329,605372000,0.011311764858371154,3.681336545944214,3.6737098336219787,3.687700301337834,3.6602934083197005,54.505935889989836,0.016988449526718963,-0.0025786632848331954,0.019567112811552156,0.04423053176031588,0.7021379243636386
2019-02-14,NVDA,3.7845932163287506,3.85466910114593,3.7415075055631863,3.826440572738647,827264000,0.010792744551873179,3.708029794692993,3.680754554271698,3.712925805228891,3.6761169477881714,55.85284070804982,0.027431503348051667,0.0034233700417437775,0.02400813330630789,0.044221003502589416,0.7019866679614069
2019-02-15,NVDA,4.034934774498316,4.057715393110544,3.873240272941682,3.8960211277008057,1516748000,0.018184146242302246,3.739254426956177,3.687712621688843,3.7462158638601477,3.697060203017946,58.12651919040439,0.04085135897886305,0.010908967829167632,0.029942391149695418,0.04419888704791895,0.701635580127764
2019-02-19,NVDA,3.885374605031909,3.959164862996342,3.8663080993545185,3.8786888122558594,551892000,-0.0044487221390339116,3.757726764678955,3.6873536467552186,3.7703018544775495,3.7143581658025093,57.33439207531559,0.0495173134805702,0.01863063695944815,0.030886676521122054,0.0435887554085879,0.6919500406196712
2019-02-20,NVDA,3.907907562909728,3.993088129381964,3.896764969055961,3.9259836673736577,540988000,0.012193516264660476,3.779021978378296,3.6994621992111205,3.798607638640478,3.734512975475952,58.97720389823626,0.0595153880599022,0.02680758717953896,0.032707800880363236,0.04181945293306781,0.6638632345540086
2019-02-21,NVDA,3.9386119879459383,3.963125928417421,3.8425360819180625,3.8571455478668217,448548000,-0.017533980102593327,3.7858810663223266,3.707485044002533,3.809250894863449,3.7461922680846063,55.62027024295123,0.06117903937296587,0.033681877618224346,0.027497161754741525,0.042098019838918,0.6682853470922426
2019-02-22,NVDA,3.908897822960406,3.960649894447038,3.895278757349428,3.94183087348938,401740000,0.02195543947502654,3.8150256872177124,3.7091564774513244,3.833356345522709,3.764824516218394,58.73222637345146,0.06854079741009445,0.04065366157659837,0.027887135833496078,0.0404092868920039,0.6414775426422269
2019-02-25,NVDA,4.025278463314607,4.0926304027463685,3.9207834448772534,3.929450273513794,656020000,-0.0031408247519829624,3.841075134277344,3.707348906993866,3.850827968793815,3.780503159770337,58.09090579704934,0.07253983863873747,0.04703089698902619,0.025508941649711285,0.040294707314600525,0.6396586482394098
2019-02-26,NVDA,3.924745387991044,3.9807070143369634,3.856650296415104,3.8900787830352783,488464000,-0.010019592497173657,3.867446446418762,3.730984079837799,3.857964480474081,3.790938933414617,55.996855085126036,0.07170558009151051,0.05196583360952306,0.019739746481987452,0.0239776012632199,0.3806326198700882
2019-02-27,NVDA,3.875717408161542,3.902212387421229,3.791279524269908,3.848231792449951,500256000,-0.010757363261593267,3.8779455184936524,3.760463011264801,3.85619490083333,3.7963953961798866,53.77789296996342,0.06689657964352591,0.05495198281632363,0.01194459682720228,0.020944861004291476,0.33248936077301877
2019-02-28,NVDA,3.8420343108237702,3.8643429349671288,3.801383218768535,3.8236916065216064,324944000,-0.006377003063196773,3.88175630569458,3.781546425819397,3.850285210958471,3.7989950352600506,52.46492654392898,0.06040886839633641,0.05604335993232619,0.004365508464010223,0.019432984438988016,0.308489064344102
2019-03-01,NVDA,3.8735140741506697,3.920114163022685,3.8152639630606497,3.8779759407043457,357188000,0.014196839015508722,3.88690984249115,3.7974698185920714,3.8553198890940843,3.8065170262547454,55.07765120149843,0.058967857828114756,0.056628259511483904,0.0023395983166308518,0.01712167301791021,0.27179813300853095
2019-03-04,NVDA,3.9163958269743024,3.939200158721884,3.8296401297034097,3.886155366897583,409992000,0.0021091998295770242,3.8859232664108276,3.8125888466835023,3.860926339603811,3.8141016301254917,55.47476837420317,0.057819352403149615,0.05686647808981705,0.0009528743133325676,0.01711953133035352,0.27176413477256495
2019-03-05,NVDA,3.870540632171086,3.917884417795232,3.816256426001872,3.8797121047973633,362924000,-0.001658004246331446,3.886025595664978,3.8218761801719667,3.864341933275366,3.820350246760908,55.06184014196951,0.05574662379835127,0.05664250723152389,-0.0008958834331726229,0.015969378502448086,0.2535060246584323
2019-03-06,NVDA,3.8707875372597664,3.8792150871425233,3.766185074620006,3.768911600112915,403524000,-0.028558950172473008,3.870318388938904,3.8246701836585997,3.8469909636094655,3.8154513280325277,48.391219134403045,0.04464861527220476,0.05424372883966007,-0.009595113567455307,0.01739833807936913,0.27619005470301516
2019-03-07,NVDA,3.74536386312148,3.7550310443588217,3.653650810029538,3.6997551918029785,450104000,-0.01834917229363109,3.8545793533325194,3.820230209827423,3.820220823281013,3.8044326483916184,44.74738514808296,0.029928027698252535,0.04938058861137856,-0.019452560913126027,0.017272501718685985,0.27419246440547307
2019-03-08,NVDA,3.610520473182792,3.744619944571655,3.58920327157,3.733961343765259,422416000,0.00924551765967263,3.8337924003601076,3.82440904378891,3.804537281550876,3.7977210955700604,46.87808471660934,0.02078243955384762,0.043660958799872376,-0.022878519246024756,0.01524313964559811,0.24197734021249107
2019-03-11,NVDA,3.7575099518581614,4.017032939864419,3.7104139112950953,3.994228839874267,859728000,0.06970278268777119,3.840270256996155,3.840672695636749,3.8390266557914923,3.8164361188371276,59.63341677897268,0.034142335260757495,0.0417572340920494,-0.007614898831291905,0.021616216974847665,0.3431468064087592
2019-03-12,NVDA,4.021989809263708,4.074786629138914,3.945892710249232,4.028434753417969,579576000,0.008563834200540743,3.8541058540344237,3.860776150226593,3.8734644917235785,3.836626464987684,60.960175183898976,0.04694908043905066,0.042795603361449656,0.004153477077601005,0.02129457511179953,0.3380409001236421
2019-03-13,NVDA,4.06586280575644,4.20888551449857,4.058426441866489,4.179636478424072,768900000,0.037533616469229036,3.887246322631836,3.882595920562744,3.9291321256691227,3.869294085314959,66.24202953624638,0.06850949896453606,0.047938382482066944,0.02057111648246912,0.021674867136922727,0.3440778488679847
2019-03-14,NVDA,4.188808493413833,4.200706488078726,4.096103797162113,4.103787899017334,519384000,-0.018147171362457026,3.9152559518814085,3.8985061287879943,3.960887720823343,3.89162682947709,61.73021015737561,0.07857023080288839,0.054064752146231236,0.02450547865665715,0.022269625131721586,0.35351933933501606
2019-03-15,NVDA,4.146918075590544,4.251768511099473,4.143447866293532,4.209134578704834,661484000,0.02567059562525764,3.9483718156814573,3.9176408290863036,4.006023513165432,3.921865662736875,65.26854653857515,0.093960907052419,0.06204398312746879,0.031916923924950207,0.022742298202127007,0.3610227917093965
2019-03-18,NVDA,4.240613433612085,4.294402140783058,4.16079816141345,4.187816619873047,486992000,-0.005064689292578195,3.978537940979004,3.932230603694916,4.039076805294089,3.9471943253212722,63.979428028843145,0.10324777170518606,0.07028474084301224,0.03296303086217382,0.02262779980566423,0.3592051860140594
2019-03-19,NVDA,4.282257440795719,4.39974957567434,4.265402338243507,4.355380058288574,854972000,0.04001212412701283,4.026104736328125,3.9560651659965513,4.096586487656722,3.986069157032444,69.13903613586757,0.12271407645824839,0.08077060796605948,0.04194346849218891,0.023916308119676804,0.3796596213807577
2019-03-20,NVDA,4.3843807498112275,4.437673521455852,4.2882058347189105,4.322908401489258,719148000,-0.007455527730013123,4.0815044164657595,3.9759114027023315,4.137735926535365,4.01814908507595,67.13222267151913,0.13397667221573695,0.09141182081599497,0.042564851399741976,0.024055081000195398,0.3818625725641914
2019-03-21,NVDA,4.345962111633588,4.5856553200813,4.341004532955315,4.559380531311035,824312000,0.054702091244938744,4.167466950416565,4.011023151874542,4.214398581949123,4.0696949370983395,73.2268065616671,0.16013771717145264,0.10515700008708652,0.054980717084366124,0.02583549363734247,0.4101257469779984
2019-03-22,NVDA,4.532112191981738,4.5806951113483825,4.385867014405987,4.399747848510742,747644000,-0.03501192359445182,4.234045600891113,4.033919000625611,4.248098448596689,4.1011285477090444,64.52819790269868,0.16607510000828363,0.11734062007132595,0.048734479936957675,0.02739158174291,0.4348278798506222
2019-03-25,NVDA,4.35909712121291,4.423295984166942,4.241357285926929,4.307539463043213,525212000,-0.020957652266081706,4.2653766632080075,4.052823460102081,4.258905905768784,4.120786730121822,60.08801515423013,0.1614786472647065,0.12616822551000206,0.035310421754704446,0.027983048877104365,0.4442171295251004
2019-03-26,NVDA,4.4490759014802626,4.505095202851292,4.3278658277383935,4.384133338928223,703508000,0.01778135210185572,4.300946521759033,4.077526187896728,4.281674529979591,4.145867359531956,62.40232051877214,0.1621472781229336,0.1333640360325884,0.028783242090345218,0.02788965526768589,0.4427345519377165
2019-03-27,NVDA,4.409664902880499,4.456016791288849,4.305558129393823,4.374962329864502,474372000,-0.0020918636261101353,4.320479106903076,4.103862714767456,4.298635948140483,4.167685928135056,61.9392035309644,0.16009171151249646,0.13870957112857002,0.02138214038392644,0.02767624554231742,0.4393467775735911
2019-03-28,NVDA,4.400986285715743,4.4592366102540515,4.340505383364534,4.393550395965576,480264000,0.004248737406077341,4.3494553565979,4.132355654239655,4.315893120472318,4.1891968298332,62.54592699870945,0.15813962657491842,0.14259558221783972,0.015544044357078707,0.02751163450873896,0.43673365842615564
2019-03-29,NVDA,4.460229161411316,4.475101890242775,4.409911133261652,4.450809955596924,456896000,0.013032639772136534,4.373622894287109,4.160997354984284,4.340423454131337,4.214112365620221,64.42710795887933,0.1593757684710546,0.1459516194684827,0.013424149002571911,0.027497554489643944,0.4365101450522729
2019-04-01,NVDA,4.542524289975378,4.548473288345791,4.470889045273274,4.518232822418213,483824000,0.015148448820310634,4.406664514541626,4.192601227760315,4.372752430183496,4.243076218648602,66.55710629816333,0.16390646994840363,0.1495425895644669,0.014363880383936739,0.027523435102910835,0.4369209870511651
2019-04-02,NVDA,4.542277092500362,4.58044940319599,4.499394940844247,4.5360798835754395,440920000,0.003950009186926895,4.424734497070313,4.225419616699218,4.402448330800213,4.270981329594015,67.11835812285307,0.16701198202498357,0.15303646805657023,0.013975513968413344,0.02744921639294183,0.43574280155592904
2019-04-03,NVDA,4.585652666769136,4.73437663159882,4.580695090959375,4.675382614135742,783504000,0.03070993768533481,4.459981918334961,4.27074316740036,4.452072745952127,4.309495737645608,71.18347573520064,0.1786542736165737,0.15816002916857094,0.02049424444800277,0.026453369953540178,0.41993422941993347
2019-04-04,NVDA,4.660016045538845,4.708847191535176,4.603749006002984,4.666460990905762,457376000,-0.0019082124322844507,4.470689964294434,4.3190784573554994,4.491052426852788,4.343492428432289,70.58163680308806,0.18502808456466902,0.16353364024779057,0.02149444431687844,0.025733725139275503,0.40851022215488386
2019-04-05,NVDA,4.709589828632286,4.750489125131369,4.673152634601856,4.733137607574463,481744000,0.014288476170409181,4.504028940200806,4.3690372705459595,4.535067914256729,4.380601493112496,72.45595437530125,0.19323216131450227,0.16947334446113294,0.023758816853369336,0.025730194301750137,0.4084541718468125
2019-04-08,NVDA,4.702651615687372,4.7789967212804925,4.678607878714948,4.753961563110352,424192000,0.004399609151984896,4.54867115020752,4.407023906707764,4.574866759502842,4.416159595017054,73.03380905324127,0.19911895110353584,0.17540246578961352,0.023716485313922314,0.02191429096399703,0.34787858429427637
2019-04-09,NVDA,4.720496982792374,4.73165129477477,4.649109480661156,4.691247940063477,439972000,-0.013191865818503512,4.579382610321045,4.440164566040039,4.59602697415023,4.442358485021475,68.38105548196572,0.19645915036922723,0.17961380270553629,0.016845347663690946,0.02246847412868549,0.3566759693015429
2019-04-10,NVDA,4.6905036497578685,4.7874217629055575,4.686042020097901,4.761642932891846,444772000,0.015005600583843037,4.618050670623779,4.469264888763428,4.626138966648705,4.472766527675796,70.64193823271937,0.19775196517202698,0.18324143519883443,0.014510529973192549,0.021445138923431473,0.3404310265357866
2019-04-11,NVDA,4.764122784482669,4.795602881676551,4.698436537073652,4.747763156890869,374600000,-0.0029149132340645645,4.653471946716309,4.5014636516571045,4.648252455783644,4.498956682839137,69.58542646956265,0.19540405201548694,0.18567395856216495,0.009730093453321986,0.02077415161317224,0.3297794332008302
2019-04-12,NVDA,4.786431210547088,4.79039736695356,4.701162866442991,4.709838390350342,471708000,-0.00798792300443285,4.67937479019165,4.52649884223938,4.659449898432134,4.519040654983061,66.65216270012684,0.188312354610229,0.18620163777177778,0.00211071683845121,0.020588692102436804,0.3268353547387642
2019-04-15,NVDA,4.702154097545933,4.707111674658761,4.538557835067221,4.578217506408691,440092000,-0.02794594485690194,4.685373258590698,4.546018886566162,4.64468037260969,4.5246765455950255,57.58035684641636,0.17011050003685924,0.18298341022479409,-0.01287291018793485,0.021824840188902267,0.34645859726138006
2019-04-16,NVDA,4.617381963527399,4.684059630158757,4.584662709190543,4.665221214294434,394964000,0.019003838887940994,4.698287391662598,4.561510944366455,4.6484150710978245,4.538061752137827,61.327335656374416,0.1608516732932026,0.1785570628384758,-0.017705389545273204,0.02050076146835308,0.32543949919630566
2019-04-17,NVDA,4.700171357591933,4.7209926145799885,4.6201083293303,4.642416954040527,351004000,-0.004888141249129396,4.694990825653076,4.577486371994018,4.6473245043601334,4.548000342795227,59.8354494641313,0.14994539598611567,0.1728347294680038,-0.022889333481888124,0.020435560874722678,0.3244044718598267
2019-04-18,NVDA,4.649108402834741,4.683066804946289,4.590114384236148,4.617876052856445,380988000,-0.005286233750013136,4.690132331848145,4.580411148071289,4.641970240450371,4.554655172324867,58.19476628031815,0.1377341336597686,0.16581461030635677,-0.028080476646588165,0.01661082739678521,0.2636887101774726
2019-04-22,NVDA,4.594329640256938,4.687282088559057,4.56285001675358,4.671666145324707,279936000,0.011648232185657914,4.683985185623169,4.594007062911987,4.647369495882068,4.565799074515327,60.73606907294752,0.130888233131925,0.1588293348714704,-0.02794110173954542,0.014458066934818832,0.2295146972895392
2019-04-23,NVDA,4.684802944457456,4.757430076453827,4.675136000252518,4.726197719573975,346856000,0.01167283203741798,4.681208801269531,4.614939975738525,4.661701900189687,4.581075135949484,63.179741660524414,0.1283831291470099,0.15274009372657832,-0.02435696457956843,0.013402709226733818,0.2127614130506909
2019-04-24,NVDA,4.736607403242486,4.779241800499194,4.675878751823912,4.738590717315674,318204000,0.002622191976940025,4.685943078994751,4.632662844657898,4.675681685121685,4.596076619889121,63.73217987352268,0.1259460004413917,0.147381275069541,-0.021435274628149287,0.0130500006967516,0.2071623387169462
2019-04-25,NVDA,4.698435532353966,4.720744153643242,4.553429966754181,4.632997035980225,499296000,-0.022283773306183807,4.673078489303589,4.645564579963684,4.667920839823237,4.599592849993036,56.01985828996673,0.11417785949209502,0.1407405919540518,-0.026562732461956784,0.014268311843457952,0.22650242859904382
2019-04-26,NVDA,4.479315954390358,4.483778057349987,4.295642123758112,4.414373397827148,868988000,-0.04718838290964311,4.639739513397217,4.646605730056763,4.6218213049148575,4.581952902167713,44.11646177939999,0.08621657155103701,0.12983578787344885,-0.043619216322411836,0.018136406853499223,0.2879065332638784
2019-04-29,NVDA,4.422304799143129,4.472871039316649,4.350173621257163,4.4451093673706055,391920000,0.00696270269265975,4.6132666110992435,4.646320700645447,4.589691861724993,4.568920184567989,45.8582512354869,0.06577892675679653,0.1170244156501184,-0.05124548889332187,0.017963750269280168,0.2851656949595094
2019-04-30,NVDA,4.412885533510473,4.51203469825504,4.393799384304464,4.486504077911377,362920000,0.009312416662822676,4.6040952682495115,4.644734263420105,4.5709304464861535,4.561071031553073,48.19991662474116,0.05231905174169249,0.10408334286843322,-0.05176429112674073,0.017752439266927742,0.2818112367904116
2019-05-01,NVDA,4.538805230617688,4.580943682956027,4.473118527608206,4.473366737365723,354280000,-0.0029281909293995545,4.584909820556641,4.6415986061096195,4.553191590282439,4.552718241630468,47.497793489018875,0.04012934413086988,0.09129254312092056,-0.05116319899005067,0.017734406677634863,0.2815249783098304
2019-05-02,NVDA,4.483035663531513,4.582432605052308,4.439905771422172,4.54079008102417,394684000,0.015072169937524915,4.574747133255005,4.6348689794540405,4.550936770417299,4.55158222633463,51.409830230522054,0.03550018929593257,0.08013407235592296,-0.04463388305999039,0.0165918112821316,0.2633868387158157
2019-05-03,NVDA,4.54921630099399,4.559130981628011,4.474854068726424,4.536326885223389,336824000,-0.0009829117226609618,4.566592216491699,4.6283622741699215,4.5482804276547695,4.5501293367049875,51.138191886361504,0.031112759611564123,0.0703298098070512,-0.039217050195487074,0.016591394718264495,0.2633802259694305
2019-05-06,NVDA,4.350174987888833,4.470145918397513,4.312994098026153,4.458000183105469,422176000,-0.017266547164636825,4.545225620269775,4.614605402946472,4.5318658377367145,4.541355131600271,46.49516418012961,0.021072469409428862,0.06047834172752673,-0.03940587231809787,0.016533199838516064,0.2624564108930805
2019-05-07,NVDA,4.409664906665212,4.409664906665212,4.2428461427667425,4.290933609008789,555220000,-0.037475676813521375,4.501699209213257,4.591454005241394,4.488059977968001,4.517505462782035,38.47170343646384,-0.00036124500063383636,0.04831042438189462,-0.048671669382528454,0.018139226181670142,0.2879512887111056
2019-05-08,NVDA,4.263418850487332,4.391073385860817,4.251520854734579,4.311010360717773,419168000,0.0046788772650392385,4.458941173553467,4.572442126274109,4.455869138467959,4.497839262585439,39.81578344768295,-0.015548360199816535,0.03553866746555239,-0.05108702766536893,0.018152120605573422,0.2881559813447907
2019-05-09,NVDA,4.2421013189180234,4.2517682624256565,4.099822273281469,4.218553066253662,660248000,-0.02144678085364593,4.41749677658081,4.5452876329422,4.412720761701722,4.471240577220508,35.923849062363715,-0.03464541855870884,0.021501850260700145,-0.056147268819408985,0.017966290885404024,0.285206025990153
2019-05-10,NVDA,4.187817103269643,4.253255601624408,4.065119682464196,4.184594631195068,569500000,-0.008049782597318589,4.394518899917602,4.51712920665741,4.371243283427785,4.443940963313323,34.58660894100365,-0.05192161672423978,0.00681715686371216,-0.058738773587951945,0.01795835980422437,0.28508012397957766
2019-05-13,NVDA,4.052726782997496,4.075779091969789,3.911686876259981,3.927550792694092,656912000,-0.06142622192954639,4.342763042449951,4.478014826774597,4.290571921476204,4.394760947063872,26.534898055947934,-0.0853703218713937,-0.011620338883309015,-0.07374998298808469,0.02181036645627438,0.34622883387892267
2019-05-14,NVDA,3.967210571591715,4.05173571178523,3.9285425526597297,4.016537666320801,524880000,0.022657090467738783,4.295766401290893,4.4499308347702025,4.240747511447949,4.358739682231199,32.401923370893925,-0.103505023200265,-0.029997275746700216,-0.07350774745356478,0.022400758918380094,0.3556010236628757
2019-05-15,NVDA,3.961013019664122,3.991997164948317,3.90177149084388,3.955559968948364,502320000,-0.015181657048493058,4.243985724449158,4.414447772502899,4.188895230993478,4.3203416142995,30.598621265712225,-0.12139789584717953,-0.04827739976679608,-0.07312049608038346,0.02166205381981788,0.3438744437648093
2019-05-16,NVDA,3.95010742830043,4.013315124991478,3.9077212267914367,3.970680713653565,781088000,0.0038226559131704363,4.1869747877120975,4.380860960483551,4.149219864204403,4.287040576142744,31.61497653494176,-0.13282686320548986,-0.06518729245453483,-0.06763957075095503,0.021814711358648643,0.34629780706584157
2019-05-17,NVDA,3.928790009448616,4.057931913926064,3.84054717033936,3.8799588680267334,1022068000,-0.022847932676852034,4.121337985992431,4.343965101242065,4.100263319444826,4.2482708896555055,28.88204492844376,-0.14750455622048886,-0.08165074520772564,-0.06585381101276322,0.02207059820694054,0.35035988485195646
2019-05-20,NVDA,3.78130539858697,3.836333274940559,3.7366881504321063,3.761475563049317,572064000,-0.030537257998736078,4.051685523986817,4.2984555721282955,4.038665545554733,4.201909429978725,25.751188556465465,-0.16677486930769803,-0.09867557002772012,-0.0680992992799779,0.02206641702163925,0.3502935105930003
2019-05-21,NVDA,3.8222048643592137,3.8593857507899374,3.783536610092687,3.8435218334198,361848000,0.021812256651740913,4.006944346427917,4.2543217778205875,4.003184870621109,4.167777277925494,31.30447434309204,-0.1734271230153288,-0.11362588062524187,-0.05980124239008694,0.022710698877673054,0.3605211679847797
2019-05-22,NVDA,3.804853278528092,3.830879848078157,3.761723163231834,3.772629737854004,325868000,-0.01844456689419116,3.9531062841415405,4.206023728847503,3.961265755572544,4.130144178871067,29.267569108260503,-0.18231783513321886,-0.12736427152683727,-0.054953563606381595,0.02258098886139108,0.3584620853109622
2019-05-23,NVDA,3.7104138991528792,3.7104138991528792,3.591930587012482,3.651668071746826,591844000,-0.032062957277112725,3.8964177846908568,4.156957280635834,3.9049752676042315,4.084575025811615,26.141943800894865,-0.19685516032663175,-0.14126244928679618,-0.05559271103983557,0.02293923328530168,0.36414903923642056
2019-05-24,NVDA,3.6705063155751345,3.70570435978127,3.5911869657846496,3.597879648208618,357584000,-0.014729822777259538,3.837746286392212,4.116132593154907,3.8491397004413925,4.0382230850875205,24.87004495965965,-0.2102922533350413,-0.15506841009644523,-0.05522384323859608,0.021382468457075147,0.33943616372462293
2019-05-28,NVDA,3.615478059102354,3.6481973089986552,3.550783006705381,3.5527660846710205,428356000,-0.012538930689374173,3.800267815589905,4.071515429019928,3.795253588483143,3.991989085047854,23.823118197947764,-0.22202220018126706,-0.1684591681134096,-0.05356303206785745,0.021011920646791377,0.33355389959540055
2019-05-29,NVDA,3.5051742789553133,3.540124343200313,3.4439496731796475,3.478652000427246,559800000,-0.020860952417765866,3.7464792490005494,4.021122825145722,3.7376896633820706,3.9430998388935103,22.171841710087293,-0.23459439659383863,-0.18168621380949543,-0.0529081827843432,0.020560528697696017,0.32638827454866226
2019-05-30,NVDA,3.4818785056992767,3.5176129997385956,3.413883688106398,3.4520998001098633,394300000,-0.00763289927078703,3.6961332321166993,3.9700594782829284,3.6857642336962146,3.896337930437925,21.59434996651052,-0.24388909185300855,-0.19412678941819805,-0.0497623024348105,0.020472739296631647,0.3249946610108805
2019-05-31,NVDA,3.4032129575069305,3.470463243115982,3.3597855892986193,3.361522674560547,389720000,-0.026238269689200067,3.6352174282073975,3.9110961079597475,3.6268112229442746,3.845403144163889,19.708527166195807,-0.255617423318081,-0.20642491619817466,-0.04919250711990636,0.01959121377282334,0.3110008771487641
2019-06-03,NVDA,3.372689410740046,3.411401795892144,3.2905498980071615,3.3198323249816895,478644000,-0.012402221735513863,3.579204773902893,3.8502713799476624,3.570996877860168,3.795348780432251,18.89079213704167,-0.26521899382472114,-0.21818373172348396,-0.04703526210123718,0.019333962028129457,0.30691713230397916
2019-06-04,NVDA,3.383856373826162,3.5538434001141703,3.3617705442284787,3.5486321449279785,641836000,0.06891908914332023,3.5579204320907594,3.8048029780387878,3.566930562781588,3.7718519580032726,34.863769567980626,-0.2514673156353511,-0.22484044850585738,-0.026626867129493692,0.026971044965190746,0.42815206546461265
2019-06-05,NVDA,3.622334922105004,3.627794434381841,3.469718964759109,3.5059497356414795,511616000,-0.012027848349258852,3.5241632223129273,3.7655537843704225,3.5558431396652046,3.746527936825959,33.53693429306951,-0.24123234895558943,-0.2281188285958038,-0.013113520359785635,0.026246792033518675,0.41665490660353016
2019-06-06,NVDA,3.5101685439330685,3.592556323518667,3.507686925854797,3.567988872528076,408140000,0.017695386860771878,3.5036991357803347,3.7284027099609376,3.558051454731181,3.7295242164166367,37.27368354160922,-0.22551542284282178,-0.2275981474452074,0.0020827246023856216,0.02677879349876356,0.42510016804848977
2019-06-07,NVDA,3.5739440019215474,3.644916467249988,3.5548358302361285,3.610671043395996,348856000,0.01196252914255247,3.4995994329452516,3.6980086088180544,3.5676186526702383,3.7182048666051473,39.7821276513724,-0.20722676997477585,-0.2235238719511211,0.016297101976345263,0.027007554163958933,0.42873163102765377
2019-06-10,NVDA,3.666754762775281,3.751872412500521,3.666754762775281,3.683381319046021,402780000,0.020137607324548057,3.508149600028992,3.672947943210602,3.5886664101931074,3.714888338266183,43.89804472629115,-0.184736244798672,-0.2157663465206313,0.031030101721959302,0.02769879285816277,0.439704705116344
2019-06-11,NVDA,3.743185852715754,3.7809056791999582,3.701495817119599,3.740952491760254,383872000,0.015629979013181083,3.526968240737915,3.66361802816391,3.6163547886598613,3.7173706385989513,46.987712092835515,-0.16041763443222834,-0.20469660410295074,0.044278969670722396,0.024789182580118214,0.3935160738694037
2019-06-12,NVDA,3.697525378127192,3.7037294219232217,3.6129042560259834,3.6280417442321777,358892000,-0.030182352696745296,3.541907215118408,3.6441932320594788,3.6184796896730096,3.708863124849735,42.091673715047556,-0.14854359609116052,-0.1934660025005927,0.04492240640943218,0.024822615190883423,0.39404680011198984
2019-06-13,NVDA,3.650128093826062,3.6975259065653265,3.632508985583392,3.6791625022888184,308080000,0.014090454757835102,3.5646134853363036,3.6303733587265015,3.629512928330429,3.7060344941296477,44.89146750844175,-0.13346976089530793,-0.18146675417953576,0.047996993284227824,0.025039395973346514,0.3974880883484818
2019-06-14,NVDA,3.5861035675727653,3.610422757405874,3.5446615476228303,3.589329481124878,394428000,-0.024416703830846043,3.5873941659927366,3.611305797100067,3.622206847020329,3.6949197309863364,41.12833456601203,-0.12730492006952332,-0.17063438735753328,0.04332946728800996,0.025408798887644128,0.4033521778173658
2019-06-17,NVDA,3.5875925454851405,3.6359831440619303,3.5647621832656573,3.5990078449249268,276040000,0.002696426686640052,3.6153117179870606,3.597258245944977,3.6179888466393466,3.6857852656471546,41.695407789732585,-0.120252085044537,-0.16055792689493403,0.04030584185039704,0.02509035609462906,0.3982970551946537
2019-06-18,NVDA,3.6603025933790496,3.8491493120688105,3.649383806036995,3.793810606002808,581920000,0.05412679534793985,3.6398295640945433,3.5988749980926515,3.649956439250885,3.696073393300074,51.76617143483984,-0.09781614406952244,-0.1480095703298517,0.05019342626032927,0.027323664976315238,0.43374973460505406
2019-06-19,NVDA,3.8290492102307088,3.840464274972169,3.773710261901939,3.799766778945923,331644000,0.0015699710822913993,3.669211268424988,3.5966872453689573,3.677194682831801,3.705948953837774,52.03894685088999,-0.07864827744042202,-0.13413731175196578,0.055489034311543756,0.026874675802679576,0.4266222524362519
2019-06-20,NVDA,3.890343687227134,3.9042403700145063,3.8096929917731086,3.82408595085144,350168000,0.006400174884486853,3.6948209762573243,3.5992600560188293,3.703902186108099,3.717200096410504,53.202646625576946,-0.0607944505284026,-0.11946873950725315,0.05867428897885055,0.026561064719415113,0.4216438308279839
2019-06-21,NVDA,3.8091963060582503,3.858331203483976,3.759564895734803,3.766016960144043,434428000,-0.015185064209780053,3.7103555679321287,3.6049775004386904,3.7151957813873615,3.721849321527984,50.07814570409836,-0.05074587940842612,-0.10572416748748775,0.05497828807906163,0.025709550137353012,0.4081264558966954
2019-06-24,NVDA,3.787358744837825,3.817881983735955,3.740208949252056,3.78835129737854,282948000,0.005930493003845294,3.720852565765381,3.614501082897186,3.7284967842948484,3.7281828430375605,51.263678683757874,-0.04051311012582426,-0.09268195601515505,0.052168845889330795,0.025421735712279722,0.4035575435418096
2019-06-25,NVDA,3.793314873315135,3.868258040037424,3.756339566268819,3.759069204330444,311868000,-0.007729508366438598,3.7226642370224,3.6248162388801575,3.7340554061195017,3.7311244012559306,49.60056000363744,-0.03437018879285514,-0.08101960257069507,0.04664941377783993,0.025290579247277775,0.4014754992064086
2019-06-26,NVDA,3.8863726800215015,4.0131806021573935,3.873468551676168,3.952133893966675,584072000,0.05135970612454299,3.7550734519958495,3.648490333557129,3.773706040273533,3.7521729243712394,59.036690330169584,-0.013764503802677464,-0.06756858281709155,0.053804079014414086,0.026796746178374607,0.42538515800219806
2019-06-27,NVDA,4.037748373830597,4.069760442698096,4.001765621336326,4.050652503967285,445440000,0.024927953516708623,3.7922224521636965,3.67841796875,3.824059942763306,3.780599550999434,62.85817057356391,0.010395446247255968,-0.05197577700422205,0.062371223251478015,0.0268668949941852,0.4264987359306011
2019-06-28,NVDA,4.094575043244307,4.103756980405827,4.028813837951612,4.075467109680176,397668000,0.0061260761540484765,3.840836215019226,3.7141151905059813,3.8697703367481915,3.8086821756356954,63.77485632980412,0.03118522812390445,-0.03534357597859675,0.0665288041025012,0.025618804180231845,0.4066859084865325
2019-07-01,NVDA,4.282429770761454,4.316675433416628,4.086138206588349,4.123610019683838,709756000,0.011812856957994278,3.8932964324951174,3.754304075241089,3.915923006372854,3.8386753036402803,65.55125422029315,0.05095859161018712,-0.018083142460839974,0.0690417340710271,0.025071630381883408,0.3979997937203691
2019-07-02,NVDA,4.106983432433489,4.1280769479164805,4.012684318865418,4.02583646774292,400228000,-0.023710668922182543,3.9164990186691284,3.778164291381836,3.935907272076502,3.85650017641196,59.20176850000373,0.058070218783809135,-0.002852470211910152,0.06092268899571929,0.022242620874346315,0.3530906600388864
2019-07-03,NVDA,4.049162668133274,4.05487043601337,3.9789347351642497,4.038740158081055,246636000,0.003205219695714412,3.9403963565826414,3.8048038125038146,3.954604160440966,3.87385636514235,59.7558045417963,0.06400959179542864,0.010519942189557607,0.053489649605871034,0.021829569372982627,0.34653367073126534
2019-07-05,NVDA,3.980424529216406,3.98489125243947,3.91292574796479,3.976205825805664,396552000,-0.015483623562725812,3.955608344078064,3.825214660167694,3.95853173596182,3.8836039328245704,55.80097529198099,0.06294499893874139,0.021004953539394366,0.04194004539934702,0.022256333438365108,0.35330834024427105
2019-07-08,NVDA,3.916648509604952,3.935508429997795,3.8712360307581113,3.9012627601623535,329788000,-0.01884788386881997,3.969132924079895,3.839744246006012,3.9481191949073713,3.8852857259043594,51.40970311305805,0.05541523008017535,0.027887008847550562,0.027528221232624786,0.02285561558099173,0.36282164933158295
2019-07-09,NVDA,3.8590755684712126,3.9317853634338737,3.846419695875436,3.903743743896485,342860000,0.0006359437665839351,3.9806721687316893,3.850762367248535,3.94005093108721,3.8870436323798,51.545646634220304,0.049082239163164676,0.032126054910673385,0.01695618425249129,0.022550383588587783,0.35797624166709335
2019-07-10,NVDA,3.9471713022370607,4.029310823195761,3.9332746200195334,3.971987009048462,452076000,0.017481492031508283,4.001963949203491,3.8623140931129454,3.945857490716528,3.8951334777768154,55.25402076683163,0.04900505957748047,0.035501855844034806,0.013503203733445664,0.022608050130906117,0.3588916696467531
2019-07-11,NVDA,4.044944921060779,4.1670378866870355,4.007721594463587,4.126340389251709,682560000,0.03886049472257058,4.019384598731994,3.887229025363922,3.97867256317747,3.917153183631567,62.2848644712784,0.06069921918237453,0.04054132851170275,0.02015789067067178,0.022506982965480395,0.357287278134169
2019-07-12,NVDA,4.154132464844888,4.230316653100433,4.154132464844888,4.159343719482422,506392000,0.007998208368044546,4.0302537202835085,3.9112380862236025,4.011521864323824,3.940218948950696,63.601785728666044,0.07180232533928699,0.046793527877219604,0.025008797462067384,0.022442723703701244,0.3562671939775676
2019-07-15,NVDA,4.180438441294544,4.1965682493733905,4.1226181107263224,4.150907516479492,289840000,-0.0020282533908929645,4.03779776096344,3.939316987991333,4.036864710170309,3.9602845268105815,62.996259666805756,0.0790101065578388,0.053236843613343444,0.025773262944495355,0.021357466557811493,0.33903927087808744
2019-07-16,NVDA,4.136018534400481,4.1732418624865195,4.090605818542554,4.146193027496338,341444000,-0.0011357730723793313,4.04005606174469,3.9666762471199037,4.056742586047768,3.977990098304463,62.63736311640456,0.08338074392918404,0.059265623676511565,0.024115120252672477,0.021419998538450207,0.3400319352966375
2019-07-17,NVDA,4.147929163474818,4.21840559286607,4.118646736708043,4.211457252502441,348204000,0.015740758950027134,4.058618140220642,3.9875585794448853,4.0848725254031635,4.0002250653709375,65.56228387507036,0.09106108752341235,0.06562471644589173,0.025436371077520628,0.018529551552552617,0.29414751188163
2019-07-18,NVDA,4.22188059377172,4.285904734954432,4.165300833974736,4.223121166229248,442192000,0.002769567165824993,4.077056241035462,4.0087262988090515,4.1100086419169966,4.021453265452681,66.07345929426064,0.09697117220338347,0.07189400759739008,0.025077164605993393,0.01851845168890662,0.29397130700886587
2019-07-19,NVDA,4.261336629200927,4.2677884566092805,4.173985389511124,4.179941177368164,344896000,-0.010224662556778785,4.097429776191712,4.026519060134888,4.122723648362663,4.036547352301775,62.381841573048916,0.09705193832893322,0.07692559374369871,0.020126344585234504,0.0188441168252497,0.29914108077755225
2019-07-22,NVDA,4.201283504432008,4.264315091724775,4.193838649874808,4.251410961151123,315940000,0.01709827501160177,4.132444596290588,4.050788760185242,4.1461213415969285,4.05701055314457,65.78891255597088,0.10171050493045275,0.08188257598104953,0.019827928949403217,0.018436143744312464,0.29266470889493973
2019-07-23,NVDA,4.290619028595652,4.361094983373158,4.274984789744258,4.359109878540039,428176000,0.025332511576287464,4.177981209754944,4.079326689243317,4.184846530132039,4.085781917467949,70.17289060141391,0.1127926516044857,0.08806459110573678,0.024728060498748927,0.01892306956582828,0.3003944166789398
2019-07-24,NVDA,4.402289025354331,4.439264324799109,4.326353321613568,4.43355655670166,366236000,0.0170784128494037,4.224138164520264,4.113051056861877,4.230066534962879,4.1189033116806835,72.77042345333582,0.12612862515852186,0.0956773979162938,0.030451227242228054,0.018704097138081174,0.2969183371521464
2019-07-25,NVDA,4.392115629259536,4.4047717408104745,4.279204597934952,4.3025312423706055,392700000,-0.029553094148082937,4.241757249832153,4.130570924282074,4.2432419363097384,4.136391686032105,62.46061274197666,0.12468751241053333,0.10147942081514172,0.02320809159539161,0.017655538196027172,0.2802729799781391
2019-07-26,NVDA,4.329578885751874,4.3911213876879325,4.329578885751874,4.344468116760254,274160000,0.009747023793031717,4.260269689559936,4.145261704921722,4.26164669639165,4.156208488958595,64.20845320472657,0.12548288684805886,0.10628011402172516,0.019202772826333703,0.01704242468014928,0.270540104647347
2019-07-29,NVDA,4.33727334318946,4.3543961781025615,4.2501705763030255,4.338265895843506,248160000,-0.0014276134040024369,4.279005527496338,4.158401644229889,4.275577459928351,4.173547289614301,63.73580939868134,0.1241812749883966,0.10986034621505945,0.014320928773337141,0.017068230682163364,0.27094976222931955
2019-07-30,NVDA,4.291860444144905,4.366059076714903,4.277467247976056,4.3538994789123535,197772000,0.00360364796538315,4.299776172637939,4.169916117191315,4.289817827016351,4.190723688595067,64.44624259346443,0.12299344582761851,0.11248696613757127,0.01050647969004724,0.016950213668483267,0.2690763002172873
2019-07-31,NVDA,4.322383745983711,4.32337677198391,4.144704036634304,4.186890602111816,359416000,-0.0383584594934786,4.297319507598877,4.17796882390976,4.271103786124617,4.190358632739519,52.59296121369329,0.10733853029217766,0.11145727896849256,-0.004118748676314898,0.018411995918938755,0.2922813740510886
2019-08-01,NVDA,4.197310479964325,4.287639343606359,4.040475895321675,4.092588901519775,421212000,-0.022523086833096673,4.2842662811279295,4.180661261081696,4.238646534378282,4.18104722976621,47.302541582515154,0.08632740918108972,0.106431305011012,-0.02010389582992228,0.01921385768428135,0.3050105349527751
2019-08-02,NVDA,4.000027656555176,4.0692635084057995,3.9526300865301978,4.000027656555176,428348000,-0.022616795185616434,4.266274929046631,4.181852352619171,4.19526128386499,4.163807270412778,42.75625790554462,0.06149811345094047,0.0974446666989977,-0.035946553248057234,0.019595199333655427,0.31106414596554505
2019-08-05,NVDA,3.8166408797478337,3.817881688657887,3.6950444464837857,3.74194598197937,589156000,-0.06451997254390629,4.215328431129455,4.173886513710022,4.112840319885786,4.1236300048476915,33.180594323405685,0.020756416391916943,0.08210701663758156,-0.06135060024566462,0.02410802173948118,0.38270298074643594
2019-08-06,NVDA,3.816640753892801,3.862053222534789,3.7330121767256927,3.780658006668091,361272000,0.010345425849317857,4.157483243942261,4.167732226848602,4.052443535664386,4.090966005021063,35.5135737177131,-0.00831211826767042,0.06402318965653117,-0.07233530792420159,0.02425700284017068,0.38506798240127443
2019-08-07,NVDA,3.7198600296538338,3.8307859357073792,3.702489177696499,3.8188743591308594,372560000,0.010108386528314695,4.0960150241851805,4.160076594352722,4.00997641265829,4.065052514936282,37.82157498328789,-0.027943288322822113,0.045629894060660516,-0.07357318238348262,0.024011056167455084,0.3811637000105389
2019-08-08,NVDA,3.87644659037663,3.928559381922972,3.819122543341664,3.927318572998047,309300000,0.028396905388599514,4.058493757247925,4.150125503540039,3.9949477145382453,4.05193499665645,43.9517341030273,-0.03435457215072635,0.029633000818383146,-0.0639875729691095,0.02318074277014479,0.36798288345336966
2019-08-09,NVDA,3.886372482917003,3.889846652936848,3.775694845156045,3.826070547103882,341816000,-0.025780446381479583,4.006654000282287,4.133461844921112,3.9642427750047244,4.030424096699062,39.987816787400334,-0.04706291827353892,0.014293816999998732,-0.06135673527353765,0.02362425663448843,0.37502344778174473
2019-08-12,NVDA,3.7739579119890703,3.826070701043557,3.736486336224464,3.758324146270752,279200000,-0.017706521612469994,3.948659825325012,4.113832676410675,3.92680302432582,4.00450981570589,37.54767021758057,-0.06188754144734787,-0.0009424546894705892,-0.060945086757877284,0.023818296200025648,0.3781037303912557
2019-08-13,NVDA,3.7568349859916856,3.918384604310459,3.717874582569377,3.8724756240844727,351956000,0.030372972998347958,3.900517439842224,4.100146806240081,3.9169253151910293,3.9919351307895647,43.77365515893167,-0.06369090278131884,-0.013492144307840239,-0.0501987584734786,0.025074104003960165,0.3980390612534851
2019-08-14,NVDA,3.784380838530552,3.795547882888534,3.6804035054272526,3.724078893661499,419880000,-0.03832089464941624,3.8542362689971923,4.075777888298035,3.881862329458387,3.966425012967844,38.41248812903584,-0.07621588627864062,-0.026036892702000314,-0.05017899357664031,0.025837830279083936,0.4101628400157042
2019-08-15,NVDA,3.742938233229948,3.762790700872974,3.657572575032915,3.691817998886109,477200000,-0.008662784999077022,3.8141591787338256,4.049212729930877,3.8473088148088816,3.940271964007679,37.341762740302315,-0.087733869100179,-0.03837628798163605,-0.049357581118542944,0.025764413591380843,0.40899738622923737
2019-08-16,NVDA,3.954367973426272,4.00871389430151,3.893073237992671,3.9595792293548584,1007960000,0.07252828567105363,3.810114336013794,4.038194632530212,3.8677216174536047,3.942110751183601,49.839317963023504,-0.07439824330643896,-0.045580679046596635,-0.028817564259842325,0.031188491353682773,0.49510195133479706
2019-08-19,NVDA,4.072737880593051,4.2538917113035914,4.056607602337402,4.238009452819824,815112000,0.07031813415950539,3.8597206830978394,4.037524557113647,3.9350466784292806,3.9702915799108607,58.99752277614145,-0.040891302213780456,-0.0446428036800334,0.0037515014662529433,0.03496699336381598,0.5550838112178178
2019-08-20,NVDA,4.232549557576048,4.233046070367216,4.14470229254729,4.165795803070068,463188000,-0.017039520688588272,3.898234462738037,4.027858853340149,3.9770010647276055,3.9889110297355472,56.13487897482821,-0.01993406057177749,-0.03970105505838222,0.019766994486604732,0.034660301265292154,0.5502152250872424
2019-08-21,NVDA,4.2318061266537566,4.304267667180546,4.210216571039822,4.249176979064941,427244000,0.02001566565826951,3.9412647247314454,4.018639874458313,4.026487594607121,4.013698263005013,58.630871669483035,0.0033640893475794797,-0.031088026177189882,0.03445211552476936,0.034750165543761764,0.5516417762827155
2019-08-22,NVDA,4.2588562321403165,4.301290818629002,4.216173152484569,4.255382061004639,303488000,0.001460302070322994,3.9740710735321043,4.016282415390014,4.0681047703157605,4.036715767576406,58.818668625779786,0.022074280700127957,-0.020455564801726316,0.04252984550185428,0.03412124573365883,0.5416579838099095
2019-08-23,NVDA,4.17894952717665,4.233295688950268,4.011195825179209,4.03104829788208,568056000,-0.05271765493827274,3.9945688486099242,4.000611424446106,4.061367229873273,4.036176008557899,49.98426403111383,0.01858613292724609,-0.012647225255931836,0.031233358183177927,0.035989481622575224,0.5713153091247803
2019-08-26,NVDA,4.109713614737591,4.133784788125039,4.067527056360016,4.105742931365967,318208000,0.018529828462519715,4.029310727119446,3.988985276222229,4.069435539235581,4.042801429777715,52.54029757165032,0.021599992096184906,-0.005797781785508488,0.027397773881693392,0.03631426891414003,0.5764711475396286
2019-08-27,NVDA,4.143959091471172,4.146688729399361,3.985883851569135,4.015166282653809,290968000,-0.022060964416499296,4.043579792976379,3.972048616409302,4.059568401675259,4.0401695110040095,49.25324773729351,0.01648963636721934,-0.0013402981549629227,0.01782993452218226,0.03655372195051478,0.5802723466491899
2019-08-28,NVDA,3.988834627878395,4.0573932656811085,3.9495869243870976,4.004732131958008,255612000,-0.0025986845777417056,4.07164511680603,3.9629406929016113,4.049598170817577,4.036794522523438,48.87391837618953,0.01146552642301124,0.00122086676063191,0.010244659662379332,0.03561693422589324,0.56540130254555
2019-08-29,NVDA,4.096144148403475,4.180600767858281,4.092666539618465,4.148308753967285,357976000,0.0358517417091464,4.117294192314148,3.965726685523987,4.067545549572069,4.0474149255180905,54.111131481038505,0.018852002422756975,0.0047470938930569235,0.01410490852970005,0.03620117934967336,0.5746759063588961
2019-08-30,NVDA,4.194511174284586,4.244191705549204,4.142843573381755,4.160976886749268,290616000,0.00305380663140542,4.137433958053589,3.9737741470336916,4.084533065422468,4.05823035039725,54.553487415833416,0.025434853158182946,0.008884645746082128,0.016550207412100816,0.03576115508841219,0.5676907377621042
2019-09-03,NVDA,4.088195119488883,4.1212324007118895,4.055157838265876,4.078010559082031,296140000,-0.019939146485394965,4.121434068679809,3.9905773758888246,4.0833471551787515,4.060114179795801,51.08057201054341,0.02368410491011108,0.011844537578887919,0.011839567331223162,0.032609163271815,0.517654418874743
2019-09-04,NVDA,4.138623040614361,4.199481702215595,4.138623040614361,4.1920294761657715,227728000,0.027959446262298515,4.12405743598938,4.0111459493637085,4.103107577176392,4.072677541354846,55.29277354333066,0.031138057874454006,0.015703241638001138,0.015434816236452868,0.03300208593481423,0.5238918727794063
2019-09-05,NVDA,4.294122028961083,4.470984081943929,4.292383223962203,4.464774131774902,695676000,0.06506267600451032,4.145617151260376,4.043440937995911,4.168865132557939,4.110020073775804,63.40918224759573,0.05838060827545721,0.024238714965492354,0.03414189330996486,0.035576737528343914,0.5647631997541004
2019-09-06,NVDA,4.441423285392116,4.498307311494924,4.399691971411544,4.437697410583496,376976000,-0.0060645220547007606,4.1638486862182615,4.068959879875183,4.217743728562586,4.14122743918606,62.20188493877261,0.07689921435470115,0.034770814843334115,0.042128399511367036,0.035393159872460105,0.5618489948116799
2019-09-09,NVDA,4.4687467143896855,4.570094847258105,4.467256175256386,4.4836506843566895,417524000,0.010355206658209548,4.209108924865722,4.1018388867378235,4.266090447797877,4.173839176821358,63.47298949819325,0.09419753765960959,0.04665615940658921,0.04754137825302038,0.034559624814358945,0.5486170359749433
2019-09-10,NVDA,4.4508627401693195,4.576802430183679,4.441175181042548,4.5502238273620605,352812000,0.014847977171290827,4.253557014465332,4.141433870792389,4.317751062264092,4.2096853340157105,65.29388261018059,0.11198755692559725,0.05972243891039082,0.05226511801520643,0.034021833024259,0.5400798559725231
2019-09-11,NVDA,4.564878797911657,4.626979230477164,4.535815651439235,4.578789234161377,361512000,0.006277802561610812,4.309919309616089,4.1767495512962345,4.365212548063598,4.244838086410536,66.07535153902492,0.1269281166430476,0.07316357445692218,0.05376454218612542,0.03369296175915671,0.5348591864876279
2019-09-12,NVDA,4.625240853510472,4.679889068655952,4.569350364277171,4.577299118041992,327840000,-0.000325438897310959,4.3671760082244875,4.219410562515259,4.403773742605123,4.276501041804008,65.99187574869322,0.13706833944756003,0.08594452745504975,0.051123811992510274,0.031911848811628334,0.506584894991164
2019-09-13,NVDA,4.510727078038128,4.5477389772095895,4.475702248659228,4.519421100616455,324592000,-0.012644578370988202,4.404287242889405,4.260790717601776,4.42480053497082,4.299636285500432,62.67960720441708,0.13883387627244836,0.09652239721852948,0.04231147905391888,0.032052055216964026,0.5088106026755833
2019-09-16,NVDA,4.444405251157067,4.510976849319995,4.433972420580039,4.476449012756348,231832000,-0.009508316862583577,4.435834455490112,4.286634206771851,4.434191167295461,4.316475592858138,60.26119514287128,0.13520700636267957,0.10425931904735951,0.030947687315320063,0.02879987428802346,0.4571838309362008
2019-09-17,NVDA,4.483155607982486,4.502034197165476,4.436704404833392,4.497811317443848,223048000,0.004772154139726537,4.477814531326294,4.299624300003051,4.445758467322441,4.333745661866301,61.06543518478648,0.13252873650687658,0.10991320253926293,0.02261553396761365,0.024580806389063115,0.3902082043853316
2019-09-18,NVDA,4.490856414807801,4.506505660522714,4.384291826669806,4.470735549926758,258152000,-0.006019765082648565,4.505685138702392,4.314871287345886,4.45029975506868,4.346792317872058,59.423902939985474,0.12676018765544672,0.1132825995624997,0.013477588092947024,0.02422262951267913,0.384522322743616
2019-09-19,NVDA,4.476696313128326,4.495078369144471,4.384539189107596,4.395220756530762,245476000,-0.01689091035528445,4.498729801177978,4.322173476219177,4.440285391698149,4.3514045501252685,54.984446825232084,0.11477213665871489,0.11358050698174274,0.0011916296769721446,0.02432907728511659,0.38621212874453387
2019-09-20,NVDA,4.394226488423062,4.4178244808776475,4.279464922170481,4.28964900970459,350244000,-0.02401966878894657,4.4839249610900875,4.323886823654175,4.41289695860841,4.345523070085203,49.42518359635777,0.09565016662489967,0.10999443891037414,-0.014344272285474469,0.02501464846689254,0.39709523386260476
2019-09-23,NVDA,4.289898995536494,4.388514346249962,4.286172646537439,4.343056678771973,249712000,0.012450358746498136,4.469865560531616,4.339487242698669,4.400198725910876,4.34528817567442,52.06555880656408,0.08383897661945294,0.1047633464521899,-0.02092436983273696,0.021717948667546623,0.34476174696476974
2019-09-24,NVDA,4.374354552305497,4.4039142288683895,4.250153689139878,4.285675048828125,317268000,-0.013212268268180338,4.4434106826782225,4.348483848571777,4.379376239168558,4.339610735022392,49.099612168006274,0.06905231338183615,0.09762113983811915,-0.028568826456283003,0.021756539396262115,0.34537435579133346
2019-09-25,NVDA,4.285177369719696,4.4468871106773715,4.240464990214558,4.427263259887695,308432000,0.03303755171505274,4.428258085250855,4.3690886974334715,4.3880829702084005,4.347958594533373,55.7916180851983,0.06797518593396212,0.09169194905728775,-0.02371676312332563,0.021987699967052403,0.34904391609074253
2019-09-26,NVDA,4.417578419175627,4.426272445668712,4.354235684681547,4.405158042907715,234564000,-0.004992975498037455,4.411043977737426,4.389109992980957,4.3911875288810025,4.353406161045215,54.585024246176076,0.06459325753697964,0.08627221075322614,-0.021678953216246494,0.02203840961959206,0.3498489068688851
2019-09-27,NVDA,4.363424677428959,4.414098746594768,4.205937791199742,4.266548156738281,362056000,-0.03146536056580196,4.3857566833496096,4.395021963119507,4.368525824855053,4.34513397015884,47.62918684581878,0.05015029414079031,0.07904782743073897,-0.028897533289948665,0.022218763541645457,0.35271193662325556
2019-09-30,NVDA,4.2923830327616175,4.3341143508758595,4.261084070387128,4.323929786682129,186184000,0.013449193079708488,4.370504760742188,4.4031696081161495,4.360417454278157,4.343114524113439,50.444527134414656,0.042840520716040054,0.0718063660877992,-0.02896584537175914,0.022374702799391067,0.3551873955970169
2019-10-01,NVDA,4.347031033659114,4.49607219242804,4.317471351500781,4.322190761566162,366008000,-0.00040218625226595694,4.352942705154419,4.415378618240356,4.353467146512339,4.341121784823222,50.35617603084472,0.036486553542485645,0.0647424035787365,-0.02825585003625085,0.021777783181287372,0.34571159042382876
2019-10-02,NVDA,4.300331205271614,4.312254572772239,4.226059134377036,4.298344135284424,293372000,-0.005517254465903676,4.335703563690186,4.420694351196289,4.3434447808345364,4.337047722962384,49.086577388462196,0.02919027797899254,0.0576319784587877,-0.028441700479795162,0.021043346619227427,0.33405277144204554
2019-10-03,NVDA,4.302815239189767,4.509982207751677,4.272510290120743,4.503772258758545,450588000,0.047792386325653746,4.346558713912964,4.422644257545471,4.372595231366174,4.352926250181066,58.73782503141607,0.039528598678135296,0.054011302502657225,-0.01448270382452193,0.018496208647032424,0.29361820966566154
2019-10-04,NVDA,4.506007221819678,4.5494778087583105,4.440926184733962,4.520166397094727,265524000,0.003640090438476351,4.369610452651978,4.426767706871033,4.399426352407729,4.368853883220463,59.39927700017639,0.048485748737863155,0.05290619174969841,-0.004420443011835258,0.018439489241481557,0.29271781701606747
2019-10-07,NVDA,4.584999182660187,4.678398096787563,4.576305160004113,4.578789234161377,480984000,0.01296917677728171,4.393183708190918,4.431524634361267,4.432037785453846,4.388847726167216,61.759907692589884,0.059627380388405093,0.05425042947743975,0.005376950910965343,0.018517780441754256,0.29396065129066534
2019-10-08,NVDA,4.487129238036931,4.487129238036931,4.38429101816831,4.402424335479736,444436000,-0.038517802340806484,4.404858636856079,4.424134659767151,4.42665352182219,4.390140736577933,51.97003023376195,0.05360806990196476,0.05412195756234475,-0.0005138876603799913,0.020216417000502862,0.32092567070465355
2019-10-09,NVDA,4.479179249870258,4.538299069169074,4.450364846633418,4.488866806030273,292412000,0.01963519732840968,4.411018991470337,4.419638538360596,4.437965028041841,4.399543219382918,55.678421405315355,0.05517686338354899,0.0543329387265856,0.0008439246569633893,0.02070022012101631,0.32860580714702714
2019-10-10,NVDA,4.486631772251904,4.597418723099208,4.481415359062825,4.546496391296387,309124000,0.012838337102962116,4.425152826309204,4.418098402023316,4.457698003179031,4.413538759565153,58.00630023646111,0.060374410794810096,0.0555412331402305,0.004833177654579593,0.020923791182110393,0.3321548877150618
2019-10-11,NVDA,4.630457509788729,4.703239045355618,4.611578922491844,4.620024681091309,446404000,0.016172516915592627,4.460500478744507,4.423128581047058,4.487211944617627,4.433204085424787,60.832875131677866,0.0696240404505799,0.05835779460230039,0.011266245848279517,0.02100870870322599,0.3335029115720054
2019-10-14,NVDA,4.611329704263812,4.6543032887412705,4.580279486712769,4.633437633514404,200040000,0.0029032209455486235,4.491451263427734,4.430978012084961,4.51379843350795,4.452273947147608,61.34402423295183,0.07714744404425833,0.06211572449069198,0.015031719553566351,0.020855061320223085,0.33106383498187597
2019-10-15,NVDA,4.723607756181353,4.950398575300106,4.709696845354287,4.877864837646484,664124000,0.05275288532300482,4.547018671035767,4.449980688095093,4.579992325169502,4.492806412909406,69.22577753418474,0.10166114184420927,0.07002480796139544,0.031636333882813825,0.02375689690014945,0.37712904672238035
2019-10-16,NVDA,4.843833543487717,4.948659289241143,4.81278332846536,4.824209690093994,428944000,-0.010999720028810445,4.599605226516724,4.467654395103454,4.6243954824285005,4.524368629784129,66.04248787221982,0.11542831619218585,0.07910550960755353,0.03632280658463233,0.02389677019970913,0.379349466516538
2019-10-17,NVDA,4.868675166363097,4.913635829593668,4.7717981463333325,4.826198577880859,263436000,0.0004122722507169385,4.631847858428955,4.48920328617096,4.661086954328929,4.553114339126674,66.10470805264671,0.12505779920915838,0.0882959675278745,0.036761831681283885,0.023405713019144875,0.3715541754408247
2019-10-18,NVDA,4.826693821535992,4.859234576136827,4.657532308727944,4.731804370880127,307440000,-0.01955870764069967,4.653011655807495,4.511311054229736,4.673944666429146,4.570132437388907,60.44402876564138,0.12364708364451538,0.09536619075120267,0.028280892893312704,0.0231348378238735,0.36725416502267993
2019-10-21,NVDA,4.793160100078846,4.882336617314803,4.774281513819235,4.868922710418701,261868000,0.02897802377089187,4.682025003433227,4.537604355812073,4.7093952198817925,4.598588653867935,65.11692186371988,0.13207095370783417,0.10270714334252898,0.029363810365305193,0.023696963518598277,0.376177633785487
2019-10-22,NVDA,4.925807185318741,5.030881219658988,4.8512868422431765,4.858987331390381,328720000,-0.002040570290232857,4.727681303024292,4.566269969940185,4.736593785610626,4.623388527917692,64.52214214832688,0.13637320396364228,0.10944035546675164,0.026932848496890635,0.02334948453045925,0.37066157585486964
2019-10-23,NVDA,4.7770146283676835,4.860228993304525,4.745219137599581,4.846070289611816,279916000,-0.0026583814481501156,4.763401651382447,4.587210321426392,4.756498604519933,4.644596314745704,63.707408722508056,0.13715938297986074,0.11498416096937347,0.022175222010487272,0.022569858808428746,0.35828540119765834
2019-10-24,NVDA,4.887304722909807,4.923571359238547,4.853273895856996,4.890037536621094,232020000,0.009072762956725322,4.797755765914917,4.61145429611206,4.780778410356508,4.667971669210027,65.31296250807148,0.13971962404481886,0.11993125358446255,0.019788370460356308,0.022468564495946683,0.35667740383734153
2019-10-25,NVDA,4.970519620279404,5.101675728362133,4.962819131070851,5.080810070037842,423092000,0.03901248855209549,4.843834304809571,4.652167391777039,4.835329621207659,4.707289612146009,71.25505741178463,0.15535158624525547,0.12701532011662114,0.028336266128634324,0.02188969656196907,0.34748816026581436
2019-10-28,NVDA,5.124527570807019,5.189112078588046,5.095216158575196,5.136699676513672,330792000,0.011000136928049686,4.894160509109497,4.692805886268616,4.890124176717843,4.748185808752453,72.72897668168824,0.17028689177648726,0.13566963444859437,0.03461725732789289,0.021870319528999104,0.3471805594035054
2019-10-29,NVDA,5.122789176999456,5.12924786518978,5.021193234752128,5.0405683517456055,211236000,-0.01871460876087494,4.910430860519409,4.728724765777588,4.917477663086527,4.776031765227991,66.42038792065259,0.1723791549117486,0.14301153854122522,0.029367616370523375,0.022648611012008966,0.35953555367288786
2019-10-30,NVDA,5.067396081111445,5.073109500042547,4.974493681436007,5.042555809020996,205960000,0.0003942922973561025,4.9322654724121096,4.765935349464416,4.940219144165521,4.801415007493992,66.48511411060655,0.17221250119739206,0.1488517310724586,0.023360770124933455,0.022501584209108045,0.3572015755336674
2019-10-31,NVDA,5.021689363981352,5.0425550187031005,4.9136347421803634,4.993371486663818,209732000,-0.009753847893797851,4.948982763290405,4.7904153108596805,4.9498832064379386,4.819696576938737,63.23658792774656,0.1661958607351739,0.15232055700500166,0.013875303730172234,0.02079416376738229,0.330097116300261
2019-11-01,NVDA,4.958098972971242,5.064663541790093,4.933010436546448,5.032371520996094,283640000,0.007810361082974948,4.979039478302002,4.816025567054749,4.964881081812148,4.839951333515629,64.70906355837332,0.16269911256210534,0.1543962681164224,0.008302844445682939,0.02079673994593143,0.33013801186690456
2019-11-04,NVDA,5.1133487811724025,5.241275979201212,5.090247794459039,5.228855609893799,376716000,0.03904403482094532,5.015032768249512,4.84852888584137,5.012876450554266,4.876989836027835,71.00907642313389,0.17377931852020634,0.1582728781971792,0.015506440323027143,0.02206276756566358,0.35023557727540644
2019-11-05,NVDA,5.228607673617465,5.254689740121096,5.158806757220602,5.2067484855651855,300868000,-0.004227908739109831,5.0498088836669925,4.8887450933456424,5.048125911465342,4.908395421698059,69.50563057105805,0.1787164691845824,0.16236159639465986,0.016354872789922537,0.019536142949080577,0.31012665492405117
2019-11-06,NVDA,5.182655565940564,5.208240638379528,5.070129289399921,5.157567024230957,269012000,-0.009445714820021656,5.080958557128906,4.922180104255676,5.068024295604545,4.932126050510716,66.15012139189903,0.1766246447931481,0.16521420607435752,0.011410438718790578,0.01975288877304707,0.31356738821161395
2019-11-07,NVDA,5.244010732256229,5.258666443133301,5.130490920852668,5.175203323364258,280340000,0.003419499746768695,5.109475135803223,4.95361545085907,5.087511391560856,4.955276266972958,66.76965378705836,0.17437981883564202,0.16704732862661442,0.007332490209027598,0.01972237809487842,0.31308304621101685
2019-11-08,NVDA,5.158310994282021,5.192838822826329,5.120802086957309,5.161291599273682,189100000,-0.002688150246729304,5.117523288726806,4.9806787967681885,5.1009259747813696,4.974896774811122,65.74743489904657,0.16952405049321229,0.167542672999934,0.0019813774932782857,0.019695429638196853,0.31265525272343836
2019-11-11,NVDA,5.16054684051113,5.194329402705062,5.074351393267429,5.171228408813477,243436000,0.0019252563721052773,5.120976161956787,5.007568335533142,5.11370823551448,4.99359502566849,66.14611447862347,0.16458045553872047,0.1669502295076913,-0.0023697739689708397,0.01970404391678504,0.31279200015664976
2019-11-12,NVDA,5.209480824848137,5.262638966493447,5.17445599712278,5.2067484855651855,283504000,0.006868788988545038,5.137594175338745,5.024012517929077,5.130624644614608,5.013895355182461,67.59794223884353,0.16166521825783065,0.16589322725771918,-0.004228008999888538,0.016315384183906288,0.2589986945705553
2019-11-13,NVDA,5.175449726285449,5.203022332992698,5.11459156882538,5.180914878845215,300188000,-0.004961562247838502,5.151430082321167,5.041847777366638,5.139768323565627,5.029801976483675,65.40115584357484,0.1554780612394966,0.16381019405407468,-0.008332132814578092,0.016089347024139066,0.25541046589973465
2019-11-14,NVDA,5.189857604309165,5.213456073459919,5.129992976686992,5.2112202644348145,518080000,0.005849427427063736,5.173214960098266,5.061098861694336,5.152759585541842,5.047079908669498,66.76561776085816,0.1512762674261321,0.16130340872848617,-0.010027141302354076,0.01607690082112121,0.255212888552021
2019-11-15,NVDA,5.20898543716974,5.260653055682012,4.983933378230681,5.072116374969482,1053628000,-0.026693151010077076,5.177189445495605,5.078114461898804,5.138097183619594,5.049464334031401,55.87355205311861,0.13516371109163305,0.15607546920111556,-0.02091175810948251,0.016693677856835017,0.265003920457267
2019-11-18,NVDA,5.064662552633288,5.299650362796563,5.061681948100534,5.273071765899658,574588000,0.03961963331951046,5.181611061096191,5.098321914672852,5.162638016761424,5.070760279923616,64.80600964152758,0.1370302156776484,0.15226641849642214,-0.015236202818773747,0.01768496683183337,0.2807401450887416
2019-11-19,NVDA,5.242022545733795,5.2656205425735925,5.108382371167746,5.166508197784424,414564000,-0.020209011529933707,5.177587032318115,5.113697957992554,5.163341686038333,5.079879129243693,58.09061217511087,0.12843018146459073,0.14749917109005586,-0.019068989625465133,0.01846851211410588,0.29317854083584743
2019-11-20,NVDA,5.143656035633732,5.329460373239897,5.130987396550761,5.245748996734619,472588000,0.015337399248524619,5.186405229568481,5.133681893348694,5.1783248334376575,5.095676259480924,61.301842829148406,0.12654987444509302,0.14330931176106332,-0.016759437315970294,0.018604245035568602,0.2953332341653352
2019-11-21,NVDA,5.241275855376303,5.296917592435317,5.19929581354972,5.220906734466553,288388000,-0.004735694041695493,5.190975570678711,5.150225353240967,5.186066997261093,5.107602971384317,59.755988387525775,0.12165281669111039,0.13897801274707275,-0.01732519605596236,0.018667393060593413,0.2963356779853384
2019-11-22,NVDA,5.243512138827063,5.28996333238739,5.214945995609535,5.238544464111328,224100000,0.0033782885889031,5.198700857162476,5.1581120729446415,5.1956083548702265,5.12007358973927,60.51725817475602,0.11783673202143508,0.13474975660194521,-0.01691302458051014,0.016689511181642473,0.2649377765391463
2019-11-25,NVDA,5.366471232090203,5.499863129910593,5.3535543301950135,5.494894981384277,506476000,0.048935447437580715,5.231067514419555,5.176021838188172,5.250024105145508,5.155770865134033,69.5368732869322,0.13395366726757718,0.13459053873507162,-0.0006368714674944431,0.01969232417702816,0.31260595505568717
2019-11-26,NVDA,5.477257661816818,5.481977544592898,5.383858752821202,5.390317440032959,385244000,-0.019031763428711268,5.249424409866333,5.193509292602539,5.275531984215953,5.178108634172026,63.1945385311914,0.1367119902470133,0.13501482903745995,0.0016971612095533495,0.019711321954629026,0.31290753542565597
2019-11-27,NVDA,5.435808848094439,5.470113228547502,5.398769637902279,5.425119400024414,215784000,0.006456384132961679,5.273844861984253,5.21263747215271,5.302729696181127,5.2016334690151105,64.3595420505509,0.14009132283424286,0.13603012779681653,0.0040611950374263295,0.01970698356840622,0.3128386656794346
2019-11-29,NVDA,5.39429514122711,5.422633439116357,5.363967359032828,5.387831687927246,141556000,-0.0068731597127613675,5.291506004333496,5.232360482215881,5.318202785589512,5.219366632721028,62.09178849700668,0.1381679474252131,0.13645769172249586,0.0017102557027172394,0.019612663536487975,0.3113413815907905
2019-12-02,NVDA,5.380872026274394,5.394295831529911,5.186478617538699,5.201642036437988,372036000,-0.034557436511326256,5.304458570480347,5.240824007987976,5.297009922107416,5.217678575932167,52.20089844072605,0.12023373013494698,0.1332128994049861,-0.012979169270039115,0.021386101667898682,0.3394938391584214
2019-12-03,NVDA,5.018186615594766,5.166094553868876,4.980898951860107,5.1621174812316895,465232000,-0.007598476582860836,5.29336314201355,5.237487101554871,5.272484023766375,5.212387043103551,50.366722340327236,0.10165956426275535,0.12690223237653994,-0.02524266811378459,0.01958645882167662,0.31092539463938124
2019-12-04,NVDA,5.245641335802909,5.2680140273339715,5.17728054463059,5.205867767333984,273424000,0.008475259670350566,5.297299098968506,5.23744306564331,5.260371977142304,5.211766159696925,52.36205213130441,0.0894386928637827,0.1194095244739885,-0.029970831610205806,0.01966371457480925,0.31215179170020885
2019-12-05,NVDA,5.227743668078507,5.243404457640698,5.15838813326808,5.188964366912842,184884000,-0.003246989969128422,5.2916206359863285,5.239012932777404,5.247388775282402,5.209594560384155,51.50059856550855,0.07749627229978095,0.111026874039147,-0.03353060173936605,0.0195526552391002,0.31038877940185977
2019-12-06,NVDA,5.258071361957496,5.307042744570594,5.24812773184507,5.274229049682617,232236000,0.016431926824061582,5.296952867507935,5.243964219093323,5.25226882517335,5.215750226031628,55.479431466185225,0.07405826766517709,0.10363315276435303,-0.02957488509917594,0.019869424123878453,0.31541732955509894
2019-12-09,NVDA,5.251359459045446,5.3289180670241985,5.242659019766264,5.274229049682617,211880000,0.0,5.300521326065064,5.24961109161377,5.256261593265943,5.2213196378079125,55.479431466185225,0.07052070542820665,0.09701066329712377,-0.026489957868917113,0.01985129115716967,0.3151294776324394
2019-12-10,NVDA,5.304307007637459,5.370928180069909,5.251607009810298,5.319222450256348,256388000,0.008530801402422572,5.28295407295227,5.257010793685913,5.267709021809653,5.230643715183954,57.60783477400459,0.07053467346007114,0.09171546532971325,-0.021180791869642113,0.019917631845704758,0.31618260341445126
2019-12-11,NVDA,5.32966535155232,5.408218249304863,5.327179443340962,5.402749061584473,233796000,0.0157027859070078,5.284197235107422,5.266810822486877,5.292261756314165,5.2470347005554325,61.30608758085298,0.07640489463417399,0.08865335119060541,-0.01224845655643142,0.020137392123245734,0.319671189668995
2019-12-12,NVDA,5.373912424173228,5.5881926480198985,5.364963535514475,5.5700459480285645,404348000,0.030965140993431284,5.298689889907837,5.286267375946045,5.34276797298951,5.277797676505255,67.43412522193705,0.09347898028880763,0.08961847701024586,0.003860503278561772,0.021061121400444013,0.33433493734629155
2019-12-13,NVDA,5.573028398203756,5.692100660056325,5.514113388523606,5.568056583404541,454704000,-0.0003571540778272153,5.316712379455566,5.304109191894531,5.383729538519515,5.3054413819242345,67.29763868272451,0.10563212964606183,0.09282120753740906,0.01281092210865277,0.021075626807517824,0.3345652035449899
2019-12-16,NVDA,5.615535947211582,5.669230215850863,5.587445622206423,5.5968918800354,320976000,0.005178700359619537,5.356237363815308,5.330347967147827,5.422486327886039,5.333198572220536,68.2991943870371,0.11625029449029078,0.09750702492798541,0.018743269562305376,0.01983904953087124,0.31493514783946763
2019-12-17,NVDA,5.615535365278752,5.6975683989039565,5.606089108428681,5.674947261810303,321196000,0.013946201471808362,5.407520341873169,5.350441741943359,5.468388315872269,5.365746066467181,70.89749546775374,0.12947121997148514,0.10389986393668536,0.025571356034799778,0.01825678830183605,0.2898175295124685
2019-12-18,NVDA,5.709749502030859,5.7656812284331656,5.701297512416588,5.705275058746338,343548000,0.005344154850588145,5.4574610710144045,5.377380084991455,5.511458632758463,5.398082160969958,71.86249575599669,0.14077335085938092,0.11127456132122449,0.029498789538156434,0.01735744599039967,0.2755409129149965
2019-12-19,NVDA,5.739828646095502,5.866607074155543,5.734856831472361,5.853183269500732,445360000,0.02592481681100489,5.523882961273193,5.407751798629761,5.5735903848934205,5.441425123687175,76.03593151479926,0.15982298758831792,0.12098424657464317,0.03883874101367475,0.017840378956953534,0.2832072360914937
2019-12-20,NVDA,5.919554219903856,5.975734385172872,5.9004132593766325,5.950378894805908,603044000,0.016605600889286087,5.591497945785522,5.444225406646728,5.64209738669569,5.489896911412768,78.31238638338885,0.1806800692368915,0.13292341110709285,0.04775665812979865,0.017825133620503336,0.2829652238780893
2019-12-23,NVDA,5.97896696941142,6.011034365228068,5.926018522750285,5.936707496643066,355060000,-0.002297567668300138,5.657745790481568,5.479133558273316,5.695662861231576,5.532450300482321,77.20148616923677,0.19387145962962826,0.14511302081159994,0.04875843881802833,0.017925875984596874,0.28456445932937063
2019-12-24,NVDA,5.92129499046584,5.948887942345335,5.886990136964135,5.931735515594482,138864000,-0.0008374980662927412,5.7189970970153805,5.500975584983825,5.738585162024831,5.570477463826336,76.77494073433903,0.20160060792057966,0.1564105382333959,0.045190069687183754,0.014916106756818547,0.23678585404699243
2019-12-26,NVDA,5.935216236710832,5.973995536815829,5.91632372070032,5.945905685424805,182852000,0.0023888741824493742,5.773312759399414,5.528754997253418,5.776279802643008,5.60623253255,77.16221960578358,0.20648914952621578,0.16642626049195988,0.040062889034255894,0.013915456094238327,0.2209010172323568
2019-12-27,NVDA,5.961068893221164,5.974492697227238,5.861883424733075,5.888233661651611,254644000,-0.009699451492236832,5.805131530761718,5.551910710334778,5.796635049735481,5.63308978294063,71.90675085468754,0.20336543350853908,0.17381409509527573,0.02955133841326335,0.014290879207310017,0.22686067439403707
2019-12-30,NVDA,5.866359228302341,5.871579491951401,5.743806782668627,5.775128364562988,258056000,-0.019208697138709985,5.825838708877564,5.571275544166565,5.792724743340481,5.646617266904664,62.863806514709324,0.1895778780744184,0.17696685169110427,0.012611026383314128,0.015040527756458198,0.23876097618451586
2019-12-31,NVDA,5.73982842397939,5.858652228527245,5.720687459973178,5.84920597076416,231004000,0.012827006003143238,5.85107011795044,5.603653740882874,5.802994057417513,5.6659114291769965,65.88944897238699,0.18252455533069156,0.17807839241902174,0.0044461629116698265,0.012175211347080488,0.19327548830416008
2020-01-02,NVDA,5.934967621143992,5.963803291320801,5.884505079799994,5.963803291320801,237536000,0.019591944809163486,5.879955720901489,5.643738031387329,5.832232099945384,5.694282082714501,69.96610513309113,0.18406006245245266,0.17927472642570794,0.004785336026744719,0.012100130569176635,0.1920836179047109
2020-01-03,NVDA,5.844234388573591,5.912098283248919,5.819375789570351,5.86834716796875,205384000,-0.016005914127142584,5.89626293182373,5.676862001419067,5.838798475949632,5.710859709881572,63.19144310218427,0.17555081104167503,0.17852994334890138,-0.002979132307226351,0.013167581575949171,0.2090288773087048
2020-01-06,NVDA,5.775128136185318,5.898177473983396,5.749026818972195,5.8929572105407715,262636000,0.004193692340894728,5.900240325927735,5.712061643600464,5.8486455186025665,5.728202328991972,64.15509595970325,0.16884663386186372,0.17659328145149386,-0.007746647589630146,0.012993882564058602,0.20627149097806424
2020-01-07,NVDA,5.921295338837738,6.010040281790685,5.876301509096684,5.964300632476807,314856000,0.012106556926702705,5.901632499694824,5.746565222740173,5.869673721125156,5.750687881704813,66.8634496063746,0.1673611083755766,0.17474684683631042,-0.007385738460733815,0.012854445284708785,0.20405799279015788
2020-01-08,NVDA,5.960075367023141,6.016752920110511,5.920053346777654,5.97548770904541,277108000,0.0018756728169750936,5.905510520935058,5.781628155708313,5.888912628019747,5.772097389070584,67.28092067409622,0.16518240239748483,0.1728339579485453,-0.007651555551060479,0.012813261215662177,0.20340421596210764
2020-01-09,NVDA,6.0617450225777345,6.113450745883059,5.987418163860891,6.041112422943115,255112000,0.010982319283891373,5.9164482116699215,5.817722654342651,5.916585318005813,5.797717868487016,69.69303058965318,0.16682803839626104,0.17163277403808846,-0.004804735641827429,0.01284701600089653,0.20394005656583863
2020-01-10,NVDA,6.148254313226695,6.178581626426708,6.0592609099923775,6.073430061340332,316296000,0.005349617112649696,5.929200649261475,5.851256704330444,5.945102544066635,5.823976172568284,70.83338267357709,0.16879422535124888,0.17106506430072055,-0.002270838949471665,0.012662300408808948,0.20100778744619988
2020-01-13,NVDA,6.1564555042636675,6.288951053261675,6.133833896654857,6.263844013214111,319840000,0.0313519625566836,5.966761684417724,5.885946607589721,6.003055538457085,5.865868347867886,76.45476696431064,0.18360082125917554,0.17357221569241155,0.010028605566763993,0.012702761812840193,0.20165009232277895
2020-01-14,NVDA,6.221089234322224,6.246445205302498,6.133835923434662,6.1470112800598145,359088000,-0.018651922510814156,6.003949975967407,5.914894342422485,6.02922930965758,5.892643865219498,67.81797456668703,0.18378912342818587,0.1756155972395664,0.008173526188619468,0.013793705016692802,0.2189682787941192
2020-01-15,NVDA,6.15968858757517,6.182061279281712,6.078649810796071,6.1045026779174805,263104000,-0.006915328475193605,6.02947964668274,5.940274882316589,6.042915376613926,5.912820895000259,64.94335990838442,0.17845119107143326,0.1761827160059398,0.0022684750654934638,0.014050394025145983,0.22304309047802445
2020-01-16,NVDA,6.157948519655376,6.193993464647111,6.134581559774977,6.188027381896973,284192000,0.013682474787280574,6.0519020557403564,5.9659288883209225,6.069299377574479,5.939031036609469,67.8288781915198,0.17889835787779607,0.17672584438031105,0.0021725134974850124,0.014041127127234855,0.22289598303423724
2020-01-17,NVDA,6.207168756490065,6.214626478954624,6.149248487016599,6.196728229522705,253792000,0.0014060777512372447,6.084740161895752,5.990501546859742,6.092468259746884,5.96357362641073,68.12322492449037,0.1779040592275365,0.17696148734975614,0.0009425718777803516,0.01405524447398963,0.22312008896634844
2020-01-21,NVDA,6.160184659407499,6.196975416132284,6.129359984155334,6.163416385650635,217916000,-0.00537571483502608,6.1117860794067385,6.006013202667236,6.105367919002111,5.982606270147864,65.64678240553292,0.17244029856044385,0.1760572495918937,-0.00361695103144985,0.013231315344380722,0.210040619517026
2020-01-22,NVDA,6.20866005785512,6.303867986192193,6.189767541283975,6.217360496520996,239240000,0.008752306755706263,6.137092065811157,6.019362282752991,6.125730205823726,6.004963815516733,67.6948082213352,0.17049767669912708,0.1749453350133404,-0.004447658314213315,0.012908529186783214,0.20491654811908333
2020-01-23,NVDA,6.25738300125643,6.294173292221765,6.168638052545545,6.285721302032471,244516000,0.010995149074872979,6.168115425109863,6.036812973022461,6.154819496043498,6.031702623756328,70.12543051817889,0.17248596967822394,0.1744534619463171,-0.001967492268093174,0.013002526847027913,0.20640871471605984
2020-01-24,NVDA,6.401063843902919,6.450781034287568,6.17236562158241,6.22655725479126,373512000,-0.009412451554618007,6.186659908294677,6.0515540599822994,6.167862724906727,6.050260207664416,65.53005433492818,0.1673584579055305,0.1730344611381598,-0.00567600323262929,0.01327223712383834,0.2106902326269325
2020-01-27,NVDA,5.922289664238681,6.021972504994483,5.772890101483585,5.971012592315674,470536000,-0.04104108450604027,6.176418161392212,6.052809405326843,6.132071791708354,6.042712815726441,50.22164449951102,0.14104862850829658,0.16663729461218715,-0.025588666103890573,0.016462742513843668,0.26133793553832396
2020-01-28,NVDA,6.036888255320021,6.196479916088812,5.98369087701763,6.164164066314697,310976000,0.0323481940479573,6.166450166702271,6.066605925559998,6.137906750727689,6.054279601496751,58.17486155994709,0.13423621732225666,0.16015707915420105,-0.025920861831944392,0.017747841796323625,0.28173825420714105
2020-01-29,NVDA,6.149745001380459,6.185789943729785,6.0639828644708,6.103756904602051,258848000,-0.009799732950450446,6.162124729156494,6.08303735256195,6.1316976877957545,6.058991725602018,55.204223875578265,0.12255029574560705,0.15263572247248225,-0.030085426726875197,0.017261764300748845,0.2740220131799652
2020-01-30,NVDA,6.006062657393327,6.123892191463495,5.9511256737179945,6.11046838760376,290504000,0.0010995659077852604,6.162721300125122,6.096100473403931,6.1278378150335735,6.063894264840279,55.476256347976204,0.1125334635732047,0.14461527069262675,-0.032081807119422046,0.017105750006187265,0.27154536303367854
2020-01-31,NVDA,6.064730001738358,6.076662168956458,5.835534813466124,5.8772969245910645,370420000,-0.038159343641434695,6.131648254394531,6.0917751550674435,6.082284925862208,6.046123089578449,45.20522788901794,0.08480251295765218,0.13265271914563184,-0.047850206187979666,0.01882578567209711,0.29885008274263153
2020-02-03,NVDA,5.859149875876774,5.993634486380616,5.8529353441116,5.974245071411133,255564000,0.016495363100412774,6.109399938583374,6.097070050239563,6.062641315962012,6.039277564038705,49.399979742065995,0.06984332959541373,0.12009084123558822,-0.05024751164017449,0.01882515758131593,0.29884011211058487
2020-02-04,NVDA,6.115936955202383,6.1624224187891,6.065971316764821,6.143280982971191,271544000,0.02829410403147925,6.1073863983154295,6.109586238861084,6.077303073600045,6.049182651556085,55.759333212317976,0.07081158253183606,0.11023498949483779,-0.03942340696300173,0.019783005158663422,0.3140454710119879
2020-02-05,NVDA,6.26409483893888,6.274286917530958,6.150242834852348,6.233519077301025,208220000,0.014688908838773385,6.109002256393433,6.123047161102295,6.105705983363859,6.066738501627031,58.74047169945568,0.07796169611765968,0.10378033081940218,-0.02581863470174249,0.01985887150774049,0.31524981196720586
2020-02-06,NVDA,6.267821855909948,6.320272922515869,6.186783099381971,6.320272922515869,218284000,0.013917314463791852,6.112457418441773,6.1402864217758175,6.144718154118769,6.090884636949778,61.43125947474663,0.08959571924485843,0.10094340850449343,-0.011347689259635002,0.020024044896523218,0.3178718582267552
2020-02-07,NVDA,6.2802531394695045,6.302377384992771,6.228795848351484,6.254151821136475,189752000,-0.010461747805832755,6.115216875076294,6.150938391685486,6.1646151844856245,6.106433892586606,58.30997009162605,0.09241504301801307,0.09923773540719737,-0.006822692389184301,0.020147888253407582,0.31983781056981586
2020-02-10,NVDA,6.276771965769414,6.537786055878757,6.2718001514092725,6.537040710449219,529608000,0.045232174946040704,6.171819686889648,6.17411892414093,6.2323289164790046,6.147444065716379,66.21832704923679,0.11613738708155186,0.10261766574206826,0.013519721339483592,0.022356924040485372,0.35490516654891385
2020-02-11,NVDA,6.645175522806371,6.7739424891195545,6.58327770993193,6.659344673156738,638556000,0.01870937754938895,6.221337747573853,6.193893957138061,6.309968144965865,6.1961965045202225,68.95982276105582,0.1431562076654762,0.11072537412674986,0.03243083353872635,0.021709916320854047,0.3446342374140129
2020-02-12,NVDA,6.712045068202593,6.781400607181102,6.673265764706395,6.774937152862549,374644000,0.01735793616025827,6.288455772399902,6.225290250778198,6.394507964583443,6.251314661505206,71.32812057739534,0.17191444202923645,0.12296318770724719,0.048951254321989254,0.02128342444403029,0.3378638887604238
2020-02-13,NVDA,6.717016762163457,6.798303991866709,6.689672254333135,6.7311859130859375,528016000,-0.0064578074732583035,6.35052752494812,6.256624412536621,6.455722137038442,6.297016685465276,69.17673789820518,0.18899655589867326,0.1361698613455324,0.052826694553140846,0.021270082553657494,0.33765209281674835
2020-02-14,NVDA,7.1408547082051,7.332513775197744,7.109533125809277,7.203746795654297,1041924000,0.07020469924172867,6.483172512054443,6.307410383224488,6.591726620423143,6.383371934054706,77.1821500339099,0.2379233359625319,0.15652055626893233,0.08140277969359958,0.025751448200744542,0.4087915670335906
2020-02-18,NVDA,7.10058231335741,7.390681460600546,7.081192901778724,7.372285842895508,620164000,0.023396025987876712,6.622976589202881,6.366188263893127,6.733646479054482,6.477554211087163,79.25186963655261,0.28698961657924116,0.1826143683309941,0.10437524824824707,0.02592665573022418,0.4115729003385654
2020-02-19,NVDA,7.494590248906968,7.840620666335648,7.494590248906968,7.822970867156982,694332000,0.061132331798527506,6.79094557762146,6.449165987968445,6.931705458709481,6.60568913071286,83.54906152278029,0.35811340399405456,0.2177141754636062,0.14039922853044837,0.028150331155901553,0.4468726533757736
2020-02-20,NVDA,7.774994988942748,7.863242571008195,7.366818273153728,7.673820972442627,810052000,-0.019065633407958638,6.9349757671356205,6.521989011764527,7.066635552115507,6.7074159727823615,77.80587800240187,0.3978581073305083,0.25374296183698664,0.14411514549352167,0.029012246749442607,0.46055513924560315
2020-02-21,NVDA,7.561708450077723,7.5868154972700355,7.225372733301837,7.310140132904053,768180000,-0.047392406057501835,7.0339624881744385,6.573209953308106,7.110909112258878,6.764818273746332,65.90888430805819,0.3954515474476672,0.28208467895912276,0.11336686848854444,0.03181247809037334,0.505007433694913
2020-02-24,NVDA,6.716518843394687,7.006866456625877,6.662078754814775,6.793331623077393,856916000,-0.07069748328085068,7.08788046836853,6.601548671722412,7.053167750589517,6.767533830825481,53.41069796676666,0.34783260604391053,0.2952342643760803,0.05259834166783023,0.03622851696779044,0.575109877592744
2020-02-25,NVDA,6.86840412228699,6.930301930876322,6.412499271487127,6.5141706466674805,1055496000,-0.041093382731616446,7.0855934619903564,6.628706574440002,6.955168277149146,6.743404003762814,48.10433463447532,0.2842911625975111,0.2930456440203665,-0.008754481422855398,0.03623201599807758,0.5751654229765618
2020-02-26,NVDA,6.514418977708999,6.847274499035752,6.512927812738994,6.653378009796143,747732000,0.02136992883351585,7.0849967956542965,6.653167271614075,6.900297319448599,6.734830099575512,50.73289499954631,0.24237305595777503,0.2829111264078482,-0.04053807045007318,0.03587710695863468,0.5695314166380735
2020-02-27,NVDA,6.3402234247130185,6.641191518128375,6.190734478134659,6.28301477432251,906416000,-0.05566544316711397,7.035804557800293,6.6621301651000975,6.788064129425673,6.6918000685990355,44.303433482322475,0.17722450284375668,0.2617738016950299,-0.08454929885127321,0.03822423018828697,0.6067908428105697
2020-02-28,NVDA,6.0307988288926,6.777000110355166,6.0141338073688475,6.717552661895752,1133252000,0.06916072986953914,7.034441232681274,6.692484378814697,6.775243862602051,6.694252696532057,51.99104870292873,0.15882652772786177,0.2411843469015963,-0.08235781917373453,0.041051387692391354,0.6516705768489913
2020-03-02,NVDA,6.887436477672803,6.904599164176833,6.491949845703625,6.87574577331543,890744000,0.023549217904461406,7.001641130447387,6.742406821250915,6.79351693727721,6.711537751463807,54.45562659637813,0.15522156434315626,0.2239917903899083,-0.06877022604675204,0.039896175769111294,0.6333321560855374
2020-03-03,NVDA,6.931463350129404,6.991159391430268,6.528265881212004,6.613581657409668,652792000,-0.03812882624648706,6.925770711898804,6.774373650550842,6.7608014318467475,6.7022085996491265,49.88514533063638,0.12971487934735038,0.20513640818139672,-0.07542152883404635,0.041178770163071,0.6536927108818352
2020-03-04,NVDA,6.720785660126154,7.086175484127031,6.646165254678037,7.076723575592041,597408000,0.07002891053193272,6.85114598274231,6.821045780181885,6.818241821618619,6.737876692596071,56.78553807704646,0.14519857113615497,0.1931488407723484,-0.04795026963619342,0.043372228528141515,0.6885127829527408
2020-03-05,NVDA,6.877487452109259,7.044139068065729,6.753120588691652,6.797644138336182,540328000,-0.039436249596977,6.763528299331665,6.849252033233642,6.814496788294539,6.743568830285605,52.12779901340098,0.1334122369886126,0.18120152001560125,-0.04778928302698865,0.044603321179806976,0.708055772935856
2020-03-06,NVDA,6.618305863455207,6.675763568811054,6.4173289048687,6.617311000823975,515412000,-0.026528769944751174,6.694245386123657,6.864103937149048,6.7786448269362545,6.731544275098783,49.31309916094341,0.10827201280379661,0.16661561857324034,-0.058343605769443724,0.045105321563691785,0.716024781978765
2020-03-09,NVDA,5.967123096403663,6.45215413856938,5.924341142174752,6.104921817779541,614160000,-0.07743163091180572,6.625404405593872,6.856642436981201,6.656149734362306,6.671865945830284,42.32072169225689,0.04646703608788805,0.1425859020761699,-0.09611886598828184,0.048533225881077766,0.7704410760303325
2020-03-10,NVDA,6.381016524824535,6.493941783905029,6.118602773114098,6.493941783905029,580648000,0.06372235021790673,6.623381519317627,6.854487490653992,6.62665737973371,6.6549207875516885,48.31310558733106,0.02854772643058734,0.11977826694705339,-0.09123054051646605,0.049606211220492163,0.7874741902413849
2020-03-11,NVDA,6.354150563740544,6.382506283374491,6.033532955638366,6.1305389404296875,499964000,-0.05596028661298147,6.5710976123809814,6.828047204017639,6.5364540271329785,6.604979659254355,43.741444338913254,-0.014806349577360045,0.0928613436421707,-0.10766769321953075,0.05098112853033822,0.8093003258921685
2020-03-12,NVDA,5.607950774664352,5.8731009372494505,5.367674080920537,5.380359649658203,816540000,-0.12236759248427587,6.480832099914551,6.758318328857422,6.326255049410292,6.4883491821499595,36.13909541669372,-0.1084478471428243,0.052599505485171706,-0.161047352627996,0.05724797930714176,0.9087834978460132
2020-03-13,NVDA,5.733311155875088,5.994978999609034,5.462440477167129,5.990501880645752,634836000,0.11340175577785194,6.408127021789551,6.721284127235412,6.265209018725829,6.440935153435273,44.576338990780414,-0.13190550518920574,0.015698503350296215,-0.14760400853950195,0.06355204691322233,1.0088574686489782
2020-03-16,NVDA,5.283352042146694,5.623868804393567,4.825433423913696,4.885129451751709,726972000,-0.18452083830660415,6.209065389633179,6.605353260040284,6.014285461094171,6.292763181846362,35.440848709938166,-0.23695867314086172,-0.034832931947935374,-0.20212574119292634,0.07277635760618467,1.1552888613064116
2020-03-17,NVDA,4.997309431523579,5.493533447583742,4.7508144907275,5.404237747192383,833632000,0.10626295588841184,6.08813099861145,6.506950855255127,5.903367694930209,6.208141711879316,41.503864037638365,-0.2751545541146596,-0.08289725638128023,-0.19225729773337938,0.0773876820195393,1.2284913669806745
2020-03-18,NVDA,4.977162502437145,5.22191633177499,4.494121689883863,5.044817924499512,874268000,-0.06650703383277268,5.884940433502197,6.368043208122254,5.747267736670081,6.097348970224097,38.787713870919205,-0.3306161042193203,-0.13244102594888824,-0.19817507827043207,0.07625200511323862,1.2104630549979298
2020-03-19,NVDA,5.023425962403423,5.390805960383329,4.810261552941919,5.2972822189331055,765512000,0.05004428270989392,5.73490424156189,6.2492162704467775,5.665452187990631,6.021152136767812,41.675081029529615,-0.35016157891380484,-0.17598513654187156,-0.17417644237193328,0.07779278666116837,1.2349222038009253
2020-03-20,NVDA,5.447268167132194,5.728834719934263,5.102274726874198,5.117696285247803,804636000,-0.03390152275509162,5.584942770004273,6.139594078063965,5.565860205673753,5.935108722337335,40.2216955330716,-0.375810483097613,-0.21595020585301986,-0.15986027724459315,0.07755900424443761,1.2312110229875097
2020-03-23,NVDA,5.11670186259857,5.384588507711456,4.937862326875791,5.290318012237549,643876000,0.03373035783450895,5.503482389450073,6.0644433975219725,5.515761625048989,5.873700083280212,42.304526076829596,-0.3778526436743759,-0.24833069341729108,-0.1295219502570848,0.07710703603987139,1.2240362501687663
2020-03-24,NVDA,5.6960019972439735,6.284506249716404,5.6723724650335825,6.197946548461914,1101644000,0.17156407878030033,5.473882865905762,6.048632192611694,5.639795247487703,5.904580699011803,51.81166123117305,-0.30274319800380667,-0.2592131943345942,-0.04353000366921245,0.0866010419875713,1.3747489222690588
2020-03-25,NVDA,6.312861800383095,6.512346261387869,6.060645815672692,6.109397888183594,793432000,-0.014286773786439722,5.471768760681153,6.021433186531067,5.725177545796046,5.924087097980546,50.929923385117604,-0.24751041206754198,-0.2568726378811838,0.009362225813641822,0.08652920390733579,1.3736085280992538
2020-03-26,NVDA,6.316343948572078,6.52229572585307,6.218343085472186,6.398426532745361,696108000,0.047308859211934395,5.573575448989868,6.027203774452209,5.847586452514103,5.969262282243862,53.69966750707315,-0.17835981426562597,-0.24117007315807226,0.06281025889244629,0.08614697079791737,1.3675407655969973
2020-03-27,NVDA,6.21834277196547,6.544681468954972,6.185509929720243,6.286247253417969,638828000,-0.017532322791125377,5.6031499862670895,6.005638504028321,5.927342961769352,5.999451327117586,52.461943731550924,-0.1310981794182684,-0.2191556944101115,0.08805751499184311,0.08489336147538307,1.3476403345450498
2020-03-30,NVDA,6.3516639125853,6.615321989617182,6.307638034053594,6.606118679046631,602252000,0.05088432139775301,5.775248908996582,5.99215714931488,6.0507567285470385,6.057229170158448,55.60419936068386,-0.06705902779918294,-0.1887363610879258,0.12167733328874286,0.08550771936526767,1.3573929637008002
2020-03-31,NVDA,6.646162958741727,6.850124950303092,6.411109735344976,6.556619167327881,949960000,-0.0074929794821508855,5.8904870510101315,5.989309024810791,6.142731717416282,6.104790122269822,54.99835655215149,-0.020070376863798423,-0.15500316424310034,0.13493278737930192,0.08503320507083208,1.349860282801069
2020-04-01,NVDA,6.358879299861873,6.505134601171152,6.001448785113921,6.045971870422363,656912000,-0.07788271422719062,5.990602445602417,5.937771439552307,6.125139017962843,6.099188383998635,49.05977501988777,-0.023762581418409034,-0.1287550476781621,0.10499246625975306,0.08533279820193108,1.3546161763174158
2020-04-02,NVDA,6.075071934994346,6.367582918996632,6.027066607171821,6.354400157928467,675764000,0.05101384758585681,6.096314239501953,5.915609240531921,6.166822861592956,6.123494267230048,52.40274708714832,-0.001780569671040233,-0.10336015207673772,0.10157958240569749,0.08577094859952618,1.3615715982507
2020-04-03,NVDA,6.316842172617156,6.358380662536107,5.929563928559885,6.066864967346191,663212000,-0.04524977707353128,6.191231107711792,5.888086938858033,6.148648699002635,6.118101000574442,49.1635553470676,-0.007475184563043413,-0.08418315857399887,0.07670797401095546,0.08617891126012565,1.3680478047155789
2020-04-06,NVDA,6.348680785913567,6.712827199705411,6.2912230611282824,6.676014423370361,727884000,0.10040596903059607,6.329800748825074,5.916641569137573,6.244533376160403,6.1712356122692915,55.44673753745637,0.036741528860398276,-0.05999822108711944,0.09673974994751772,0.08702207997711557,1.3814326931461272
2020-04-07,NVDA,6.897386723143072,6.921016732850142,6.3999192267850225,6.442950248718262,784520000,-0.03491067572236284,6.354301118850708,5.914091992378235,6.280609171170923,6.197113196693003,52.75988008025445,0.05237353223859298,-0.03752387042197696,0.08989740266056995,0.0864991440975398,1.3731313434121852
2020-04-08,NVDA,6.551895173160466,6.664820405786756,6.482000959912944,6.639946937561035,542444000,0.03057554089944481,6.407356023788452,5.939562392234802,6.3459433105145795,6.2392878386804345,54.75560862246306,0.07973881453958054,-0.014071333429665463,0.093810147969246,0.0855431442613917,1.3579553164929872
2020-04-09,NVDA,6.76555762990454,6.7884408976976,6.477523735926655,6.5404534339904785,525564000,-0.014984081123862403,6.4215587139129635,5.997567081451416,6.381308787510197,6.26797027632901,53.52569870503377,0.0923333423875512,0.0072096017337778704,0.08512374065377333,0.08016185816009312,1.2725300479466408
2020-04-13,NVDA,6.4807566311857645,6.7207846897053765,6.392456281522787,6.712079048156738,398408000,0.026240629323087683,6.464141893386841,6.0336459398269655,6.441448834900477,6.310266349836413,55.38725305794187,0.11483955032287074,0.028735591451596446,0.0861039588712743,0.0767049692984509,1.217653638519274
2020-04-14,NVDA,6.840178797054481,7.096871949799696,6.81256933291032,7.062795639038086,530948000,0.0522515584761567,6.509809589385986,6.142529249191284,6.554420981107315,6.3819358059508575,59.00128500171271,0.15914129825905032,0.05481673281308723,0.1043245654459631,0.06224968630605179,0.9881831349455761
2020-04-15,NVDA,6.894898243400246,7.068265763838534,6.849628905717081,6.985437393188477,366148000,-0.010952921449691733,6.552691411972046,6.221589231491089,6.632787601485708,6.439412147592535,57.887370569977,0.18586604072521595,0.08102659439551298,0.10483944632970298,0.05918017524241247,0.9394561574198701
2020-04-16,NVDA,7.1406481386780065,7.4371386115629985,7.127465375917318,7.330183029174805,745620000,0.04935204720644859,6.68111252784729,6.335857486724853,6.759586770156452,6.52424746964799,61.38610381977442,0.23218717412382528,0.11125871034117545,0.12092846378264983,0.05643871257030973,0.8959367866661674
2020-04-17,NVDA,7.412264162275912,7.433655370807423,7.137164937154515,7.270983695983887,539120000,-0.00807610573369033,6.772770881652832,6.434542560577393,6.852568029397803,6.595365205489504,60.45724534102525,0.2611101987927045,0.14122900803148125,0.11988119076122322,0.05632324575695982,0.8941038078293376
2020-04-20,NVDA,7.144626397895936,7.300333543679682,7.095625738085958,7.139900207519531,449388000,-0.018028301801413682,6.880074405670166,6.535652756690979,6.904810243601753,6.647225681873316,58.351773678239894,0.2703382709060067,0.16705086060638635,0.10328741029962035,0.05567030844443939,0.883738749325474
2020-04-21,NVDA,7.022002163547339,7.083190258887159,6.64392677965587,6.703622817993164,735160000,-0.061104129868214785,6.882835245132446,6.60631799697876,6.868230711672918,6.6525968376942535,51.876327904372985,0.23968470919887164,0.18157763032488342,0.05810707887398822,0.05825628361731491,0.9247898325495694
2020-04-22,NVDA,6.8956450294305265,7.160297985277611,6.850127091236819,7.117515563964844,483356000,0.0617416518215721,6.950291776657105,6.652296447753907,6.91355523027145,6.696874811624786,56.77684456871413,0.24595402139530886,0.19445290853896852,0.05150111285634035,0.04657316007187223,0.739325995923462
2020-04-23,NVDA,7.159551578055297,7.291380147551621,7.039164167732887,7.064286231994629,424160000,-0.007478639349903005,6.9927257061004635,6.700040864944458,6.940960866948391,6.731866375469533,55.98722135091659,0.2438167663334081,0.20432568009785645,0.03949108623555164,0.04642662037672126,0.73699975038005
2020-04-24,NVDA,7.054089379164619,7.205070379941824,6.979468968693204,7.203080654144287,352328000,0.019647338399320313,7.058988428115844,6.740273571014404,6.988619010074917,6.77674392581951,57.64144957844011,0.2504356598172661,0.2135476760417384,0.03688798377552771,0.04560830356259187,0.7240093736769557
2020-04-27,NVDA,7.337396152234377,7.54906850647414,7.312771282405198,7.389381408691406,479388000,0.02586403838751017,7.126718664169312,6.795430278778076,7.06148490073246,6.83509035275969,59.82422086234464,0.2676290335953606,0.22436394755246286,0.04326508604289775,0.045415589784547857,0.7209501372914348
2020-04-28,NVDA,7.536632034839591,7.566480291999541,7.241634092483355,7.247106075286865,442904000,-0.01925402486833283,7.1451497077941895,6.827479648590088,7.095234205196897,6.874329945381326,57.39191847454696,0.26670012282404265,0.23283118260677882,0.03386894021726383,0.044721186386576316,0.7099268250878893
2020-04-29,NVDA,7.381670378607925,7.47643805187387,7.306552786236492,7.423706531524658,379160000,0.02436841056321959,7.188976621627807,6.870834016799927,7.1549564463473985,6.926651525014024,59.5882364252215,0.2770208117734718,0.24166910844011744,0.035351703333354384,0.044798261546589696,0.7111503553218248
2020-04-30,NVDA,7.369730999567452,7.423706453585619,7.25605998667929,7.269989013671875,375916000,-0.020706303138469218,7.1829572200775145,6.932034873962403,7.175871458588212,6.959350333457628,56.841693054345065,0.269687523209714,0.24727279139403677,0.02241473181567724,0.040723502179731655,0.6464655556990004
2020-05-01,NVDA,7.072744411880323,7.185918254969449,6.985438902892825,7.033693313598633,342096000,-0.032502896445767204,7.159228181838989,6.9659995317459105,7.150020886771924,6.966430617280581,52.811967964305914,0.24201890768286827,0.24622201465180307,-0.0042031069689348055,0.04058211788474848,0.6442211495961063
2020-05-04,NVDA,6.986432764934915,7.259045096885763,6.986432764934915,7.245364665985107,317556000,0.030093912678455625,7.1697746276855465,7.0249245166778564,7.167356119356139,6.992995764776251,55.83262196369084,0.23446863123331596,0.24387133796810567,-0.009402706734789712,0.03905630365374067,0.619999599583327
2020-05-05,NVDA,7.349336431311147,7.468728519073253,7.245365430153509,7.306305408477783,368896000,0.008410997279236332,7.230042886734009,7.056439065933228,7.192619626469165,7.022834778462111,56.69216170809764,0.2307425350544987,0.2412455773853843,-0.010503042330885587,0.032702835630512184,0.5191414214697445
2020-05-06,NVDA,7.385649862422182,7.511757839211143,7.347842234207468,7.407040596008301,323464000,0.013787431800158734,7.258995389938354,7.1046435832977295,7.231605257294462,7.059425808704606,58.142262648994475,0.23322953978800687,0.2396423698659088,-0.006412830077901943,0.03135798938442008,0.4977926491570737
2020-05-07,NVDA,7.546084248410527,7.646323918023772,7.494845252172032,7.583145618438721,373732000,0.023775355372741336,7.310881328582764,7.151803517341614,7.295521686593418,7.109303885822141,60.6244447788751,0.24656842517437294,0.24102758092760165,0.005540844246771287,0.03113022588982032,0.4941770157703739
2020-05-08,NVDA,7.654781042582035,7.779147917276859,7.620953332367935,7.772929668426514,339216000,0.025027087641087187,7.3678662300109865,7.213427329063416,7.382323137835798,7.172506341308272,63.15987489179981,0.26934869064506106,0.24669180287109355,0.022656887773967516,0.030919737434863995,0.4908356151363859
2020-05-11,NVDA,7.7679541359634445,8.071409584799568,7.739349814452519,8.02464771270752,469060000,0.0323839343746386,7.431392860412598,7.279055762290954,7.499109424176111,7.253662662393914,66.26281320024096,0.30420704814285937,0.2581948519254467,0.04601219621741265,0.03112854983479645,0.49415040922171294
2020-05-12,NVDA,8.08235272343663,8.131104316123853,7.753278049532233,7.762978553771973,493060000,-0.03260818023465106,7.482980108261108,7.314064908027649,7.547085629557176,7.302168937763253,60.55313597860827,0.30717708708624336,0.26799129895760604,0.03918578812863732,0.030765850336118276,0.4883927331768115
2020-05-13,NVDA,7.87739824289948,8.037582561321718,7.556282865827379,7.740594863891602,625852000,-0.0028833893750093154,7.514668941497803,7.351822781562805,7.58226912670889,7.343923787870715,60.076256781683966,0.3042178535946052,0.27523660988500587,0.028981243709599314,0.03059548562938314,0.48568827729958974
2020-05-14,NVDA,7.802030552114325,7.99529675418394,7.648561706335305,7.989824771881104,602312000,0.032197771924753926,7.586652517318726,7.3848048686981205,7.656370153103837,7.405438167300276,63.52107949657303,0.3183140837915488,0.28385210466631444,0.034461979125234354,0.029525860143482918,0.468708499109578
2020-05-15,NVDA,7.849787261647808,8.457443446163204,7.834117106027025,8.44774341583252,987660000,0.05731272675252974,7.728057527542115,7.443642854690552,7.800256200872688,7.5047053338271565,68.84086234193039,0.3622597504571692,0.2995336338244854,0.06272611663268379,0.03158159678377796,0.5013423065771628
2020-05-18,NVDA,8.716128885688486,8.871338897702698,8.636534153708487,8.705930709838867,774460000,0.030562871206819553,7.87411413192749,7.521944379806518,7.964924293411993,7.619107750590176,71.37552775166597,0.4131579372474681,0.32225849450908195,0.09089944273838613,0.03134182153155594,0.49753599244959923
2020-05-19,NVDA,8.74572658115145,9.041470783714418,8.71836571880114,8.760899543762207,717320000,0.006313952609479978,8.019573545455932,7.624808216094971,8.10964706620294,7.727849826130369,71.89962711589894,0.45271205966397954,0.3483492075400615,0.10436285212391805,0.02649348828701157,0.42057108822021144
2020-05-20,NVDA,8.945460766522393,8.997197432107013,8.843728564013752,8.924567222595215,587536000,0.018681606610766233,8.171326208114625,7.715160799026489,8.257814367365173,7.841822911507974,73.4578965925608,0.49159875605488956,0.3769991172430271,0.11459963881186247,0.02402755651336507,0.3814256348814851
2020-05-21,NVDA,9.005655143771433,9.006649532311567,8.693245401400757,8.730804443359375,761068000,-0.021711168105190692,8.28609209060669,7.798486709594727,8.343812563000482,7.926487819303345,68.60732329211956,0.5010064160682139,0.4018005770080645,0.09920583906014946,0.02482154399739678,0.3940297954425597
2020-05-22,NVDA,8.780548617812489,9.046943165034367,8.669116398399483,8.980530738830566,1038764000,0.028602896456022764,8.406852197647094,7.887359213829041,8.459579504060496,8.026872859258319,71.24291452724248,0.5225888010043525,0.4259582218073221,0.09663057919703033,0.02506649730194554,0.39791830860251665
2020-05-26,NVDA,9.110371082978151,9.135245028089948,8.628076531061675,8.67359447479248,770780000,-0.03417796486247038,8.47174687385559,7.951569867134094,8.498491316920857,8.088465394071097,64.11772497131795,0.5090577048800062,0.44257811842185896,0.06647958645814728,0.026778278530394536,0.42509199317906476
2020-05-27,NVDA,8.581312372243556,8.589022676430485,7.956244482923498,8.482068061828613,1175892000,-0.022081550333081457,8.543655824661254,8.013317966461182,8.495505270540448,8.125951362428955,60.0798859571903,0.4773767310432442,0.449537840946136,0.02783889009710816,0.026938854748115117,0.42764106161042487
2020-05-28,NVDA,8.369641310493597,8.71612780265419,8.336808463910437,8.444013595581055,734896000,-0.004486460845417262,8.6139976978302,8.064333319664001,8.486143147820558,8.156243003681537,59.281066658720064,0.44407958066086817,0.4484461888890825,-0.00436660822821433,0.026802081689048116,0.42546985660835585
2020-05-29,NVDA,8.511170268712194,8.830544471740723,8.442022323211523,8.830544471740723,745256000,0.04577572877925595,8.698069667816162,8.142361092567445,8.548761570351497,8.220462191115745,64.45126121001937,0.44376570560295825,0.44751009223185767,-0.003744386628899421,0.02732864966310602,0.43382886405472587
2020-06-01,NVDA,8.788508985175579,8.795970693494391,8.645486899720394,8.761645317077637,389876000,-0.00780236766640785,8.729459857940673,8.228758692741394,8.587467706119885,8.272003441207353,62.917711713812835,0.43296640419582566,0.4446013546246513,-0.011634950428825619,0.02581722852828362,0.40983579736056325
2020-06-02,NVDA,8.7516956542315,8.792487396907989,8.614145567728748,8.780548095703125,391320000,0.0021574462262976546,8.7369215965271,8.305517864227294,8.622573231498656,8.320436265445046,63.17658478764647,0.42107923695300187,0.4398969310903214,-0.01881769413731954,0.02550406818731918,0.4048645310644826
2020-06-03,NVDA,8.777562925778758,8.821339725699485,8.655931605904515,8.725079536437988,365440000,-0.00631720920614065,8.733339595794678,8.376456570625304,8.641210741487624,8.358973719825327,61.81292642408711,0.40254246316664144,0.43242603750558545,-0.029883574338944008,0.025762530472561128,0.40896749264472043
2020-06-04,NVDA,8.687751926750261,8.902009351339903,8.637484882877722,8.726075172424316,424280000,0.00011411196679289581,8.713490390777588,8.442408299446106,8.656640638021567,8.393935762929992,61.82885302245937,0.3835113952569582,0.42264310905586006,-0.039131713798901846,0.025816468068229244,0.40982372543144796
2020-06-05,NVDA,8.753947082988638,8.955512705887044,8.667845785384223,8.878868103027344,481748000,0.017509926007270193,8.728296756744385,8.507194423675537,8.69704563165898,8.440119795320216,64.29024552529172,0.3764191240338661,0.41339831205146127,-0.036979188017595144,0.025659423725714822,0.4073307237808311
2020-06-08,NVDA,8.836315791447598,8.84875796278578,8.645699106542606,8.764399528503418,387736000,-0.012892248560928188,8.70668363571167,8.556767916679382,8.709291794721604,8.471003579432901,61.11093958363363,0.35744142839524606,0.40220693532021823,-0.044765506924972165,0.02575361075794734,0.4088258965649179
2020-06-09,NVDA,8.759422705552621,9.067744029316774,8.710897571535652,9.004287719726562,468488000,0.02737075032271008,8.739752960205077,8.605749917030334,8.762927417449779,8.521792545175154,65.0154841487186,0.35763583677144517,0.39329271561046364,-0.03565687883901847,0.025509952894986986,0.4049579479026466
2020-06-10,NVDA,9.125477940681284,9.456195581866323,9.111292895481157,9.323559761047363,632180000,0.03545777870040068,8.823902130126953,8.683778977394104,8.864860570831157,8.598151327639174,69.41662303660006,0.3791815237040712,0.39047047722918515,-0.011288953525113943,0.024600769065783616,0.3905251020539654
