Date,Stock_symbol,Open,High,Low,Close,Volume,Daily_Return,SMA_10,SMA_20,EMA_10,EMA_20,RSI_14,MACD,MACD_signal,MACD_hist,Volatility_20,Volatility_20_annualized,AvgSentiment,AvgConfidence,HeadlineCount,Tomorrow_Close,TomorrowUp
2011-03-31,NVDA,0.423061576817547,0.4276401608218949,0.4148201146935155,0.4226036965847015,655112000,0.0005421045085483,0.4210011720657348,0.4247098281979561,0.4253414873251831,0.4305484300038309,40.7357345129621,-0.0091205961983111,-0.0124770915042861,0.0033564953059749,0.0313422378998936,0.497542602092052,0.0,0.0,0.0,0.4166515171527862,0
2011-04-01,NVDA,0.4280979761581467,0.428555829060259,0.410928260359595,0.4166515171527862,850072000,-0.014084541805995,0.422328969836235,0.4217795342206955,0.4237614927483836,0.4292249144942076,38.64803134904065,-0.009172078248238,-0.0118160888530765,0.0026440106048384,0.0313984861065062,0.4984355146903934,0.0,0.0,0.0,0.4017711579799652,0
2011-04-04,NVDA,0.4166515843783602,0.4177962304635817,0.3987950727002862,0.4017711579799652,924328000,-0.0357141605399803,0.4218482226133346,0.4184371709823608,0.4197632500632166,0.4266102710166607,33.9619682507124,-0.010294925278369,-0.011511856138135,0.001216930859766,0.0320551489971876,0.50885971491408,-0.5,0.935923546552658,2.0,0.4024578034877777,1
2011-04-05,NVDA,0.4077231790068229,0.4109281759538042,0.4015420705811364,0.4024578034877777,821076000,0.0017090462920854,0.4221458256244659,0.4161822110414505,0.4166168052313186,0.4243100360139099,34.35748947220817,-0.0110025525090065,-0.0114099954123093,0.0004074429033027,0.0308368796507917,0.4895202885913403,0.0,0.0,0.0,0.3997107744216919,0
2011-04-06,NVDA,0.4054340043964671,0.4058918573363465,0.3962768091463136,0.3997107744216919,856984000,-0.006825632506761,0.421344581246376,0.4142592042684555,0.4135429814477501,0.4219672491956034,33.49322241814589,-0.0116507123159572,-0.0114581387930389,-0.0001925735229183,0.0306089934418937,0.4859027071755474,0.0,0.7407199144363403,1.0,0.4143621921539306,1
2011-04-07,NVDA,0.400626441543319,0.4168804240154137,0.3990239427635165,0.4143621921539306,1021208000,0.0366550482744345,0.4187576711177826,0.4144652366638183,0.4136919288488738,0.4212429580487775,41.88942296629878,-0.0108569841140909,-0.0113379078572493,0.0004809237431583,0.0284786243157187,0.4520841457237727,1.0,0.94189190864563,1.0,0.4017711579799652,0
2011-04-08,NVDA,0.4175672903303313,0.4175672903303313,0.4006265118947437,0.4017711579799652,746552000,-0.0303865420455348,0.4162852376699447,0.4138929188251495,0.4115245159636176,0.4193885008993668,37.5071683184905,-0.0111158039571149,-0.0112934870772224,0.0001776831201075,0.0292679161482986,0.4646137651289387,-1.0,0.9494683742523192,1.0,0.3965056538581848,0
2011-04-11,NVDA,0.4033735281754341,0.4054339068449129,0.3921560110401295,0.3965056538581848,546208000,-0.0131057295109345,0.4117066442966461,0.4128856256604195,0.4087938137626298,0.4172091821335399,35.81954122401797,-0.011611947422679,-0.0113571791463137,-0.0002547682763652,0.0293009617311183,0.4651383474933587,0.0,0.0,0.0,0.397650271654129,1
2011-04-12,NVDA,0.3926138362999135,0.4003974157300188,0.3852880823768677,0.397650271654129,840756000,0.0028867628615292,0.4075858950614929,0.4125536695122719,0.4067677151974478,0.4153464287545484,36.48853116663848,-0.0117770253857928,-0.0114411483942095,-0.0003358769915833,0.0285827309083048,0.4537367866467233,0.0,0.8392183184623718,2.0,0.4065786302089691,1
2011-04-13,NVDA,0.4017711063525968,0.4090968348985593,0.3967346696829046,0.4065786302089691,749588000,0.0224527912874303,0.4060062855482101,0.4128169372677803,0.4067333361086335,0.4145114003216361,41.60194526761124,-0.0110599151259001,-0.0113649017405476,0.0003049866146475,0.0289778556548601,0.4600091975441201,0.0,0.0,0.0,0.4237482249736786,1
2011-04-14,NVDA,0.4029156626198069,0.4239771650265586,0.4006263712530301,0.4237482249736786,1254704000,0.0422294569586325,0.4061207383871078,0.4135609552264213,0.4098269522659144,0.4153910979075449,49.94754081617593,-0.0090023834011536,-0.0108923980726688,0.0018900146715152,0.0301812988378902,0.4791132658198819,0.0,0.9093146920204164,1.0,0.4283270239830017,1
2011-04-15,NVDA,0.4205434135273939,0.4335924019078651,0.4184830340139163,0.4283270239830017,969720000,0.0108054706532576,0.4072882890701294,0.4148086294531822,0.4131906016690211,0.4166230908671122,51.92083610051717,-0.0069225055374188,-0.0100984195656188,0.0031759140282,0.0300059085217987,0.4763290308673987,0.0,0.0,0.0,0.4141334295272827,0
2011-04-18,NVDA,0.4182541616628563,0.4210013073230652,0.4074944646170473,0.4141334295272827,743584000,-0.0331372845069011,0.4085245162248611,0.4151863694190979,0.4133620249159778,0.4163859802633189,45.8822303742645,-0.006346335195776,-0.0093480026916503,0.0030016674958742,0.0310676915705974,0.4931843142279515,0.0,0.8990111947059631,2.0,0.4125306308269501,0
2011-04-19,NVDA,0.4143620417445053,0.4159645672331171,0.4013130888591705,0.4125306308269501,659860000,-0.0038702470895966,0.4095317989587784,0.4158388122916222,0.4132108623543363,0.4160188041265219,45.242331643535344,-0.0059504553635094,-0.0086684932260221,0.0027180378625126,0.0307815864851746,0.4886425367987928,0.0,0.0,0.0,0.4251218438148498,1
2011-04-20,NVDA,0.4276400754306053,0.4338211571441321,0.4182539691797071,0.4251218438148498,650516000,0.0305218862479608,0.4120729058980942,0.4167087435722351,0.4153764953471569,0.416885760287315,51.021263544406914,-0.0045680543977301,-0.0078484054603637,0.0032803510626335,0.0311727885226971,0.4948526766207917,0.0,0.0,0.0,0.4239773750305176,0
2011-04-21,NVDA,0.4297006062822837,0.4324477791155468,0.4230616689464427,0.4239773750305176,421300000,-0.0026920959272811,0.4130344241857528,0.4158960476517677,0.4169402916532225,0.4175611521676201,50.49957486063296,-0.0035242157731748,-0.0069835675229259,0.0034593517497511,0.0253329477464437,0.4021480782797064,0.0,0.0,0.0,0.430616170167923,1
2011-04-25,NVDA,0.4258086468924554,0.4377129577525316,0.425579706816287,0.430616170167923,619612000,0.0156583712442852,0.4159189254045486,0.4161020815372467,0.4194268150195316,0.418804487215268,53.47157327500777,-0.0021366409905743,-0.0060141822164556,0.0038775412258812,0.0246051856777131,0.3905952135947831,0.0,0.0,0.0,0.4418337047100067,1
2011-04-26,NVDA,0.4342790366888851,0.4461833752872631,0.4299293934021382,0.4418337047100067,676000000,0.0260499612397493,0.4204517304897308,0.4160791873931885,0.4235007949632544,0.4209977460242907,58.054261588965566,-0.0001303145052302,-0.0048374086742105,0.0047070941689803,0.0238643001520305,0.3788340204892417,1.0,0.9183583855628968,1.0,0.4418337047100067,0
2011-04-27,NVDA,0.4441230236862798,0.4441230236862798,0.4326765379669525,0.4418337047100067,450004000,0.0,0.4248700737953186,0.4162279844284057,0.4268340512808456,0.4229821230419779,58.054261588965566,0.0014430787753695,-0.0035813111842945,0.0050243899596641,0.0237906531477648,0.3776649105406903,0.0,0.9327644407749176,2.0,0.4466412365436554,1
2011-04-28,NVDA,0.4418337129971767,0.4555694906599,0.4367972766521338,0.4466412365436554,684000000,0.0108808626014713,0.4288763344287872,0.4174413099884987,0.4304353576922656,0.4252353719468996,60.01187578053768,0.0030428557793742,-0.0022564777915607,0.005299333570935,0.0221068226426674,0.3509349299418594,0.0,0.9135600129763284,3.0,0.4578587114810943,1
2011-04-29,NVDA,0.449617251617898,0.467931582611218,0.4489304587475473,0.4578587114810943,836000000,0.0251151797452595,0.4322873830795288,0.4192040607333183,0.4354214220175071,0.4283423566644419,64.20916342559782,0.0051564072073858,-0.0007739007917714,0.0059303079991573,0.0226378286264108,0.3593643886078917,0.0,0.8771597146987915,1.0,0.4516776800155639,0
2011-05-02,NVDA,0.4674738086127497,0.4677027214010948,0.4493883883890595,0.4516776800155639,613824000,-0.0134998664665259,0.434622448682785,0.4209553688764572,0.4383771052898811,0.4305647684121678,60.444346054802935,0.0062604873579237,0.0006329768381675,0.0056275105197561,0.022613259930565,0.3589743726524205,0.0,0.0,0.0,0.4301582872867584,0
2011-05-03,NVDA,0.4464122957478708,0.4477858543246419,0.4246639983986573,0.4301582872867584,808000000,-0.0476432502222912,0.4362249344587326,0.4223747253417969,0.4368827747438588,0.4305260559240336,49.551169315897226,0.005337516120202,0.0015738846945744,0.0037636314256275,0.0238475043777242,0.3785673958378949,0.0,0.0,0.0,0.4269532859325409,0
2011-05-04,NVDA,0.4315318690593497,0.4363393922587021,0.4189407654606255,0.4269532859325409,639356000,-0.0074507488265149,0.4376671999692917,0.423599499464035,0.4350774131418009,0.43018579211532,48.159102313769615,0.0042978944883718,0.0021186866533339,0.0021792078350379,0.0239751699269707,0.380594023603675,0.0,0.0,0.0,0.4271822869777679,1
2011-05-05,NVDA,0.4235194090373069,0.4322187236780179,0.4177961793119065,0.4271822869777679,544000000,0.0005363608918638,0.4378732442855835,0.4249730750918388,0.4336419356574312,0.4298997440069817,48.27092627279436,0.0034526651509347,0.0023854823528541,0.0010671827980806,0.0238689007131907,0.3789070521335701,0.0,0.0,0.0,0.4422915875911712,1
2011-05-06,NVDA,0.4361104781693068,0.4464123181089109,0.4326765406196087,0.4422915875911712,841080000,0.035369679581751,0.4397046655416489,0.4263695448637009,0.4352145996453839,0.4310799195864283,55.14569459656493,0.0039564021559956,0.0026996663134824,0.0012567358425132,0.0237767672325128,0.3774444784697913,0.0,0.0,0.0,0.4521354734897613,1
2011-05-09,NVDA,0.4436650737519687,0.454424764815542,0.4425204280890784,0.4521354734897613,706328000,0.022256552407434,0.4418565958738327,0.4288877606391906,0.4382911221625434,0.4330852104343648,58.97144376547311,0.005091247947814,0.0031779826403487,0.0019132653074653,0.0227139055850877,0.3605720728868594,0.0,0.9188920060793558,3.0,0.4528223276138305,1
2011-05-10,NVDA,0.4557984121981197,0.4562562650671237,0.4482437170522641,0.4528223276138305,690976000,0.0015191334552182,0.4429554581642151,0.431703594326973,0.4409331595173229,0.4349649358800282,59.23272406916235,0.005977144006027,0.0037378149134844,0.0022393290925426,0.0222922497698584,0.3538784943310933,0.0,0.9066491723060608,2.0,0.4548827111721039,1
2011-05-11,NVDA,0.455111651267967,0.4596902075706321,0.4487016287794185,0.4548827111721039,616000000,0.004550092680126,0.4442603588104248,0.4345652163028717,0.443469441636374,0.4368618668602259,60.05450580478667,0.0067674675946769,0.0043437454497229,0.002423722144954,0.0222795907179683,0.3536775381122839,0.0,0.9232243597507476,2.0,0.4693052172660827,1
2011-05-12,NVDA,0.4532801759766895,0.4697630974210438,0.4521355301703043,0.4693052172660827,1224000000,0.0317059886862178,0.4465267568826675,0.4377015456557274,0.44816685538723,0.4399517097560217,65.32381246118436,0.0084600581563049,0.0051670079910393,0.0032930501652655,0.0227096789614287,0.3605049773163365,-0.1428571428571428,0.8644509656088692,7.0,0.4180250167846679,0
2011-05-13,NVDA,0.4395443730479801,0.4406890187867571,0.4148200196322951,0.4180250167846679,2025192000,-0.1092683366704196,0.4425433874130249,0.4374153852462769,0.4426865210958551,0.4378634532825595,43.401576537227776,0.0055990227099882,0.0052534109348291,0.0003456117751591,0.0332956529988722,0.5285521054471075,-0.0555555555555555,0.8042345444361368,18.0,0.4052050411701202,0
2011-05-16,NVDA,0.4168804405689524,0.4177961736869949,0.4049761283584933,0.4052050411701202,728188000,-0.0306679626811702,0.4378961235284805,0.4362592861056328,0.4358717065639033,0.43475312831947,39.80512293733723,0.0022709880781239,0.004656926363488,-0.0023859382853641,0.033865385216489,0.5375963240174005,-0.5,0.7173687964677811,2.0,0.4036025702953338,0
2011-05-17,NVDA,0.4038315104133373,0.4040604232408273,0.3919271700874256,0.4036025702953338,1420364000,-0.0039547160374877,0.4352405518293381,0.4357327431440353,0.4300045908787088,0.4317864085076475,39.3660082488758,-0.0004901591029848,0.0036275092701935,-0.0041176683731783,0.0330820321245643,0.5251609791974824,0.0,0.74360058705012,3.0,0.4129886031150818,1
2011-05-18,NVDA,0.4052049953001423,0.4164225405153616,0.4038314367143355,0.4129886031150818,658844000,0.0232556319274175,0.4338440835475922,0.4357556417584419,0.4269107749216856,0.4299961413274032,43.31073077862945,-0.0018991218364322,0.0025221830488683,-0.0044213048853006,0.0335005286251158,0.5318044051875429,0.0,0.8865963816642761,1.0,0.4070364534854889,0
2011-05-19,NVDA,0.4161936203237397,0.4164225604108999,0.4008553713277715,0.4070364534854889,650884000,-0.0144123822902064,0.4318295001983642,0.4348513722419739,0.4232972619332862,0.427809504390078,41.46829265995512,-0.003456182958885,0.0013265098473176,-0.0047826928062026,0.0328902573384562,0.5221166488468341,0.0,0.0,0.0,0.4141334295272827,1
2011-05-20,NVDA,0.4061209054322031,0.4150491356505121,0.4042894658952237,0.4141334295272827,575820000,0.0174357259184572,0.4290136843919754,0.4343591749668121,0.4216311105867401,0.4265070210698118,44.499915863156026,-0.0040705754023857,0.000247092797377,-0.0043176681997627,0.0331630050570756,0.526446384651597,0.0,0.0,0.0,0.4136753380298614,0
2011-05-23,NVDA,0.4081810225857581,0.4166514221507709,0.4029156471857651,0.4136753380298614,588000000,-0.0011061446982055,0.4251676708459854,0.433512133359909,0.4201846064854894,0.4252849560183879,44.34027429670967,-0.0045420915912202,-0.0007107440803424,-0.0038313475108778,0.0329408059428164,0.5229190830643853,0.0,0.9162964820861816,1.0,0.415277898311615,1
2011-05-24,NVDA,0.4157357511775156,0.4319897325958047,0.4145911053675096,0.415277898311615,720372000,0.0038739565413443,0.4214132279157638,0.4321843430399895,0.4192924777266031,0.4243319029034572,45.082514142322125,-0.004731911812518,-0.0015149776267775,-0.0032169341857404,0.0323334739456667,0.5132779864981238,0.0,0.9467597007751464,1.0,0.4203144013881683,1
2011-05-25,NVDA,0.4132175853191591,0.4230615736023094,0.4090968542884605,0.4203144013881683,545312000,0.0121280306441302,0.4179563969373702,0.4311083778738975,0.4194782820287058,0.4239492837115249,47.45411357580772,-0.0044249341129833,-0.0020969689240187,-0.0023279651889646,0.0324976245170246,0.5158837960344159,0.0,0.0,0.0,0.4308451414108276,1
2011-05-26,NVDA,0.420314387707419,0.4345080193834512,0.4191697417522882,0.4308451414108276,706436000,0.0250544354128232,0.4141103893518447,0.4303185731172562,0.4215449837345461,0.4246060320638394,52.11085619241717,-0.003293938886606,-0.0023363629165361,-0.0009575759700698,0.0329440623212206,0.5229707764689792,0.0,0.9278272986412048,1.0,0.4464123547077179,1
2011-05-27,NVDA,0.4326765760922973,0.4470991204415537,0.4322187231729028,0.4464123547077179,658824000,0.0361318065370648,0.4169491231441498,0.4297462552785873,0.4260663239114864,0.4266828246965898,58.03191450239111,-0.0011284647694747,-0.0020947832871238,0.0009663185176491,0.0334957540882519,0.5317286117645389,0.0,0.0,0.0,0.4587743878364563,1
2011-05-31,NVDA,0.4551115382458519,0.4590033551659687,0.4441229348930303,0.4587743878364563,1200716000,0.0276919601314176,0.4223060578107834,0.430101090669632,0.4320132446251172,0.4297391640432437,62.04513838656917,0.001567136851305,-0.0013623992594381,0.0029295361107431,0.033931463437251,0.5386452832526831,0.5,0.9316732287406922,2.0,0.4381709098815918,0
2011-06-01,NVDA,0.4567141858009927,0.4574009788518063,0.4372551767170027,0.4381709098815918,762208000,-0.0449098260520358,0.4257628917694092,0.4305017217993736,0.4331328201262944,0.4305421874564197,52.955964176671515,0.0020176340466697,-0.0006863925982165,0.0027040266448862,0.0337286367306591,0.5354255091033769,0.0,0.9165493845939636,1.0,0.4361104667186737,0
2011-06-02,NVDA,0.4388576385187095,0.4420626358980725,0.4308450904892837,0.4361104667186737,607592000,-0.0047023732439811,0.4280750781297683,0.4309595808386802,0.4336742104158179,0.4310724997671106,52.13346020080744,0.0021832288728147,-0.0001124683040102,0.002295697176825,0.0336958886268154,0.5349056490713012,-1.0,0.9522095322608948,1.0,0.4226036965847015,0
2011-06-03,NVDA,0.4310740988251558,0.4349658897707488,0.4205433446989503,0.4226036965847015,549300000,-0.0309709836491615,0.4296318024396896,0.4307306513190269,0.4316613897192512,0.4302659470830716,46.9820018062218,0.0012106251632631,0.0001521503894444,0.0010584747738187,0.0344769058065728,0.5473039124351425,0.0,0.0,0.0,0.4136753380298614,0
2011-06-06,NVDA,0.421916797550764,0.425808587267105,0.413217457941641,0.4136753380298614,435988000,-0.0211270242711911,0.4295859932899475,0.4292998388409614,0.4283911985029985,0.428685889078004,43.8943583280741,-0.0002774163191164,6.623704773222545e-05,-0.0003436533668487,0.0337371924111258,0.5355613263202471,0.0,0.0,0.0,0.4134464859962463,0
2011-06-07,NVDA,0.4168804236458551,0.4191697154122609,0.4116150471250195,0.4134464859962463,433956000,-0.0005532165265278,0.429563108086586,0.4273653894662857,0.4256739780472253,0.4272345173559318,43.814873355670045,-0.0014583553485157,-0.0002386814315173,-0.0012196739169984,0.0332281355285947,0.5274802988340682,0.0,0.0,0.0,0.4022290408611297,0
2011-06-08,NVDA,0.4113862375142422,0.4139044427146455,0.3990240425004284,0.4022290408611297,569288000,-0.0271315527282494,0.4282582223415375,0.4248357251286506,0.4214112621952079,0.4248530434040459,39.99213339098228,-0.0032618119737978,-0.0008433075399734,-0.0024185044338243,0.0335970167612592,0.5333361068637638,0.0,0.0,0.0,0.397650271654129,0
2011-06-09,NVDA,0.4019999414572505,0.4029156470523789,0.3832277311425765,0.397650271654129,741632000,-0.01138348737127,0.4259918093681335,0.4219741031527519,0.4170910820968299,0.4222623032373871,38.51499061364721,-0.005002862862269,-0.0016752186044325,-0.0033276442578364,0.0335387954291321,0.532411871868921,0.6666666666666666,0.7553249597549438,3.0,0.3919271528720855,0
2011-06-10,NVDA,0.3983371756989756,0.4008554077243472,0.3887221278133843,0.3919271528720855,493548000,-0.0143923421911336,0.4221000105142593,0.418105199933052,0.4125158222377854,0.4193732412978346,36.69078576699772,-0.0067664664770204,-0.0026934681789501,-0.0040729982980702,0.0323640357692744,0.5137631404073943,0.0,0.0,0.0,0.3891798257827759,0
2011-06-13,NVDA,0.3919269693391403,0.3969634037408917,0.3864326549359119,0.3891798257827759,574760000,-0.0070097901336432,0.4163767576217651,0.4166629403829575,0.40827291379142,0.416497677915448,35.81387103462302,-0.008290256467474,-0.0038128258366549,-0.0044774306308191,0.022024116080595,0.3496220039716388,0.0,0.0,0.0,0.3923850357532501,1
2011-06-14,NVDA,0.3926139758786754,0.4010843511616947,0.3907825367468164,0.3923850357532501,534576000,0.0082358070951582,0.4097378224134445,0.4160219401121139,0.4053842086935709,0.4142012358047625,37.685083789406235,-0.0091339469014671,-0.0048770500496173,-0.0042568968518497,0.0211852545122522,0.3363054894061713,0.0,0.0,0.0,0.3839146494865417,0
2011-06-15,NVDA,0.3871196474077151,0.3894089394344143,0.3759021001025809,0.3839146494865417,935916000,-0.0215869248184964,0.4043121963739394,0.4150375440716742,0.4014806524741111,0.411316799012551,34.79794908658752,-0.0103665676912393,-0.0059749535779417,-0.0043916141132976,0.0216590767011489,0.3438271834710809,-1.0,0.9512869119644164,1.0,0.3706366717815399,0
2011-06-16,NVDA,0.3841435092474738,0.3900956786108359,0.3651423825926748,0.3706366717815399,1024908000,-0.0345857542106301,0.3977648168802261,0.4129199475049971,0.3958726559845527,0.4074425011810261,30.81281985450846,-0.0122733706033831,-0.00723463698303,-0.0050387336203531,0.0219307643555036,0.3481400912773335,0.0,0.0,0.0,0.3619374334812164,0
2011-06-17,NVDA,0.374986420790854,0.3752153609259589,0.3504909725362821,0.3619374334812164,1467884000,-0.0234710673892815,0.3916981905698776,0.4106649965047835,0.3897026155294006,0.4031086852096157,28.509214944519258,-0.014321393369295,-0.008651988260283,-0.0056694051090119,0.0222233719131534,0.3527850922530098,0.0,0.0,0.0,0.3575876653194427,0
2011-06-20,NVDA,0.3587323110172691,0.3662869780810245,0.3548404938122545,0.3575876653194427,745960000,-0.0120180112897867,0.3860894232988358,0.4078377082943915,0.3838635336730446,0.3987733499819801,27.405922750085765,-0.0161097529011419,-0.0101435411884548,-0.005966211712687,0.0215818410373627,0.3426011053187404,0.0,0.0,0.0,0.3653713166713714,1
2011-06-21,NVDA,0.3589612940506546,0.3681184887163297,0.3555273562849683,0.3653713166713714,704276000,0.0217671136530264,0.3812819063663483,0.405422507226467,0.380501312400013,0.3955922039523983,32.44406844241681,-0.0167063843022795,-0.0114561098112197,-0.0052502744910597,0.0225021436622767,0.3572104565773945,0.0,0.0,0.0,0.3603348731994629,0
2011-06-22,NVDA,0.3628531050958002,0.3676606015017475,0.3596480802013244,0.3603348731994629,651720000,-0.0137844522602152,0.3770924896001816,0.4026753559708594,0.3768346870908221,0.3922343629283092,30.94742178666245,-0.0173852119812458,-0.0126419302452249,-0.0047432817360208,0.0224428308063371,0.3562688941792045,0.0,0.0,0.0,0.3710944950580597,1
2011-06-23,NVDA,0.3557562211174047,0.3736126991791407,0.3525511968398848,0.3710944950580597,744024000,0.029860062566414,0.3744369119405746,0.4002143606543541,0.375791015812138,0.3902210421787617,37.57286730090808,-0.0168606175417872,-0.0134856677045374,-0.0033749498372497,0.0235539652004444,0.3739076058590737,0.0,0.8653318881988525,2.0,0.3603348731994629,0
2011-06-24,NVDA,0.3692631275942408,0.3724681251982057,0.358045581399342,0.3603348731994629,529052000,-0.0289942912166168,0.3712776839733124,0.3966888472437858,0.3729808080643788,0.3873747403712094,34.05410931724815,-0.0171157841258967,-0.0142116909888093,-0.0029040931370874,0.022901753049245,0.3635540589343061,0.0,0.0,0.0,0.3527800440788269,0
2011-06-27,NVDA,0.360334709035518,0.3626239997926669,0.3401889176240095,0.3527800440788269,1142152000,-0.0209661336788071,0.3676377058029175,0.3920072317123413,0.3693079418851875,0.3840800073909825,31.802037069284253,-0.0177233137256242,-0.0149140155361722,-0.0028092981894519,0.0204540031316341,0.3246972336122419,0.0,0.8972688615322113,2.0,0.3548405468463897,1
2011-06-28,NVDA,0.3527801951985665,0.3589612774325465,0.3502619633707734,0.3548405468463897,692200000,0.0058407577246699,0.3638832569122314,0.3868105396628379,0.3666775064235879,0.381295296862926,33.10149565007971,-0.0178329527784185,-0.0154978029846215,-0.002335149793797,0.0187640564475999,0.2978701616827649,0.0,0.0,0.0,0.3603348731994629,1
2011-06-29,NVDA,0.3571298483049871,0.3639977509958607,0.3447676835005387,0.3603348731994629,960544000,0.0154839304637066,0.3615252792835235,0.3829187378287315,0.3655243003828379,0.3792990660378343,36.57204088762295,-0.0172773339479875,-0.0158537091772947,-0.0014236247706927,0.0181389589801272,0.2879470470181107,0.0,0.0,0.0,0.3649134933948517,1
2011-06-30,NVDA,0.3612506152311242,0.3688052843872411,0.3557563252760466,0.3649134933948517,652300000,0.0127065697381287,0.3609529614448546,0.3793588891625404,0.3654132445668404,0.3779290115004074,39.39369614043679,-0.0162798812994651,-0.0159389436017288,-0.0003409376977362,0.0187910522457433,0.2982987066927522,0.0,0.910619020462036,1.0,0.3697209656238556,1
2011-07-01,NVDA,0.3649134421207837,0.3710945515648789,0.3575877141131821,0.3697209656238556,540804000,0.0131742791538871,0.3617313146591186,0.3767147526144981,0.3661964665772068,0.3771472928454977,42.296337889884086,-0.0149293735332154,-0.0157370295880261,0.0008076560548107,0.0186298756411716,0.2957401074156006,0.0,0.0,0.0,0.3635398745536804,0
2011-07-05,NVDA,0.369263103683387,0.3726970411612109,0.3603348498667392,0.3635398745536804,535296000,-0.0167182595656846,0.3623265355825423,0.374207979440689,0.3657134498456565,0.375851348246277,39.66591169394366,-0.0141942265819715,-0.0154284689868152,0.0012342424048437,0.0184730753809729,0.2932509804516244,0.0,0.911725640296936,1.0,0.3587324321269989,0
2011-07-06,NVDA,0.3633110164640557,0.3639978095727173,0.3543827606324857,0.3587324321269989,529580000,-0.0132239755888776,0.3616626471281051,0.3714722767472267,0.3644441738968096,0.3742209752825362,37.70200249312994,-0.013839998861251,-0.0151107749617023,0.0012707761004513,0.0184837395178542,0.2934202683764351,0.0,0.0,0.0,0.360105961561203,1
2011-07-07,NVDA,0.3605638417898206,0.3623952535422389,0.3536959385561999,0.360105961561203,986136000,0.0038288409722537,0.3616397559642791,0.3693661227822303,0.3636554080176084,0.3728766882614568,38.63680631826636,-0.0132951799358925,-0.0147476559565404,0.0014524760206478,0.0179909340394974,0.2855972239336621,0.0,0.0,0.0,0.353237897157669,0
2011-07-08,NVDA,0.3550693352234866,0.3575875659752981,0.3502618137120278,0.353237897157669,619516000,-0.0190723429674926,0.3598540961742401,0.3671455040574073,0.3617613151339831,0.3710063272039532,35.748241307099036,-0.0132646952609118,-0.0144510638174147,0.0011863685565028,0.0182072309547242,0.2890308310159055,0.0,0.0,0.0,0.340875893831253,0
2011-07-11,NVDA,0.3465991510959317,0.3479727099154236,0.3399601879515918,0.340875893831253,714388000,-0.0349962544389685,0.3579081982374191,0.3645929411053658,0.3579639658062139,0.3681367621208389,31.22342778821424,-0.014075789353437,-0.0143760089246191,0.0003002195711821,0.0192738460422306,0.3059628206129335,0.0,0.0,0.0,0.3362972736358642,0
2011-07-12,NVDA,0.3392733583600366,0.3424783831747262,0.3305740442780367,0.3362972736358642,867604000,-0.0134319272152914,0.3562599211931229,0.3619488134980201,0.3540245672297867,0.3651044298841747,29.722822412380022,-0.0149161001326437,-0.014484027166224,-0.0004320729664196,0.0193313487501476,0.3068756478020992,0.0,0.0,0.0,0.3356104493141174,0
2011-07-13,NVDA,0.340875825289718,0.3431651168190654,0.3324054520892341,0.3356104493141174,634368000,-0.0020423130830685,0.3543369114398956,0.3591100841760635,0.350676545790574,0.362295479353693,29.493834327550474,-0.0154592686362339,-0.014679075460226,-0.0007801931760079,0.0190366410906154,0.3021973087425718,0.0,0.0,0.0,0.3223324418067932,0
2011-07-14,NVDA,0.3369839189153291,0.3390442696648819,0.3207299437470857,0.3223324418067932,1088996000,-0.0395637487880972,0.3505366683006287,0.356030973792076,0.3455230723389775,0.3584894757777978,25.41703242970698,-0.0167678682776797,-0.0150968340237168,-0.0016710342539629,0.0201245535996861,0.3194673844257561,0.0,0.0,0.0,0.3227903842926025,1
2011-07-15,NVDA,0.3241639700347497,0.3262243213574646,0.3161514502167382,0.3227903842926025,827736000,0.0014207148472002,0.3463243573904037,0.3536386594176292,0.3413898563305456,0.3550895623030173,25.797981399020216,-0.0175655065645293,-0.0155905685318793,-0.00197493803265,0.0192611300242321,0.3057609600851863,0.0,0.0,0.0,0.3159224689006805,0
2011-07-18,NVDA,0.3202721383223718,0.3221035493520288,0.3118017395029476,0.3159224689006805,818200000,-0.0212767037871127,0.3409445077180862,0.3513379111886024,0.3367594222523883,0.3513593629313661,23.83197109640105,-0.0185381280277752,-0.0161800804310585,-0.0023580475967167,0.0191666463249421,0.3042610778575628,0.0,0.9136765599250792,2.0,0.3255375623703003,1
2011-07-19,NVDA,0.3168382222145137,0.3262243279647777,0.3168382222145137,0.3255375623703003,602224000,0.0304349782498141,0.3371442764997482,0.3497354060411453,0.3347190840920086,0.3489001438303122,31.681630520879793,-0.0183218766691775,-0.0166084396786823,-0.0017134369904952,0.0208149672028955,0.3304273606009649,0.5,0.732375979423523,2.0,0.3214169144630432,0
2011-07-20,NVDA,0.3266822915390526,0.3285137033128703,0.3205011812856209,0.3214169144630432,662956000,-0.0126579798572363,0.3334127247333526,0.3475376859307288,0.3323005077958331,0.3462826934143819,30.243156905834752,-0.0182723653048245,-0.0169412248039107,-0.0013311405009137,0.0199352499533589,0.3164622822029979,0.0,0.0,0.0,0.3365261852741241,1
2011-07-21,NVDA,0.3218747029825174,0.3388154768237026,0.3170671798121995,0.3365261852741241,1143420000,0.0470083251104638,0.3310547471046448,0.3463472515344619,0.333068812791886,0.3453535021629287,40.84846057531447,-0.0168200443101617,-0.0169169887051609,9.694439499918424e-05,0.0231010950381866,0.3667185149058606,-0.5,0.7605877220630646,2.0,0.343394011259079,1
2011-07-22,NVDA,0.3395022216344188,0.3445386568716557,0.3351525519323246,0.343394011259079,737192000,0.0204079987991441,0.3300703585147858,0.3449622273445129,0.3349461216041028,0.3451668839816097,44.945670613031865,-0.0149426438020374,-0.0165221197245362,0.0015794759224988,0.0224783216500972,0.3568322938576577,0.0,0.0,0.0,0.3378998339176178,0
2011-07-25,NVDA,0.3381287740498169,0.3395023602619813,0.3330923367560728,0.3378998339176178,566920000,-0.0159996306322186,0.3297727525234222,0.3438404753804206,0.3354831602065601,0.3444747839755152,42.41459249389703,-0.0137397413821472,-0.0159656440560584,0.0022259026739111,0.0218866579742992,0.3474399241819467,0.0,0.0,0.0,0.3296583890914917,0
2011-07-26,NVDA,0.3282848029185971,0.3365262653749358,0.324850864776875,0.3296583890914917,698276000,-0.0243902008786882,0.329108864068985,0.3426843926310539,0.3344241109129113,0.3430636987484654,38.8778361948408,-0.0132981554110166,-0.0154321463270501,0.0021339909160334,0.0220475382955817,0.3499938201076927,0.0,0.7532508373260498,1.0,0.3172961175441742,0
2011-07-27,NVDA,0.3250796978391552,0.3266822237444522,0.3163803845567891,0.3172961175441742,652212000,-0.0375002486100438,0.3272774308919907,0.3408071711659431,0.3313099303004136,0.3406096433956757,34.262639072952325,-0.0137868016777401,-0.0151030773971881,0.0013162757194479,0.0232160091479063,0.3685427198445647,0.0,0.0,0.0,0.3166093528270721,0
2011-07-28,NVDA,0.3161514999378519,0.3232482879470411,0.3111150362848986,0.3166093528270721,648176000,-0.0021644283655833,0.3267051219940185,0.3386208951473236,0.3286370980325333,0.3383239014367611,34.02102073725672,-0.0140673142951669,-0.0148959247767838,0.0008286104816169,0.0227136005957444,0.3605672313311294,0.0,0.8551883101463318,1.0,0.3166093528270721,0
2011-07-29,NVDA,0.3134043280215101,0.319585437542769,0.3118018292639841,0.3166093528270721,677656000,0.0,0.3260870188474655,0.3362056881189346,0.326450235267904,0.3362558491882193,34.02102073725672,-0.0141267778638612,-0.0147420953941993,0.000615317530338,0.0223313358035933,0.3544989658810841,0.0,0.0,0.0,0.3335500955581665,1
2011-08-01,NVDA,0.3239350493686792,0.3344658012473998,0.3211879050104717,0.3335500955581665,1019620000,0.0535067665557789,0.3278497815132141,0.3343971446156501,0.3277411189570426,0.3359981583663095,45.09735776373279,-0.0126609789278637,-0.0143258721009322,0.0016648931730684,0.025787347239794,0.4093614466113774,0.0,0.9434985518455504,1.0,0.3301161229610443,0
2011-08-02,NVDA,0.3312607685953477,0.3520933300558707,0.3301161229610443,0.3301161229610443,1356432000,-0.0102952229450743,0.3283076375722885,0.3327259570360183,0.3281729378668611,0.335437964518189,43.503095411448605,-0.0116422114338712,-0.01378913996752,0.0021469285336487,0.0256711229434793,0.4075164431052653,0.0,0.7161720991134644,2.0,0.3390443921089172,1
2011-08-03,NVDA,0.3308029588438592,0.3401890378921621,0.3275979342764687,0.3390443921089172,765236000,0.0270458439526943,0.3300703853368759,0.3317415550351142,0.3301495659108712,0.3357814338125441,48.5916825416446,-0.0099991304004699,-0.01303113805411,0.00303200765364,0.0265162350681544,0.420932182176399,0.0,0.8844342529773712,2.0,0.3067654371261596,0
2011-08-04,NVDA,0.3328633830602274,0.3328633830602274,0.3067654371261596,0.3067654371261596,979732000,-0.0952056890897874,0.3270943105220795,0.3290745288133621,0.3258979061318327,0.3330180055566979,35.975751387415,-0.0111728253683616,-0.0126594755169603,0.0014866501485987,0.0335806975451244,0.533077047338859,0.0,0.0,0.0,0.2964635789394378,0
2011-08-05,NVDA,0.313862235878671,0.3177540267159996,0.2884510571547267,0.2964635789394378,1270588000,-0.0335821997524613,0.3224012672901153,0.3262358129024505,0.32054621027867,0.3295366315931494,33.02843877279918,-0.0127868619607404,-0.0126849528057163,-0.000101909155024,0.0339993952333924,0.5397236670849083,0.0,0.0,0.0,0.2731127738952636,0
2011-08-08,NVDA,0.2820410286518672,0.2921139293549191,0.271281334922844,0.2731127738952636,1084180000,-0.0787644982486848,0.3159225612878799,0.322847656905651,0.3119219491180506,0.3241629308600174,27.52414990137666,-0.0157684436026153,-0.0133016509650961,-0.0024667926375192,0.0370858802480474,0.588720097729536,1.0,0.8614935278892517,2.0,0.2960056662559509,1
2011-08-09,NVDA,0.2783781000556071,0.2964635190931206,0.2747152500677424,0.2960056662559509,1329832000,0.0838221223935373,0.3125572890043259,0.3208330765366554,0.3090280795067597,0.3214812866120111,38.36841235370975,-0.0160985296168771,-0.0138610266954523,-0.0022375029214248,0.0426234112078178,0.6766256765107753,0.0,0.0,0.0,0.2824988663196563,0
2011-08-10,NVDA,0.2873063899513759,0.2955478512370348,0.2808963675392534,0.2824988663196563,1140052000,-0.0456302073779071,0.3090775638818741,0.3181774973869323,0.3042045862000136,0.3177686751555963,35.037408308014506,-0.017251150510526,-0.014539051458467,-0.0027120990520589,0.0435423084580882,0.6912127181385952,1.0,0.670448362827301,2.0,0.3069942593574524,1
2011-08-11,NVDA,0.282498819641101,0.3111149893193951,0.282498819641101,0.3069942593574524,1078792000,0.0867097038544528,0.3081160545349121,0.3174105882644653,0.3047117995013662,0.3167425403176779,44.45542781973812,-0.0160035583129563,-0.0148319528293649,-0.0011716054835914,0.0476365549629147,0.7562068664863922,0.3333333333333333,0.8385512034098307,9.0,0.2948611080646515,0
2011-08-12,NVDA,0.3397312725302809,0.3401891255033912,0.2900535836207052,0.2948611080646515,3195784000,-0.0395224044846829,0.30594123005867,0.3160141244530677,0.3029207646946907,0.3146585943888182,41.26429720853809,-0.0158116100184119,-0.0150278842671743,-0.0007837257512376,0.0483848453919478,0.7680856087884212,-0.0555555555555555,0.8275957538021935,18.0,0.3060785233974457,1
2011-08-15,NVDA,0.2978370642899501,0.3067653162048209,0.2962345659330769,0.3060785233974457,864152000,0.0380430481538265,0.303194072842598,0.315521927177906,0.3034949026406461,0.3138414447705923,45.18212929493104,-0.0145861973392336,-0.0149395468815862,0.0003533495423525,0.0490451448647946,0.7785675379642989,0.0,0.8618918061256409,4.0,0.2973792552947998,0
2011-08-16,NVDA,0.3026446312058302,0.3067653613662239,0.2918849393174391,0.2973792552947998,716868000,-0.02842168736991,0.2999203860759735,0.314114011824131,0.3023829667595831,0.3122736172014692,42.79793802538467,-0.0141538504182738,-0.0147824075889237,0.0006285571706498,0.0488607002552776,0.7756395705596083,0.0,0.0,0.0,0.2932585179805755,0
2011-08-17,NVDA,0.2982949537024154,0.303331416714762,0.2893667279814496,0.2932585179805755,553328000,-0.0138568418638996,0.2953417986631393,0.3127060920000076,0.3007239760724908,0.3104626553709079,41.676079342547965,-0.0139825394207275,-0.0146224339552845,0.0006398945345569,0.0488734160487789,0.7758414275235731,0.0,0.0,0.0,0.2733417451381683,0
2011-08-18,NVDA,0.2799807087581453,0.2827278538844566,0.2701367197487092,0.2733417451381683,802564000,-0.0679154112199613,0.2919994294643401,0.3095468699932098,0.2957453886298867,0.3069273305868374,36.6724619050072,-0.01527777861611,-0.0147535028874496,-0.0005242757286604,0.0493832478795601,0.783934756931844,0.0,0.0,0.0,0.2685341238975525,0
2011-08-19,NVDA,0.2687630639465976,0.2836434575813962,0.266702685376707,0.2685341238975525,761332000,-0.0175883169187555,0.2892064839601516,0.3058038756251335,0.2907978859512805,0.3032708347116675,35.56255598669294,-0.0165019753654063,-0.0151031973830409,-0.0013987779823653,0.0489134747887146,0.7764773403058001,0.0,0.0,0.0,0.2733417451381683,1
2011-08-22,NVDA,0.2760888902644796,0.2792939156539387,0.2703656598802831,0.2733417451381683,611876000,0.0179032041471567,0.289229381084442,0.302575971186161,0.2876240421670782,0.3004204452284771,37.59650335001029,-0.0168895332282485,-0.0154604645520824,-0.001429068676166,0.0493199846302783,0.7829304839834664,0.0,0.0,0.0,0.3028735220432281,1
2011-08-23,NVDA,0.2799806086887252,0.3031024620929753,0.2795227285892309,0.3028735220432281,938312000,0.1080397613256334,0.2899161666631698,0.3012367278337479,0.2903966748718327,0.3006540715917867,48.375971079896864,-0.0146448908522568,-0.0152973498121173,0.0006524589598604,0.0556798665181062,0.8838904790410865,0.4,0.8946937441825866,5.0,0.2985239326953888,0
2011-08-24,NVDA,0.302186810401973,0.3031025161833639,0.2907403243915248,0.2985239326953888,687500000,-0.0143610749414354,0.291518673300743,0.3002981185913086,0.2918743581124792,0.3004512012207012,47.08587401059667,-0.0130663503534898,-0.0148511499203918,0.001784799566902,0.0551581654284348,0.8756087309891947,0.0,0.0,0.0,0.2857038974761963,0
2011-08-25,NVDA,0.2925717729356429,0.297837149579321,0.2852460445703354,0.2857038974761963,690968000,-0.0429447485279981,0.2893896371126174,0.2987528458237648,0.2907524561786096,0.2990466961021769,43.411189771558455,-0.0127033786941237,-0.0144215956751382,0.0017182169810144,0.0559280507330251,0.8878302813131294,0.0,0.0,0.0,0.2978371083736419,1
2011-08-26,NVDA,0.2845592121976026,0.300813192785764,0.2795227490583927,0.2978371083736419,732660000,0.0424677822200745,0.2896872371435165,0.2978142336010932,0.2920405747595245,0.2989314972708878,47.58076025752986,-0.0113063398729537,-0.0137985445147013,0.0024922046417475,0.0568721640554671,0.9028176156769964,0.0,0.8316385746002197,1.0,0.3058496713638305,1
2011-08-29,NVDA,0.3063075515608241,0.3069943172752921,0.2992107359935583,0.3058496713638305,601528000,0.0269025006116319,0.289664351940155,0.2964292123913764,0.2945513195966711,0.2995903709940252,50.19082053894935,-0.00944376779592,-0.012927589170945,0.003483821375025,0.0558185607440541,0.8860921816219183,0.0,0.0,0.0,0.3131754398345947,1
2011-08-30,NVDA,0.3037893320606302,0.3156936445684667,0.3017289529614487,0.3131754398345947,684760000,0.0239521868311889,0.2912439703941344,0.2955821782350539,0.2979375232762935,0.3008841870740795,52.518640462755535,-0.0072924746063207,-0.0118005662580202,0.0045080916516994,0.0561029753075028,0.8906071228467007,0.0,0.0,0.0,0.3047049641609192,0
2011-08-31,NVDA,0.3154646553967528,0.3186696523879548,0.3021867600365477,0.3047049641609192,705808000,-0.0270470624329585,0.2923886150121689,0.293865206837654,0.2991679670734982,0.3012480706061594,49.63043949725868,-0.0061995908265424,-0.0106803711717246,0.0044807803451821,0.0559761163786025,0.8885932997819511,0.0,0.8762087821960449,1.0,0.3040182888507843,0
2011-09-01,NVDA,0.3088258134870494,0.3154647773795354,0.3037893760003293,0.3040182888507843,762312000,-0.0022535744109907,0.2954562693834305,0.2937278494238853,0.3000498437602774,0.3015119009151713,49.39329652329286,-0.0053274697608404,-0.0096097908895478,0.0042823211287073,0.0516862329226945,0.8204935111152527,0.0,0.0,0.0,0.2957766950130462,0
2011-09-02,NVDA,0.2971502532530283,0.301270982553978,0.2934873766987394,0.2957766950130462,471356000,-0.0271088751564652,0.2981805264949798,0.2936935052275657,0.2992729076244172,0.3009656908292547,46.52021273348253,-0.0052409212005705,-0.0087360169517523,0.0034950957511818,0.0514794655774076,0.8172111812659845,0.0,0.0,0.0,0.3017289340496063,1
2011-09-06,NVDA,0.2861617445348463,0.3024157270396198,0.2834145998653029,0.3017289340496063,696248000,0.0201240974590564,0.3010192453861237,0.2951243132352829,0.2997194578835425,0.3010383806597643,48.83497966847129,-0.00463856441453,-0.0079165264443079,0.0032779620297778,0.0480367150529014,0.7625592109827015,0.0,0.8059743642807007,2.0,0.3262244164943695,1
2011-09-07,NVDA,0.3262244164943695,0.3351526718410638,0.3172961884381891,0.3262244164943695,1606620000,0.0811837370582959,0.3033543348312378,0.2966352507472037,0.3045385412673292,0.3034370507392505,57.07006568954218,-0.0021597157470866,-0.0067651643048636,0.0046054485577769,0.0478150516579313,0.7590404136755575,0.5,0.8456659615039825,2.0,0.3246219456195831,0
2011-09-08,NVDA,0.3230194465080385,0.330803056506352,0.3193565680040656,0.3246219456195831,880164000,-0.0049121733192343,0.3059641361236572,0.2987414047122001,0.3081900693313753,0.3054546597754727,56.43019040529639,-0.0003208181344335,-0.0054762950707776,0.005155476936344,0.0463483351468287,0.7357570108822991,0.5,0.8957982063293457,2.0,0.3177540302276611,0
2011-09-09,NVDA,0.3218747612205839,0.3305740761410848,0.3150068853292169,0.3177540302276611,869828000,-0.0211566577201479,0.3091691493988037,0.2992793932557105,0.3099289713125182,0.3066260283899668,53.65363959417008,0.0005757017659753,-0.004265895703427,0.0048415974694023,0.0428472148261467,0.680178448810463,0.0,0.0,0.0,0.3253086805343628,1
2011-09-12,NVDA,0.3134043411720651,0.3280558252754656,0.3134043411720651,0.3253086805343628,916480000,0.0237751518093698,0.3119163066148758,0.3008017718791961,0.3127252820801263,0.308405328594195,56.20622680006042,0.0018741928603804,-0.0030378779906655,0.004912070851046,0.0419012275213447,0.6651613658988814,0.0,0.0,0.0,0.3326344788074493,1
2011-09-13,NVDA,0.3280558941804203,0.3342370052593231,0.3230194565487918,0.3326344788074493,853836000,0.0225195290241038,0.3145947873592376,0.3021295696496963,0.3163451360305486,0.310712866709743,58.588083118593694,0.0034545650289454,-0.0017393893867433,0.0051939544156888,0.0414123043372136,0.6573999509663329,1.0,0.7273322343826294,1.0,0.3498042523860931,1
2011-09-14,NVDA,0.3413338749781344,0.3541539248267625,0.3411049347952756,0.3498042523860931,1547192000,0.0516175401906631,0.3182576686143875,0.304750819504261,0.3224286117315567,0.3144358558217763,63.586777710199385,0.0060230486370412,-0.0001869017819864,0.0062099504190276,0.0418808224899731,0.6648374460678592,0.0,0.9009248316287994,2.0,0.3548405468463897,1
2011-09-15,NVDA,0.3575877187641677,0.3594191576125163,0.3516355493296624,0.3548405468463897,752908000,0.0143974649420153,0.3232712268829345,0.3078299209475517,0.3283216908433445,0.3182839216336443,64.92420453065465,0.0083685102967748,0.0015241806337658,0.0068443296630089,0.0415456041913476,0.6595160205493716,0.0,0.0,0.0,0.353924810886383,0
2011-09-16,NVDA,0.3555273095080929,0.3685762931332502,0.3520933721942111,0.353924810886383,1391588000,-0.0025806970712485,0.3282618790864944,0.3118590742349624,0.3329768035784424,0.321678292038667,64.46059848888261,0.0100377049074855,0.0032268854885097,0.0068108194189757,0.0374300165225484,0.5941830917262103,0.0,0.0,0.0,0.346599131822586,0
2011-09-19,NVDA,0.3479726905656983,0.3504909225305051,0.3376708771850535,0.346599131822586,968204000,-0.02069840496757,0.3333441227674484,0.3157623246312141,0.335453590531923,0.3240517053514212,60.72490207118999,0.0106467040087082,0.0047108491925494,0.0059358548161587,0.0375728006378401,0.5964497192876037,0.0,0.7532508373260498,1.0,0.3376708924770355,0
2011-09-20,NVDA,0.3509487913381693,0.3523223774339984,0.3360683935589102,0.3376708924770355,792436000,-0.0257595548453958,0.3369383186101913,0.3189787819981574,0.3358567363401253,0.3253487707919559,56.432419574152824,0.010290285875164,0.0058267365290723,0.0044635493460916,0.0385585043697483,0.6120972809337081,0.0,0.7532508373260498,1.0,0.3312607109546661,0
2011-09-21,NVDA,0.3395021690038057,0.3454543088921844,0.3310317709514401,0.3312607109546661,715252000,-0.0189835181686718,0.3374419480562209,0.3203981414437293,0.3350210953609508,0.325911812712214,53.50793657761226,0.0093824191718829,0.0065378730576344,0.0028445461142484,0.0316245779268544,0.5020246110710372,0.0,0.0,0.0,0.3092836737632751,0
2011-09-22,NVDA,0.3182119301137023,0.3186697831159126,0.3033315301535073,0.3092836737632751,1314632000,-0.0663436274348835,0.3359081208705902,0.3209361284971236,0.3303415641613734,0.3243281804313627,44.9141076623137,0.0068110514754477,0.0065925087411971,0.0002185427342506,0.0352267943778749,0.5592080244591916,0.0,0.0,0.0,0.3156936168670654,1
2011-09-23,NVDA,0.3074521830650438,0.324621870932393,0.3056207442344246,0.3156936168670654,1011440000,0.0207251259848149,0.3357020795345306,0.3224356144666671,0.3276783010169538,0.3235058410442867,47.55958667705499,0.0052301628272558,0.0063200395584088,-0.001089876731153,0.0337638783461397,0.5359849524055476,0.0,0.0,0.0,0.3163804709911346,1
2011-09-26,NVDA,0.3195854963868258,0.3205012023338717,0.3021868650688315,0.3163804709911346,972124000,0.0021756984854035,0.3348092585802077,0.3233627825975418,0.3256241501031685,0.322827234372558,47.848604671760626,0.0039867636418203,0.0058533843750911,-0.0018666207332708,0.0326275307208185,0.5179459930884348,0.0,0.631861686706543,1.0,0.3168382048606872,1
2011-09-27,NVDA,0.3243928988912181,0.3271400429901807,0.3143200008076819,0.3168382048606872,781388000,0.0014467829449733,0.3332296311855315,0.3239122092723846,0.3240267055136264,0.3222568506095227,48.05407234631114,0.0030036716696991,0.0052834418340127,-0.0022797701643136,0.032160816928453,0.5105371413201778,0.0,0.0,0.0,0.3072232902050018,0
2011-09-28,NVDA,0.3175251045090519,0.3255376540360494,0.302186853114458,0.3072232902050018,1236532000,-0.0303464497279078,0.3289715349674224,0.323614601790905,0.3209715390938764,0.3208250829519493,44.12176446899594,0.0014322113011198,0.0045131957274341,-0.0030809844263143,0.0325225173722969,0.516278957861253,0.0,0.6282750368118286,1.0,0.2996685802936554,0
2011-09-29,NVDA,0.3127175651419628,0.3179829416415681,0.2918849719449531,0.2996685802936554,866416000,-0.0245902903595145,0.323454338312149,0.3233627825975418,0.3170982738574726,0.3188101779368736,41.26449689651127,-0.0004179662603658,0.0035269633298741,-0.00394492959024,0.0324212991092634,0.5146721677485064,-1.0,0.9047911167144777,1.0,0.2863906025886535,0
2011-09-30,NVDA,0.2948609742643617,0.2964634725883331,0.2859327225328022,0.2863906025886535,677784000,-0.0443088751312878,0.316700917482376,0.3224813982844353,0.3115150608995055,0.3157225993322812,36.75883494819168,-0.0029219843233492,0.0022371737992294,-0.0051591581225787,0.0338829032598356,0.5378744143343089,0.0,0.0,0.0,0.2703656256198883,0
2011-10-03,NVDA,0.2827278180575401,0.2916560726998184,0.2703656256198883,0.2703656256198883,949896000,-0.0559549678792431,0.3090775668621063,0.3212108448147773,0.3040333453941205,0.3114028875501486,32.190481614809755,-0.0061288686115328,0.000563965317077,-0.0066928339286098,0.0355606197375546,0.5645073377574272,0.0,0.8936357498168945,1.0,0.2953188717365265,1
2011-10-04,NVDA,0.2637266167873436,0.2953188717365265,0.2625819710554388,0.2953188717365265,1361548000,0.0922944477850167,0.3048423647880554,0.3208903416991234,0.3024488956381943,0.3098710765202798,43.88519819253376,-0.0065809677954032,-0.000865021305419,-0.0057159464899842,0.0413203157740485,0.6559396777967506,0.0,0.0,0.0,0.3058496713638305,1
2011-10-05,NVDA,0.2946321250572011,0.3085968433837471,0.288679982691908,0.3058496713638305,856708000,0.0356590812005379,0.3023012608289718,0.3198716044425964,0.3030672184974008,0.3094880855529989,47.96390703864697,-0.0060201159857685,-0.0018960402414889,-0.0041240757442796,0.0376913435843266,0.5983315302241085,0.0,0.9113382697105408,1.0,0.3179829120635986,1
2011-10-06,NVDA,0.3074521600439321,0.3188986177650879,0.3069942799026796,0.3179829120635986,773192000,0.0396706023768607,0.3031711846590041,0.3195396527647972,0.305779162782164,0.3102971166492465,52.26866738304514,-0.0045442030194263,-0.0024256727970764,-0.0021185302223499,0.0388450614668163,0.6166462338252838,0.0,0.0,0.0,0.3239351809024811,1
2011-10-07,NVDA,0.3193565960161662,0.3287427059493191,0.3127176588472171,0.3239351809024811,806976000,0.0187188324059752,0.3039953410625458,0.3198487102985382,0.309080256985858,0.3115959799114593,54.26742601113933,-0.0028612502977439,-0.0025127882972099,-0.0003484620005339,0.0387426130559828,0.6150199157216081,0.0,0.0,0.0,0.3383576273918152,1
2011-10-10,NVDA,0.3294293738839128,0.3383576273918152,0.328742580953996,0.3383576273918152,534376000,0.0445226308829849,0.3061930567026138,0.3205011576414108,0.3144034152414866,0.3141447082429218,58.77234051952126,-0.0003595822027154,-0.002082147078311,0.0017225648755955,0.0396331389313171,0.6291565757348242,0.0,0.0,0.0,0.3346948325634002,0
2011-10-11,NVDA,0.335610538502284,0.3411048560071318,0.333550186494538,0.3346948325634002,816080000,-0.010825217260947,0.3079787194728851,0.3206041753292083,0.3180927638454709,0.3161018629401102,57.230474649776056,0.0013123232096721,-0.0014032530207143,0.0027155762303865,0.0394568766633506,0.6263584989754432,0.5,0.9006111025810242,2.0,0.334465891122818,0
2011-10-12,NVDA,0.3411048546705132,0.3413337947995946,0.3342369782842515,0.334465891122818,612064000,-0.0006840304011531,0.3107029795646667,0.3198372572660445,0.3210696960777158,0.31785081800513,57.12958857902696,0.002589002227426,-0.0006048019710863,0.0031938041985123,0.0376188367190461,0.5971805194208473,0.0,0.0,0.0,0.353924810886383,1
2011-10-13,NVDA,0.3328633068621683,0.354611603807261,0.3319476011613363,0.353924810886383,854832000,0.0581790857604058,0.3161286026239395,0.3197914704680442,0.3270433533156552,0.3212864363747731,63.0858733974278,0.0051120235218774,0.0005385631275064,0.004573460394371,0.0398072969209968,0.6319212481119894,0.0,0.893372505903244,2.0,0.3598770201206207,1
2011-10-14,NVDA,0.3601059329262137,0.3637688107208108,0.3511777058263359,0.3598770201206207,702452000,0.016817722440342,0.3234772443771362,0.3200890809297561,0.333013110916558,0.3249617300648538,64.70141891572351,0.0075053130388155,0.0019319131097682,0.0055733999290473,0.0399613401126972,0.6343666079704,0.0,0.0,0.0,0.3420203924179077,0
2011-10-17,NVDA,0.3557561657264048,0.3557561657264048,0.340188954157408,0.3420203924179077,611780000,-0.0496186938991769,0.3306427210569381,0.3198601439595222,0.334650798462258,0.3265863645746685,56.686288999616515,0.0078704064557009,0.0031196117789547,0.0047507946767461,0.0413106064751402,0.6557855474548538,0.0,0.0,0.0,0.3543826937675476,1
2011-10-18,NVDA,0.3401890631683139,0.3552984268364876,0.3381287115215916,0.3543826937675476,590916000,0.0361449247579794,0.3365491032600403,0.3206957340240478,0.3382384157904924,0.3292336340216094,60.34848135641619,0.0090529235543065,0.0043062741340251,0.0047466494202813,0.0415861500588489,0.6601596662419703,0.0,0.0,0.0,0.3472858667373657,0
2011-10-19,NVDA,0.3548405346710171,0.3610216439834197,0.3463701609898664,0.3472858667373657,557568000,-0.0200258848837492,0.3406927227973938,0.3214969918131828,0.3398834068717421,0.3309528942802528,57.350673079002206,0.0093101011926376,0.0053070395457476,0.00400306164689,0.0416161035825842,0.6606351636901322,0.0,0.0,0.0,0.3298872709274292,0
2011-10-20,NVDA,0.3378997925051847,0.3392733785490047,0.3168382853826749,0.3298872709274292,990308000,-0.0500987730177173,0.3418831586837768,0.3225271716713905,0.3380659276091397,0.3308514063418886,50.70115699632204,0.0080175734521598,0.00584914632703,0.0021684271251297,0.0403262400914151,0.6401592155530026,0.0,0.894947737455368,2.0,0.3314897418022156,1
2011-10-21,NVDA,0.3340079735731387,0.3395022899941048,0.325995452671759,0.3314897418022156,628428000,0.004857631730625,0.3426386147737503,0.323316977918148,0.3368702574624262,0.3309122001952531,51.26166630277795,0.0070413733440515,0.0060875917304343,0.0009537816136171,0.0401354077096392,0.6371298454073401,0.0,0.919381320476532,1.0,0.3438519835472107,1
2011-10-24,NVDA,0.3328633763894281,0.3491173606530767,0.3321765833250953,0.3438519835472107,535256000,0.0372929843252014,0.3431880503892898,0.3246905535459518,0.3381396622051142,0.3321445605144872,55.46805618262786,0.0071824623632933,0.0063065658570061,0.0008758965062871,0.0408499623018518,0.6484730479023822,0.0,0.0,0.0,0.3308028876781463,0
2011-10-25,NVDA,0.339044319170223,0.3417914902914175,0.3301160948978477,0.3308028876781463,577996000,-0.0379497472559228,0.3427988559007644,0.3253887876868248,0.3368057032002109,0.3320167821491214,50.51236305142509,0.0061701972536196,0.0062792921363288,-0.0001090948827092,0.0419628767436551,0.6661400169634044,0.0,0.0,0.0,0.3346948325634002,1
2011-10-26,NVDA,0.3372130648311032,0.3390444767088708,0.3250797837525453,0.3346948325634002,503116000,0.0117651478575984,0.3428217500448226,0.3267623648047447,0.3364219085389726,0.3322718345695289,51.892880053860694,0.0056172649533699,0.0061468866997371,-0.0005296217463671,0.0412527395697797,0.6548669388105051,0.0,0.0,0.0,0.3491173088550567,1
2011-10-27,NVDA,0.3470569572582635,0.3525512463767185,0.3392733491681912,0.3491173088550567,577732000,0.0430914220610934,0.3423409998416901,0.3292348012328147,0.3387301631418969,0.3338761654538649,56.712026598010425,0.0062705524000486,0.0061716198397994,9.893256024923278e-05,0.0414650638068792,0.6582374815825663,0.0,0.8171727061271667,1.0,0.3571298122406006,1
2011-10-28,NVDA,0.3461412072515911,0.3603348368114202,0.3452255015402188,0.3571298122406006,490156000,0.0229507480216926,0.342066279053688,0.3327717617154121,0.3420755538871158,0.336090798481173,59.15974948350786,0.0073501020668055,0.0064073162852006,0.0009427857816049,0.0396461790491914,0.6293635811885987,0.0,0.0,0.0,0.3388155400753021,0
2011-10-31,NVDA,0.3456834160061632,0.3477437951597293,0.3388155400753021,0.3388155400753021,519984000,-0.0512818351691122,0.3417457938194275,0.3361942574381828,0.3414828241031497,0.3363502976806139,51.93151682041611,0.006651173660716,0.0064560877603037,0.0001950859004123,0.0392372564186336,0.6228721356730649,0.0,0.9180667400360109,1.0,0.3218747079372406,0
2011-11-01,NVDA,0.3264532911068771,0.3273689968246011,0.31866968334419,0.3218747079372406,790824000,-0.0500001627265869,0.3384949952363968,0.3375220492482185,0.3379177120729844,0.3349716700860069,46.2966330373096,0.0046763779166043,0.0061001457915638,-0.0014237678749594,0.0367474972467722,0.5833484341139406,-1.0,0.8206003308296204,1.0,0.3163804709911346,0
2011-11-02,NVDA,0.3250797866501318,0.326682312993235,0.3097415346487636,0.3163804709911346,961608000,-0.0170694894958235,0.3354044556617737,0.3380485892295837,0.3340018500581025,0.3332010796960191,44.60616797150243,0.0026375945098006,0.0054076355352112,-0.0027700410254105,0.0363180185022723,0.576530670405931,0.0,0.0,0.0,0.335381418466568,1
2011-11-03,NVDA,0.3198142087987346,0.3360682111416927,0.3113438385801914,0.335381418466568,749372000,0.0600572703362776,0.3359538704156876,0.3389185145497322,0.3342526806778235,0.3334087310074999,51.237426587727775,0.0025259441234812,0.0048312972528652,-0.0023053531293839,0.0376819075191622,0.5981817373334287,0.0,0.8565359115600586,1.0,0.3392733633518219,1
2011-11-04,NVDA,0.3324054880213806,0.3404180092402287,0.3271401114766069,0.3392733633518219,654840000,0.011604533438521,0.3367322325706482,0.3396854236721992,0.3351655320730959,0.3339672674212449,52.49194745987932,0.0027201515994225,0.0044090681221766,-0.0016889165227541,0.0375625037010845,0.5962862604840776,0.0,0.0,0.0,0.3374418914318084,0
2011-11-07,NVDA,0.3367550985079092,0.3424783546800644,0.3296583110689715,0.3374418914318084,613536000,-0.0053982190111231,0.3360912233591079,0.3396396368741989,0.3355794155928618,0.3342981839936795,51.81636788944936,0.0026952092510628,0.0040662963479539,-0.001371087096891,0.0362943682150338,0.5761552337351205,0.0,0.0,0.0,0.3452254235744476,1
2011-11-08,NVDA,0.3417914869965598,0.3472857746049795,0.336297172097638,0.3452254235744476,549728000,0.0230662888641735,0.3375334769487381,0.3401661664247513,0.3373332352258774,0.3353388734775622,54.49669562382884,0.0032658614367914,0.0039062093657214,-0.0006403479289299,0.0365286716289893,0.5798746851230783,1.0,0.9062196612358092,1.0,0.3278269469738006,0
2011-11-09,NVDA,0.3372130553919442,0.341562699415661,0.326453360813409,0.3278269469738006,532244000,-0.0503974371890226,0.3368466883897781,0.3398342192173004,0.3356048191800452,0.3346234519057753,48.0609365324339,0.0022878231476464,0.0035825321221064,-0.00129470897446,0.0383787550779678,0.6092438493873609,0.0,0.0,0.0,0.3312607109546661,1
2011-11-10,NVDA,0.3358392926951881,0.3392732290005796,0.3230192529055266,0.3312607109546661,990484000,0.0104743188824556,0.3350610285997391,0.3387010142207146,0.3348149813208854,0.3343031908628125,49.33268550594562,0.0017694002683266,0.0032199057513504,-0.0014505054830238,0.0359591022603987,0.570833051700934,0.1428571428571428,0.7315748759678432,7.0,0.3429362177848816,1
2011-11-11,NVDA,0.3406469261637823,0.345683362272099,0.3221036258261657,0.3429362177848816,1751560000,0.0352456734049977,0.3336416691541671,0.3378539741039276,0.3362915697688847,0.3351253839030096,53.50170824935059,0.0022744438533972,0.0030308133717598,-0.0007563695183625,0.0367133388879493,0.5828061869781038,0.3846153846153846,0.8185172241467696,13.0,0.3362972736358642,0
2011-11-14,NVDA,0.3429362360652503,0.3463701736799468,0.3353815678548159,0.3362972736358642,500292000,-0.0193591222061645,0.3333898425102233,0.3375678181648254,0.3362926068356082,0.3352369924489957,50.935258028609105,0.0021146113015691,0.0028475729577216,-0.0007329616561525,0.0352310258342351,0.5592751967464684,0.0,0.8535853326320648,2.0,0.3406469523906708,1
2011-11-15,NVDA,0.3330922840012968,0.3431651569934548,0.3321765509080482,0.3406469523906708,505660000,0.01293402919322,0.3352670669555663,0.3368810310959816,0.3370843060274378,0.3357522267291553,52.54153965811799,0.0023122711539212,0.0027405125969616,-0.0004282414430403,0.0343400182690342,0.5451308901436757,0.0,0.0,0.0,0.3337790966033935,0
2011-11-16,NVDA,0.3342369768596046,0.3431652052074834,0.3326344505438955,0.3337790966033935,512420000,-0.0201612130655461,0.3370069295167922,0.336205692589283,0.3364833588594297,0.3355643095743208,49.770922430811666,0.0018929190534579,0.0025709938882608,-0.0006780748348029,0.0343438921219752,0.5451923856526618,0.0,0.0,0.0,0.3218747079372406,0
2011-11-17,NVDA,0.333092253077155,0.334007958794879,0.3159225389005098,0.3218747079372406,657504000,-0.0356654709276119,0.3356562584638595,0.3358050644397735,0.3338272405099408,0.334260537989837,45.310806554856626,0.0005931572685761,0.0021754265643239,-0.0015822692957478,0.0334059829270275,0.5303035387595065,0.0,0.8932170867919922,1.0,0.3188986182212829,0
2011-11-18,NVDA,0.3237061413872488,0.3237061413872488,0.3154646809000239,0.3188986182212829,501352000,-0.0092461123616397,0.3336187839508056,0.3351755082607269,0.3311129455483666,0.3327974980118794,44.24336955536782,-0.0006693431073885,0.0016064726299814,-0.00227581573737,0.0334314050933122,0.5307071031381738,0.0,0.0,0.0,0.334923654794693,1
2011-11-21,NVDA,0.3138621527092138,0.3381286517430892,0.3090546299961141,0.334923654794693,1330788000,0.0502511947614974,0.333366960287094,0.334729091823101,0.3318058017749714,0.3329999891340522,50.94474147819367,-0.0003725032410218,0.0012106774557807,-0.0015831806968026,0.0343341791684244,0.5450381972951128,0.0,0.7025778492291769,3.0,0.3452254235744476,1
2011-11-22,NVDA,0.3385864631495632,0.3470568618740882,0.3367550248499227,0.3452254235744476,1287480000,0.0307585583528566,0.333366960287094,0.3354502186179161,0.3342457330112398,0.3341643162236137,54.71298010200807,0.0006861021779185,0.0011057624002083,-0.0004196602222897,0.0338506112068143,0.5373617938846003,0.0,0.8013097842534384,3.0,0.3305741250514984,0
2011-11-23,NVDA,0.3415627335616185,0.3440809660105791,0.3303451849050413,0.3305741250514984,825340000,-0.0424398017134726,0.3336416780948638,0.335244183242321,0.3335781679276504,0.3338223932548408,48.95347275562788,0.0003389105051389,0.0009523920211944,-0.0006134815160554,0.0352269861763674,0.5592110691658698,0.0,0.0,0.0,0.3214169144630432,0
2011-11-25,NVDA,0.3262244113050848,0.3337790803888796,0.3205011812856209,0.3214169144630432,406620000,-0.0277009296690375,0.3326572984457016,0.3338591635227203,0.3313670309340855,0.3326409190841934,45.714406583384886,-0.000667457724239,0.0006284220721077,-0.0012958797963468,0.0342080503127239,0.5430359637831166,0.0,0.0,0.0,0.3395023047924042,1
2011-11-28,NVDA,0.3319476364408497,0.3445387412632701,0.3319476364408497,0.3395023047924042,690616000,0.0562676994133126,0.3323139071464538,0.3329777881503105,0.3328461716355979,0.3332943843897373,52.41151813475995,-5.607305321453371e-06,0.0005016161966219,-0.0005072235019433,0.0363138704946122,0.5764648228257014,0.0,0.8842915296554565,1.0,0.3413337171077728,1
2011-11-29,NVDA,0.3390443982095816,0.3456833602461662,0.3358394008750295,0.3413337171077728,623440000,0.005394403188186,0.3328175514936447,0.333103697001934,0.3343893617214479,0.3340600351247883,53.0432659570767,0.0006590959404162,0.0005331121453807,0.0001259837950355,0.0344197165287883,0.5463960607950802,0.0,0.0,0.0,0.3578167259693146,1
2011-11-30,NVDA,0.3516356421045293,0.3587324592803492,0.348659556602072,0.3578167259693146,730324000,0.048290010729697,0.3345345288515091,0.3349007979035378,0.3386488824937873,0.3363225771099813,58.396397184359934,0.0024872476695883,0.0009239392502222,0.001563308419366,0.033775968322686,0.536176874833336,0.0,0.0,0.0,0.3621663153171539,1
2011-12-01,NVDA,0.3548405596592358,0.3630820211291381,0.3532380608430079,0.3621663153171539,529760000,0.0121559139977496,0.3373732507228851,0.3371900901198387,0.342924779370763,0.3387838855106644,59.701938469694475,0.0042381913635583,0.0015867896728895,0.0026514016906688,0.0333620760169358,0.5296065381698676,-0.3333333333333333,0.8593924244244894,3.0,0.3598770201206207,0
2011-12-02,NVDA,0.3660581025198062,0.3674316885154078,0.3564430824221276,0.3598770201206207,546464000,-0.0063211157407844,0.3411734819412231,0.3384148702025413,0.3460070049616462,0.3407927554735174,58.65858969638765,0.0053790930298961,0.0023452503442908,0.0030338426856053,0.0310604744460878,0.4930697459281508,0.0,0.0,0.0,0.3543826937675476,0
2011-12-05,NVDA,0.3658291797409816,0.3662870326301966,0.3514066090518853,0.3543826937675476,644696000,-0.0152672330987724,0.3447218894958496,0.3391703367233276,0.3475298574718101,0.342087035311044,56.1235567846804,0.005773367811199,0.0030308738376724,0.0027424939735265,0.0312939694419367,0.4967763640765156,0.0,0.0,0.0,0.3493463099002838,0
2011-12-06,NVDA,0.3564431262663159,0.3571298920580812,0.3456834316551354,0.3493463099002838,573832000,-0.0142117094198943,0.3461641550064087,0.3397655576467513,0.3478601215497144,0.3427783947957336,53.82718243303505,0.005614716373393,0.0035476423448165,0.0020670740285764,0.031474712475954,0.499645570791819,0.0,0.0,0.0,0.3472858667373657,0
2011-12-07,NVDA,0.3470569539457455,0.3498040984787526,0.3399601388858437,0.3472858667373657,510016000,-0.0058979960701637,0.3463701993227005,0.3398685798048972,0.3477557115838328,0.3432076778377937,52.874021264650665,0.0052620656057236,0.003890526996998,0.0013715386087256,0.0311286962055732,0.4941527327857605,0.0,0.0,0.0,0.3362972736358642,0
2011-12-08,NVDA,0.3438519418462986,0.3495751712041261,0.3351526277642987,0.3362972736358642,491488000,-0.0316413483932866,0.3469425141811371,0.3402920961380004,0.3456723592296566,0.3425495441042767,47.993020112986976,0.0040492227841453,0.0039222661544274,0.0001269566297178,0.0297589207957443,0.4724082222672482,0.0,0.0,0.0,0.3411048352718353,1
2011-12-09,NVDA,0.3337790790440276,0.3438519802120066,0.3292004950469044,0.3411048352718353,555840000,0.014295571248599,0.3489113062620163,0.3407843023538589,0.3448419003282346,0.3424119527869013,50.16075169232514,0.0034363540056169,0.0038250837246653,-0.0003887297190483,0.0298304482469927,0.4735436853547527,0.0,0.0,0.0,0.3326344788074493,0
2011-12-12,NVDA,0.3337791249642066,0.3351527112685221,0.3264533950190635,0.3326344788074493,573208000,-0.0248321207690761,0.3482245236635208,0.3402692154049873,0.3426223691426372,0.3414807647888582,46.484434839912815,0.0022413274782079,0.0035083324753738,-0.0012670049971659,0.0293145787479031,0.4653545109334251,-1.0,0.7672576308250427,2.0,0.323477178812027,0
2011-12-13,NVDA,0.3369840143769486,0.3411047443338824,0.3214168274788131,0.323477178812027,516596000,-0.0275296175797914,0.3464388698339462,0.3396282106637954,0.3391414254461626,0.3397661375529696,42.82978919730559,0.0005490140741563,0.0029164687951303,-0.002367454720974,0.0296372925719797,0.4704774340723219,0.0,0.0,0.0,0.3108862042427063,0
2011-12-14,NVDA,0.3207301667253482,0.3225616060484821,0.3074522657457743,0.3108862042427063,636020000,-0.0389238419092226,0.3417458176612854,0.3381401732563972,0.3340041125000796,0.3370156677138969,38.363631833229896,-0.0017875372943674,0.0019756675772308,-0.0037632048715982,0.0305595295493492,0.485117492224247,0.0,0.898816704750061,1.0,0.308138906955719,0
2011-12-15,NVDA,0.3161514541642831,0.318211805512724,0.3074521413665761,0.308138906955719,435148000,-0.0088369868121986,0.3363430768251419,0.3368581637740134,0.3293013478556504,0.3342655000226419,37.44609065777541,-0.0038169555314107,0.0008171429555025,-0.0046340984869132,0.0303508936076583,0.4818054993266636,0.0,0.0,0.0,0.3092836737632751,1
2011-12-16,NVDA,0.310657260060423,0.3166094309607077,0.3079101147566442,0.3092836737632751,619116000,0.0037150998517709,0.3312837421894073,0.3362286120653152,0.3256617707479458,0.3318862784741307,38.110323152737216,-0.0052721370768514,-0.0004007130509682,-0.0048714240258831,0.0294212529046554,0.4670479106739304,0.0,0.0,0.0,0.3012710213661194,0
2011-12-19,NVDA,0.3106571266891144,0.3143200037152844,0.3001263757067544,0.3012710213661194,463276000,-0.0259071301748975,0.3259725749492645,0.335347232222557,0.3212270890421591,0.3289705397019392,35.2860140740905,-0.0069913411902677,-0.0017188386788281,-0.0052725025114396,0.0298818306878229,0.4743593563159061,-1.0,0.8152051568031311,1.0,0.3182119727134704,1
2011-12-20,NVDA,0.3081390688637763,0.3193566190174911,0.3081390688637763,0.3182119727134704,445208000,0.0562315992773945,0.3228591412305831,0.3345116481184959,0.3206788860733066,0.327945914274466,44.62922896650112,-0.0069072076538079,-0.0027565124738241,-0.0041506951799838,0.0304609398224865,0.4835524288296196,0.0,0.0,0.0,0.3140911757946014,0
2011-12-21,NVDA,0.3163804679305857,0.3198144061345621,0.3079100924855469,0.3140911757946014,548424000,-0.0129498487556265,0.3195396721363067,0.3329549357295036,0.3194811205680875,0.3266264153716217,43.00284358406892,-0.0070913009888126,-0.0036234701768218,-0.0034678308119908,0.0295316678925321,0.4688006942675463,0.0,0.0,0.0,0.3275980055332184,1
2011-12-22,NVDA,0.3150068991787986,0.3285137114427887,0.3150068991787986,0.3275980055332184,576560000,0.0430028946354408,0.3186697453260421,0.3328061297535896,0.3209569178344749,0.3267189477679643,49.49905936867406,-0.0060772532124302,-0.0041142267839435,-0.0019630264284867,0.0299025610614808,0.4746884407956118,0.0,0.8860259056091309,1.0,0.3243930041790008,0
2011-12-23,NVDA,0.3292005010899217,0.3296583813304498,0.3216458318978874,0.3243930041790008,248948000,-0.0097833359791092,0.3169985622167587,0.3329549342393875,0.3215816608062068,0.3264974293309201,48.09819682358451,-0.0054691845131801,-0.0043852183297908,-0.0010839661833892,0.0292921892713137,0.4649990890111826,0.0,0.9324206113815308,1.0,0.3218747079372406,0
2011-12-27,NVDA,0.3230193537296497,0.326911143965739,0.3209589749290083,0.3218747079372406,195712000,-0.0077631028083781,0.3159225851297378,0.3320735543966293,0.3216349421027584,0.3260571701505697,46.97329938755912,-0.0051313402522763,-0.0045344427142879,-0.0005968975379884,0.0262601240884064,0.4168665464137213,0.0,0.0,0.0,0.3138621151447296,0
2011-12-28,NVDA,0.3218746338472498,0.3225614266227091,0.3136331751227425,0.3138621151447296,233960000,-0.0248935147587715,0.314961078763008,0.3306999742984772,0.3202217008376622,0.3248957363404897,43.48826437961878,-0.0054473518347055,-0.0047170245383714,-0.000730327296334,0.0266609523829712,0.4232294983288613,0.0,0.0,0.0,0.319814383983612,1
2011-12-29,NVDA,0.3170672390688064,0.3205011770349417,0.3124886551139593,0.319814383983612,211112000,0.0189645979927766,0.3158538967370986,0.328799857199192,0.3201476432278349,0.324411798020787,46.654532953393144,-0.0051580363086101,-0.0048052268924192,-0.0003528094161909,0.0243484016177033,0.3865188930141952,0.0,0.0,0.0,0.3172961175441742,0
2011-12-30,NVDA,0.3186696760894902,0.3221036133885421,0.3168382374052277,0.3172961175441742,186956000,-0.007874150024368,0.3167696177959441,0.326556347310543,0.3196291840126239,0.3237341141658715,45.49319305295392,-0.005073470910871,-0.0048588756961095,-0.0002145952147614,0.0240012259273425,0.3810076497865434,0.0,0.0,0.0,0.3214169144630432,1
2012-01-03,NVDA,0.3273690573089775,0.3296583766072765,0.3207301214026049,0.3214169144630432,468044000,0.0129872276747771,0.317982941865921,0.3246333420276642,0.3199542259127001,0.3235134284798879,47.78372122347866,-0.0046206740967683,-0.0048112353762413,0.000190561279473,0.0243864624600761,0.3871230901558428,0.0,0.0,0.0,0.3250796794891357,1
2012-01-04,NVDA,0.321645742383922,0.3264532652474237,0.3186696581013022,0.3250796794891357,347372000,0.0113956822471881,0.3203638076782226,0.3231681913137436,0.3208861265629611,0.3236625952426734,49.802905724611705,-0.0039210751195719,-0.0046332033249074,0.0007121282053354,0.0245443945396864,0.3896301841959722,0.0,0.0,0.0,0.3367551267147064,1
2012-01-05,NVDA,0.3234772291390193,0.3383576527682025,0.3221036431761685,0.3367551267147064,563548000,0.0359156476465054,0.3222181230783462,0.3225386321544647,0.3237713993178239,0.3249095030019146,55.68545447724876,-0.002396896938594,-0.0041859420476447,0.0017890451090507,0.0259673144691744,0.4122183378098681,0.0,0.888488233089447,2.0,0.3328632414340973,0
2012-01-06,NVDA,0.3365261180984608,0.3367550308334194,0.3289714520347751,0.3328632414340973,533252000,-0.0115570186520316,0.3240953296422958,0.3218175008893013,0.3254244615207827,0.3256670019002177,53.43741672225253,-0.0014858889623368,-0.0036459314305831,0.0021600424682463,0.0260482783434908,0.4135035994695973,0.0,0.0,0.0,0.3328632414340973,0
2012-01-09,NVDA,0.3330921814595584,0.3392732619514821,0.3305739503414957,0.3328632414340973,508244000,0.0,0.3246218532323837,0.3216457992792129,0.3267769669595671,0.3263523580463015,53.43741672225253,-0.000755203066838,-0.0030677857578341,0.002312582690996,0.0250834049567712,0.3981867093020493,0.0,0.0,0.0,0.3314897418022156,0
2012-01-10,NVDA,0.3378997639814212,0.3381287040662359,0.3292004501161071,0.3314897418022156,546328000,-0.0041263181418416,0.3253315269947052,0.321165044605732,0.3276338351127759,0.3268416326897219,52.56880079976667,-0.0002836889818328,-0.0025109664026339,0.002227277420801,0.0248596717375984,0.3946350545543188,0.0,0.0,0.0,0.3248507678508758,0
2012-01-11,NVDA,0.3285136177348497,0.3314897020278016,0.3234771820878192,0.3248507678508758,484272000,-0.0200276904957769,0.3256291329860687,0.3207758590579033,0.3271278228833395,0.3266520265145937,48.46777488552159,-0.0004406409514446,-0.002096901312396,0.0016562603609513,0.0246409151138081,0.391162400809135,0.0,0.8556602895259857,2.0,0.3227903842926025,0
2012-01-12,NVDA,0.3255375557768969,0.3257664685402509,0.3156935701090185,0.3227903842926025,652364000,-0.0063425540653766,0.326521959900856,0.320741519331932,0.3263391976850237,0.3262842510648803,47.23617134921239,-0.0007229485510718,-0.0018221107601312,0.0010991622090593,0.0238793837275044,0.3790734648267558,0.0,0.0,0.0,0.3143200576305389,0
2012-01-13,NVDA,0.3205011397932485,0.3211879327647741,0.3127175588906527,0.3143200576305389,504300000,-0.0262409510141585,0.3259725272655487,0.3209132120013237,0.3241538994932991,0.3251448040711335,42.45945920260511,-0.0016115865631258,-0.0017800059207301,0.0001684193576042,0.0229365951420091,0.3641071600099708,0.0,0.0,0.0,0.3095125555992126,0
2012-01-17,NVDA,0.3191276032867927,0.3191276032867927,0.3090547026832592,0.3095125555992126,627176000,-0.0152949260303877,0.3251941710710525,0.3209818944334984,0.3214918369671016,0.3236560185023791,39.987814450869,-0.0026729517025546,-0.001958595077095,-0.0007143566254595,0.023124027594363,0.3670825579492786,0.0,0.92158442735672,1.0,0.3200433850288391,1
2012-01-18,NVDA,0.3154648002023007,0.3225616175996425,0.3138623009711159,0.3200433850288391,632676000,0.0340239167656348,0.3250568181276321,0.3215198799967765,0.3212284820692356,0.3233119581715657,47.233766738870315,-0.0026339784333327,-0.0020936717483425,-0.0005403066849901,0.0243104240064387,0.3859160171254281,0.0,0.0,0.0,0.3285135924816131,1
2012-01-19,NVDA,0.3227903643930057,0.3289714725611051,0.3193564275398413,0.3285135924816131,608312000,0.0264658101026231,0.3254002094268798,0.3228820085525513,0.3225530475987588,0.3238073519153798,52.229840797470295,-0.0018977409078427,-0.0020544855802426,0.0001567446723998,0.0239657770014287,0.38044491553327,0.0,0.0,0.0,0.3255375623703003,0
2012-01-20,NVDA,0.3280557665612324,0.3319475838126386,0.3243929166588294,0.3255375623703003,546272000,-0.0090590775524131,0.3242784529924392,0.3232482880353927,0.32309568664813,0.3239721338634674,50.42336335689143,-0.0015366940701664,-0.0019509272782273,0.0004142332080609,0.020801429961646,0.3302124635582602,0.0,0.0,0.0,0.334465891122818,1
2012-01-23,NVDA,0.3257665755754501,0.3346948312518993,0.32164584428559,0.334465891122818,562792000,0.0274264164402684,0.3244387179613113,0.3242670238018036,0.3251629965526187,0.3249715393167389,55.4065014422712,-0.0005240790795335,-0.0016655576384886,0.001141478558955,0.0212948037920062,0.3380445303093826,0.0,0.0,0.0,0.3420203924179077,1
2012-01-24,NVDA,0.3321764356469106,0.3433939779359078,0.3319475229209115,0.3420203924179077,730920000,0.0225867614474195,0.3253544330596923,0.3249881431460381,0.3282279776190349,0.3265952396120883,59.1481098063747,0.0008778909347248,-0.0011568679238459,0.0020347588585707,0.0197260353739255,0.3131411037160208,0.0,0.6819921135902405,2.0,0.3399601578712463,0
2012-01-25,NVDA,0.332863342415016,0.3408758636698841,0.3232482950767656,0.3399601578712463,1274152000,-0.0060237184458407,0.3262014746665954,0.3257665008306503,0.3303611013012551,0.3278680889701034,57.72561433036714,0.0018019468403533,-0.000565104971006,0.0023670518113594,0.0196220625674065,0.3114905865810431,-0.4,0.7610438108444214,5.0,0.3367551267147064,0
2012-01-26,NVDA,0.3449965879107909,0.3488884057086981,0.3349237151515857,0.3367551267147064,799672000,-0.0094276669848873,0.3273919105529784,0.3265105217695236,0.3315236513764281,0.3287144735172084,55.48986076348764,0.0022497152571719,-2.1409253704473164e-06,0.0022518561825424,0.0196714789421804,0.3122750472111197,0.0,0.0,0.0,0.3413337171077728,1
2012-01-27,NVDA,0.3346947550711883,0.3431651285615119,0.331947610600071,0.3413337171077728,449996000,0.0135962010073429,0.3292462438344955,0.3278841018676758,0.333307299691218,0.3299163062401193,57.99287080353093,0.0029401368657254,0.0005863146328487,0.0023538222328767,0.0187156878303951,0.297102333688461,0.0,0.0,0.0,0.3388155400753021,0
2012-01-30,NVDA,0.3353816021098716,0.3404180390010671,0.330345137928163,0.3388155400753021,399076000,-0.0073774634800453,0.3316957920789719,0.3288341596722602,0.3343087979428696,0.3307638523196606,56.12353299379977,0.0032466794240734,0.0011183875910936,0.0021282918329797,0.0185607632778219,0.2946429826599409,0.0,0.0,0.0,0.3381287753582001,0
2012-01-31,NVDA,0.3397312744182492,0.3399602145513342,0.3321766048031428,0.3381287753582001,357900000,-0.0020269575502629,0.3345574140548706,0.3298757925629615,0.3350033392911115,0.3314652735614262,55.59718570481148,0.0033950642496305,0.001573722922801,0.0018213413268294,0.01842515260907,0.2924902300320731,0.0,0.0,0.0,0.3417916893959045,1
2012-02-01,NVDA,0.3420206022623516,0.3456834810306856,0.337213104580746,0.3417916893959045,428020000,0.0108328965312818,0.3367322444915771,0.3308945313096046,0.3362375847647102,0.3324487417361385,57.86681591764315,0.0037648282470248,0.0020119439876458,0.001752884259379,0.0183720343379547,0.2916470036194042,0.0,0.0,0.0,0.3546117842197418,1
2012-02-02,NVDA,0.3436231737666471,0.3559853434698026,0.3401892074151909,0.3546117842197418,696236000,0.0375085036341757,0.33934206366539,0.3323711365461349,0.3395783483019887,0.3345595076869578,64.67295885255062,0.0050343109859501,0.0026164173873066,0.0024178935986434,0.0198507348397244,0.3151206463667786,0.0,0.0,0.0,0.3621663153171539,1
2012-02-03,NVDA,0.3598770234966823,0.3651424001418692,0.3591902304924386,0.3621663153171539,495232000,0.0213036662445789,0.3430049389600754,0.3336416959762572,0.3436852513956551,0.3371887274612622,67.95770188773179,0.006574189561415,0.0034079718221283,0.0031662177392867,0.0188804706215531,0.2997181794029439,0.0,0.0,0.0,0.3594190776348114,0
2012-02-06,NVDA,0.3603347832099683,0.3607926359975468,0.3562140535407537,0.3594190776348114,278868000,-0.0075855692982841,0.3455002576112747,0.334969487786293,0.3465459470755017,0.3393059036682669,65.57003913735292,0.0074865747320749,0.0042236924041176,0.0032628823279572,0.0187306117943599,0.297339244271819,0.0,0.582439661026001,1.0,0.3603348731994629,1
2012-02-07,NVDA,0.3598770202975409,0.3623952249033673,0.3539248507010222,0.3603348731994629,410296000,0.0025479881888239,0.3473317056894302,0.3363430693745612,0.3490530245525855,0.3413086626712379,65.99889789083954,0.0081891442443638,0.0050167827721669,0.0031723614721969,0.01871055210031,0.2970208065008254,0.0,0.0,0.0,0.3733837604522705,1
2012-02-08,NVDA,0.3603347787784863,0.3804805467987194,0.3585033403601917,0.3733837604522705,847612000,0.0362132233745369,0.3506740659475326,0.338437770307064,0.3534767947161646,0.3443634338884791,71.45484109912513,0.0096872037371861,0.0059508669651707,0.0037363367720153,0.0199087001127724,0.3160408165497566,0.8,0.8185610175132751,5.0,0.3731548488140106,0
2012-02-09,NVDA,0.3779623716165848,0.3800227229373989,0.3724680559435706,0.3731548488140106,561944000,-0.0006130733644725,0.3543140381574631,0.3408529743552208,0.3570546227339548,0.3471054734051964,71.23888125000748,0.0107322408303658,0.0069071417382097,0.0038250990921561,0.0190182736828073,0.3019057351828365,0.0,0.0,0.0,0.3639979064464569,0
2012-02-10,NVDA,0.3694921981969598,0.3708657847798468,0.3619375265721264,0.3639979064464569,440268000,-0.0245392560130385,0.3565804570913314,0.3429133504629135,0.3583170379544096,0.3487142765519831,63.032140676183175,0.0106982290098857,0.0076653591925449,0.0030328698173407,0.0201009537253151,0.3190927480344073,0.0,0.0,0.0,0.3697209656238556,1
2012-02-13,NVDA,0.3731549031859041,0.3745284891269275,0.3621662975292468,0.3697209656238556,610668000,0.0157227804776962,0.3596709996461868,0.3456833958625793,0.3603904793488544,0.3507149136064472,65.69230005077344,0.0110062047657135,0.0083335283071786,0.0026726764585348,0.0186742289178708,0.2964441938554626,0.8,0.9008511185646058,5.0,0.3717813789844513,1
2012-02-14,NVDA,0.3697210270212754,0.3749864042822424,0.3665160017234843,0.3717813789844513,453756000,0.0055728875345735,0.3630362600088119,0.3487968370318412,0.3624615520098719,0.3527212436424475,66.62348332729519,0.0112864329363303,0.008924109233009,0.0023623237033213,0.017850501635936,0.2833679286386311,0.0,0.0,0.0,0.3701788783073425,0
2012-02-15,NVDA,0.3752153427110296,0.3868907432242833,0.3692631723924072,0.3701788783073425,1110856000,-0.0043103306612239,0.3658749788999557,0.3513036116957664,0.3638647022457756,0.3543838755152947,65.14254546366425,0.0112495297916443,0.009389193344736,0.0018603364469083,0.0171050360107406,0.271534028707345,-0.5,0.7275372073054314,4.0,0.3765889108181,1
2012-02-16,NVDA,0.3447677337813257,0.3795649960503903,0.3433941475847255,0.3765889108181,1888588000,0.0173160406667922,0.3680726915597915,0.3537073776125907,0.3661781947134709,0.3564986407822285,68.1886083423268,0.0116037589265333,0.0098321064610955,0.0017716524654377,0.0166866548100907,0.2648924330464788,-0.25,0.8672774732112885,4.0,0.3628530502319336,0
2012-02-17,NVDA,0.3768177390173956,0.3793359432424661,0.3594191130509682,0.3628530502319336,1020360000,-0.036474415978757,0.3681413650512695,0.3555731520056724,0.365573622989555,0.3571038226345814,56.74526017999391,0.0106533141401392,0.0099963479969042,0.0006569661432349,0.0190346980899217,0.3021664645627746,0.0,0.0,0.0,0.364684522151947,1
2012-02-21,NVDA,0.3626241432809339,0.3736127487214757,0.3619373503239296,0.364684522151947,518176000,0.0050474204883843,0.3686679095029831,0.3570840835571288,0.3654119682918081,0.3578257940171876,57.763060995539554,0.0099333587012258,0.0099837501377685,-5.039143654272417e-05,0.0183295904807434,0.2909732282742248,0.0,0.0,0.0,0.3621663153171539,0
2012-02-22,NVDA,0.3628531083213976,0.3717813355050325,0.3617084624111618,0.3621663153171539,492432000,-0.0069051650997787,0.3688510537147522,0.3580913797020911,0.3648218495691437,0.3582391769981368,55.81823388963247,0.009055207784188,0.0097980416670524,-0.0007428338828644,0.0179803670472959,0.2854294781328351,-1.0,0.7222943305969238,1.0,0.3642266392707824,1
2012-02-23,NVDA,0.3628530806575261,0.3662870181264306,0.3571298242521762,0.3642266392707824,323968000,0.0056888889620347,0.3679353415966034,0.3593047037720679,0.3647136295148961,0.3588094115002935,57.091169038659466,0.0084283608821351,0.009524105510069,-0.0010957446279338,0.0178606875394615,0.2835296248442722,0.0,0.0,0.0,0.3614794909954071,0
2012-02-24,NVDA,0.3653712812949335,0.3658291614517674,0.3598769923180149,0.3614794909954071,366668000,-0.0075424144726903,0.366767805814743,0.360540921986103,0.3641256043295345,0.3590637047855424,54.823090982960736,0.0076220460863984,0.0091436936253349,-0.0015216475389364,0.017793135181987,0.2824572644141496,0.0,0.0,0.0,0.3541538417339325,0
2012-02-27,NVDA,0.3569009868310875,0.3585034858635517,0.3491173772168809,0.3541538417339325,745268000,-0.0202657396725384,0.3657833993434906,0.361181928217411,0.3623125565848796,0.3585960987806272,49.2089668396472,0.0063190747687503,0.008578769854018,-0.0022596950852676,0.018402411301207,0.2921292229615098,0.0,0.0,0.0,0.3509486615657806,0
2012-02-28,NVDA,0.3541536855074033,0.3582744149806308,0.3472857848583555,0.3509486615657806,699884000,-0.0090502481985212,0.363906168937683,0.3617885842919349,0.3602463938541343,0.3578677714268323,46.94386194973936,0.0049705321586749,0.0078571223149493,-0.0028865901562744,0.0184510396234652,0.2929011736457272,0.0,0.0,0.0,0.3468280732631683,0
2012-02-29,NVDA,0.3520934504393378,0.3580456206890101,0.3465991604323433,0.3468280732631683,689196000,-0.0117412851333525,0.3614108383655547,0.3622235491871833,0.3578066992012313,0.3568163716017214,44.13142080891261,0.0035286295407871,0.0069914237601169,-0.0034627942193297,0.0186868236453015,0.2966441289551366,0.0,0.0,0.0,0.3491173088550567,1
2012-03-01,NVDA,0.3482016030988174,0.3532380393391527,0.3468280171739489,0.3491173088550567,449944000,0.0066004910454622,0.3593046814203262,0.362589830160141,0.3562268100473814,0.3560831275306105,46.06469611949395,0.0025413385393359,0.0061014067159607,-0.0035600681766248,0.0185985677134853,0.2952431094712644,0.0,0.0,0.0,0.3520934283733368,1
2012-03-02,NVDA,0.3479726974810838,0.3571298651125295,0.3479726974810838,0.3520934283733368,684076000,0.0085246976955692,0.3568551331758499,0.3624639123678207,0.3554752861066459,0.3557031561822987,48.556977742231346,0.0019762700691233,0.0052763793865932,-0.0033001093174698,0.0166496425550239,0.2643048817122684,0.0,0.0,0.0,0.3401890397071838,0
2012-03-05,NVDA,0.3495751460960729,0.3502619390277857,0.3376708353449146,0.3401890397071838,514848000,-0.0338103119991503,0.3545887321233749,0.3613650485873222,0.352695968579471,0.3542256212799068,40.49615783047589,0.0005613931681626,0.0043333821429071,-0.0037719889747445,0.0174411369090083,0.2768694650607953,0.0,0.0,0.0,0.3369840085506439,0
2012-03-06,NVDA,0.3362972156879449,0.3390443598482352,0.3310318401279269,0.3369840085506439,471400000,-0.0094213239770998,0.3518186807632446,0.3602432951331138,0.3498392485742297,0.3525835629247389,38.63649122964745,-0.0008091982643729,0.0033048660614511,-0.004114064325824,0.0174714536203651,0.2773507279337119,0.0,0.0,0.0,0.3390443921089172,1
2012-03-07,NVDA,0.3388154793265731,0.3404179779650143,0.3342368961935937,0.3390443921089172,441984000,0.0061141879317505,0.3495064884424209,0.3591787710785866,0.3478765473987183,0.3512941180851368,40.52726549040234,-0.0017094407465897,0.0023020046998429,-0.0040114454464327,0.0175498503944781,0.2785952381410685,-1.0,0.968575656414032,1.0,0.3401890397071838,1
2012-03-08,NVDA,0.3399601269236184,0.3436230043657479,0.3381286882025537,0.3401890397071838,430852000,0.0033760994869924,0.3471027284860611,0.3575190350413322,0.3464788187275302,0.3502364915729508,41.6037867039212,-0.0023039672049141,0.0013808103188915,-0.0036847775238056,0.0150577769428769,0.2390347985300092,0.0,0.0,0.0,0.3392733633518219,0
2012-03-09,NVDA,0.341104802231375,0.3436230341020744,0.3374419244722688,0.3392733633518219,367836000,-0.0026916691853154,0.3448821157217026,0.3558249607682228,0.3451687359319468,0.3491923841233195,40.96497587404926,-0.0028165536583888,0.0005413375234354,-0.0033578911818243,0.0150364373606099,0.2386960431634468,0.0,0.0,0.0,0.3340080082416534,0
2012-03-12,NVDA,0.340646971194768,0.3429362631184946,0.3330923023883678,0.3340080082416534,299948000,-0.015519506330087,0.3428675323724747,0.3543254658579826,0.3431395127155298,0.3477462530869703,37.40804989281581,-0.0036060835819123,-0.0002881466976341,-0.0033179368842782,0.0145350751315135,0.2307371645137452,0.0,0.0,0.0,0.3385865986347198,1
2012-03-13,NVDA,0.335381600795748,0.3404180376672093,0.3337790745857492,0.3385865986347198,553288000,0.0137080257960575,0.3416313260793686,0.3527687475085258,0.3423117101553825,0.3468739050438988,42.11477324761123,-0.0038183225096486,-0.000994181860037,-0.0028241406496116,0.0143961317434071,0.2285315066062679,-1.0,0.960054337978363,1.0,0.3289715945720672,0
2012-03-14,NVDA,0.3385866158689038,0.3392734089523594,0.3278269485298126,0.3289715945720672,735708000,-0.0283974737967276,0.3398456782102584,0.3506282582879066,0.3398862345947797,0.3451689230942006,35.99368230525991,-0.004708101794102,-0.00173696584685,-0.002971135947252,0.015155290050965,0.2405827711314295,0.0,0.0,0.0,0.3337790966033935,1
2012-03-15,NVDA,0.3298873054592031,0.3356105357566933,0.3287426593997051,0.3337790966033935,382380000,0.0146137299105717,0.3383118569850921,0.3488082692027092,0.3387758458690731,0.3440841777141237,40.6393456282951,-0.0049680642988632,-0.0023831855372526,-0.0025848787616105,0.0158407750316422,0.2514645078494799,0.0,0.0,0.0,0.3342369794845581,1
2012-03-16,NVDA,0.3340080393546546,0.3356105383924342,0.3321766001869715,0.3342369794845581,428340000,0.0013718141304357,0.3365262120962142,0.3466906726360321,0.3379505974355249,0.343146349311308,41.07799952034732,-0.0050785962388667,-0.0029222676775754,-0.0021563285612912,0.0150372047703469,0.2387082254153528,0.0,0.0,0.0,0.3351527154445648,1
2012-03-19,NVDA,0.336068448755691,0.3376709479370151,0.3335502162632408,0.3351527154445648,405400000,0.0027397805036979,0.3360225796699523,0.3453056558966637,0.3374418916189867,0.3423850508478086,42.00108877071827,-0.0050342694344944,-0.0033446680289592,-0.0016896014055351,0.0132870918182223,0.2109260435897836,0.0,0.0,0.0,0.3296583890914917,0
2012-03-20,NVDA,0.3333212400683532,0.3333212400683532,0.326682303910563,0.3296583890914917,449616000,-0.0163935009322098,0.3352900177240371,0.3435543492436409,0.3360267093412603,0.3411729878233975,38.1402746495169,-0.0053804637049949,-0.0037518271641664,-0.0016286365408285,0.0133935930161216,0.2126166976936165,0.0,0.0,0.0,0.3310319185256958,1
2012-03-21,NVDA,0.3296583597655056,0.3340080034418758,0.3259954818239746,0.3310319185256958,467840000,0.0041665235275505,0.334488770365715,0.3419976294040679,0.3351185655566122,0.3402071716998068,39.63416176622928,-0.0054808134070175,-0.0040976244127366,-0.0013831889942809,0.0135365753700739,0.214886472196187,0.0,0.0,0.0,0.3305741250514984,0
2012-03-22,NVDA,0.3285137456049351,0.3333212703563992,0.3275980396001405,0.3305741250514984,425372000,-0.0013829284989684,0.3335272789001464,0.3403150036931038,0.3342923036465915,0.3392897386856822,39.29355954377107,-0.0055334946939283,-0.0043847984689749,-0.0011486962249533,0.0133503501550988,0.211930238556145,0.0,0.0,0.0,0.3330923318862915,1
2012-03-23,NVDA,0.3296583936965996,0.33400803782067,0.3273690742796235,0.3330923318862915,315456000,0.0076176767749163,0.3329091757535934,0.338895645737648,0.3340741269629005,0.3386995094666926,42.23428471776475,-0.0053108268413658,-0.0045700041434531,-0.0007408226979126,0.0136112901337515,0.2160725322999226,0.0,0.0,0.0,0.3369840085506439,1
2012-03-26,NVDA,0.3362972156879449,0.3385865070366044,0.3330922187160238,0.3369840085506439,288600000,0.0116834771977907,0.3332067757844924,0.3380371540784835,0.3346031963424902,0.3385361284270689,46.54397781792578,-0.0047654025866021,-0.0046090838320829,-0.0001563187545192,0.0134749838249739,0.2139087367289936,0.0,0.0,0.0,0.3392733633518219,1
2012-03-27,NVDA,0.3383576575573007,0.3433940940081887,0.3376708645661544,0.3392733633518219,419968000,0.0067936600642399,0.3332754522562027,0.3374533891677856,0.3354523176169142,0.3386063412770454,48.95653372115686,-0.0041011427152649,-0.0045074956087193,0.0004063528934544,0.0135287280797737,0.2147619003245871,0.0,0.0,0.0,0.3470569252967834,1
2012-03-28,NVDA,0.3436229880913629,0.3516355082373441,0.3411047565578518,0.3470569252967834,892448000,0.0229418598267321,0.3350839853286743,0.3374648317694664,0.3375622462859813,0.3394111588027347,56.195112159699505,-0.0029130635986331,-0.0041886092067021,0.0012755456080689,0.0143581634355771,0.2279287784049476,0.0,0.0,0.0,0.3486593961715698,1
2012-03-29,NVDA,0.3465990449281876,0.351406540259581,0.3422493751058736,0.3486593961715698,372700000,0.0046173142155745,0.3365720152854919,0.337441936135292,0.3395799099015428,0.3402919433140524,57.53043828873064,-0.0018212026414757,-0.0037151278936568,0.0018939252521811,0.0143179301926462,0.2272900954735507,0.0,0.0,0.0,0.3525512516498565,1
2012-03-30,NVDA,0.3516355458799209,0.3546116305679765,0.3465991095642552,0.3525512516498565,527240000,0.0111623421626405,0.3384034425020218,0.337464827299118,0.3419383356739635,0.3414594964888908,60.66645994204092,-0.0006345401708881,-0.003099010349103,0.0024644701782149,0.0144121055093501,0.2287850822793859,0.0,0.0,0.0,0.3509486615657806,0
2012-04-02,NVDA,0.3516354543597357,0.3546115382732057,0.3459122265609482,0.3509486615657806,407776000,-0.0045456939284038,0.3399830371141433,0.3380028083920478,0.3435765767452029,0.3423632264962137,58.74289415837998,0.0001745704209665,-0.0024442941950891,0.0026188646160557,0.0120776974869149,0.19172750376388,0.3333333333333333,0.7760404745737711,3.0,0.3452254235744476,0
2012-04-03,NVDA,0.3534668822775792,0.3539247350298638,0.343393985274807,0.3452254235744476,430476000,-0.0163079065918029,0.3415397405624389,0.338414879143238,0.3438763670777928,0.3426358166941407,52.35810779030427,0.0003499449717325,-0.0018854463617248,0.0022353913334573,0.012500060692536,0.1984323117939849,0.0,0.0,0.0,0.335381418466568,0
2012-04-04,NVDA,0.339959999913402,0.344309641371695,0.3333210404411938,0.335381418466568,495896000,-0.028514716575492,0.3419746905565262,0.3382317304611205,0.342331830966661,0.3419449216248481,43.58349782695041,-0.0003019180523327,-0.0015687406998463,0.0012668226475136,0.0140925724500847,0.2237126522165064,0.0,0.0,0.0,0.334923654794693,0
2012-04-05,NVDA,0.3358393604112332,0.339960090266675,0.3337789818382596,0.334923654794693,369424000,-0.0013649046925974,0.3424096435308456,0.337968461215496,0.340984889844485,0.3412762295457857,43.22076198165651,-0.0008457130444156,-0.0014241351687602,0.0005784221243445,0.014064707549155,0.2232703106275015,0.0,0.7133354842662811,2.0,0.3305741250514984,0
2012-04-09,NVDA,0.3296584190467038,0.3317187712027502,0.3241641011463853,0.3305741250514984,365504000,-0.0129866304781035,0.3421578228473663,0.3375334993004798,0.3390920235184874,0.3402569814987107,39.8287978221443,-0.0016090965300413,-0.0014611274410164,-0.0001479690890248,0.0143279371783785,0.2274489514472773,0.0,0.0,0.0,0.3241640925407409,0
2012-04-10,NVDA,0.329200530014442,0.3337791144979004,0.3225615934296337,0.3241640925407409,470360000,-0.0193906056917156,0.340875831246376,0.3370413035154342,0.3363778542498062,0.3387243254074755,35.41738285628007,-0.0027001933469305,-0.0017089406221992,-0.0009912527247312,0.0145558952324306,0.2310676733695339,0.0,0.0,0.0,0.3282847702503204,1
2012-04-11,NVDA,0.3285136830626803,0.3353815859532001,0.3273690371293457,0.3282847702503204,372960000,0.0127117031293697,0.3397769719362259,0.3365262120962142,0.3349063844317179,0.337730082059175,40.01680634438228,-0.003195554815274,-0.0020062634608142,-0.0011892913544597,0.0145031010458129,0.2302295916387715,0.0,0.0,0.0,0.336068332195282,1
2012-04-12,NVDA,0.3287425774091735,0.3378997436013012,0.3273689915641512,0.336068332195282,384868000,0.0237097868994244,0.3386781126260757,0.336881048977375,0.3351176476614568,0.3375718201673756,47.60703952974679,-0.0029263310263123,-0.0021902769739138,-0.0007360540523985,0.0140803014732111,0.2235178564975991,0.0,0.0,0.0,0.3241640925407409,0
2012-04-13,NVDA,0.3330923486577946,0.3349237879092812,0.3239351524003616,0.3241640925407409,311324000,-0.0354220809106874,0.3362285822629928,0.3364002987742424,0.333126092184963,0.3362948937267437,39.396195913016975,-0.0036316781609488,-0.0024785572113208,-0.001153120949628,0.0158929372545207,0.2522925574668934,0.0,0.9417126774787904,1.0,0.320272296667099,0
2012-04-16,NVDA,0.3264533801744155,0.3273690861419751,0.315006919127342,0.320272296667099,463468000,-0.0120056353038323,0.333000686764717,0.3357020646333694,0.3307890384544422,0.3347689321020157,37.14090699667515,-0.0044533705650606,-0.0028735198820688,-0.0015798506829918,0.0160535075591694,0.2548415320311474,-1.0,0.51063472032547,1.0,0.3209590017795563,1
2012-04-17,NVDA,0.3211879418733939,0.3250797324350598,0.3198143558913892,0.3209590017795563,460696000,0.0021441289790076,0.3300017207860946,0.3349923789501189,0.3290017590590084,0.3334537006427338,37.817335863185185,-0.0049916161084272,-0.0032971391273405,-0.0016944769810867,0.0160447849950377,0.2547030656182232,0.0,0.0,0.0,0.3175250887870788,0
2012-04-18,NVDA,0.3188986748758126,0.3205011737856602,0.3136332979230168,0.3175250887870788,400764000,-0.010698914731907,0.3272316873073577,0.3343857139348983,0.3269150917368393,0.3319366899898143,35.74584383723652,-0.005630364324329,-0.0037637841667382,-0.0018665801575907,0.0158256628660271,0.2512246096575452,0.0,0.0,0.0,0.3127175867557525,0
2012-04-19,NVDA,0.3134043524979633,0.3253086922904635,0.3111150605825613,0.3127175867557525,667188000,-0.0151405422786923,0.3249653041362762,0.3334699973464011,0.3243337271948235,0.3301062992056179,33.018937029778726,-0.0064501488227699,-0.0043010570979445,-0.0021490917248253,0.0160330343165474,0.2545165293800941,0.0,0.0,0.0,0.3065363466739654,0
2012-04-20,NVDA,0.314548864977784,0.3154645977296637,0.3058495539326809,0.3065363466739654,509592000,-0.0197662054952315,0.3221265733242034,0.3322681084275245,0.3210978398273948,0.327861541821651,29.86437552479414,-0.0075120145323717,-0.0049432485848299,-0.0025687659475417,0.0164733166019304,0.2615057939828374,0.0,0.0,0.0,0.3028735220432281,0
2012-04-23,NVDA,0.301271023566514,0.3042471077607005,0.2955477952278883,0.3028735220432281,706244000,-0.0119490711965492,0.3193565130233764,0.3307571679353713,0.3177843275030008,0.3254817304141822,28.1482371234588,-0.0085505447365644,-0.0056647078151768,-0.0028858369213875,0.016350229529792,0.2595518472879255,0.0,0.0,0.0,0.2934874594211578,0
2012-04-24,NVDA,0.3037892992224609,0.3063075309746364,0.291884960710914,0.2934874594211578,730440000,-0.030990040194833,0.3162888497114181,0.328582340478897,0.3133667151244839,0.3224346569862751,24.29544379717332,-0.0100155116329311,-0.0065348685787277,-0.0034806430542034,0.0168867728407317,0.2680692082980951,0.0,0.9467753767967224,1.0,0.2994396388530731,1
2012-04-25,NVDA,0.2978371400883701,0.3017289305999375,0.2923428235215892,0.2994396388530731,727112000,0.0202808646190701,0.3134043365716934,0.3265906542539596,0.3108345194387728,0.3202446552593035,30.767084306234437,-0.0105743231026618,-0.0073427594835145,-0.0032315636191473,0.0177055498670754,0.2810668906436058,0.0,0.0,0.0,0.2996685802936554,1
2012-04-26,NVDA,0.2992107274003224,0.3021868121427524,0.2971503484445584,0.2996685802936554,539208000,0.0007645662460025,0.3097643613815307,0.3242212370038032,0.3088043486851151,0.3182850290720989,31.01137276526478,-0.0108733701152801,-0.0080488816098676,-0.0028244885054124,0.0164419555908353,0.2610079533655098,0.0,0.0,0.0,0.2971502542495727,0
2012-04-27,NVDA,0.2992106325522082,0.3010420708354948,0.2939452577216976,0.2971502542495727,475356000,-0.0084037039906382,0.3070629775524139,0.3216457799077034,0.3066854224241073,0.3162721933747154,29.767145408339204,-0.0111846452641211,-0.0086760343407183,-0.0025086109234027,0.0162061449426286,0.2572645753755745,0.0,0.0,0.0,0.2976082563400268,1
2012-04-30,NVDA,0.2955479042939916,0.299210782698627,0.2934875249574409,0.2976082563400268,262268000,0.0015413148193688,0.3047965735197067,0.3188986301422119,0.3050350285906381,0.314494675561888,30.314740895684167,-0.0112645256810501,-0.0091937326087847,-0.0020707930722654,0.0157488827483636,0.2500057630757145,0.0,0.0,0.0,0.3028735220432281,1
2012-05-01,NVDA,0.2960056480368773,0.3060785462871618,0.2960056480368773,0.3028735220432281,408680000,0.0176919342492487,0.3029880255460738,0.3164948731660842,0.3046420274001999,0.3133878990363013,36.44922320725158,-0.0107787181945591,-0.0095107297259396,-0.0012679884686195,0.0167803494898396,0.2663797899771913,0.0,0.0,0.0,0.2941742241382599,0
2012-05-02,NVDA,0.3017288913790035,0.3028735371036463,0.2925717255818613,0.2941742241382599,684008000,-0.0287225434771632,0.3006529390811919,0.3139423131942749,0.3027387904434835,0.3115580252364878,31.51319108845392,-0.0109692264845188,-0.0098024290776554,-0.0011667974068633,0.0173546023122919,0.2754957709245063,0.0,0.0,0.0,0.2891378402709961,0
2012-05-03,NVDA,0.2948610699207937,0.2966925088668313,0.2873064013249585,0.2891378402709961,419536000,-0.0171204118308364,0.2982949644327163,0.3116301342844963,0.3002658904121221,0.3094227695254886,29.05961849300688,-0.0113952425018527,-0.0101209917624949,-0.0012742507393578,0.0168184170325452,0.2669840934833251,0.0,0.0,0.0,0.2806674838066101,0
2012-05-04,NVDA,0.2873064476450282,0.288908946747227,0.2806674838066101,0.2806674838066101,545092000,-0.0292952193889498,0.2957080781459807,0.3089173257350922,0.2967025437565745,0.3066841708855954,25.468154245056624,-0.0122748533729702,-0.0105517640845899,-0.0017230892883802,0.0174512091947798,0.2770293576405072,0.0,0.0,0.0,0.2854749262332916,1
2012-05-07,NVDA,0.2857038663065007,0.2905113895198272,0.283185634663233,0.2854749262332916,604440000,0.0171286048582457,0.2939682185649871,0.3066623657941818,0.2946611587523412,0.3046642428234712,30.702879758360535,-0.0124406231396891,-0.0109295358956098,-0.0015110872440793,0.0183344305706083,0.2910500623188587,0.0,0.0,0.0,0.2852459251880646,0
2012-05-08,NVDA,0.2829566070358724,0.2870773360450186,0.2779201725982492,0.2852459251880646,462312000,-0.0008021756875414,0.2931440651416778,0.304716457426548,0.2929492981042909,0.3028148792391468,30.592655478644772,-0.0124469941441202,-0.0112330275453118,-0.0012139665988083,0.0181513160781387,0.2881432098677006,0.0,0.0,0.0,0.2863906025886535,1
2012-05-09,NVDA,0.2802094947396882,0.2886798937058992,0.2774623508570941,0.2863906025886535,520608000,0.0040129491765192,0.2918391615152358,0.3026217490434646,0.2917568080105386,0.3012506624152903,31.908549966974448,-0.0122188262877828,-0.011430187293806,-0.0007886389939767,0.0177741750967595,0.2821562823920589,0.0,0.850576639175415,3.0,0.2843303382396698,0
2012-05-10,NVDA,0.2891378624301469,0.2895957153791176,0.2797517541689349,0.2843303382396698,597092000,-0.0071938964838972,0.2903053373098373,0.300034849345684,0.2904065407794715,0.2996392029699931,30.77752082490987,-0.0120651679861521,-0.0115571834322752,-0.0005079845538768,0.0162759120893356,0.2583720944947913,0.0,0.0,0.0,0.3024156987667084,1
2012-05-11,NVDA,0.3079100148826409,0.313175390926469,0.3012710529872026,0.3024156987667084,1435140000,0.0636068617897325,0.2908318817615508,0.2989474296569824,0.2925900240498782,0.2999036311411088,48.15127625161897,-0.0103645788133597,-0.0113186625084921,0.0009540836951324,0.0217128559119213,0.3446809019755354,0.1818181818181818,0.824393174865029,11.0,0.3005842268466949,0
2012-05-14,NVDA,0.2998974339967808,0.3051628094587824,0.2937163529285637,0.3005842268466949,437472000,-0.006056140364017,0.2911294788122177,0.2979630261659622,0.2940435154674812,0.2999684497797361,46.86840088118057,-0.0090601938446675,-0.0108669687757272,0.0018067749310597,0.021627112947646,0.3433197746146585,-0.5,0.8164303998152415,6.0,0.2976082563400268,0
2012-05-15,NVDA,0.3005843416324787,0.3072233053295659,0.2962346974061752,0.2976082563400268,599940000,-0.0099006209936155,0.2906029522418976,0.2967954888939857,0.2946916501715804,0.2997436694521447,44.780643459789125,-0.0081723890937207,-0.0103280528393259,0.0021556637456052,0.0216455348901715,0.3436122138861937,0.5,0.7754958271980286,2.0,0.2916560173034668,0
2012-05-16,NVDA,0.2980660387620977,0.3014999759052386,0.2907402843576587,0.2916560173034668,470484000,-0.0200002483457965,0.2903511315584183,0.2955020353198051,0.2941397169228325,0.2989734168665563,40.86018667520294,-0.0078585054189014,-0.009834143355241,0.0019756379363396,0.0219055638891275,0.3477400462756095,0.0,0.0,0.0,0.2895956933498382,0
2012-05-17,NVDA,0.2928007183298576,0.2955478631052229,0.2895956933498382,0.2895956933498382,335364000,-0.007064225770747,0.2903969168663025,0.2943459406495093,0.2933135308186517,0.2980803003411545,39.56884966762739,-0.0076873858703279,-0.0094047918582584,0.0017174059879305,0.0217636716656252,0.3454875770574445,0.0,0.0,0.0,0.2765466272830963,0
2012-05-18,NVDA,0.2902824017363713,0.2916559873688499,0.2751730689411213,0.2765466272830963,567288000,-0.0450595998711151,0.2899848312139511,0.2928464546799659,0.2902650029030961,0.2960294743356252,32.551955375988186,-0.0085066634501847,-0.0092251661766436,0.0007185027264589,0.0234233965696968,0.3718348931031676,0.0,0.0,0.0,0.281354159116745,1
2012-05-21,NVDA,0.2770045166192527,0.282727744795166,0.2751730781448595,0.281354159116745,416260000,0.0173841636793035,0.2895727545022964,0.2917704865336418,0.2886448494873959,0.2946318252671604,36.98557956197665,-0.0086680987473862,-0.0091137526907921,0.0004456539434059,0.0238713117108248,0.3789453255344789,1.0,0.6347981095314026,1.0,0.2779202163219452,0
2012-05-22,NVDA,0.2811252404068435,0.2815830931931136,0.2737994866645067,0.2779202163219452,410140000,-0.0122050543186564,0.2888401836156845,0.2909921243786811,0.2866949161845867,0.2930402434628542,35.20543684284634,-0.0089697303997943,-0.0090849482325926,0.0001152178327982,0.0230856493829915,0.3664733227309644,0.0,0.0,0.0,0.2847881615161896,1
2012-05-23,NVDA,0.2749442013316619,0.2852460417079669,0.2708234706392421,0.2847881615161896,496000000,0.0247119309459966,0.2886799395084381,0.2902595505118369,0.2863482335176054,0.2922543308965052,41.2915682039858,-0.0085559620732251,-0.0089791510007191,0.0004231889274939,0.0233353992755239,0.3704379793645996,0.0,0.0,0.0,0.2772334516048431,0
2012-05-24,NVDA,0.2863906447111742,0.286848497543864,0.2751731002124854,0.2772334516048431,520420000,-0.0265274717569923,0.2879702508449554,0.2891377940773963,0.2846910004425577,0.2908237709639659,37.15709515291377,-0.0087369356898014,-0.0089307079385356,0.0001937722487341,0.0239400479663017,0.3800364797627524,0.0,0.0,0.0,0.2838724255561828,1
2012-05-25,NVDA,0.2770045508952691,0.2861617171098208,0.2770045508952691,0.2838724255561828,391752000,0.0239472326045366,0.2861159235239029,0.2884739026427269,0.2845421686450349,0.2901617380679866,42.59665596722597,-0.0082495531574987,-0.0087944769823282,0.0005449238248294,0.0246808281678434,0.3917960008993906,0.0,0.9236000180244446,1.0,0.291198194026947,1
2012-05-29,NVDA,0.2884510492342953,0.2930296329855521,0.2873064032964811,0.291198194026947,310000000,0.0258065518565639,0.2851773202419281,0.2881533995270728,0.2857523550781098,0.2902604481593162,47.95044790069174,-0.007189296957514,-0.0084734409773654,0.0012841440198513,0.0254483562258252,0.4039801310934954,0.0,0.925265371799469,2.0,0.2877644002437591,0
2012-05-30,NVDA,0.2879933404621146,0.2900536932652119,0.2827279610546682,0.2877644002437591,379792000,-0.0117919473871124,0.2841929346323013,0.2873979434370994,0.2861181814718642,0.2900227293102155,45.79447600766897,-0.0065506034620821,-0.0080888734743087,0.0015382700122265,0.025174312668105,0.3996298244807332,0.0,0.0,0.0,0.2845591306686401,0
2012-05-31,NVDA,0.2877641269385043,0.2889087723620986,0.2808962543969385,0.2845591306686401,358192000,-0.0111385201658158,0.2834832459688186,0.2869171887636184,0.2858347176894598,0.2895023865824464,43.81413621090405,-0.0062312428438806,-0.0077173473482231,0.0014861045043425,0.0244993803143706,0.3889156055220978,0.0,0.8912432193756104,3.0,0.2742573916912079,0
2012-06-01,NVDA,0.2786070622155568,0.281354206746956,0.2737995388177262,0.2742573916912079,440984000,-0.0362024544888993,0.2819494158029555,0.286173166334629,0.2837297493261413,0.2880504823070903,38.1099275005201,-0.0067318113623625,-0.007520240151051,0.0007884287886884,0.0254960174744322,0.4047367299594294,0.0,0.0,0.0,0.2685341238975525,0
2012-06-04,NVDA,0.2756309379318893,0.2772334364036896,0.2662448325691219,0.2685341238975525,432856000,-0.0208682353403963,0.2811481654644012,0.2855664983391761,0.2809669083391251,0.2861917815061819,35.35594126067099,-0.0075038358505545,-0.0075169592909517,1.3123440397135727e-05,0.025093422020413,0.39834572525763,0.0,0.7441485524177551,1.0,0.2763177156448364,1
2012-06-05,NVDA,0.2671605508329756,0.2770045084638267,0.2671605508329756,0.2763177156448364,365224000,0.0289854847283894,0.2806445211172103,0.2851086378097534,0.2801216005765272,0.2852513942812919,41.54295610935847,-0.007402271240659,-0.0074940216808931,9.175044023417012e-05,0.0256996462663885,0.4079692368191627,0.0,0.0,0.0,0.2836434841156006,1
2012-06-06,NVDA,0.2783781081095453,0.2843302770364787,0.2763177566374187,0.2836434841156006,368968000,0.0265121201283391,0.2812168478965758,0.2850285157561302,0.2807619430381768,0.2850982599797975,46.712320793488715,-0.0066539496740911,-0.0073260072795327,0.0006720576054416,0.0264434829297151,0.4197772777824478,0.0,0.0,0.0,0.2721970379352569,0
2012-06-07,NVDA,0.2877642265425204,0.2893667525226354,0.271968097855095,0.2721970379352569,526780000,-0.0403550471678687,0.2799577355384826,0.2843188375234603,0.2792046875649187,0.2838695721660317,40.66184451844864,-0.0069049361799233,-0.0072417930596108,0.0003368568796875,0.0279135436587907,0.4431137683902266,-1.0,0.9539039433002472,2.0,0.2774623930454254,1
2012-06-08,NVDA,0.273112722886987,0.2783780987153561,0.2726548700520216,0.2774623930454254,370308000,0.0193439103897261,0.2799806296825408,0.2839754402637481,0.2788879067431926,0.2832593646307358,44.23971628987673,-0.0066028609699502,-0.0071140066416787,0.0005111456717285,0.028290385860615,0.4490959528874729,0.0,0.0,0.0,0.2806674838066101,1
2012-06-11,NVDA,0.2863907416696334,0.2914271791153367,0.279980717970322,0.2806674838066101,839080000,0.0115514420747462,0.2796601355075835,0.2828880295157432,0.2792114662092685,0.2830125188379619,46.35991955557995,-0.00603526932341,-0.006898259178025,0.0008629898546149,0.0241387033733227,0.3831900365842071,-0.0909090909090909,0.8563265150243585,11.0,0.2863906025886535,1
2012-06-12,NVDA,0.2838723714434823,0.2891377464712477,0.2834145186781337,0.2863906025886535,496128000,0.0203911001888157,0.2791793763637542,0.2821783483028411,0.280516763732793,0.2833342410999326,50.01478348407851,-0.0050652519274289,-0.0065316577279058,0.0014664058004768,0.0247059576175965,0.3921949185471735,0.0,0.0,0.0,0.2788360118865967,0
2012-06-13,NVDA,0.2861617399857595,0.2868485329648551,0.2774624259284055,0.2788360118865967,494276000,-0.0263786263717165,0.278286537528038,0.2812397360801696,0.28021117248803,0.2829058383177101,45.59814519797656,-0.0048501885315687,-0.0061953638886384,0.0013451753570696,0.0252477598480453,0.4007957623164596,0.0,0.932103395462036,1.0,0.2754019498825073,0
2012-06-14,NVDA,0.2783780335488607,0.2806673244782863,0.2726548062252967,0.2754019498825073,589884000,-0.0123157047787858,0.2773708194494247,0.2804270327091217,0.279336768377935,0.2821911822762623,43.70866286109218,-0.0049003610333541,-0.0059363633175815,0.0010360022842274,0.0250321460198082,0.3973729989040077,0.0,0.0,0.0,0.281354159116745,1
2012-06-15,NVDA,0.2774623694152248,0.2815830991599833,0.2749441381016211,0.281354159116745,385288000,0.0216128071597787,0.2780804961919784,0.280014955997467,0.2797035666940823,0.2821114657848796,47.75010030285379,-0.0044090052934649,-0.0056308917127582,0.0012218864192932,0.025576187012017,0.406009381914463,0.0,0.6783585548400879,1.0,0.2838724255561828,1
2012-06-18,NVDA,0.279293842448907,0.2861617171098208,0.2770045508952691,0.2838724255561828,304424000,0.0089505214614327,0.2796143263578415,0.2803812459111213,0.280461541032646,0.2822791762392895,49.40514166415423,-0.0037729075443263,-0.0052592948790718,0.0014863873347454,0.0234572578372941,0.3723724240620062,0.0,0.0,0.0,0.3031025230884552,1
2012-06-19,NVDA,0.2955478547030884,0.3074521938754292,0.2941742687091996,0.3031025230884552,960476000,0.0677420411461078,0.2822928071022034,0.2814686641097069,0.2845780832246113,0.2842623521296862,59.86089955849502,-0.0016975193902122,-0.0045469397812999,0.0028494203910876,0.0275837479797175,0.4378784242884773,0.6666666666666666,0.7453417579332987,3.0,0.3079100549221039,1
2012-06-20,NVDA,0.3060786159786396,0.3136332845638599,0.3042471770351753,0.3079100549221039,972720000,0.0158610749414502,0.2847194641828537,0.2829681560397148,0.2888202598968826,0.2865145143003927,61.97646742503368,0.000331348733105,-0.0035712820784189,0.0039026308115239,0.02742465495354,0.4353529007929352,0.0,0.688267171382904,2.0,0.2939453423023224,0
2012-06-21,NVDA,0.3076810924435803,0.3076810924435803,0.2932585493371575,0.2939453423023224,516376000,-0.0453532205153688,0.2868942946195602,0.2834260150790214,0.289752093061508,0.2872222122053384,53.20440983425119,0.0008031475525522,-0.0026963961522247,0.0034995437047769,0.0292543151813209,0.4643978564716604,0.0,0.847601592540741,1.0,0.2976082563400268,1
2012-06-22,NVDA,0.2976082563400268,0.3010422219009447,0.2934875249574409,0.2976082563400268,865360000,0.0124612079545629,0.2889088809490204,0.2844447553157806,0.2911804863848751,0.2882113592657849,55.00341980800978,0.001455836094414,-0.0018659497028969,0.0033217857973109,0.0285445020623036,0.4531299225301543,0.0,0.0,0.0,0.2882220149040222,0
2012-06-25,NVDA,0.2978370594706884,0.2987527650053694,0.2870773693404194,0.2882220149040222,494616000,-0.0315389147849464,0.2896643340587616,0.2846622347831726,0.2906425824792654,0.2882123740884741,49.72775523511683,0.0012018510357992,-0.0012523895551577,0.0024542405909569,0.0291866042390721,0.4633229785862903,0.6666666666666666,0.8798644145329794,3.0,0.2914271950721741,1
2012-06-26,NVDA,0.2898246958822318,0.293487547274883,0.2857039641862963,0.2914271950721741,437152000,0.0111205251591179,0.2901679933071136,0.284673684835434,0.2907852393143397,0.2885185475154932,51.44055504518331,0.0012448474729672,-0.0007529421495327,0.0019977896224999,0.0287149200722536,0.4558352245696808,0.0,0.0,0.0,0.3008131682872772,1
2012-06-27,NVDA,0.2916560030206738,0.3028735195560609,0.2916560030206738,0.3008131682872772,506064000,0.0322069229427219,0.2923657089471817,0.2853261232376098,0.2926084991276011,0.2896894637794726,56.151858380431406,0.0020130864483297,-0.0001997364299602,0.0022128228782899,0.0294064384110046,0.466812737877934,-0.3333333333333333,0.8330094814300537,3.0,0.3031025230884552,1
2012-06-28,NVDA,0.2980660865950476,0.30493396198347,0.2955478547030884,0.3031025230884552,545896000,0.0076105538005957,0.2951357662677765,0.2862532928586006,0.29451650348412,0.2909668979993757,57.24156020982863,0.0027746685191683,0.0003951445598654,0.0023795239593028,0.0292428244407672,0.4642154466203492,0.0,0.920229434967041,1.0,0.3163804709911346,1
2012-06-29,NVDA,0.3101993876222866,0.3170672640966767,0.3099704474902675,0.3163804709911346,616508000,0.0438067877739323,0.2986383974552155,0.2883594468235969,0.2984917703035772,0.2933872382843052,62.98688590850879,0.0043989389940372,0.0011959034466998,0.0032030355473373,0.0289875561730693,0.4601631884967399,0.0,0.0,0.0,0.3079100549221039,0
2012-07-02,NVDA,0.3179829554659015,0.3182118682772648,0.3053918229635265,0.3079100549221039,581684000,-0.0267728790038626,0.3010421603918075,0.2903282433748245,0.3002041856887638,0.2947703636783813,57.66390038584153,0.0049456825116437,0.0019458592596886,0.0029998232519551,0.0293205651479487,0.4654495420880415,0.0,0.0,0.0,0.3159224689006805,1
2012-07-03,NVDA,0.307909950129173,0.3166092616820531,0.3076810101052147,0.3159224689006805,219284000,0.0260219302698758,0.3023241549730301,0.2923084810376167,0.3030620553636577,0.2967848498900288,61.01968310314528,0.0059568486902631,0.0027480571458035,0.0032087915444596,0.0292123452896554,0.4637316050962653,0.0,0.8810981512069702,1.0,0.3127175867557525,0
2012-07-05,NVDA,0.3138622327134535,0.3152357914883874,0.3079100628172034,0.3127175867557525,280076000,-0.0101445210784786,0.3028049081563949,0.2937621861696243,0.3048176065258568,0.2983022534010501,59.0050070594356,0.0064255284745972,0.0034835514115622,0.0029419770630349,0.0290815306508712,0.4616549870838469,0.0,0.0,0.0,0.3067654371261596,0
2012-07-06,NVDA,0.3104282880584841,0.3113440212594507,0.3033314990261913,0.3067654371261596,382760000,-0.019033626126828,0.3040869176387786,0.2954906061291694,0.3051717575440936,0.2991082708986796,55.34991205543087,0.0062446869850385,0.0040357785262575,0.002208908458781,0.0276770517364595,0.4393595755088418,0.0,0.0,0.0,0.302644670009613,0
2012-07-09,NVDA,0.3049339618044095,0.3063075477974917,0.3001264381191325,0.302644670009613,306336000,-0.0134329576211414,0.3045905590057373,0.2967497199773788,0.3047122870832789,0.2994450708140066,52.90644064423533,0.0057031153701322,0.0043692458950324,0.0013338694750998,0.0278375380927158,0.4419072174336799,0.0,0.0,0.0,0.2934874594211578,0
2012-07-10,NVDA,0.2994396286769312,0.3083678825605914,0.2911981677520925,0.2934874594211578,512028000,-0.0302573000481533,0.3051171034574508,0.2973907187581062,0.3026714093265296,0.2988776792527829,47.85108271676876,0.0044833246235325,0.0043920616407325,9.126298280006957e-05,0.0288488312075798,0.457960997940812,-0.5,0.7462250292301178,2.0,0.2886798679828644,0
2012-07-11,NVDA,0.2944030952660059,0.2980659716434167,0.2873062825187102,0.2886798679828644,485216000,-0.0163809092483043,0.3048423707485198,0.2975051820278168,0.3001274927185904,0.2979064591318383,45.398445135760326,0.0030930445264349,0.004132258217873,-0.001039213691438,0.0288289325363076,0.4576451163271722,0.0,0.0,0.0,0.2838724255561828,0
2012-07-12,NVDA,0.2854749241856278,0.2859327770382538,0.2813541939309779,0.2838724255561828,472160000,-0.0166531960135403,0.3031482964754104,0.297757002711296,0.297172025961789,0.2965698845055853,43.02368143987697,0.0015850456866781,0.003622815711634,-0.0020377700249559,0.0284257622178286,0.4512449859349823,0.0,0.0,0.0,0.2875353097915649,1
2012-07-13,NVDA,0.2841013723794995,0.2889088683820859,0.2822699336349629,0.2875353097915649,324260000,0.0129032759282818,0.3015915751457214,0.2983636707067489,0.295419895749021,0.2957094488185358,45.36853669816065,0.0006776978089311,0.0030337921310934,-0.0023560943221622,0.0283503799180121,0.4500483290235599,0.0,0.0,0.0,0.288451075553894,1
2012-07-16,NVDA,0.2857039305105802,0.2907403676384079,0.2829567581767521,0.288451075553894,334460000,0.0031848810603225,0.2987986356019973,0.2987185165286063,0.2941528375317251,0.2950181751742842,45.96725778926015,3.214220701974746e-05,0.0024334621462787,-0.0024013199392589,0.0279949925007568,0.444406728672725,-0.5,0.8859602510929108,2.0,0.283185601234436,0
2012-07-17,NVDA,0.2893667095763486,0.2909692080281202,0.2783780785886162,0.283185601234436,447476000,-0.0182543064169445,0.2963261902332305,0.298684175312519,0.2921587945685817,0.2938912633704891,43.04611072277296,-0.0008940391043721,0.0017679618961485,-0.0026620010005206,0.0282792957611925,0.4489199030169506,0.0,0.0,0.0,0.2989817559719085,1
2012-07-18,NVDA,0.2824988352154249,0.3031024861610294,0.2811252766793896,0.2989817559719085,616008000,0.0557802185867339,0.2946321189403533,0.2984781369566917,0.2933993330055501,0.2943760721896719,52.74739341708594,-0.0003493991373237,0.001344489689454,-0.0016938888267778,0.0268681425296866,0.4265185399427323,1.0,0.768394410610199,1.0,0.3019578754901886,1
2012-07-19,NVDA,0.3010421696930925,0.3058496660636127,0.2989817907138604,0.3019578754901886,403036000,0.0099541843568531,0.2935561478137969,0.2981805279850959,0.2949554316391207,0.295098148694483,54.32594583619565,0.0003187060877458,0.0011393329691124,-0.0008206268813666,0.0267126594668638,0.4240503228388613,0.0,0.9103055000305176,1.0,0.2932585179805755,0
2012-07-20,NVDA,0.300126392316859,0.3021867709920481,0.2900534935826726,0.2932585179805755,451000000,-0.0288098381123222,0.2922054558992385,0.2981461867690086,0.2946469018830216,0.2949229457693489,49.15658943932683,0.0001445525329708,0.0009403768818841,-0.0007958243489132,0.0254830113141258,0.404530263565333,0.0,0.0,0.0,0.2971502542495727,1
2012-07-23,NVDA,0.2854748590728103,0.2992106325522082,0.2822698625449352,0.2971502542495727,451584000,0.0132706674499902,0.2916560143232345,0.2981232866644859,0.2951020568587582,0.2951350703865131,51.38522161066942,0.0003169120139877,0.0008156839083048,-0.0004987718943171,0.0255041629887934,0.404866035991231,0.0,0.0,0.0,0.2939453423023224,0
2012-07-24,NVDA,0.297608192632352,0.2994396314426217,0.2905114047670079,0.2939453423023224,351164000,-0.010785492865702,0.291701802611351,0.2984094530344009,0.2948917451212244,0.2950217629499235,49.462411529660315,0.0001926774689753,0.0006910826204389,-0.0004984051514635,0.0245478743553775,0.3896854245575344,0.0,0.0,0.0,0.2996685802936554,1
2012-07-25,NVDA,0.2930296178235408,0.3026446650360853,0.2916560591435419,0.2996685802936554,415044000,0.0194704156443026,0.2928006738424301,0.298821522295475,0.2957602606071209,0.2954643169826598,52.85509474952538,0.0005497015544541,0.0006628064072419,-0.0001131048527878,0.0247940518785463,0.393593371585605,0.0,0.0,0.0,0.3010421097278595,1
2012-07-26,NVDA,0.3051628122844905,0.3085967765658586,0.2987527911101124,0.3010421097278595,338440000,0.0045834949825507,0.2945176422595977,0.2988329693675041,0.2967205968108915,0.2959955353393455,53.659127703294494,0.00093272617396,0.0007167903605855,0.0002159358133744,0.0237517578413604,0.3770474666932082,0.0,0.0,0.0,0.3085968196392059,1
2012-07-27,NVDA,0.3021867975701292,0.309512525381713,0.2998974786328434,0.3085968196392059,376516000,0.0250951932212266,0.2966237932443618,0.2991076841950416,0.2988799100524032,0.2971956576536179,57.91092870814902,0.0018248422514129,0.000938400738751,0.0008864415126618,0.0243491472489204,0.3865307295428155,0.0,0.0,0.0,0.3051629066467285,0
2012-07-30,NVDA,0.3085968719899447,0.3124886629915713,0.3026447017823883,0.3051629066467285,363552000,-0.0111275060983846,0.2982949763536452,0.2985468059778213,0.3000222730695532,0.2979544432720094,55.421810002997205,0.0022290672898874,0.0011965340489783,0.001032533240909,0.0222993801911091,0.3539916862593288,0.0,0.0,0.0,0.309970498085022,1
2012-07-31,NVDA,0.3051629728520373,0.3143201702697509,0.3047051198037815,0.309970498085022,387788000,0.0157541802544793,0.3009734660387039,0.2986498281359672,0.3018310412541839,0.2990988294446773,58.13487630375636,0.0029038769100958,0.0015380026212018,0.0013658742888939,0.0217914148652668,0.3459279866983925,0.0,0.7871585488319397,1.0,0.3065363466739654,0
2012-08-01,NVDA,0.3118017213031464,0.3147778049883791,0.3051627611913963,0.3065363466739654,335912000,-0.0110789621343726,0.3017289251089096,0.2981805220246314,0.3026865513305078,0.2998071644188952,55.534836233479574,0.0031255318913132,0.0018555084752241,0.0012700234160891,0.0210769943289278,0.3345869122743715,0.0,0.0,0.0,0.307680994272232,1
2012-08-02,NVDA,0.3049338505786097,0.3122595761917696,0.2998973886347177,0.307680994272232,367912000,0.0037341333603224,0.302301236987114,0.2979286924004554,0.3035946318653667,0.3005570529763559,56.237396341243915,0.0033548855238517,0.0021553838849496,0.0011995016389021,0.0209987312998475,0.3333445252035882,0.0,0.0,0.0,0.3140911757946014,1
2012-08-03,NVDA,0.3124886767575154,0.3172962011592883,0.3051629200899539,0.3140911757946014,326548000,0.0208338559797351,0.3043845027685165,0.2982949793338775,0.3055030943979548,0.301846017054284,60.04472945356933,0.0040076997388917,0.002525847055738,0.0014818526831536,0.0210493919212884,0.3341487376371676,0.0,0.0,0.0,0.3207300007343292,1
2012-08-06,NVDA,0.3170671239837515,0.3223324990787683,0.316609271212555,0.3207300007343292,360324000,0.0211366171715352,0.3067424774169922,0.2991992458701133,0.3082716228227501,0.3036444916904788,63.57881729707915,0.0050030849482728,0.003021294634245,0.0019817903140278,0.0211871017697777,0.33633481371029,0.0,0.0,0.0,0.3239351809024811,1
2012-08-07,NVDA,0.324621974093532,0.3273691195672172,0.3221037414898514,0.3239351809024811,407340000,0.0099933905802807,0.3097414612770081,0.3007216319441795,0.3111195424736103,0.3055769382820981,65.18013061477933,0.0059816138300249,0.003613358473401,0.0023682553566239,0.019710206434618,0.3128898270944666,1.0,0.9188914895057678,1.0,0.3257666230201721,1
2012-08-08,NVDA,0.3237062707204293,0.3292005617134226,0.3227905373612513,0.3257666230201721,517064000,0.0056537302079653,0.3123512655496597,0.3025759696960449,0.3137826480275306,0.3074997654000099,66.09736671050814,0.0068261989196463,0.00425592656265,0.0025702723569962,0.0190492738585946,0.3023978477172316,0.0,0.6445531100034714,2.0,0.3367551267147064,1
2012-08-09,NVDA,0.3262243737742107,0.3374419196961318,0.3257665208834305,0.3367551267147064,822300000,0.0337312140595014,0.3159225672483444,0.3052201047539711,0.3179594623342898,0.3102859902871238,71.02858037408026,0.0082866952370657,0.0050620802975332,0.0032246149395325,0.0191945336925131,0.3047037760934409,0.0,0.8348363637924194,3.0,0.3346948325634002,0
2012-08-10,NVDA,0.3456834402825809,0.3484305853897473,0.3303451611274147,0.3346948325634002,1278744000,-0.006118078056913,0.3185323685407638,0.3075780808925629,0.3210022569214008,0.3126106419324835,69.00202906187685,0.0091721695108706,0.0058840981402006,0.0032880713706699,0.0194475491733569,0.3087202723344142,0.5454545454545454,0.8628658598119562,11.0,0.3390443921089172,1
2012-08-13,NVDA,0.3351526019039864,0.3392733321817694,0.3337790160478893,0.3390443921089172,447244000,0.012995598145941,0.3219205170869827,0.310107746720314,0.3242826451373128,0.3151281419492867,70.89029438545947,0.0101083644240539,0.0067289513969713,0.0033794130270825,0.0194487405375338,0.308739184654412,-0.5,0.6736057996749878,2.0,0.3340080082416534,0
2012-08-14,NVDA,0.3401890909776127,0.340646971194768,0.3326344221712125,0.3340080082416534,388828000,-0.0148546443606885,0.3243242681026458,0.3126488670706749,0.3260508929744656,0.3169262244533216,65.88559013746493,0.0103248926153525,0.0074481396406475,0.0028767529747049,0.0192180134997748,0.3050765064785184,0.0,0.0,0.0,0.3314897418022156,0
2012-08-15,NVDA,0.3351526194161929,0.3378997639814212,0.3298872430800416,0.3314897418022156,594404000,-0.0075395391047505,0.3268196076154708,0.3142742663621902,0.327039774579511,0.3183132261055972,63.47265397085032,0.0101759872644734,0.0079937091654127,0.0021822780990607,0.0159500861819187,0.2531997685644284,0.0,0.923477590084076,1.0,0.3383576273918152,1
2012-08-16,NVDA,0.3344658098857892,0.3395022731781738,0.3333211640994306,0.3383576273918152,371008000,0.0207182447102611,0.3298872709274291,0.3160942539572716,0.3290975659999299,0.3202222167042847,67.02006303441695,0.0104912233783172,0.0084932120079936,0.0019980113703235,0.0162934971099391,0.2586512480426911,0.0,0.0,0.0,0.335381418466568,0
2012-08-17,NVDA,0.3383575018651097,0.3383575018651097,0.3324053350680263,0.335381418466568,309864000,-0.0087960450254628,0.3320162951946258,0.3182003989815712,0.3302400846302277,0.3216659502054545,64.11421737066304,0.0103812267626101,0.0088708149589169,0.0015104118036932,0.0145781825054298,0.2314214728600792,0.0,0.0,0.0,0.335381418466568,0
2012-08-20,NVDA,0.3342367731048595,0.3358392711531517,0.3303449570426521,0.335381418466568,314392000,0.0,0.3334814369678497,0.3201119571924209,0.3311748726004714,0.3229721852779415,64.11421737066304,0.0101767424994481,0.0091320004670231,0.0010447420324249,0.0145717812841013,0.2313198566217462,0.0,0.0,0.0,0.334465891122818,0
2012-08-21,NVDA,0.3365262704130054,0.338586622412678,0.3310319529296871,0.334465891122818,340248000,-0.0027298093851948,0.3345345079898834,0.3221379846334457,0.3317732396045344,0.3240668239298345,63.13758093586919,0.0098275262373616,0.0092711056210908,0.0005564206162707,0.014184633482402,0.2251740757982156,0.0,0.9292587041854858,1.0,0.3351527154445648,1
2012-08-22,NVDA,0.3324055700922211,0.3365263017659954,0.3312609239212014,0.3351527154445648,313556000,0.0020534958570548,0.3354731172323226,0.3239121913909912,0.3323876897572672,0.3251226231217136,63.58571646386696,0.0094967185564091,0.0093162282081545,0.0001804903482546,0.0138825524367218,0.2203786878622791,0.0,0.0,0.0,0.3275980055332184,0
2012-08-23,NVDA,0.3344658817265382,0.3346948218491878,0.3262244193783488,0.3275980055332184,379040000,-0.0225410971273959,0.3345574051141738,0.3252399861812591,0.3315168380801674,0.3253583738275712,55.581600009823426,0.0085266591147987,0.0091583143894833,-0.0006316552746846,0.0152546979716587,0.2421608229504637,0.0,0.0,0.0,0.3342369794845581,1
2012-08-24,NVDA,0.327598015913021,0.3358394785223377,0.3269112228138255,0.3342369794845581,347724000,0.0202656116313459,0.3345116198062896,0.3265219941735268,0.332011409244602,0.3262039553187128,60.30988886139374,0.0081990758889737,0.0089664666893814,-0.0007673908004076,0.0149440117473961,0.2372288320394276,0.0,0.0,0.0,0.3285135924816131,0
2012-08-27,NVDA,0.3340079078209788,0.3349236406894585,0.3282846797323714,0.3285135924816131,340944000,-0.0171237396046699,0.3334585398435593,0.327689528465271,0.3313754425604222,0.3264239207627986,54.8856735648498,0.0073924191176341,0.0086516571750319,-0.0012592380573978,0.0153210713134606,0.2432144670870163,0.0,0.7532508373260498,1.0,0.3271400928497314,0
2012-08-28,NVDA,0.325995447026499,0.3303450902385786,0.3253086540744577,0.3271400928497314,310764000,-0.0041809522142027,0.332771748304367,0.3285480082035065,0.3306053789766602,0.3264921276282208,53.63889779400894,0.0065666120570027,0.0082346481514261,-0.0016680360944234,0.0151502435927553,0.2405026610908817,0.0,0.0,0.0,0.3278269469738006,1
2012-08-29,NVDA,0.3269112137700348,0.329887298923874,0.3262244206898389,0.3278269469738006,250412000,0.0020995718320124,0.3324054688215255,0.3296125382184982,0.3301002095215948,0.3266192532801807,54.19920093462187,0.0058995708193169,0.0077676326850042,-0.0018680618656873,0.0147969545145094,0.2348943708391592,0.0,0.0,0.0,0.3216458261013031,0
2012-08-30,NVDA,0.3271401432739995,0.3282847892736638,0.3200433271598758,0.3216458261013031,307488000,-0.0188548285293688,0.3307342886924743,0.3303107798099517,0.3285630488997236,0.3261455935488591,48.51660101126902,0.0048166477194001,0.0071774356918834,-0.0023607879724833,0.0156149522401247,0.2478796821691263,0.0,0.0,0.0,0.3211878836154938,0
2012-08-31,NVDA,0.3239350277907084,0.3262243191518048,0.317982886626161,0.3211878836154938,485064000,-0.0014237476399432,0.3293149352073669,0.3306656152009964,0.3272221097571363,0.3256734306980623,48.11411105453647,0.003876782098439,0.0065173049731945,-0.0026405228747555,0.015008687328693,0.2382555250634882,0.0,0.0,0.0,0.3040182888507843,0
2012-09-04,NVDA,0.3159226303709616,0.317067276494785,0.3010422307612562,0.3040182888507843,694452000,-0.0534565456561987,0.3261786222457886,0.3298300296068192,0.3230032332287086,0.3236110362364168,36.04149749767594,0.0017265860084961,0.0055591611802548,-0.0038325751717587,0.0186310906118484,0.2957593944771668,0.0,0.9066078066825868,1.0,0.3049339354038238,1
2012-09-05,NVDA,0.3051628481891781,0.309512518597012,0.301728910794287,0.3049339354038238,480256000,0.0030118140474399,0.3232254266738891,0.3288799673318862,0.3197179063514568,0.3218322647285508,36.95008310799988,9.53262783446318e-05,0.0044663941998728,-0.0043710679215281,0.0184490990454945,0.2928703679254662,0.0,0.0,0.0,0.3143200576305389,1
2012-09-06,NVDA,0.3072232424089586,0.322561518707825,0.3069943023216135,0.3143200576305389,657296000,0.0307808385258434,0.3211421608924866,0.3283076390624045,0.3187364793112899,0.3211168164335021,45.497366078939265,-0.0004350620651226,0.0034861029468737,-0.0039211650119963,0.0198605568591852,0.3152765660919729,0.0,0.7816111743450165,2.0,0.3067654371261596,0
2012-09-07,NVDA,0.3063075841709334,0.308825789069935,0.2964635955357405,0.3067654371261596,781064000,-0.0240348024918575,0.3190589040517807,0.3268081545829772,0.3165599261867208,0.3197500184042314,40.71336081420368,-0.0014482983053381,0.0024992226964313,-0.0039475210017694,0.0186135046120265,0.2954802253846563,-1.0,0.9382824301719666,1.0,0.3040182888507843,0
2012-09-10,NVDA,0.3060786682479763,0.3104283126022991,0.3033315230089032,0.3040182888507843,371108000,-0.0089552079305645,0.3160370349884033,0.3252743273973464,0.3142796284892777,0.3182517584467602,39.1031908458866,-0.0024447852698634,0.0015104211031724,-0.0039552063730358,0.0186373899021981,0.2958593926113757,0.0,0.0,0.0,0.307680994272232,1
2012-09-11,NVDA,0.3037892050987253,0.3124885162039468,0.3026445596188409,0.307680994272232,382808000,0.012047648301992,0.3139537751674652,0.3237061575055122,0.3130798768134512,0.3172450190015671,42.375444279421046,-0.0029054662452608,0.0006272436334857,-0.0035327098787466,0.0185913594826889,0.295128682354784,0.0,0.0,0.0,0.311115026473999,1
2012-09-12,NVDA,0.310199320724435,0.3127175524715,0.3072232361025879,0.311115026473999,322608000,0.0111610150308103,0.312351268529892,0.3225615084171295,0.3127226312971872,0.3166612101894177,45.34096789764939,-0.0029593480162118,-9.00746964537709e-05,-0.002869273319758,0.0187511171839498,0.2976647572401669,0.0,0.0,0.0,0.3131754398345947,1
2012-09-13,NVDA,0.3138622328676552,0.3150068788259185,0.3072232699354202,0.3131754398345947,433836000,0.0066226738835062,0.3108861178159713,0.3216457933187484,0.3128049601221703,0.316329232060387,47.100040694539,-0.0028034748562402,-0.000632754728411,-0.0021707201278291,0.0188527011522992,0.2992773527448278,0.3333333333333333,0.7067432850599289,6.0,0.3168382048606872,1
2012-09-14,NVDA,0.3129464151129481,0.3223325203491174,0.3129464151129481,0.3168382048606872,339468000,0.0116955691928684,0.3104053556919097,0.320569822192192,0.3135382773473552,0.3163777056604155,50.17013003718266,-0.0023572171948506,-0.0009776472216989,-0.0013795699731516,0.0183653126956688,0.2915403008560621,0.0,0.0,0.0,0.308138906955719,0
2012-09-17,NVDA,0.317525012633075,0.317525012633075,0.3047049698479799,0.308138906955719,493348000,-0.0274565938435147,0.3091004580259323,0.3192076966166496,0.312556573639785,0.3155930581647301,43.68540104077687,-0.0026746833363822,-0.0013170544446356,-0.0013576288917465,0.01912717600709,0.30363450598633,0.0,0.0,0.0,0.3101992309093475,1
2012-09-18,NVDA,0.3047049161312592,0.313862107428073,0.3044760034054022,0.3101992309093475,359952000,0.0066863479655445,0.3097185522317885,0.3179485872387885,0.3121279658706145,0.3150793603308842,45.48268642814662,-0.0027285733217783,-0.0015993582200641,-0.0011292151017142,0.0192596830669437,0.3057379903503289,0.0,0.0,0.0,0.3138621151447296,1
2012-09-19,NVDA,0.3108860313114074,0.3182117572384683,0.3072231547026259,0.3138621151447296,451936000,0.0118081667212532,0.3106113702058791,0.3169183984398841,0.3124432657386354,0.314963432217917,48.62207431777676,-0.0024475040742175,-0.0017689873908948,-0.0006785166833226,0.0195707226376527,0.3106755904623079,0.0,0.0,0.0,0.3115729093551636,0
2012-09-20,NVDA,0.3131754355069977,0.3147779343683199,0.3090547046560892,0.3115729093551636,320596000,-0.0072936671203863,0.3103366553783416,0.315739408135414,0.3122850191234587,0.3146405252786072,46.80791206406122,-0.0023820160478122,-0.0018915931222783,-0.0004904229255339,0.0195555506053294,0.3104347419158427,0.0,0.0,0.0,0.3129464387893677,1
2012-09-21,NVDA,0.3120307331172693,0.3147778774240712,0.310886087381893,0.3129464387893677,340136000,0.0044083724642389,0.3109547555446624,0.3150068297982215,0.3124052772445331,0.3144791837082034,48.06013394285137,-0.002193992983395,-0.0019520730945016,-0.0002419198888933,0.0190943976947577,0.3031141664093642,0.0,0.0,0.0,0.3127175867557525,0
2012-09-24,NVDA,0.3079100628172034,0.3131754396807305,0.3074522098922255,0.3127175867557525,357832000,-0.0007312817953784,0.3118246853351593,0.3139308601617813,0.3124620607920275,0.3143114125698747,47.8579763447143,-0.0020399346993293,-0.0019696454154672,-7.028928386213157e-05,0.0183626188875277,0.2914975379775361,0.0,0.0,0.0,0.3069942593574524,0
2012-09-25,NVDA,0.3168382177969526,0.3182118035477689,0.306536406537349,0.3069942593574524,481544000,-0.0183019044681049,0.3117560118436813,0.3128548935055732,0.3114679150766502,0.3136145408353583,42.98795992994301,-0.0023525483752182,-0.0020462260074174,-0.0003063223678008,0.0184115992818528,0.2922750776325488,0.0,0.8707051873207092,1.0,0.3017289340496063,0
2012-09-26,NVDA,0.3058496646991767,0.3060786047926847,0.298066083587052,0.3017289340496063,436812000,-0.0171512174816119,0.3108174026012421,0.3115843355655669,0.3096971912535513,0.3124825782843343,39.05092949995293,-0.0029906899022503,-0.002235118786384,-0.0007555711158663,0.018673847335756,0.2964381364271794,0.0,0.8191205859184265,1.0,0.3040182888507843,1
2012-09-27,NVDA,0.3024157897355347,0.3044761691327267,0.2998975573469165,0.3040182888507843,558888000,0.0075874553045072,0.309901687502861,0.3103939026594162,0.3086646635439573,0.3116764554811391,41.55718665282063,-0.0032739498050761,-0.0024428849901224,-0.0008310648149536,0.018805985073131,0.2985357579785853,0.0,0.0,0.0,0.3053917288780212,1
2012-09-28,NVDA,0.3026445849544245,0.3097413984400106,0.2987527681646174,0.3053917288780212,485508000,0.0045176230431025,0.3087570399045944,0.3095811977982521,0.3080695845137871,0.3110779100903659,43.06964598648062,-0.0033490049426662,-0.0026241089806311,-0.000724895962035,0.0185318474405808,0.2941839579741953,0.0,0.94636470079422,1.0,0.3003553748130798,0
2012-10-01,NVDA,0.3067653972240141,0.3085968360972111,0.2992107289286455,0.3003553748130798,504236000,-0.0164914553627384,0.3079786866903305,0.3085395723581314,0.3066670009318403,0.3100567162544339,39.076130432624765,-0.0037714039651305,-0.002853567977531,-0.0009178359875995,0.0187934799413925,0.2983372451664327,-1.0,0.5286433696746826,1.0,0.3015000522136688,1
2012-10-02,NVDA,0.3024157581007319,0.3024157581007319,0.2980661142014122,0.3015000522136688,295492000,0.0038110767996124,0.3071087688207626,0.3084136605262756,0.3057275557103545,0.3092417958695991,40.42813090231294,-0.0039680511107165,-0.0030764646041681,-0.0008915865065483,0.0146315338209246,0.2322683987375834,0.0,0.0,0.0,0.2985239326953888,0
2012-10-03,NVDA,0.302186810401973,0.3031025161833639,0.2969214339326995,0.2985239326953888,430872000,-0.0098710414689112,0.3055749505758285,0.3080931603908539,0.3044178060712698,0.3082210469958648,38.06305569178194,-0.0043143106751186,-0.0033240338183582,-0.0009902768567603,0.0147604283285992,0.2343145356135979,0.0,0.0,0.0,0.3118017911911011,1
2012-10-04,NVDA,0.2992106881771881,0.3136332298148625,0.29760816232483,0.3118017911911011,502608000,0.044478371887392,0.3055978387594223,0.307967247068882,0.30576034882033,0.308562070252554,51.65240151691646,-0.0034772283378825,-0.0033546727222631,-0.0001225556156194,0.0165231322214227,0.2622965924263374,0.0,0.0,0.0,0.3044760823249817,0
2012-10-05,NVDA,0.3127175429830331,0.3159225402997707,0.3033314365275028,0.3044760823249817,483068000,-0.0234947619708493,0.3047508031129837,0.3078527793288231,0.3055268458211758,0.3081729285451661,45.69540181243236,-0.0033661550961728,-0.003356969197045,-9.185899127809628e-06,0.0164826489517912,0.261653940444115,1.0,0.8009669184684753,1.0,0.3015000522136688,0
2012-10-08,NVDA,0.3033314912783083,0.3047050501089029,0.2992107602054978,0.3015000522136688,240596000,-0.0097742656453928,0.3036290496587753,0.3077268674969673,0.3047947015289017,0.3075374165135949,43.50055503380952,-0.0034781752707082,-0.0033812104117777,-9.696485893050414e-05,0.016506426791949,0.2620314019547448,0.0,0.0,0.0,0.2950901389122009,0
2012-10-09,NVDA,0.3010423112639797,0.3019580174917041,0.294174405393953,0.2950901389122009,366360000,-0.0212600736033216,0.3024386376142501,0.3070973247289658,0.3030302355985925,0.3063519615039384,39.13990718130372,-0.0040376351549119,-0.0035124953604045,-0.0005251397945073,0.0168726346650697,0.2678447717173329,0.0,0.0,0.0,0.2900534570217132,0
2012-10-10,NVDA,0.2937163337888984,0.2950899193992186,0.2889088114432808,0.2900534570217132,326568000,-0.0170682826239283,0.3012710899114609,0.3060442462563514,0.3006708213118871,0.3047997229818217,36.07940537842944,-0.0048317320793279,-0.0037763427041892,-0.0010553893751386,0.0168986285832931,0.2682574123766488,-1.0,0.6961084604263306,1.0,0.2916560173034668,1
2012-10-11,NVDA,0.2928006630178471,0.2937163686731487,0.2893667258747062,0.2916560173034668,320516000,0.0055250514791611,0.3000348627567291,0.3049682751297951,0.2990317660376289,0.303547941488645,37.74736346662663,-0.0052709857488663,-0.0040752713131246,-0.0011957144357416,0.0168662396772595,0.2677432544330343,0.0,0.0,0.0,0.2891378402709961,0
2012-10-12,NVDA,0.2895956931848776,0.2918849850447966,0.2873064013249585,0.2891378402709961,260696000,-0.0086340650734819,0.2984094738960266,0.3035832569003105,0.2972328704436956,0.302175550896488,36.15103721191616,-0.0057559423672047,-0.0044114055239406,-0.001344536843264,0.0165163712570303,0.2621892654439046,0.0,0.0,0.0,0.2928006947040558,1
2012-10-15,NVDA,0.2895956699826468,0.2930296074974003,0.2861617324678932,0.2928006947040558,249580000,0.0126681946217301,0.2976540058851242,0.3028163462877273,0.2964270203092156,0.3012827074495897,40.117925369378845,-0.0057781058328701,-0.0046847455857265,-0.0010933602471435,0.0160017598983694,0.2540200633827105,0.0,0.0,0.0,0.3012710213661194,1
2012-10-16,NVDA,0.2953188530212193,0.3021867542679145,0.2925717088968444,0.3012710213661194,367696000,0.0289286426407726,0.2976311028003692,0.3023699358105659,0.2973077477741072,0.3012815944892592,48.14171354678761,-0.0050539274373964,-0.0047585819560605,-0.0002953454813359,0.0173820071726823,0.2759308095963505,0.0,0.7525188326835632,1.0,0.2989817559719085,0
2012-10-17,NVDA,0.2976081701453657,0.3003553417984513,0.2946320857148613,0.2989817559719085,391752000,-0.0075986909853796,0.2976768851280212,0.3016259178519249,0.2976121129009801,0.3010625622495115,46.33466703672406,-0.0046115760486017,-0.0047291807745687,0.000117604725967,0.017150892946806,0.272261984999643,0.0,0.0,0.0,0.2944033145904541,0
2012-10-18,NVDA,0.2982951065841957,0.2982951065841957,0.2932586682810877,0.2944033145904541,254772000,-0.0153134473592582,0.2959370374679565,0.3007674381136894,0.297028695026339,0.3004283481867441,42.86892246314137,-0.0045776826656039,-0.0046988811527758,0.0001211984871718,0.0173664990150919,0.2756846252266883,0.0,0.0,0.0,0.2772334516048431,0
2012-10-19,NVDA,0.2900534946631998,0.2921138733460643,0.2756309530451752,0.2772334516048431,709412000,-0.0583208888442581,0.2932127743959427,0.2989817887544632,0.2934295598587943,0.2982193104170392,32.923374745525194,-0.0058686363767443,-0.0049328321975695,-0.0009358041791748,0.0212481411291202,0.3373037835003326,-1.0,0.9191106557846068,2.0,0.274028480052948,0
2012-10-22,NVDA,0.2783781233050927,0.2799806493047865,0.2717391883853961,0.274028480052948,480840000,-0.011560551345237,0.2904656171798706,0.297047333419323,0.2899020908031858,0.2959154218109353,31.456353034732373,-0.0070688555462876,-0.0053600368673131,-0.0017088186789745,0.0212494940057704,0.3373252597513575,0.0,0.0,0.0,0.2822698652744293,1
2012-10-23,NVDA,0.2715101754900151,0.2841013035754255,0.2708233827158288,0.2822698652744293,573948000,0.0300749222120595,0.2891835898160934,0.2958111137151718,0.288514413434321,0.2946158449979347,38.98519440168437,-0.0072712090028055,-0.0057422712944116,-0.0015289377083939,0.0225339025381059,0.3577146131015734,0.0,0.8869649767875671,1.0,0.2786069810390472,0
2012-10-24,NVDA,0.2841012957915002,0.2852459412869486,0.2758598373080714,0.2786069810390472,332916000,-0.0129765330486872,0.2880389422178268,0.2946550160646438,0.2867130620897257,0.2930911912875645,37.037970967520394,-0.007639081148452,-0.0061216332652197,-0.0015174478832323,0.0224242248090542,0.3559735331289743,0.0,0.0,0.0,0.2788360118865967,1
2012-10-25,NVDA,0.2808963635333734,0.2838724482491142,0.277691366018274,0.2788360118865967,307356000,0.0008220571024291,0.2867569416761398,0.2933959022164344,0.2852808711437022,0.291733555154139,37.249024214181375,-0.0078219747431174,-0.0064617015607992,-0.0013602731823182,0.0222950340878534,0.3539226940090073,0.0,0.0,0.0,0.2758598029613495,0
2012-10-26,NVDA,0.2792937390201425,0.2808962370561463,0.2758598029613495,0.2758598029613495,389376000,-0.0106736891878141,0.2854291379451751,0.2919193059206009,0.2835679496560017,0.2902217692310162,35.579960551473945,-0.008113546507982,-0.0067920705502358,-0.0013214759577462,0.0222455379072925,0.3531369665013375,0.0,0.0,0.0,0.2742573916912079,0
2012-10-31,NVDA,0.2770045635131163,0.2792938551710339,0.27357062602624,0.2742573916912079,347112000,-0.0058087885691925,0.2835748076438903,0.2906144067645073,0.2818751209351301,0.288701352322463,34.678971588016054,-0.008377351536101,-0.0071091267474088,-0.0012682247886922,0.0220785868658002,0.3504867008798667,0.0,0.0,0.0,0.2873064577579498,1
2012-11-01,NVDA,0.2756310560628651,0.287535397905115,0.2754021159156999,0.2873064577579498,473220000,0.0475796330821745,0.2821783512830734,0.2899047270417213,0.2828626367210973,0.2885685052210808,46.5491835670493,-0.0074476168543904,-0.0071768247688051,-0.0002707920855852,0.0249124182440735,0.3954723793862817,0.0,0.0,0.0,0.285932719707489,0
2012-11-02,NVDA,0.290282389161578,0.2907402419224025,0.284101308664191,0.285932719707489,256700000,-0.004781438124228,0.2808734476566314,0.2892751663923263,0.283420833627714,0.2883174780293101,45.60952475867238,-0.006743905061014,-0.0070902408272469,0.0003463357662328,0.0248549375488131,0.3945599016372048,0.0,0.7239328622817993,1.0,0.2980660498142242,1
2012-11-05,NVDA,0.2852460064216021,0.2992106955710473,0.2852460064216021,0.2980660498142242,444840000,0.0424342136120261,0.2812397211790084,0.2885883793234825,0.2860836002070794,0.2892459134373972,54.37070557090056,-0.0051478093162529,-0.0067017545250481,0.0015539452087951,0.0246577803899146,0.3914301287673573,-1.0,0.6976308822631836,2.0,0.2978371083736419,0
2012-11-06,NVDA,0.2987528140586761,0.2987528140586761,0.2928006725249394,0.2978371083736419,350804000,-0.0007680896255207,0.2833000868558883,0.2882564306259155,0.288220601691909,0.2900641224789443,54.1933214906032,-0.0038569055933526,-0.006132784738709,0.0022758791453563,0.0241312644913492,0.3830719479938022,-1.0,0.5569396018981934,1.0,0.2886798679828644,0
2012-11-07,NVDA,0.2955477407226343,0.2973791789113396,0.2873062825187102,0.2886798679828644,324620000,-0.0307458007525698,0.28476522564888,0.2876154214143753,0.2883041046539009,0.2899322887174129,47.51583626012807,-0.0035320525585116,-0.0056126383026695,0.0020805857441579,0.0249812587866616,0.3965651891211239,-1.0,0.9316937029361724,2.0,0.2902824580669403,1
2012-11-08,NVDA,0.291884956755468,0.299439624619109,0.2895956651174258,0.2902824580669403,839024000,0.0055514438719745,0.2855664849281311,0.2873750373721123,0.2886638052744535,0.2899656381792726,48.70699014094272,-0.003109444817288,-0.0051119996055932,0.0020025547883051,0.0246027070021818,0.390555865840564,-0.3333333333333333,0.7847363402446111,6.0,0.2790648937225342,0
2012-11-09,NVDA,0.2918849369415141,0.2953188741654723,0.2781491880456815,0.2790648937225342,846280000,-0.0386436177339359,0.2856122761964798,0.2868256092071533,0.2869185486286499,0.2889274720405356,41.59149787307605,-0.0036377550552873,-0.004817150695532,0.0011793956402447,0.0258093071006972,0.4097100485960308,-0.2,0.7778214395046235,5.0,0.2728838622570038,0
2012-11-12,NVDA,0.279522797858827,0.2806674438102112,0.270136690141272,0.2728838622570038,643624000,-0.0221490828999652,0.2850170612335205,0.2858870014548301,0.2843667874701688,0.2873995092040088,38.27362090717575,-0.0045032911699982,-0.0047543787904253,0.0002510876204271,0.0261461718252561,0.4150576103159491,0.0,0.0,0.0,0.2708234488964081,0
2012-11-13,NVDA,0.2715102418384246,0.2776913510260645,0.2705945361094083,0.2708234488964081,492120000,-0.0075505137737137,0.2845134258270264,0.2849712818861007,0.2819043622749395,0.2858208367937611,37.208077769118375,-0.0052944616570698,-0.0048623953637542,-0.0004320662933156,0.0261349940397047,0.4148801684712848,0.0,0.0,0.0,0.2641845643520355,0
2012-11-14,NVDA,0.2724260266417867,0.2751731716415325,0.2639556242310092,0.2641845643520355,619300000,-0.0245136991328692,0.2835061430931091,0.2835404753684997,0.2786825808344115,0.2837602394183587,33.930264748998795,-0.0063835864563829,-0.0051666335822799,-0.0012169528741029,0.0262881656123739,0.417311691806529,0.0,0.0,0.0,0.2653291523456573,1
2012-11-15,NVDA,0.2657870051970584,0.2726548798395981,0.2634977136495452,0.2653291523456573,466688000,0.0043325316769702,0.2813084125518799,0.2817433819174766,0.2762546847455471,0.2820048977923871,34.99353158476484,-0.0070728357730898,-0.0055478740204419,-0.0015249617526479,0.0251791314027454,0.3997063195216881,0.0,0.0,0.0,0.2605216801166534,0
2012-11-16,NVDA,0.2653292042225973,0.2662449101044375,0.2552563030697894,0.2605216801166534,624552000,-0.0181188994368058,0.2787673085927963,0.2798203781247138,0.2733941384493846,0.2799588770613648,32.61907810294633,-0.0079157458625888,-0.0060214483888713,-0.0018942974737175,0.0253230921378775,0.4019916253439934,0.0,0.0,0.0,0.267847329378128,1
2012-11-19,NVDA,0.2653291253067906,0.2687630622781186,0.2621241010925814,0.267847329378128,404092000,0.0281191540688452,0.2757454365491867,0.2784925788640975,0.2723856277091561,0.278805396329628,39.37020137604695,-0.0079015552980321,-0.0063974697707034,-0.0015040855273286,0.0263731514818929,0.4186608006607392,0.0,0.0,0.0,0.2647370100021362,0
2012-11-20,NVDA,0.2668106549919206,0.2679626860899314,0.2619721133936398,0.2647370100021362,336976000,-0.0116122844428323,0.2724354267120361,0.2778677567839622,0.2709949699442434,0.277465550012724,37.64556912115632,-0.0080485077655037,-0.0067276773696635,-0.0013208303958402,0.0232258670150781,0.3686992086345292,0.0,0.0,0.0,0.2723402678966522,1
2012-11-21,NVDA,0.2647368614237269,0.2730314641942679,0.2645064443468066,0.2723402678966522,422312000,0.0287200414269794,0.2708014667034149,0.2777833461761474,0.271239569571954,0.2769774279064315,44.092837353390735,-0.0074653928835842,-0.0068752204724476,-0.0005901724111365,0.0240881620306797,0.3823877176428437,0.0,0.0,0.0,0.2741834223270416,1
2012-11-23,NVDA,0.2734921988144146,0.2774090954305509,0.2721097517891606,0.2741834223270416,276932000,0.0067678365914247,0.269191563129425,0.277379024028778,0.2717748155274245,0.2767113321369658,45.562287884555246,-0.0067764285299856,-0.0068554620839552,7.903355396965753e-05,0.0230982363623335,0.3666731348335423,0.0,0.0,0.0,0.2790220379829407,1
2012-11-26,NVDA,0.2746443331841479,0.2797132617581639,0.2741835264895234,0.2790220379829407,364600000,0.0176473676447426,0.2691872775554657,0.2773997768759727,0.2730924923375183,0.2769313993603919,49.32761691609177,-0.0057734309524222,-0.0066390558576486,0.0008656249052263,0.0232907648902325,0.3697294304641796,0.0,0.0,0.0,0.2801740765571594,1
2012-11-27,NVDA,0.2778700155508159,0.2843213918618924,0.2755659545444724,0.2801740765571594,451404000,0.0041288443828555,0.2699162989854812,0.2774666801095008,0.2743800531047258,0.2772402257600841,50.21063627034192,-0.0048299120415455,-0.006277227094428,0.0014473150528825,0.0233061709030156,0.3699739933352947,0.0,0.0,0.0,0.2824782431125641,1
2012-11-28,NVDA,0.2790221503116668,0.2838606912195566,0.2755660575107694,0.2824782431125641,398332000,0.0082240533589643,0.2710817784070968,0.2777976021170615,0.2758524512879691,0.2777390845555584,52.01184673546478,-0.003851837932689,-0.0057921492620802,0.0019403113293911,0.0232123925624527,0.3684853083303326,1.0,0.6538777351379395,1.0,0.277409166097641,0
2012-11-29,NVDA,0.2829389281407437,0.2843213480515921,0.276487552823742,0.277409166097641,488688000,-0.0179450174961018,0.2724042385816574,0.2779551908373832,0.276135490344273,0.2777076637500424,47.90587142099909,-0.0034460157809841,-0.005322922565861,0.0018769067848768,0.0235677896023217,0.3741270614354224,0.0,0.0,0.0,0.2757964432239532,0
2012-11-30,NVDA,0.2771788637066686,0.2792525356306131,0.2741836055941614,0.2757964432239532,460504000,-0.0058135168941034,0.2734509676694869,0.2773796901106834,0.2760738454133057,0.2775256427475577,46.64425379141481,-0.0032174433753444,-0.0049018267277577,0.0016843833524132,0.0208627715865034,0.3311862316645951,0.0,0.0,0.0,0.2707274556159973,0
2012-12-03,NVDA,0.2792525045777034,0.2792525045777034,0.2700362591847912,0.2707274556159973,391380000,-0.0183794524276723,0.2744715452194213,0.2766194269061088,0.2751017745410678,0.2768781963540758,42.82658202086038,-0.0034060600932089,-0.0046026734008479,0.0011966133076389,0.0211829365727684,0.3362686932576019,0.0,0.0,0.0,0.2787916660308838,1
2012-12-04,NVDA,0.2711882589548833,0.2792524727547013,0.2695753942216599,0.2787916660308838,528068000,0.0297871909464728,0.2755659788846969,0.2756557077169418,0.2757726639028525,0.2770604315613908,49.85777961984399,-0.0028717223878616,-0.0042564831982506,0.001384760810389,0.0199216931332042,0.3162470743548101,0.0,0.0,0.0,0.2755661010742187,0
2012-12-05,NVDA,0.2764877424467747,0.27833097025871,0.2716492007739738,0.2755661010742187,633024000,-0.0115698040855631,0.2766488879919052,0.2745421573519707,0.2757351070249191,0.2769181143721363,47.34948234251975,-0.0026776655794988,-0.0039407196745003,0.0012630540950014,0.0200000402838031,0.3174907968133014,-1.0,0.8956839144229889,2.0,0.2760267853736877,1
2012-12-06,NVDA,0.2748747547698431,0.2778700398331545,0.2739531412733977,0.2760267853736877,412896000,0.001671774204712,0.2770175397396087,0.2739095032215118,0.2757881394519679,0.2768332258960936,47.75376339583784,-0.0024583623173823,-0.0036442482030767,0.0011858858856943,0.01897934987294,0.301287838856908,0.0,0.0,0.0,0.2755661010742187,0
2012-12-07,NVDA,0.2762573252369886,0.2776397735625284,0.2723404249367437,0.2755661010742187,338288000,-0.0016689840402456,0.2771558076143264,0.2731736853718757,0.2757477688378316,0.2767125473416293,47.36211485479786,-0.0022952777419794,-0.0033744541108572,0.0010791763688778,0.0188952871197975,0.2999533840208766,0.0,0.0,0.0,0.2847822904586792,1
2012-12-10,NVDA,0.2755660434595594,0.2868559625134307,0.2748748194413088,0.2847822904586792,513644000,0.0334445686480802,0.2777318328619003,0.273459555208683,0.2773904091325311,0.2774810943051579,55.26628899836026,-0.0014061533204164,-0.0029807939527691,0.0015746406323526,0.0184947849404349,0.2935956090240803,0.0,0.0,0.0,0.29146409034729,1
2012-12-11,NVDA,0.2857039358871821,0.2951506001883923,0.2850127118586525,0.29146409034729,816724000,0.0234628349882601,0.2788608342409134,0.2743885666131973,0.2799492602624873,0.2788128082139324,59.96060510767558,-0.0001605002546255,-0.0024167352131404,0.0022562349585148,0.0182781086811587,0.2901559800417407,0.0,0.910541534423828,1.0,0.2884687483310699,0
2012-12-12,NVDA,0.2923856745740576,0.2939985120153349,0.2873167176635036,0.2884687483310699,399404000,-0.0102768818369736,0.2794598847627639,0.2752708315849304,0.2814982580931386,0.2797324215584217,57.0694035200348,0.0005783231575022,-0.0018177235390118,0.0023960466965141,0.0183744341126782,0.2916850988621304,0.5,0.800863653421402,2.0,0.2886991500854492,1
2012-12-13,NVDA,0.2880079262283836,0.2942288860088211,0.2859342821237633,0.2886991500854492,377556000,0.0007987061188163,0.2805888831615448,0.2764965608716011,0.2828075111826497,0.2805863957038529,57.24019732177459,0.0011689624590057,-0.0012203863394083,0.0023893487984141,0.0171899046078145,0.2728812759192039,0.0,0.0,0.0,0.2900815308094024,1
2012-12-14,NVDA,0.2898511411994887,0.2930768154708615,0.2877774699108297,0.2900815308094024,338660000,0.0047883089491052,0.2820173919200897,0.2777341797947883,0.2841300602056956,0.2814906942853338,58.31182672061919,0.001728667924385,-0.0006305754866496,0.0023592434110347,0.017189853006435,0.2728804567726994,1.0,0.8009669184684753,1.0,0.2889295518398285,0
2012-12-17,NVDA,0.2893903860749096,0.2910032234979616,0.2845518463391763,0.2889295518398285,445232000,-0.0039712248013846,0.2838376015424728,0.2791545733809471,0.2850026950482652,0.2821991569095713,57.02917837168154,0.0020555879247659,-9.334280436655894e-05,0.0021489307291324,0.0164818732579214,0.2616416266856765,0.0,0.8558810353279114,1.0,0.2893904447555542,1
2012-12-18,NVDA,0.2889296104270281,0.2926161202557389,0.2880079967031419,0.2893904447555542,416436000,0.0015951740235322,0.2848974794149398,0.2802317291498184,0.2858004677223177,0.2828840414663316,57.43260834773782,0.0023250627112217,0.0003903382987511,0.0019347244124706,0.0155936639195595,0.2475417405568524,0.0,0.0,0.0,0.29146409034729,1
2012-12-19,NVDA,0.29146409034729,0.2949201830233547,0.2903120594552684,0.29146409034729,458544000,0.0071655634431446,0.286487278342247,0.2815680831670761,0.2868302172904945,0.2837011889788038,59.28473612027891,0.0026751122610766,0.0008472930912162,0.0018278191698604,0.0151642032635652,0.2407242639949657,0.0,0.687207818031311,1.0,0.291233628988266,0
2012-12-20,NVDA,0.2926160492385855,0.2928464663469269,0.2880079268043679,0.291233628988266,334332000,-0.000790702411228,0.2880079627037048,0.2825127512216568,0.2876308375991802,0.2844185642178002,58.977601142891366,0.0029004976146753,0.001257933995908,0.0016425636187672,0.0141277211121305,0.2242706199286454,0.0,0.8970783352851868,1.0,0.2845518589019775,0
2012-12-21,NVDA,0.2873167271016451,0.2873167271016451,0.2813261564468833,0.2845518589019775,462172000,-0.0229429894806472,0.2889065384864807,0.2830311730504036,0.2870710232905979,0.2844312589496267,50.765844107255965,0.0025110087809569,0.0015085489529178,0.0010024598280391,0.0152762298295338,0.2425026305976789,0.0,0.0,0.0,0.2822478115558624,0
2012-12-24,NVDA,0.2843214559423003,0.2852430970325015,0.2813261704656612,0.2822478115558624,127376000,-0.0080971087484926,0.288653090596199,0.2831924617290496,0.2861940757024642,0.284223311578792,48.27003614487736,0.0019934395784281,0.0016055270780198,0.0003879125004082,0.0149670074371037,0.2375938772965845,0.0,0.0,0.0,0.2820174992084503,0
2012-12-26,NVDA,0.2815566922254134,0.2861648169889622,0.2808654680175631,0.2820174992084503,196740000,-0.0008159933858921,0.287708431482315,0.2832846328616142,0.285434698158098,0.284013234210188,48.01591822101928,0.0015468468868707,0.00159379103979,-4.694415291932189e-05,0.014947876850319,0.2372901886461826,0.0,0.9306658506393432,1.0,0.2801740765571594,0
2012-12-27,NVDA,0.2824781375635029,0.2829389717380305,0.276948402134908,0.2801740765571594,299804000,-0.0065365541374733,0.286878964304924,0.2831694245338439,0.2844782215033819,0.2836476001479948,45.931610997146535,0.001032270784415,0.001481486988715,-0.0004492162042999,0.0149073126052279,0.2366462512183898,0.0,0.0,0.0,0.2787916660308838,0
2012-12-28,NVDA,0.2776396354880526,0.2831693711070122,0.2771788012976604,0.2787916660308838,220600000,-0.0049341129031743,0.2858882158994674,0.2832385495305061,0.283444302326564,0.2831851302320795,44.37592926586096,0.0005070713369829,0.0012866038583686,-0.0007795325213857,0.0143712396174612,0.2281363563571287,-1.0,0.62701016664505,1.0,0.2824782431125641,1
2012-12-31,NVDA,0.2778701193780343,0.2836302740461965,0.277178895324538,0.2824782431125641,326460000,0.0132234120702585,0.2851278871297836,0.2835726395249366,0.2832686551967458,0.2831178076492684,49.306863463888234,0.0003838976187358,0.001106062610442,-0.0007221649917062,0.0145708649345116,0.2313053100229756,0.0,0.0,0.0,0.2930768430233001,1
2013-01-02,NVDA,0.2893903617189576,0.2933072601214481,0.2882383311613677,0.2930768430233001,478836000,0.0375200574527525,0.2855426162481307,0.2846901088953018,0.2850519620743011,0.2840662872087,60.223776451482266,0.0011284914492422,0.0011105483782021,1.794307104010357e-05,0.0158985676645064,0.2523819374545017,0.0,0.0,0.0,0.2933074235916137,1
2013-01-03,NVDA,0.2930770063650464,0.2965330999640141,0.289851329992646,0.2933074235916137,298888000,0.0007867580595415,0.2859343141317367,0.2854158967733383,0.2865529550774488,0.2849463954356442,60.4234623393054,0.0017173962740429,0.0012319179573702,0.0004854783166726,0.0147098132928799,0.2335110468309154,0.0,0.8543898463249207,1.0,0.3029842674732208,1
2013-01-04,NVDA,0.2937679977149118,0.3039058807157674,0.2928463844723652,0.3029842674732208,524968000,0.0329921546584537,0.2870863318443298,0.2867868050932884,0.2895404664221346,0.2866642880106515,67.74244866192029,0.0029311594376014,0.0015717662534165,0.0013593931841849,0.0157797414934478,0.2504956304672996,0.0,0.0,0.0,0.2942288815975189,0
2013-01-07,NVDA,0.3027539299292195,0.3036755434137719,0.2921552375239882,0.2942288815975189,610732000,-0.0288971633699619,0.2873858571052551,0.28769690990448,0.2903929055449317,0.287384725495115,57.39943706580912,0.0031502746162581,0.0018874679259848,0.0012628066902733,0.0174933361589182,0.2776981024641102,0.0,0.8168451189994812,5.0,0.2877775728702545,0
2013-01-08,NVDA,0.2949201751978986,0.2958418163670108,0.2857039283062713,0.2877775728702545,466424000,-0.0219261572563405,0.2877084285020828,0.2883074834942817,0.2899173905131722,0.2874221395308426,51.19667535278017,0.0027714111726745,0.0020642565753227,0.0007071545973518,0.0183635556448466,0.2915124085389633,0.0,0.0,0.0,0.2813260555267334,0
2013-01-09,NVDA,0.2900814912403235,0.291463938577521,0.2794828290325618,0.2813260555267334,695020000,-0.0224184159980729,0.2876162528991699,0.2881346717476845,0.288355329606547,0.2868415601018798,45.85956566453249,0.0019283468498974,0.0020370746302377,-0.0001087277803402,0.0176149667194904,0.2796289277547065,0.0,0.7761788964271545,1.0,0.2817868888378143,1
2013-01-10,NVDA,0.2838605323713089,0.2852429797046845,0.28017402446002,0.2817868888378143,506368000,0.0016380754716018,0.2875931918621063,0.2876508116722107,0.2871610676485955,0.2863601628386354,46.290274696380195,0.0012826125380654,0.0018861822118032,-0.0006035696737377,0.0167073504861202,0.2652209667184104,0.0,0.0,0.0,0.2813260555267334,0
2013-01-11,NVDA,0.2829389199089867,0.2831693094874737,0.2785611883189072,0.2813260555267334,513172000,-0.0016353965685965,0.2877083897590637,0.2872936770319939,0.2861001563537115,0.2858807240470257,45.89705815731091,0.000725317043432,0.001654009178129,-0.0009286921346969,0.0165811820092534,0.2632181042398976,0.0,0.0,0.0,0.2810957729816437,0
2013-01-14,NVDA,0.2831694173104568,0.2831694173104568,0.2778700704554487,0.2810957729816437,305684000,-0.0008185610275541,0.2879388004541397,0.2869135081768036,0.285190268467881,0.2854250144217513,45.68820169258511,0.0002620536802969,0.0013756180785626,-0.0011135643982656,0.0165752600636963,0.2631240962685671,0.0,0.0,0.0,0.2760267853736877,0
2013-01-15,NVDA,0.2797132942926212,0.2797132942926212,0.2744139480216204,0.2760267853736877,375888000,-0.018032955651336,0.2872936546802521,0.2862107709050178,0.2835241806325731,0.2845299449886023,41.23961029463266,-0.0005082519966435,0.0009988440635213,-0.0015070960601649,0.0169229256631125,0.2686431165613712,0.0,0.0,0.0,0.2785613238811493,1
2013-01-16,NVDA,0.2755660381706075,0.2808653855867072,0.2755660381706075,0.2785613238811493,337376000,0.00918221941407,0.285842102766037,0.2856923595070838,0.2826218430414051,0.2839615048831306,44.1669437905428,-0.0009037903868519,0.0006183171734467,-0.0015221075602986,0.0171109372471969,0.2716277079318909,0.0,0.0,0.0,0.2822478115558624,1
2013-01-17,NVDA,0.2794829432184186,0.283399842318679,0.2787917192674127,0.2822478115558624,580736000,0.0132340255400495,0.2847361415624618,0.2853352278470992,0.282553837316761,0.2837982959948193,48.20846526807315,-0.000909306742601,0.0003127923902371,-0.0012220991328381,0.0174235074538968,0.2765896061369474,0.0,0.0,0.0,0.2804044783115387,0
2013-01-18,NVDA,0.2822477325091366,0.2822477325091366,0.2769483869910071,0.2804044783115387,397088000,-0.0065309035849119,0.2824781626462936,0.2847822472453117,0.2821630447703569,0.2834750752630783,46.399851496791406,-0.001050312730355,4.017136611871656e-05,-0.0010904840964737,0.0173503327913782,0.275427994381175,0.0,0.0,0.0,0.2790220379829407,0
2013-01-22,NVDA,0.2801740684527885,0.282708546473083,0.277639617899067,0.2790220379829407,308224000,-0.0049301649421664,0.2809574782848358,0.2841716676950454,0.2815919526271903,0.2830509764744938,45.03526072111969,-0.0012590982714139,-0.0002196825613878,-0.0010394157100261,0.0173624702114991,0.2756206699523628,0.0,0.0,0.0,0.2794829607009887,1
2013-01-23,NVDA,0.2799437675416243,0.2801741572286513,0.2764876750369848,0.2794829607009887,421808000,0.0016519222688646,0.2801280170679092,0.283918222784996,0.2812084995496991,0.2827111654484457,45.60960782293328,-0.0013715592246908,-0.0004500578940484,-0.0009215013306424,0.0166575195353965,0.264429924899157,0.0,0.8587928414344788,1.0,0.2808652520179748,1
2013-01-24,NVDA,0.2785611914081397,0.2820172823228924,0.2771787440556109,0.2808652520179748,396980000,0.0049458876259185,0.2800819367170334,0.2838490948081016,0.2811460909075674,0.2825353641693532,47.38524394717014,-0.0013337711004081,-0.0006268005353203,-0.0007069705650877,0.0166107022091627,0.2636867228855756,0.0,0.0,0.0,0.2859342396259308,1
2013-01-25,NVDA,0.2813260904192526,0.2861646292329928,0.279943670377164,0.2859342396259308,393920000,0.0180477562515692,0.280496671795845,0.2840449318289756,0.2820166634018153,0.2828590665937892,53.39394329082462,-0.0008846016656442,-0.0006783607613851,-0.000206240904259,0.0170972434229822,0.2714103252116738,0.0,0.0,0.0,0.2905424535274505,1
2013-01-28,NVDA,0.2873167508062252,0.2923857083014964,0.2866255268326354,0.2905424535274505,422492000,0.0161163416719465,0.2814183115959167,0.2845633506774901,0.2835668070610216,0.2835908177303284,58.08080297047169,-0.0001550005532077,-0.0005736887197496,0.0004186881665418,0.0173324060698752,0.2751434164996573,0.0,0.8823935985565186,1.0,0.2843213975429535,0
2013-01-29,NVDA,0.2893903538314515,0.2900815501739064,0.2831693670167629,0.2843213975429535,388872000,-0.0214118656635811,0.2817408740520477,0.2848398372530937,0.2837040053304638,0.2836603967601022,50.67236082208704,-7.787593620789401e-05,-0.0004745261630413,0.0003966502268334,0.0180540089600987,0.2865985072569191,0.0,0.8150604069232941,2.0,0.2838607132434845,0
2013-01-30,NVDA,0.2845519373506108,0.2884688373355452,0.2829390994117068,0.2838607132434845,287592000,-0.0016202941581257,0.2825242668390274,0.2849089607596397,0.2837324976782857,0.2836794745204243,50.16209796192854,-5.331293610916221e-05,-0.0003902835176548,0.0003369705815457,0.0178347645002626,0.2831181093545886,0.0,0.0,0.0,0.2824782431125641,0
2013-01-31,NVDA,0.2838606912195566,0.2870863943136779,0.2806350155920193,0.2824782431125641,470544000,-0.0048702411655485,0.2829159587621689,0.2843790307641028,0.2835044513936091,0.2835650715291996,48.581114513355736,-0.0001437433831011,-0.0003409754907441,0.000197232107643,0.0155649325116191,0.2470856435954895,0.0,0.0,0.0,0.2850126326084137,1
2013-02-01,NVDA,0.2847822155074456,0.2859342735457105,0.2824781543640667,0.2850126326084137,288816000,0.0089719812326916,0.283192440867424,0.2839642912149429,0.2837786661599372,0.2837029344891247,51.59315428308041,-1.0781826139838468e-05,-0.0002749367578232,0.0002641549316834,0.0157410617403051,0.2498816084217655,0.0,0.7076755166053772,1.0,0.2801740765571594,0
2013-02-04,NVDA,0.2833997784459845,0.2891599309618432,0.2799436869364693,0.2801740765571594,511744000,-0.0169766371650694,0.2831694006919861,0.2828237816691398,0.2831232862321594,0.2833668527813185,46.04729021431695,-0.0002924684756162,-0.0002784431013818,-1.402537423438586e-05,0.0138625636348533,0.2200613754697767,0.0,0.0,0.0,0.2866254150867462,1
2013-02-05,NVDA,0.2815564870342654,0.2882382795518461,0.2806348737398398,0.2866254150867462,367296000,0.0230261793270178,0.2839297384023666,0.2824436083436011,0.2837600369329933,0.2836771920485021,53.261239283180174,4.806521890554638e-06,-0.0002217931767273,0.0002265996986179,0.0137796074470318,0.2187444868136394,0.0,0.0,0.0,0.2843213975429535,0
2013-02-06,NVDA,0.2797132754381911,0.2866254585953346,0.2781004381948391,0.2843213975429535,530688000,-0.0080384272381967,0.2844135820865631,0.2822707995772361,0.2838621024984406,0.2837385449527356,50.65620699348617,5.386323699202445e-05,-0.0001666618939835,0.0002205251309755,0.013009545407552,0.2065201309103115,0.0,0.8410400748252869,1.0,0.2831693589687347,0
2013-02-07,NVDA,0.2833997760540538,0.2857038370409507,0.2804044912777731,0.2831693589687347,440000000,-0.0040518884057777,0.284643992781639,0.2823629647493362,0.2837361491294031,0.2836843367637831,49.356305595934415,-2.1635381480811233e-07,-0.0001333727859497,0.0001331564321349,0.0119910315356327,0.1903517244385037,0.0,0.0,0.0,0.2850126326084137,1
2013-02-08,NVDA,0.2850126326084137,0.2873166937517926,0.2831693782003954,0.2850126326084137,307232000,0.0065094388968918,0.2845518320798873,0.2825242519378662,0.2839682370346778,0.2838108411299384,51.500775766039645,0.0001044578338045,-8.580666199890701e-05,0.0001902644958034,0.012066848804351,0.1915552862671793,0.0,0.0,0.0,0.2882383167743683,1
2013-02-11,NVDA,0.2873166758943537,0.2912336015679116,0.2845518081874574,0.2882383167743683,408308000,0.0113176884001013,0.2843214184045791,0.2828698650002479,0.2847446151691669,0.284232505477027,55.08505790071147,0.0004425966569009,1.9874001781062365e-05,0.0004227226551198,0.0122840404611244,0.1950030969311426,0.0,0.0,0.0,0.2863951027393341,0
2013-02-12,NVDA,0.2857038788488016,0.2896207776063824,0.2852430720773057,0.2863951027393341,277804000,-0.0063947571428438,0.2845287889242172,0.2831348314881324,0.2850447038182882,0.2844384671210562,52.68884879052248,0.0005554393826643,0.0001269870779577,0.0004284523047066,0.0123970844265681,0.1967976142498268,-1.0,0.6563931703567505,1.0,0.2850126326084137,0
2013-02-13,NVDA,0.2866254699154639,0.2919248160385505,0.2840910191376923,0.2850126326084137,856396000,-0.0048271430541139,0.2846439808607101,0.2835841238498687,0.2850388726892201,0.2844931495484236,50.90039895665708,0.0005272366145404,0.0002070369852742,0.0003201996292661,0.0116593242031385,0.1850860337794855,0.4285714285714285,0.8019301976476397,7.0,0.2933074235916137,1
2013-02-14,NVDA,0.2810958873819432,0.2935378408181811,0.2776397937829755,0.2933074235916137,882096000,0.0291032397662052,0.2857268989086151,0.284321428835392,0.2865422455805644,0.2853326042192036,59.732217549721376,0.0011608247622251,0.0003977945406644,0.0007630302215607,0.0130973303934536,0.2079136743595559,-0.8571428571428571,0.6626854794366019,7.0,0.2933074235916137,0
2013-02-15,NVDA,0.2926161993785022,0.294689872017837,0.2868560433802227,0.2933074235916137,733860000,0.0,0.2865563780069351,0.2848744094371795,0.2877722779462097,0.2860921108260998,59.732217549721376,0.0016439969604143,0.0006470350246144,0.0009969619357999,0.0128674728344737,0.2042647987313809,0.0,0.8706214427947998,1.0,0.2893904447555542,0
2013-02-19,NVDA,0.2935377614462081,0.2937681511438881,0.2875471898411988,0.2893904447555542,433552000,-0.013354516527728,0.2874780148267746,0.2853237077593803,0.2880664900933632,0.2864062378670002,54.3755916479828,0.0016913501206728,0.0008558980438261,0.0008354520768467,0.0131919993091905,0.209416496807125,0.0,0.0,0.0,0.2852430343627929,0
2013-02-20,NVDA,0.290311963112194,0.2949200851510267,0.2843213934750821,0.2852430343627929,713012000,-0.0143315388186523,0.2873397767543793,0.285634757578373,0.2875531345059868,0.2862954565808853,49.33113644923188,0.0013783279770576,0.0009603840304724,0.0004179439465852,0.0136003897969617,0.2158994948178065,0.0,0.0,0.0,0.2831693589687347,0
2013-02-21,NVDA,0.2847821961662478,0.2880078980278476,0.2824781351793509,0.2831693589687347,580408000,-0.0072698546300723,0.2872245728969574,0.2858190774917603,0.2867560844083046,0.2859977329987757,46.9841525104052,0.0009519538675532,0.0009586979978885,-6.744130335333714e-06,0.0137301608527386,0.2179595464635663,0.0,0.8593345284461975,1.0,0.2884687483310699,1
2013-02-22,NVDA,0.285012656328371,0.2886991654512142,0.2833998188870936,0.2884687483310699,370148000,0.0187145578943812,0.2877545118331909,0.286199252307415,0.2870674778488074,0.2862330677923275,53.12214642893143,0.0010297949118878,0.0009729173806884,5.687753119942461e-05,0.0142858407538133,0.2267806914243695,0.0,0.0,0.0,0.2833998203277588,0
2013-02-25,NVDA,0.2891599736948722,0.2914640350417176,0.2829390135517052,0.2833998203277588,644444000,-0.0175718445503622,0.2875932306051254,0.2860725313425064,0.2864006310267985,0.2859632347004638,47.46183592459015,0.000674687001494,0.0009132713048495,-0.0002385843033555,0.0143257514493787,0.2274142540750752,0.0,0.0,0.0,0.2867611646652221,1
2013-02-26,NVDA,0.2839793345203732,0.2883838966134606,0.2830520393820363,0.2867611646652221,487504000,0.0118607849982961,0.2874455153942108,0.285883466899395,0.2864661825974209,0.2860392280304408,51.17694172149641,0.0006569212410516,0.0008620012920899,-0.0002050800510383,0.0140981344635214,0.2238009464425602,0.0,0.0,0.0,0.2920930981636047,1
2013-02-27,NVDA,0.2867612395400056,0.2941794920433199,0.2860657749134339,0.2920930981636047,476980000,0.0185936387328016,0.2880153149366379,0.2862720519304275,0.2874892581549089,0.2866157870907421,56.43894469572209,0.0010608553403929,0.0009017721017505,0.0001590832386423,0.0138193050095333,0.2193746660818467,0.0,0.8063434958457947,1.0,0.2934840619564056,1
2013-02-28,NVDA,0.2911658646850671,0.2978886257179123,0.2900067660493978,0.2934840619564056,591392000,0.0047620563496566,0.288862457871437,0.2867532193660736,0.2885792224824537,0.2872699085065195,57.719167112667705,0.0014761984804377,0.001016657377488,0.0004595411029497,0.0138186196177209,0.2193637858241279,0.0,0.0,0.0,0.2946431338787079,1
2013-03-01,NVDA,0.2913976414120268,0.2955704016491374,0.288847641225801,0.2946431338787079,389396000,0.0039493521882441,0.2889960289001464,0.2873614639043808,0.2896817518272271,0.287972120446728,58.80560379427081,0.0018772485756373,0.0011887756171178,0.0006884729585194,0.0137364261823033,0.2180590054870264,0.0,0.0,0.0,0.2934840619564056,0
2013-03-04,NVDA,0.2925567664668154,0.2962658931549936,0.2902385691954769,0.2934840619564056,353680000,-0.0039338161627735,0.2890136927366256,0.2877850353717804,0.2903730809416232,0.2884970672571734,57.22213457981921,0.0020776068891782,0.0013665418715299,0.0007110650176483,0.0137046376079251,0.2175543775129985,0.0,0.6759438514709473,1.0,0.2967293560504913,1
2013-03-05,NVDA,0.2951066244228985,0.2971929897105071,0.2937156958077758,0.2967293560504913,366168000,0.0110578205591544,0.2897475838661193,0.288612799346447,0.2915287673250538,0.2892810947612989,60.43457514734101,0.0024697902034274,0.0015871915379094,0.0008825986655179,0.0131312164012745,0.2084515980572696,0.0,0.0,0.0,0.2964976727962494,0
2013-03-06,NVDA,0.2985840389265611,0.3013658696453389,0.2951067436193172,0.2964976727962494,342928000,-0.0007807897989118,0.290873047709465,0.2891064122319221,0.292432204683453,0.2899683879074847,60.08765738767141,0.0027304287204816,0.0018158389744238,0.0009145897460577,0.0122666927316068,0.1947277102624524,0.0,0.7339448928833008,2.0,0.2958021759986877,0
2013-03-07,NVDA,0.2981203726177616,0.3011340337495742,0.2941794438923528,0.2958021759986877,314824000,-0.0023457074418241,0.2921363294124602,0.2896804511547088,0.2930449267407684,0.2905239867733135,58.992879967466024,0.0028480354640036,0.0020222782723398,0.0008257571916638,0.0120920279683251,0.1919549931037556,1.0,0.5085444450378418,1.0,0.2971930503845215,1
2013-03-08,NVDA,0.2964976135700573,0.2985839792836119,0.2951066846709669,0.2971930503845215,246464000,0.0047020424414996,0.2930087596178054,0.2903816357254982,0.2937991310396325,0.2911591356886667,60.54120397124411,0.0030186741973823,0.0022215574573483,0.0007971167400339,0.0120177248598657,0.1907754678240205,0.0,0.0,0.0,0.2944112420082092,0
2013-03-11,NVDA,0.2941794389312611,0.2955703402981989,0.2918612147161987,0.2944112420082092,299748000,-0.0093602739791965,0.2941099017858505,0.2908515661954879,0.2939104239430101,0.2914688601000517,55.987957243696776,0.0028960540274474,0.0023564567713681,0.0005395972560792,0.0122597045906527,0.1946167769639049,-0.5,0.7976367175579071,2.0,0.2953385412693023,1
2013-03-12,NVDA,0.2939476122482167,0.2962658088599704,0.291165781841129,0.2953385412693023,310856000,0.0031496734118166,0.2949676394462585,0.2912065774202346,0.2941700816386995,0.2918374011637898,57.14499898558824,0.0028409532196659,0.0024533560610277,0.0003875971586382,0.0120566284340606,0.191393042918608,0.0,0.0,0.0,0.2953385412693023,0
2013-03-13,NVDA,0.2953385412693023,0.3004385682881437,0.2925566832271312,0.2953385412693023,485840000,0.0,0.2952921837568283,0.291653749346733,0.2943825288442637,0.2921708430786006,57.14499898558824,0.0027654075358524,0.0025157663559926,0.0002496411798597,0.0119263016381799,0.1893241691721985,-0.5,0.7447063624858856,2.0,0.2955703139305115,1
2013-03-14,NVDA,0.2971930458647172,0.2981203409950352,0.293715751304956,0.2955703139305115,383304000,0.0007847694385332,0.2955008089542389,0.2921816334128379,0.294598489769036,0.292494602207354,57.469109882926105,0.0026931936934641,0.0025512518234869,0.0001419418699771,0.0118326320818664,0.1878372110636592,0.0,0.8353723883628845,1.0,0.2930203974246979,0
2013-03-15,NVDA,0.2955703975757812,0.2955703975757812,0.291861271275002,0.2930203974246979,355776000,-0.0086271062607901,0.2953385353088379,0.2921672821044921,0.2943115638882472,0.2925446779423391,52.74298428471092,0.0024025120877849,0.0025215038763465,-0.0001189917885616,0.0101536018185737,0.1611834319411159,1.0,0.533987283706665,1.0,0.2909340262413025,0
2013-03-18,NVDA,0.2911658570163669,0.2937158573666228,0.2888476598060849,0.2909340262413025,298312000,-0.0071202250823905,0.2950835317373276,0.2920486122369766,0.2936974661342573,0.2923912825422404,49.17926780145424,0.0019809568654259,0.0024133944741624,-0.0004324376087364,0.0102776690919874,0.1631529388488833,1.0,0.8288393020629883,1.0,0.289079338312149,0
2013-03-19,NVDA,0.2911657314829279,0.2925566326283685,0.2869929727764488,0.289079338312149,355480000,-0.0063749433268943,0.2943185299634933,0.2920330569148063,0.2928578065302376,0.2920758592822317,46.19138612726515,0.0014801512368597,0.0022267458267019,-0.0007465945898421,0.0099255395296588,0.1575630553417102,-0.5,0.8365059942007065,4.0,0.2925567626953125,1
2013-03-20,NVDA,0.2918612979958582,0.2934840581729484,0.2893112976113141,0.2925567626953125,340588000,0.01202930795216,0.2939244389533996,0.2923987433314323,0.2928030712875239,0.292121659607287,52.07102931472409,0.0013483157095818,0.0020510598032778,-0.000702744093696,0.0096702192048624,0.1535099708372814,0.0,0.0,0.0,0.2879202663898468,0
2013-03-21,NVDA,0.2909339272649779,0.291397561022287,0.2874566326325377,0.2879202663898468,339032000,-0.0158481939120116,0.2931362479925156,0.2926362887024879,0.2919152885788553,0.2917215269199117,45.00919788560121,0.0008597973922234,0.001812807321067,-0.0009530099288435,0.0102440654095181,0.1626194969271851,0.0,0.0,0.0,0.2893111705780029,1
2013-03-22,NVDA,0.2888475368603068,0.2904702686897825,0.2876884387485272,0.2893111705780029,232476000,0.004830865869903,0.2923480600118636,0.2926784098148345,0.2914418125787003,0.2914919691730632,47.31743324712751,0.0005782121797617,0.0015658882928059,-0.0009876761130442,0.0094083774359363,0.1493533616167142,0.0,0.0,0.0,0.2876884937286377,0
2013-03-25,NVDA,0.2909339580078294,0.291165788728522,0.2856021001476566,0.2876884937286377,362076000,-0.0056087597520804,0.2916757851839065,0.2928928434848785,0.290759390969598,0.2911297334164512,44.94709060439335,0.0002215633651513,0.001297023307275,-0.0010754599421236,0.0085620688153327,0.1359186287615514,0.0,0.582439661026001,1.0,0.2897748053073883,1
2013-03-26,NVDA,0.2883838765143651,0.2900066359845851,0.2872247783985386,0.2897748053073883,232540000,0.0072519813069706,0.2911194115877151,0.2930435255169868,0.2905803753946507,0.2910006926441595,48.51798725384246,0.000106042130754,0.0010588270719708,-0.0009527849412167,0.0083065213828849,0.1318619390349239,1.0,0.6698378324508667,1.0,0.2932522296905517,1
2013-03-27,NVDA,0.288615835171348,0.2948749622452548,0.2879203704664491,0.2932522296905517,254944000,0.0120004373032867,0.29091078042984,0.2931014820933341,0.2910661670848145,0.2912151247438159,53.88687994378285,0.000291726959091,0.0009054070493948,-0.0006136800903038,0.0076585260152594,0.1215753314741698,0.0,0.0,0.0,0.2974248230457306,1
2013-03-28,NVDA,0.2925566004838849,0.2976566536953711,0.2904702351774229,0.2974248230457306,349276000,0.0142286841589642,0.291096231341362,0.2932985201478004,0.2922222863504356,0.2918065245820935,59.36312150274754,0.0007667384516874,0.0008776733298533,-0.0001109348781659,0.0082252094088252,0.1305711514630808,0.0,0.0,0.0,0.2876884937286377,0
2013-04-01,NVDA,0.2967294496743033,0.2967294496743033,0.2856021001476566,0.2876884937286377,442828000,-0.0327354294688304,0.2905630409717559,0.2929507881402969,0.2913979604191996,0.2914143311674787,45.719408680753205,0.0003534734539057,0.0007728333546638,-0.000419359900758,0.011063105420797,0.1756213540291176,0.0,0.9394407868385316,1.0,0.2846747636795044,0
2013-04-02,NVDA,0.2879202271737014,0.28861569153248,0.2828202012677872,0.2846747636795044,371524000,-0.0104756711332918,0.2899371147155761,0.2925103232264518,0.2901755610119823,0.2907724675971954,42.46591405604945,-0.0002147493654141,0.0005753168106482,-0.0007900661760624,0.0112454175979529,0.1785154701195163,0.0,0.0,0.0,0.2811974585056305,0
2013-04-03,NVDA,0.2842110912171589,0.2858338505357682,0.2791110655110227,0.2811974585056305,353156000,-0.0122150103118685,0.2891489267349243,0.2917337283492088,0.2885431787381001,0.2898605619694273,39.01594820291314,-0.0009348827634762,0.0002732768958233,-0.0012081596592996,0.0110846633760364,0.1759635759591482,0.0,0.8755577206611633,1.0,0.2839793264865875,1
2013-04-04,NVDA,0.2802702013083329,0.2849065939636111,0.2793429338313093,0.2839793264865875,294676000,0.0098929342951417,0.2882911831140518,0.2911078110337257,0.2877133874196432,0.2893004443043949,43.00516992976446,-0.0012665205126112,-3.468258586355246e-05,-0.0012318379267476,0.011429744079592,0.1814415623022799,0.0,0.0,0.0,0.2888475656509399,1
2013-04-05,NVDA,0.2798065828968592,0.2888475656509399,0.2791111184334559,0.2888475656509399,551352000,0.0171429351022927,0.2883839130401611,0.2907600805163383,0.2879196016435153,0.2892573130040659,49.26034518172725,-0.0011235678127816,-0.0002524596312471,-0.0008711081815344,0.0122110199654487,0.1938439324981312,0.0,0.0,0.0,0.288152128458023,0
2013-04-08,NVDA,0.2890793960735957,0.2890793960735957,0.2828202705807698,0.288152128458023,326660000,-0.0024076269825907,0.2882680088281631,0.2903080344200134,0.2879618792461531,0.2891520573330142,48.44244414805646,-0.0010542401139138,-0.0004128157277804,-0.0006414243861333,0.012135939964622,0.1926520744344002,0.0,0.0,0.0,0.292788565158844,1
2013-04-09,NVDA,0.2883839742449818,0.2948749314203498,0.286297607983476,0.292788565158844,380584000,0.0160902392969706,0.2887780159711838,0.2902269005775452,0.2888394585030059,0.2894983914116646,53.933994456073535,-0.0006180512100183,-0.000453862824228,-0.0001641883857903,0.0125911744215744,0.1998786974023405,0.0,0.0,0.0,0.2974248230457306,1
2013-04-10,NVDA,0.293020261783166,0.2978884567099359,0.2923247974693201,0.2974248230457306,384688000,0.0158348324989103,0.289543017745018,0.2903312146663666,0.2904004338744104,0.2902532896625281,58.67414785852237,0.0001005794858338,-0.0003429743622156,0.0004435538480495,0.0130788696599858,0.2076206193009021,-1.0,0.8648908734321594,1.0,0.296034038066864,0
2013-04-11,NVDA,0.2932522070966885,0.2978886012586774,0.2851385173132079,0.296034038066864,969220000,-0.0046760891193426,0.2898211985826492,0.2903659895062446,0.2914247255457656,0.2908038371296077,56.78644508919457,0.0005515172180496,-0.0001640760461626,0.0007155932642123,0.0131287317874171,0.2084121560350462,0.25,0.787754699587822,4.0,0.30345219373703,1
2013-04-12,NVDA,0.2974248722010005,0.3066976575579196,0.2948748451738156,0.30345219373703,770548000,0.0250584551648431,0.2904239356517791,0.2907600834965705,0.2936115379441773,0.2920084425207908,63.52678113750921,0.0014902926204765,0.0001667976871652,0.0013234949333113,0.0142589835683158,0.2263543468219199,0.0,0.0,0.0,0.2971930503845215,0
2013-04-15,NVDA,0.3025249076509267,0.3034522027953473,0.2953385153658423,0.2971930503845215,430420000,-0.0206264560998119,0.2913743913173675,0.2909687161445617,0.2942627220242398,0.2925022146982889,55.64075506370585,0.001709512139893,0.0004753405777107,0.0012341715621822,0.0149398834766329,0.2371632977727224,0.0,0.0,0.0,0.3004385232925415,1
2013-04-16,NVDA,0.2999748895666442,0.3025248888766189,0.2983521300733848,0.3004385232925415,468844000,0.010920419921734,0.2929507672786712,0.2914439409971237,0.2953855949821128,0.2932580536120273,58.51633998566664,0.00212068182851,0.0008044088278706,0.0013162730006394,0.0149802163385391,0.2378035621063265,1.0,0.9513328075408936,1.0,0.2964976727962494,0
2013-04-17,NVDA,0.2981204050792792,0.3009022357980571,0.2946431097720353,0.2964976727962494,532948000,-0.0131169946287309,0.2944807887077331,0.2918148577213287,0.2955877909483195,0.2935665887724293,53.94357936253719,0.0021042861679956,0.0010643842958956,0.0010399018720999,0.0152453747500811,0.2420128213961887,0.0,0.0,0.0,0.290702074766159,0
2013-04-18,NVDA,0.2971930297869095,0.2990475923121352,0.290702074766159,0.290702074766159,402548000,-0.0195468584135332,0.2951530635356903,0.2917221233248711,0.2946994789151994,0.2932937779146893,48.00258770287074,0.0016051331874942,0.0011725340742153,0.0004325991132789,0.0157121952214963,0.2494233666418603,0.0,0.0,0.0,0.2913976311683655,1
2013-04-19,NVDA,0.2904703634305327,0.2923249265412861,0.2867612372090257,0.2913976311683655,303028000,0.0023926778051583,0.2954080700874328,0.291895991563797,0.2940991429612296,0.2931131925102775,48.73234991875273,0.0012512527797277,0.0011882778153178,6.297496440987697e-05,0.0152795317283902,0.2425550466170493,0.0,0.0,0.0,0.2918612957000732,1
2013-04-22,NVDA,0.2911658586411803,0.2944113236996498,0.2888476614179618,0.2918612957000732,245568000,0.0015911746771881,0.2957789868116379,0.2920234978199005,0.2936922616410193,0.292993964242639,49.243732028630546,0.0009967242430699,0.0011499671008682,-0.0001532428577983,0.0152507107389701,0.242097527593782,0.0,0.0,0.0,0.2995113134384155,1
2013-04-23,NVDA,0.2944112585675389,0.3025249470538257,0.2939476247524824,0.2995113134384155,376948000,0.0262111415629557,0.296451261639595,0.2926146388053894,0.2947502710587277,0.2936146641660463,56.88512449087304,0.0013962064428431,0.0011992149692632,0.0001969914735799,0.0162043708613129,0.257236412707773,0.0,0.0,0.0,0.3097112774848938,1
2013-04-24,NVDA,0.3004384933507592,0.3122613041758115,0.3002066626933751,0.3097112774848938,556556000,0.0340553548024007,0.2976799070835113,0.2936114624142646,0.2974704540453033,0.2951476749583175,64.54876428760761,0.0025069522333492,0.0014607624220804,0.0010461898112688,0.0176896420115512,0.2808143612659505,0.0,0.0,0.0,0.3122612833976745,1
2013-04-25,NVDA,0.3113340160999929,0.3129567476884732,0.3085521589367984,0.3122612833976745,353224000,0.0082334938962791,0.2993026316165924,0.2945619150996208,0.3001596957457344,0.2967775424287324,66.16783197880994,0.0035520446806815,0.0018790188738006,0.0016730258068809,0.0176140506542368,0.2796143856696315,0.0,0.9297212362289428,1.0,0.3108703196048736,0
2013-04-26,NVDA,0.3117976144325985,0.3122612480289252,0.3092475882001945,0.3108703196048736,324332000,-0.0044544868888836,0.3000444442033767,0.295234189927578,0.3021070819019415,0.298119711683603,64.4390428193036,0.0042194100883603,0.0023470971167126,0.0018723129716477,0.0174985827844943,0.2777813900630898,0.0,0.8929186463356018,1.0,0.3145795464515686,1
2013-04-29,NVDA,0.3113340825815789,0.3157386446387193,0.3099431537029658,0.3145795464515686,269712000,0.0119317497129014,0.3017830938100814,0.2965787425637245,0.3043748027291464,0.2996873149948378,66.92102905505281,0.0049900830184619,0.0028756942970624,0.0021143887213995,0.015522678274686,0.2464148783789064,0.0,0.0,0.0,0.3192160427570343,1
2013-04-30,NVDA,0.3152751131692612,0.3192160427570343,0.3131887191744946,0.3192160427570343,276712000,0.0147387087233261,0.3036608457565307,0.298305806517601,0.3070732100069442,0.3015471938293327,69.76202035539994,0.0059068825063741,0.0034819319389248,0.0024249505674493,0.0152561627854186,0.2421840761480167,0.0,0.0,0.0,0.3164341747760772,0
2013-05-01,NVDA,0.3192160054757864,0.321302399226883,0.3152750763482746,0.3164341747760772,341316000,-0.0087146872598582,0.3056544959545135,0.3000676423311234,0.308775203601332,0.3029650015385465,66.09416408723841,0.0063359424086064,0.0040527340328611,0.0022832083757452,0.015056760590678,0.2390186644390331,0.0,0.0,0.0,0.3201433718204498,1
2013-05-02,NVDA,0.3162024141835802,0.3210706397143647,0.3143478507606579,0.3201433718204498,323480000,0.0117218598370336,0.3085986256599425,0.3018758445978164,0.3108421432775352,0.3046010368034896,68.47422006382999,0.0068957863422869,0.0046213444947463,0.0022744418475406,0.0150869959437693,0.239498635789523,0.0,0.0,0.0,0.3215341866016388,1
2013-05-03,NVDA,0.3222296511513149,0.3238523833438357,0.3203750882305403,0.3215341866016388,293864000,0.0043443497620467,0.3116122812032699,0.3035101756453514,0.312786151154645,0.3062137177366467,69.34320751608018,0.0073667742347836,0.0051704304427537,0.0021963437920298,0.0148645876151001,0.2359680130265148,0.0,0.8771886825561523,1.0,0.3206070065498352,0
2013-05-06,NVDA,0.321534274446013,0.3233888378734613,0.3187524431223869,0.3206070065498352,217116000,-0.0028836126621655,0.3144868522882461,0.305132919549942,0.3142081248628613,0.3075845071474266,67.99759297864614,0.0075778669186779,0.0056519177379386,0.0019259491807393,0.0148782541270652,0.2361849621782098,0.0,0.0,0.0,0.3164341747760772,0
2013-05-07,NVDA,0.3206069346431841,0.321302399226883,0.313420513336773,0.3164341747760772,448068000,-0.0130154104199509,0.3161791384220123,0.3063152000308037,0.3146128612107188,0.3084273326358695,62.15206445984788,0.0073240199976836,0.0059863381898876,0.001337681807796,0.0152031724903244,0.2413428812917024,0.0,0.0,0.0,0.3222297132015228,1
2013-05-08,NVDA,0.3168978541407226,0.3240842764794217,0.3157387555464221,0.3222297132015228,334032000,0.0183151469955695,0.3174309819936752,0.3075554445385933,0.3159977433908649,0.3097418450706936,66.46414816501353,0.0075039946206133,0.0062898694760327,0.0012141251445805,0.0153145017108956,0.2431101778794181,0.0,0.0,0.0,0.3224614262580871,1
2013-05-09,NVDA,0.3164341047139957,0.3238523274824373,0.3159704709725457,0.3224614262580871,566800000,0.0007190927685163,0.3184509962797165,0.3088768139481544,0.3171729584576326,0.3109532337552073,66.6278563867316,0.0075779690035392,0.006547489381534,0.0010304796220052,0.0151984101480946,0.2412672814525131,-0.3333333333333333,0.7257000505924225,3.0,0.3370659947395324,1
2013-05-10,NVDA,0.3291841123250142,0.3384569232935869,0.3291841123250142,0.3370659947395324,861136000,0.0452909008402024,0.3210705637931824,0.3105575039982795,0.3207898741452507,0.313440163372762,74.93356409240795,0.008714604321975,0.0069809123696222,0.0017336919523528,0.0171892267709417,0.2728705155924349,-0.6666666666666666,0.9269088506698608,3.0,0.3301114439964294,0
2013-05-13,NVDA,0.3347478361794285,0.3361387648883591,0.3287205152874988,0.3301114439964294,289812000,-0.0206326086037754,0.3226237535476685,0.3122034236788749,0.3224847050272832,0.3150279043845398,66.45217869955601,0.00895103986179,0.0073749378680558,0.0015761019937342,0.0171897172147877,0.2728783011471248,1.0,0.943166971206665,1.0,0.3349796831607818,1
2013-05-14,NVDA,0.3340523880979635,0.3377615130790797,0.3308069244657958,0.3349796831607818,454140000,0.0147472596085007,0.3242001175880432,0.3139304816722869,0.3247565192333738,0.316928073791801,69.08961697187483,0.0094226247922852,0.0077844752529017,0.0016381495393835,0.0172754257509108,0.2742388819780285,0.6666666666666666,0.7247127095858256,3.0,0.3407752215862274,1
2013-05-15,NVDA,0.333356970580959,0.3419343198514153,0.333356970580959,0.3407752215862274,313172000,0.01730116397138,0.3266342222690582,0.3161443591117858,0.3276690105702562,0.3191992307246035,71.91986053065824,0.0101470419792639,0.0082569885981741,0.0018900533810897,0.0168755705372643,0.267891377243581,0.0,0.0,0.0,0.3391524255275726,0
2013-05-16,NVDA,0.3403115235739828,0.3437888177132135,0.3379932998460851,0.3391524255275726,308368000,-0.0047620717583312,0.3285351276397704,0.3185668766498565,0.3297569041988592,0.3210995349915529,69.98747149083033,0.0104695156797191,0.0086994940144831,0.0017700216652359,0.0159441868050633,0.2531061188601307,0.0,0.0,0.0,0.3447160720825195,1
2013-05-17,NVDA,0.3407751444005189,0.3470342680878229,0.3382251177406546,0.3447160720825195,312116000,0.0164045607112857,0.3308533161878585,0.3212327986955642,0.3324767529049792,0.3233487290002164,72.69610703647216,0.0110466789516416,0.0091689310019148,0.0018777479497267,0.0159992145081811,0.2539796565661433,0.0,0.0,0.0,0.3440207839012146,0
2013-05-20,NVDA,0.3433253192165129,0.345411713270618,0.3421662206203735,0.3440207839012146,236380000,-0.0020169880014716,0.3331946939229965,0.3238407731056213,0.3345756676315675,0.3253174961336448,71.82372659398841,0.0113175197348199,0.0095986487484958,0.001718870986324,0.0161019108085484,0.2556099097941735,0.0,0.0,0.0,0.3476321101188659,1
2013-05-21,NVDA,0.3460011354617721,0.349030104268063,0.3420401890729858,0.3476321101188659,357784000,0.010497407094707,0.3363144874572753,0.3262468129396438,0.3369495662656217,0.3274426974655706,73.59607773328787,0.0116888253488626,0.0100166840685692,0.0016721412802933,0.0155601457240229,0.2470096556981384,0.0,0.0,0.0,0.3355163335800171,0
2013-05-22,NVDA,0.3490301780350541,0.3490301780350541,0.334118339135356,0.3355163335800171,480404000,-0.0348522940953471,0.3376431494951247,0.3275370657444,0.3366889785046026,0.328211615190756,59.96747848451424,0.0108800276262943,0.0101893527801142,0.00069067484618,0.0169580141766572,0.2692001294456569,-1.0,0.9623215794563292,1.0,0.3408752381801605,1
2013-05-23,NVDA,0.3315553225217348,0.3420402241655316,0.3306233448436206,0.3408752381801605,393884000,0.015972112424343,0.3394845306873321,0.3289677634835243,0.3374501166274313,0.3294176745230803,63.21242241663021,0.0105498562433671,0.0102614534727648,0.0002884027706023,0.0171434668743927,0.2721440997547019,0.0,0.9192693829536438,2.0,0.3387781977653503,0
2013-05-24,NVDA,0.3390112060389221,0.3418071664445202,0.3350502320409178,0.3387781977653503,283304000,-0.0061519294449363,0.3396557509899139,0.3303631573915481,0.3376915859252348,0.330309152927106,61.12445038681783,0.0100036634032157,0.010209895458855,-0.0002062320556392,0.0171944269919899,0.2729530665423706,0.0,0.0,0.0,0.3385452926158905,0
2013-05-28,NVDA,0.3413412816486261,0.3422732594758971,0.3352833424449806,0.3385452926158905,279300000,-0.0006874856498915,0.34049913585186,0.3315614446997642,0.3378468053235358,0.3310935471831807,60.883913449662224,0.0094431533495423,0.0100565470369924,-0.0006133936874501,0.0171367807650437,0.2720379610592454,1.0,0.6136958599090576,1.0,0.3364482522010803,0
2013-05-29,NVDA,0.3364482522010803,0.3385452157238985,0.3350502580022316,0.3364482522010803,335052000,-0.0061942684200587,0.3406459927558899,0.3324230551719665,0.3375925229376348,0.3316035190896473,58.64612749973161,0.0087291077376532,0.0097910591771246,-0.0010619514394713,0.0170737389449206,0.2710372031897898,0.0,0.0,0.0,0.3408752381801605,1
2013-05-30,NVDA,0.3359822859314191,0.3443701961362738,0.3350502804778481,0.3408752381801605,284504000,0.013157999633282,0.3406559944152832,0.3336451083421706,0.3381893802544576,0.3324865399554105,61.8352041378376,0.0084233431598588,0.0095175159736714,-0.0010941728138126,0.0169997290687676,0.2698623328286084,0.0,0.0,0.0,0.3371471464633941,0
2013-05-31,NVDA,0.3390111289014862,0.3439040515541006,0.3371471464633941,0.3371471464633941,577508000,-0.0109368217435495,0.3404554665088654,0.3344952970743179,0.337999883201537,0.3329304072418851,57.79327059072179,0.0077903938732424,0.0091720915535856,-0.0013816976803432,0.0172022973362553,0.2730780043843234,0.0,0.0,0.0,0.3366812467575073,0
2013-06-03,NVDA,0.3376132243350824,0.3401762043365944,0.3296913038238792,0.3366812467575073,444468000,-0.0013818883261329,0.3396519839763641,0.3352526500821113,0.3377601311208043,0.3332876300528967,57.28928593876739,0.0071685482291475,0.008771382888698,-0.0016028346595505,0.0172216710167752,0.2733855520281378,0.0,0.0,0.0,0.3371471464633941,1
2013-06-04,NVDA,0.3387781206809322,0.3448360566608698,0.3350501558047482,0.3371471464633941,363676000,0.0013838005840056,0.3389646202325821,0.3360796570777892,0.3376486793649115,0.3336552030443727,57.68666227944105,0.0066368201571308,0.0083444703423846,-0.0017076501852537,0.0171785648938884,0.2727012635412804,-1.0,0.9641693830490112,1.0,0.3299243748188019,0
2013-06-05,NVDA,0.3366813107546836,0.339244263467914,0.3289923692886152,0.3299243748188019,464520000,-0.0214232026590099,0.3371938467025757,0.3367541670799255,0.3362442603565279,0.3332998860705088,49.93080400174372,0.0055684152953596,0.0077892593329796,-0.0022208440376199,0.0176779237455329,0.280628339559862,0.0,0.0,0.0,0.3320213854312897,1
2013-06-06,NVDA,0.3299244212999936,0.334584366281063,0.3296914129407549,0.3320213854312897,341044000,0.006356034208262,0.3368443518877029,0.3372437506914139,0.3354764649155755,0.3331781241048689,51.950672937176776,0.0048351711329127,0.0071984416929662,-0.0023632705600535,0.0173037738610666,0.2746888942756935,0.0,0.0,0.0,0.3366812467575073,1
2013-06-07,NVDA,0.3343512472626621,0.3387782101947781,0.3329532808962995,0.3366812467575073,274584000,0.0140348228478253,0.3364249527454376,0.3379547417163849,0.335695516159563,0.3335117548336916,56.180983447455745,0.00457731725237,0.006674216804847,-0.0020968995524769,0.0175212977514757,0.2781419789851207,0.0,0.0,0.0,0.3364482522010803,0
2013-06-10,NVDA,0.335749255101656,0.3385452157238985,0.3338852720950093,0.3364482522010803,224148000,-0.0006920330688772,0.3361919581890106,0.3379238545894623,0.3358323772580207,0.3337914212496334,55.915902969815704,0.0043045453613768,0.0062002825161529,-0.0018957371547761,0.0143057304535241,0.2270964306188894,0.0,0.0,0.0,0.3301574289798736,0
2013-06-11,NVDA,0.3320213847480955,0.3366813574950393,0.3301574289798736,0.3301574289798736,296336000,-0.0186977437987907,0.3353531718254089,0.3379261538386345,0.3348005684801757,0.3334453267477515,49.170069450469065,0.0035399484905436,0.005668215711031,-0.0021282672204874,0.0141646605169632,0.2248570148012419,0.0,0.0,0.0,0.3273614943027496,0
2013-06-12,NVDA,0.3317884594283003,0.3345844213217984,0.325497510448595,0.3273614943027496,312588000,-0.0084684893681264,0.3344444960355758,0.3375452443957328,0.3334480095388255,0.3328659141339418,46.48580759769854,0.0026775265406838,0.0050700778769616,-0.0023925513362777,0.0138491467508799,0.2198483890395991,0.0,0.0,0.0,0.3348174095153808,1
2013-06-13,NVDA,0.326196488182064,0.3364483848735474,0.3259635075740207,0.3348174095153808,236256000,0.0227757856143455,0.3338387131690978,0.3372473537921905,0.3336969913527446,0.333051770836936,53.73854522822203,0.0025661005679759,0.0045692824151645,-0.0020031818471885,0.0142785611092917,0.2266651306501466,0.0,0.0,0.0,0.3343512713909149,0
2013-06-14,NVDA,0.3359822739325522,0.3364482627549676,0.3320212995033825,0.3343512713909149,236012000,-0.0013922159099808,0.3335591256618499,0.3370072960853577,0.3338159513596846,0.3331755327944578,53.252616816927215,0.0024123728977432,0.0041379005116802,-0.0017255276139369,0.0142490014839742,0.2261958861455166,0.0,0.7974321246147156,1.0,0.3376133441925049,1
2013-06-17,NVDA,0.3369143468734429,0.3406423140581308,0.335050363281099,0.3376133441925049,255336000,0.0097564240985823,0.3336523354053496,0.3366521596908569,0.3345063864201974,0.3335981814990337,56.235087346562395,0.0025246618935825,0.0038152527880607,-0.0012905908944781,0.0139044282856491,0.2207259561981591,0.0,0.0,0.0,0.3355163335800171,0
2013-06-18,NVDA,0.3392442724733467,0.3429722391421362,0.332720344690695,0.3355163335800171,486772000,-0.006211278815129,0.3334892541170119,0.336226937174797,0.3346900131765282,0.3337808626496035,53.8563450479533,0.0024165836290007,0.0035355189562487,-0.0011189353272479,0.0139529448868907,0.2214961333662187,0.0,0.8541360100110372,3.0,0.3457682132720947,1
2013-06-19,NVDA,0.3385452879952128,0.360680052733134,0.3373803018392938,0.3457682132720947,1159588000,0.0305555308818747,0.3350736379623412,0.3361337423324585,0.3367042313757221,0.3349225150898408,62.26096956241831,0.0031221812760156,0.003452851420202,-0.0003306701441864,0.0154728665077067,0.2456241410921551,0.0,0.9172376394271852,1.0,0.3364482522010803,0
2013-06-20,NVDA,0.3429721788366162,0.3434381676444142,0.3341182803866357,0.3364482522010803,628696000,-0.0269543605030004,0.3355163246393203,0.3361803382635117,0.3366576897076054,0.3350678233861494,52.838733061988734,0.0028959468538976,0.0033414705069412,-0.0004455236530435,0.0146178779174983,0.23205161799122,0.0,0.0,0.0,0.3359823524951935,0
2013-06-21,NVDA,0.3383123249275425,0.3394773111437171,0.3303904019922782,0.3359823524951935,714228000,-0.0013847588829452,0.3354464352130889,0.3359356939792633,0.3365349011235305,0.3351549213965345,52.411731318015015,0.0026485296309265,0.0032028823317382,-0.0005543527008117,0.0141422166581278,0.2245007295876067,0.0,0.0,0.0,0.3289923369884491,0
2013-06-24,NVDA,0.3310893283938941,0.3352832834293276,0.3240994125933235,0.3289923369884491,580772000,-0.0208047102915751,0.3347008436918258,0.3354464009404182,0.335163525826243,0.3345680085957644,46.35862643584795,0.001866893479845,0.0029356845613596,-0.0010687910815145,0.0148073593655246,0.235059542728448,0.0,0.0,0.0,0.3313223421573639,1
2013-06-25,NVDA,0.3324873281433237,0.3331862975145341,0.3278273564240276,0.3313223421573639,457360000,0.0070822475387826,0.3348173350095748,0.3350852534174919,0.3344651287955377,0.334258897506393,48.49398622982757,0.001419094702816,0.0026323665896509,-0.0012132718868348,0.0149273814993727,0.2369648350363598,0.0,0.0,0.0,0.3294583261013031,0
2013-06-26,NVDA,0.3350502471649156,0.335516263733095,0.328060331947673,0.3294583261013031,579752000,-0.0056259896145954,0.3350270181894302,0.334735757112503,0.3335548010329495,0.3338017002297178,46.88596607450007,0.0009033867482179,0.0022865706213643,-0.0013831838731463,0.0149174553095289,0.2368072616576025,-1.0,0.7927130460739136,3.0,0.3264293968677521,0
2013-06-27,NVDA,0.3303903437493973,0.3308563325986278,0.3229344388353373,0.3264293968677521,808036000,-0.0091936642469909,0.3341882169246674,0.3340134650468826,0.3322592730029136,0.3330995761000067,44.314540186795426,0.0002474230643239,0.0018787411099562,-0.0016313180456322,0.0146400858588536,0.2324041581309616,0.0,0.0,0.0,0.3271283507347107,1
2013-06-28,NVDA,0.3264293536656468,0.3303903000230707,0.3222353990267169,0.3271283507347107,431536000,0.0021412099328841,0.3334659248590469,0.3335125252604484,0.3313263780450585,0.3325308879699785,45.0632919246471,-0.0002135712292751,0.0014602786421099,-0.0016738498713851,0.0145143124657165,0.2304075674122243,0.0,0.0,0.0,0.3285263478755951,1
2013-07-01,NVDA,0.3294583533134804,0.3301573504480304,0.3264293842474016,0.3285263478755951,199524000,0.0042735432063425,0.332557225227356,0.3331047803163528,0.3308172816506106,0.3321495031990849,46.609619511181634,-0.0004607940950241,0.0010760640946831,-0.0015368581897073,0.0145698162027145,0.231288661921813,0.0,0.0,0.0,0.3282934129238128,0
2013-07-02,NVDA,0.3266624101249498,0.3331863379940214,0.3252644434372302,0.3282934129238128,256392000,-0.0007090297423282,0.3318349331617355,0.3326620936393737,0.3303583964275565,0.3317822565062018,46.37539113019689,-0.0006678177142571,0.000727287732895,-0.0013951054471522,0.0145583645434131,0.2311068724661495,0.0,0.0,0.0,0.3292253911495209,1
2013-07-03,NVDA,0.3254974244264352,0.3331863384331367,0.3254974244264352,0.3292253911495209,140388000,0.002838857525065,0.3301806509494781,0.3326271444559097,0.3301523954679136,0.3315387455198512,47.511919906726106,-0.0007480594068845,0.0004322183049391,-0.0011802777118237,0.013776959042652,0.2187024446974793,0.0,0.0,0.0,0.3317882716655731,1
2013-07-05,NVDA,0.330157297131975,0.3324872686872442,0.3280603060669617,0.3317882716655731,184684000,0.0077845773289346,0.3297146528959274,0.3326154887676239,0.3304498275038517,0.3315625099146819,50.61181261869375,-0.0005979556273846,0.0002261835184743,-0.000824139145859,0.0138153833647636,0.2193124119011004,0.0,0.8999627828598022,1.0,0.3301574289798736,0
2013-07-08,NVDA,0.3327203820489103,0.3343513572338359,0.3282934454361887,0.3301574289798736,262084000,-0.0049153114349482,0.3291321605443954,0.3322892978787422,0.3303966641358556,0.3314286926827954,48.643129237154575,-0.0006036343548136,6.0219943816778774e-05,-0.0006638542986304,0.0134512007597723,0.2135311922733637,0.0,0.0,0.0,0.3317882716655731,1
2013-07-09,NVDA,0.3308562663781943,0.3338852349551346,0.3299242888662674,0.3317882716655731,157364000,0.004939591063386,0.3294117540121078,0.3320562988519668,0.3306496836867134,0.3314629383002028,50.707964551763105,-0.0004711087634293,-4.6045797632451615e-05,-0.0004250629657969,0.0135144050583827,0.214534529408845,0.0,0.0,0.0,0.3362152874469757,1
2013-07-10,NVDA,0.3317883515364558,0.3371472929587147,0.3308563460247168,0.3362152874469757,208468000,0.0133428941269655,0.329901048541069,0.3323591917753219,0.3316616116431247,0.3319155429808478,55.89221311953676,-8.757154985883364e-06,-3.858806910313797e-05,2.983091411725461e-05,0.0131516693867639,0.2087762791363126,0.0,0.0,0.0,0.3408752381801605,1
2013-07-11,NVDA,0.3380792495949044,0.3413412270192176,0.3373802524485904,0.3408752381801605,239832000,0.013860020371381,0.3310427397489547,0.3330348789691925,0.3333368164680402,0.3327688472855443,60.59074547962322,0.0007253178919402,0.0001141931231055,0.0006111247688347,0.013253677031673,0.2103956002978537,0.0,0.6978021264076233,1.0,0.3411082029342651,1
2013-07-12,NVDA,0.3401762252992588,0.3443701802076981,0.3390112393677733,0.3411082029342651,216360000,0.000683431144334,0.3325106203556061,0.3333494186401367,0.3347497958255356,0.3335630716330415,60.81547242490979,0.0013107662664469,0.0003535077517738,0.0009572585146731,0.0123288411572091,0.195714285933559,0.0,0.0,0.0,0.3404092788696289,0
2013-07-15,NVDA,0.3418072733975932,0.3418072733975932,0.3350503368797142,0.3404092788696289,201332000,-0.0020489805247247,0.3338387131690979,0.3336523190140724,0.3357787927426435,0.3342150913698593,59.715284456685424,0.0016987587567994,0.0006225579527789,0.0010762008040205,0.0123364299630683,0.1958347544918668,0.0,0.0,0.0,0.3422731161117553,1
2013-07-16,NVDA,0.3418071273933034,0.3441370987610129,0.3401761529909965,0.3422731161117553,162560000,0.0054752833069517,0.3352133899927139,0.3338853076100349,0.3369595788097547,0.3349825222976589,61.70485437757677,0.0021320645761706,0.0009244592774572,0.0012076052987133,0.0122124761198795,0.1938670482330986,0.0,0.0,0.0,0.3404092788696289,0
2013-07-17,NVDA,0.3422732623150942,0.3434382484965773,0.339477301034627,0.3404092788696289,166100000,-0.0054454678278554,0.3364249765872955,0.3341299548745154,0.3375867970024591,0.3354993562568942,58.588710319598,0.0022985699871189,0.0011992814193896,0.0010992885677293,0.012190660997003,0.1935207438933888,0.0,0.0,0.0,0.3390112817287445,0
2013-07-18,NVDA,0.3399432594802055,0.3411082455572613,0.3345843179706571,0.3390112817287445,344488000,-0.0041068126742215,0.3374035656452179,0.3337921082973479,0.33784579422542,0.3358338253494514,56.29239815219921,0.0022913072752031,0.0014176865905523,0.0008736206846508,0.0100049438566556,0.1588235599552459,0.0,0.0,0.0,0.3317882716655731,0
2013-07-19,NVDA,0.3369142035320749,0.338545178065673,0.3282933143326693,0.3317882716655731,480532000,-0.0213061052904746,0.3374035656452179,0.3335591092705726,0.336744426487266,0.3354485345224153,46.21408273158436,0.0016833108175209,0.001470811435946,0.0002124993815748,0.0092858037847306,0.1474075652264375,0.0,0.0,0.0,0.331555426120758,0
2013-07-22,NVDA,0.3343513878041938,0.3373803578676931,0.3301574591667729,0.331555426120758,292384000,-0.0007017895588841,0.3375433653593063,0.3333377629518508,0.3358009718751736,0.3350777622936861,45.92861570748188,0.0011692027138527,0.0014104896915274,-0.0002412869776746,0.009284238242468,0.1473827130134758,0.0,0.0,0.0,0.3310893774032593,0
2013-07-23,NVDA,0.3357493219600926,0.3357493219600926,0.3294584023634597,0.3310893774032593,246792000,-0.001405643463452,0.337473475933075,0.3334426149725913,0.3349443183348256,0.3346979161136454,45.32512760371728,0.0007159095416188,0.0012715736615456,-0.0005556641199268,0.0079874680367594,0.1267971241820567,0.0,0.8999010920524597,1.0,0.3310893774032593,0
2013-07-24,NVDA,0.3341183469202931,0.3350503247214755,0.330623388502668,0.3310893774032593,284252000,0.0,0.3369608849287033,0.3334309667348861,0.3342434199836316,0.3343542457602753,45.32512760371728,0.0003526068050638,0.0010877802902493,-0.0007351734851854,0.0078286195464299,0.124275482572758,0.0,0.8837682902812958,2.0,0.3322543799877167,1
2013-07-25,NVDA,0.3308563854412874,0.3366813442011015,0.3285264130475465,0.3322543799877167,243320000,0.0035186951438748,0.3360987991094589,0.3335707694292068,0.3338817763480107,0.3341542585438411,47.3314541693237,0.0001568842768357,0.0009016010875666,-0.0007447168107308,0.0077497564122378,0.1230235691286574,-1.0,0.9592997431755066,1.0,0.3308564126491546,0
2013-07-26,NVDA,0.3282934594705532,0.332953404641244,0.3282934594705532,0.3308564126491546,227360000,-0.0042075211728247,0.3350736200809479,0.3337921202182769,0.333331710220946,0.3338401779824424,45.18857675190772,-0.0001097662013688,0.0006993276297795,-0.0008090938311483,0.0074993063280016,0.1190477972963118,0.0,0.0,0.0,0.3301574289798736,0
2013-07-29,NVDA,0.3301574289798736,0.3343513572338359,0.3292254233202997,0.3301574289798736,179540000,-0.0021126496043533,0.3340484350919723,0.3339435741305351,0.3327545681771146,0.3334894399821977,44.11317561543824,-0.0003731888778379,0.000484824328256,-0.000858013206094,0.0075166003140331,0.1193223308136105,0.0,0.0,0.0,0.3357492983341217,1
2013-07-30,NVDA,0.3313223624268284,0.3401762620168735,0.3310893541051988,0.3357492983341217,266076000,0.0169369787362529,0.3333960533142089,0.3343047216534614,0.3332990645692977,0.3337046645871429,53.6220306694811,-0.0001292462527631,0.0003620102120521,-0.0004912564648153,0.0083404840878729,0.1324010802624185,0.0,0.0,0.0,0.3364482522010803,1
2013-07-31,NVDA,0.3341182803866357,0.3397102016311208,0.3338852720950093,0.3364482522010803,270160000,0.0020817731278266,0.3329999506473541,0.3347124636173247,0.3338716441387127,0.3339659586456131,54.660448632807075,0.0001191067819419,0.0003134295260301,-0.0001943227440881,0.0083315954899103,0.1322599781441414,-0.5,0.9118997752666472,2.0,0.3411082029342651,1
2013-08-01,NVDA,0.3376132451398083,0.3418072000482476,0.3336522985278484,0.3411082029342651,277648000,0.0138504233643623,0.3332096427679061,0.335306604206562,0.3351873821015403,0.3346461723873895,60.9397705708326,0.0006840619897633,0.0003875560187767,0.0002965059709865,0.0087924740815307,0.139576198972269,0.0,0.8872513175010681,1.0,0.3439041078090668,1
2013-08-02,NVDA,0.3404091505817402,0.3446031048096222,0.338079179096856,0.3439041078090668,209628000,0.0081965336827167,0.3344212263822555,0.3359123960137367,0.3367722413210905,0.3355278805227873,64.14806272105793,0.0013419302823168,0.0005784308714848,0.000763499410832,0.0088076736830202,0.1398174851656795,0.0,0.0,0.0,0.3455351293087005,1
2013-08-05,NVDA,0.3429721494224373,0.3467001151160107,0.3411081665756506,0.3455351293087005,185188000,0.0047426636163918,0.3358191967010497,0.336681281030178,0.3383654936824742,0.3364809518357314,65.90729258207294,0.0019721714826379,0.0008571789937154,0.0011149924889225,0.008682146301444,0.1378247997594012,0.0,0.0,0.0,0.3404092788696289,0
2013-08-06,NVDA,0.3457682208595435,0.3464672181235257,0.3397102816056467,0.3404092788696289,206608000,-0.0148345276769012,0.3367511868476867,0.3371123313903808,0.3387370909892296,0.3368550782199122,56.52069162613262,0.0020345755620218,0.0010926583073767,0.000941917254645,0.0094586842368767,0.1501519573239758,0.5,0.9062469899654388,2.0,0.3401762545108795,0
2013-08-07,NVDA,0.3385452518463777,0.3436712126054553,0.3383122713053474,0.3401762545108795,244380000,-0.0006845417361217,0.3376598745584487,0.337310379743576,0.338998757084075,0.3371713807238138,56.12932411427894,0.0020416927629832,0.001282465198498,0.0007592275644852,0.009031128635813,0.1433647225715716,0.0,0.8942516446113586,1.0,0.3425062298774719,1
2013-08-08,NVDA,0.3420402410154588,0.3441372047822468,0.3380792662497021,0.3425062298774719,345696000,0.0068493180687834,0.3386850595474243,0.3373919293284416,0.3396364794101471,0.3376794615955907,59.17339826554718,0.0022098687443993,0.0014679459076782,0.000741922836721,0.0086169279646355,0.1367894907587015,0.0,0.7515568435192108,3.0,0.3376133441925049,0
2013-08-09,NVDA,0.3289924235498471,0.342739278239853,0.3287594429604689,0.3376133441925049,906224000,-0.0142855377746484,0.3393607527017593,0.3372171863913536,0.3392686366433031,0.3376731647000587,51.147338892896606,0.0019261311966294,0.0015595829654685,0.0003665482311609,0.0092092290549163,0.1461919790756347,0.3333333333333333,0.7959719300270081,3.0,0.3348174095153808,0
2013-08-12,NVDA,0.3238665154488359,0.3397103355898804,0.305459714191054,0.3348174095153808,257568000,-0.0082814696907532,0.33982675075531,0.3369375929236412,0.3384593226200444,0.3374011880158037,47.20703920451609,0.0014588419619209,0.001539434764759,-8.0592802838092e-05,0.0093693705635301,0.1487341467138585,0.0,0.700587272644043,1.0,0.3359823524951935,1
2013-08-13,NVDA,0.3352833552103962,0.3373803192893255,0.3331863633560047,0.3359823524951935,197468000,0.0034793381308899,0.3398500561714172,0.3366230547428131,0.3380089644155261,0.3372660608233646,48.97098693354825,0.0011690371073402,0.0014653552332752,-0.0002963181259349,0.0093096078325403,0.1477854427706452,0.0,0.0,0.0,0.3501952588558197,1
2013-08-14,NVDA,0.3352834159232821,0.3522922233144658,0.3350504075276693,0.3501952588558197,828508000,0.0423025383776058,0.3412247568368912,0.3371123537421227,0.3402246543137612,0.3384974130169317,64.53876068443506,0.002062452761638,0.0015847747389478,0.0004776780226902,0.0133321084407657,0.2116406603184674,0.0,0.0,0.0,0.3525252044200897,1
2013-08-15,NVDA,0.3464672643577921,0.3553211660736635,0.3450692696432726,0.3525252044200897,723616000,0.0066532755808361,0.3423664569854736,0.3377880498766899,0.3424611179694573,0.3398333931505659,66.35105353311118,0.0029247831596007,0.0018527764230783,0.0010720067365223,0.0133109651071988,0.2113050203034376,0.0,0.0,0.0,0.3539230227470398,1
2013-08-16,NVDA,0.3518260317203554,0.3588159462584006,0.3511270347114607,0.3539230227470398,660456000,0.0039651585458959,0.3433683484792709,0.3388947874307632,0.3445451006562904,0.3411752626359443,67.42659525527262,0.0036785741566261,0.0022179359697879,0.0014606381868381,0.0121248085347967,0.1924753684640738,0.0,0.0,0.0,0.3483311831951141,0
2013-08-19,NVDA,0.3518261415552104,0.3529911276752425,0.3480981748609237,0.3483311831951141,393432000,-0.0157995925456434,0.3436479538679123,0.339733575284481,0.3452334792997129,0.3418567788796748,59.26553383684368,0.0037811574047787,0.0025305802567861,0.0012505771479926,0.0128363930229381,0.2037714220186737,0.0,0.8956278562545776,1.0,0.3500874936580658,1
2013-08-20,NVDA,0.3482141119750476,0.3524292137829621,0.3477457735331695,0.3500874936580658,234192000,0.0050420707294756,0.3446157753467559,0.3406834810972213,0.3461160273648679,0.3426406564776168,60.86760964830394,0.0039585433209767,0.0028161728696242,0.0011423704513525,0.0128128098138507,0.2033970501805018,0.0,0.0,0.0,0.348448246717453,0
2013-08-21,NVDA,0.3479798804251746,0.3524291647933052,0.3470432036716218,0.348448246717453,261540000,-0.0046823921742655,0.3454429745674133,0.3415514245629311,0.3465400672471561,0.3431937603099821,58.55289641837004,0.0039216431481374,0.0030372669253268,0.0008843762228105,0.0129104310169107,0.2049467387364028,0.0,0.8192475438117981,2.0,0.3503217697143554,1
2013-08-22,NVDA,0.3482142042938858,0.3536001675921795,0.3482142042938858,0.3503217697143554,129016000,0.0053767611533472,0.3462245285511017,0.342454794049263,0.3472276495139196,0.3438726183484939,60.40616289110069,0.0039974964922681,0.0032293128387151,0.000768183653553,0.012923791595555,0.2051588313471913,0.0,0.9267898201942444,1.0,0.3503217697143554,0
2013-08-23,NVDA,0.3507901082803998,0.3536001675921795,0.3496192479075322,0.3503217697143554,245120000,0.0,0.3474953711032867,0.343428061902523,0.3477902168230897,0.3444868232404807,60.4061628911007,0.0040113702349088,0.0033857243179538,0.0006256459169549,0.0128388938886992,0.2038111220318714,0.0,0.0,0.0,0.3510240614414215,1
2013-08-26,NVDA,0.3505557231451058,0.3519607659495501,0.3496190465524744,0.3510240614414215,300152000,0.0020047047822313,0.3491160362958908,0.3444713935256004,0.3483781885718773,0.345109417354856,61.1611472705567,0.0040325496270581,0.0035150893797747,0.0005174602472834,0.0127865188154298,0.2029796935192527,0.0,0.0,0.0,0.3465749323368072,0
2013-08-27,NVDA,0.3477457924629921,0.3500875127153618,0.3454040722106224,0.3465749323368072,277464000,-0.0126747126289425,0.3501752942800522,0.3450126752257347,0.3480503238018645,0.34524899021028,54.12047523373972,0.0036482719045614,0.003541725884732,0.0001065460198293,0.012819902552084,0.2035096439093804,-1.0,0.8606482744216919,1.0,0.3465749323368072,0
2013-08-28,NVDA,0.3472774539956196,0.3498533295239219,0.3451698890191825,0.3465749323368072,318824000,0.0,0.3498132616281509,0.345519009232521,0.3477820708082177,0.3453752704128064,54.12047523373972,0.0033056238666558,0.0034945054811168,-0.0001888816144609,0.0128247916474886,0.2035872558928403,0.0,0.0,0.0,0.3458723723888397,0
2013-08-29,NVDA,0.3454040339733137,0.3491507971285298,0.3444673292267576,0.3458723723888397,276216000,-0.0020271516558638,0.3491479784250259,0.3457572177052498,0.3474348529137853,0.3454226134581429,53.0030534662475,0.002943451831232,0.0033842947511398,-0.0004408429199078,0.0125116164764528,0.1986157541766754,0.0,0.0,0.0,0.3454039990901947,0
2013-08-30,NVDA,0.3461065206002865,0.3470431973367414,0.3437648008436481,0.3454039990901947,378120000,-0.0013541795645893,0.3482960760593414,0.3458322122693061,0.3470656067640416,0.3454208406611954,52.228842442830185,0.0025887920892703,0.0032251942187659,-0.0006364021294955,0.0123948489796804,0.1967621276306223,0.0,0.0,0.0,0.3456381261348724,1
2013-09-03,NVDA,0.346340647587684,0.3505557483890544,0.3435305896919368,0.3456381261348724,284680000,0.0006778353617629,0.3480267703533172,0.3458373621106148,0.3468060648314653,0.3454415345158313,52.601548756808576,0.0023000996672032,0.0030401753084534,-0.0007400756412501,0.0123512369733453,0.1960698084929881,0.0,0.0,0.0,0.3489167094230652,1
2013-09-04,NVDA,0.3456382837864312,0.3510242468272848,0.3451699452427726,0.3489167094230652,222080000,0.0094855950205952,0.3479096919298171,0.3462627336382866,0.3471898183935744,0.3457725035546155,57.59126269437677,0.0023092435912264,0.002893988965008,-0.0005847453737816,0.0119970349258797,0.1904470253042047,0.0,0.0,0.0,0.3498531877994537,1
2013-09-05,NVDA,0.3475114684957074,0.3512582305478999,0.3472773133146304,0.3498531877994537,174904000,0.0026839596703092,0.3480501860380172,0.3467465803027153,0.3476740673764615,0.3461611401493619,58.92147972657678,0.0023647962957288,0.0027881504311521,-0.0004233541354233,0.0119913167127625,0.1903562514850941,0.0,0.0,0.0,0.348448246717453,0
2013-09-06,NVDA,0.3500874449939213,0.3519608264165288,0.3458723437719299,0.348448246717453,226756000,-0.0040158018591673,0.347862833738327,0.3470436811447143,0.3478148272566417,0.3463789598225135,56.07952889113778,0.0022692961768092,0.0026843795802836,-0.0004150834034743,0.0119809347083087,0.1901914422737232,0.0,0.0,0.0,0.3543026149272918,1
2013-09-09,NVDA,0.3512583730146098,0.3543026149272918,0.3503216960794034,0.3543026149272918,246408000,0.0168012560401429,0.3482609182596206,0.3478781446814537,0.3489944250149417,0.3471335936420162,63.894433546194485,0.0026356283490752,0.0026746293340419,-3.9000984966664626e-05,0.0119197581802235,0.1892202949973966,0.5,0.7911405861377716,2.0,0.3617960214614868,1
2013-09-10,NVDA,0.3568784269383047,0.3620302045930432,0.3552392008484104,0.3617960214614868,292132000,0.0211497353349559,0.3493381142616271,0.349227075278759,0.3513219880052227,0.3485300153391086,71.00578303377219,0.0034903697078624,0.002837777408806,0.0006525922990563,0.0123306690778624,0.1957433032743484,0.0,0.0,0.0,0.3678845763206482,1
2013-09-11,NVDA,0.3613277544137313,0.368821281116211,0.3587518511203156,0.3678845763206482,396164000,0.0168286948943399,0.3514690786600112,0.3508221864700317,0.3543333676989364,0.3503733068611599,75.26817710970849,0.0046059592545619,0.0031914137779572,0.0014145454766047,0.0126605485126945,0.2009799769575509,0.0,0.0,0.0,0.3676503896713257,0
2013-09-12,NVDA,0.3660111633979112,0.3723338295027878,0.3660111633979112,0.3676503896713257,303808000,-0.000636576427489,0.3535766243934631,0.351694943010807,0.356754644421189,0.352018743319271,74.81261286500452,0.0054088255284739,0.0036348961280605,0.0017739294004133,0.0090642328935406,0.1438902363712805,0.0,0.6972217559814453,1.0,0.369992196559906,1
2013-09-13,NVDA,0.3688213363268102,0.3716313953031381,0.3662454326477954,0.369992196559906,159696000,0.0063696570284446,0.3559886068105697,0.3525682926177979,0.3591614720827739,0.35373050077076,76.35385945555974,0.0061630235800185,0.0041405216184521,0.0020225019615663,0.0090575696164568,0.143784460126797,0.0,0.0,0.0,0.3702262938022613,1
2013-09-16,NVDA,0.3730363802534513,0.3756122556130347,0.3688212784921719,0.3702262938022613,231412000,0.0006327085936725,0.3584708362817764,0.3533834561705589,0.3611732578499534,0.3553015286785221,76.50860838679958,0.0067023600262881,0.0046528893000193,0.0020494707262687,0.0090590703348159,0.1438082832921945,0.0,0.924886167049408,2.0,0.3713971078395843,1
2013-09-17,NVDA,0.3716312909866726,0.3744413491742205,0.3699920927035614,0.3713971078395843,168608000,0.0031624281066009,0.3610467344522476,0.3545367524027824,0.3630321396662499,0.3568344409795757,77.30845687604628,0.0071419351706301,0.0051506984741415,0.0019912366964886,0.0079957211042987,0.1269281375676313,0.0,0.0,0.0,0.3746755719184875,1
2013-09-18,NVDA,0.371631330262124,0.3756122487748278,0.3697579486339384,0.3746755719184875,268168000,0.0088273818231219,0.3636226207017898,0.3557661563158035,0.3651491273484749,0.3585335963070911,79.42137438710033,0.007666471974678,0.0056538531742488,0.0020126188004292,0.0080848956062192,0.1283437388998502,0.0,0.0,0.0,0.3730363845825195,0
2013-09-19,NVDA,0.376314781592946,0.3770173032138962,0.3713971581618004,0.3730363845825195,227572000,-0.0043749511812972,0.3659409403800964,0.3569955632090568,0.3665831741183012,0.3599148142380842,75.62951128570379,0.0078593052732744,0.0060949435940539,0.0017643616792205,0.0080689349978361,0.1280903720965195,0.0,0.0,0.0,0.3697579801082611,0
2013-09-20,NVDA,0.3739730821515979,0.3763148024072842,0.3690554584484537,0.3697579801082611,356036000,-0.0087884308602427,0.3680719137191772,0.3579673737287521,0.3671604115710212,0.3608522586066725,68.57746277212468,0.0076592956172679,0.0064078139986967,0.0012514816185711,0.008500661252956,0.1349438139295467,0.0,0.0,0.0,0.3662453591823578,0
2013-09-23,NVDA,0.3695237560112059,0.3725679975897103,0.3641377944362374,0.3662453591823578,271244000,-0.0094997839529382,0.3692661881446838,0.3587635532021522,0.366994038409446,0.3613658872329283,61.91585157523052,0.0071350983984753,0.0065532708786524,0.0005818275198229,0.0089168986683122,0.1415513780539035,0.0,0.0,0.0,0.3676503896713257,1
2013-09-24,NVDA,0.3664795297134601,0.3690554048714623,0.3643719650400001,0.3676503896713257,229732000,0.0038363093312763,0.3698516249656677,0.3595948696136474,0.367113375002515,0.3619644112746804,63.44545348344355,0.0067551731133735,0.0065936513255966,0.0001615217877768,0.0089235135875998,0.1416563866421696,0.0,0.0,0.0,0.3681186437606811,1
2013-09-25,NVDA,0.3669477840709791,0.3709287014328666,0.3653085581729987,0.3681186437606811,233156000,0.0012736395839918,0.369875031709671,0.3606720551848411,0.3672961511403633,0.3625505286542995,63.96489949865471,0.0064178824257537,0.006558497545628,-0.0001406151198743,0.0082030944331402,0.1302200871076048,0.0,0.0,0.0,0.3669478893280029,0
2013-09-26,NVDA,0.3690554262078034,0.3697579478062385,0.3648403245326975,0.3669478893280029,148816000,-0.0031803725579282,0.3698047816753387,0.3616907030344009,0.3672328308108432,0.3629693249089379,61.60766555324394,0.0059870915627524,0.0064442163490529,-0.0004571247863005,0.0082956678347871,0.1316896443002661,0.0,0.0,0.0,0.3648402392864227,0
2013-09-27,NVDA,0.3641377178521343,0.3671819587903851,0.3627327028990559,0.3648402392864227,151920000,-0.0057437312023785,0.3692895859479904,0.36263909637928,0.3667978141700395,0.3631475072306032,57.49954882068777,0.0054132167629216,0.0062380164318267,-0.000824799668905,0.0084518312752931,0.1341686620650216,0.0,0.8021402060985565,2.0,0.3643718659877777,0
2013-09-30,NVDA,0.361093470163167,0.3669477683610402,0.3589859060626352,0.3643718659877777,226640000,-0.0012837764265285,0.368704143166542,0.3635874897241592,0.3663567326823555,0.3632641128265245,56.59636761410498,0.0048645475624452,0.0059633226579504,-0.0010987750955051,0.0084500653625291,0.1341406290689585,0.0,0.0,0.0,0.3641378879547119,0
2013-10-01,NVDA,0.3648404097171748,0.366479636468092,0.3620303505828347,0.3641378879547119,226976000,-0.0006421407767899,0.3679782211780548,0.3645124778151511,0.3659533063682385,0.3633473295053995,56.122112410043776,0.0043605771769562,0.0056427735617515,-0.0012821963847953,0.0084719018192652,0.1344872720731886,0.0,0.0,0.0,0.3639035820960998,0
2013-10-02,NVDA,0.3603910026524627,0.3653085971242547,0.3603910026524627,0.3639035820960998,162036000,-0.0006434536651162,0.366901022195816,0.3652618214488029,0.3655806292278496,0.3634003059426091,55.61948834161682,0.0038973443314906,0.0052936877156993,-0.0013963433842087,0.0083431825655314,0.1324439172672369,0.0,0.0,0.0,0.3601568937301636,0
2013-10-03,NVDA,0.3641378123367483,0.3674162372422636,0.3585176952351587,0.3601568937301636,436768000,-0.010295827109904,0.3656130731105804,0.3657770067453384,0.3645944955009976,0.3630914095414237,48.187681546961834,0.0031911173113333,0.0048731736348261,-0.0016820563234928,0.0087912613190621,0.13955694696492,0.0,0.0,0.0,0.36507448554039,1
2013-10-04,NVDA,0.3596885241667081,0.3681187270051235,0.3587518194538268,0.36507448554039,246228000,0.0136540266085001,0.3651447236537933,0.3666083186864852,0.3646817664172507,0.3632802739222777,56.41875763434767,0.0029937260603297,0.0044972841199268,-0.0015035580595971,0.0090916922351849,0.1443261399062173,0.0,0.0,0.0,0.36507448554039,0
2013-10-07,NVDA,0.3636694424288197,0.3676503886064345,0.3617960609185603,0.36507448554039,169952000,0.0,0.3650276362895965,0.3671469122171401,0.3647531698941851,0.3634511512192407,56.41875763434767,0.0028049582589984,0.0041588189477412,-0.0013538606887427,0.0084412481728333,0.1340006605217725,0.0,0.0,0.0,0.3620302677154541,0
2013-10-08,NVDA,0.3641378046049239,0.3692896110734148,0.3592202092243259,0.3620302677154541,290712000,-0.0083386211458459,0.3644656240940093,0.3671586245298385,0.3642580967707794,0.3633158289807849,50.64268163328981,0.002382254334496,0.0038035060250921,-0.0014212516905961,0.0073375405870153,0.1164798457685135,0.0,0.0,0.0,0.3564100861549377,0
2013-10-09,NVDA,0.3643719502955455,0.3646061334438437,0.3545367326305615,0.3564100861549377,275860000,-0.0155240654213302,0.363294768333435,0.366584900021553,0.3628311857497173,0.362658139187847,42.07779435326742,0.0015755942767451,0.0033579236754227,-0.0017823293986776,0.0070043254105379,0.1111902188283225,0.0,0.7018632292747498,1.0,0.3603910803794861,1
2013-10-10,NVDA,0.3589860371327998,0.3613277572669396,0.3564101338190437,0.3603910803794861,223484000,0.0111697013614193,0.3626390874385833,0.366221934556961,0.362387530227857,0.362442228825146,48.696564384294774,0.0012432123545196,0.0029349814112421,-0.0016917690567224,0.00756156789571,0.1200361690426725,0.0,0.0,0.0,0.3573468029499054,0
2013-10-11,NVDA,0.3547708998932884,0.3592201844533083,0.3536000399430994,0.3573468029499054,213704000,-0.0084471497640149,0.3618897438049316,0.365589664876461,0.3614710343591385,0.3619569501703612,44.50815471716371,0.0007257831634702,0.0024931417616877,-0.0017673585982175,0.0075304471039827,0.1195421417895901,-0.4,0.8144177556037903,5.0,0.362732857465744,1
2013-10-14,NVDA,0.3564101897784497,0.362732857465744,0.3564101897784497,0.362732857465744,166628000,0.0150723456076187,0.3617258429527282,0.3652149930596352,0.3617004567421576,0.3620308461032548,52.321617456092845,0.0007417756599119,0.0021428685413326,-0.0014010928814206,0.0084079772381035,0.1334725008066822,0.0,0.0,0.0,0.3608593344688415,0
2013-10-15,NVDA,0.3627327157213335,0.3648402521831998,0.3606251513439678,0.3608593344688415,208820000,-0.0051650214705996,0.3613979876041412,0.364688104391098,0.3615475254197365,0.361919273566644,49.70014670685685,0.0005963972837538,0.0018335742898168,-0.0012371770060629,0.0083977951001581,0.1333108643777712,0.0,0.0,0.0,0.3653087019920349,1
2013-10-16,NVDA,0.3629669816907148,0.3667137453390302,0.3624986432135523,0.3653087019920349,210072000,0.0123299222112198,0.3615384995937347,0.3642197608947753,0.3622313757056089,0.3622420762738241,55.41350107755043,0.0008306355973463,0.0016329865513227,-0.0008023509539764,0.0086549870629553,0.1373936602143665,0.0,0.0,0.0,0.3660111725330353,1
2013-10-17,NVDA,0.3624985925717696,0.3669478772720085,0.3624985925717696,0.3660111725330353,213324000,0.0019229504722164,0.3621239274740219,0.3638685002923011,0.3629186114924136,0.3626010378223204,56.258264255570765,0.001060727246909,0.00151853469044,-0.0004578074435309,0.0086490918061598,0.1373000759139928,0.0,0.0,0.0,0.3702262938022613,1
2013-10-18,NVDA,0.3653086704281844,0.3713971538517553,0.363903655118095,0.3702262938022613,255068000,0.0115163732299607,0.362639108300209,0.3638919159770012,0.364247281003295,0.3633272526775528,61.02953276342184,0.0015651594126653,0.001527859634885,3.7299777780295217e-05,0.0088652177381997,0.1407309687222907,0.0,0.0,0.0,0.3711628913879394,1
2013-10-21,NVDA,0.3746754705218808,0.3749096257148451,0.3699920316766257,0.3711628913879394,195008000,0.0025297975896285,0.363247948884964,0.3641377925872803,0.365504664709594,0.3640735039833039,62.020845710373926,0.0020172475617574,0.0016257372202595,0.0003915103414978,0.0085831797713254,0.1362537547985246,0.0,0.0,0.0,0.3692895472049713,0
2013-10-22,NVDA,0.3711629285135581,0.3713970837299437,0.3660111229360694,0.3692895472049713,179452000,-0.005047229198918,0.3639738768339157,0.3642197504639625,0.3661928251632989,0.3645702700044151,58.79907319903095,0.0021990185407607,0.0017403934843597,0.0004586250564009,0.0086421038147723,0.1371891449897418,0.0,0.7512339055538177,2.0,0.3629668951034546,0
2013-10-23,NVDA,0.3685870392352189,0.3685870392352189,0.361796035232108,0.3629668951034546,252216000,-0.0171211239239528,0.3646295577287674,0.3639621630311012,0.3656062924251453,0.364417567632895,49.46047185699215,0.0018120005527847,0.0017547148980447,5.7285654739956064e-05,0.0094677080683855,0.1502952062082476,0.0,0.0,0.0,0.3603910803794861,0
2013-10-24,NVDA,0.3639036605806957,0.3662453807148355,0.359688558756143,0.3603910803794861,236436000,-0.007096555522603,0.3646295577287674,0.3636343225836754,0.3646580720532072,0.3640340926563799,46.23854599222097,0.0012826536548483,0.0016603026494055,-0.0003776489945571,0.0095625583595468,0.1518009079014159,0.0,0.0,0.0,0.3568784594535827,0
2013-10-25,NVDA,0.3622644207305939,0.3624985759679839,0.3557075995201239,0.3568784594535827,330492000,-0.0097466921828494,0.3645827233791351,0.3632362335920334,0.3632435970350937,0.363352603779923,42.20130634946771,0.0005730969668791,0.0014428615129002,-0.000869764546021,0.0097109482170395,0.1541565238614762,0.0,0.0,0.0,0.3561761081218719,0
2013-10-28,NVDA,0.3564102634711615,0.3580494904937692,0.3512584828850811,0.3561761081218719,394024000,-0.001968040695945,0.3639270484447479,0.3628264456987381,0.3619585990508715,0.3626691280029658,41.422508813961066,-4.538256117481154e-05,0.0011452126980852,-0.00119059525926,0.0097129913414651,0.1541889574562427,0.0,0.9305009245872498,1.0,0.3566442131996155,1
2013-10-29,NVDA,0.3557075365847758,0.3573467346184942,0.3524291126018411,0.3566442131996155,387952000,0.0013142517621744,0.3635055363178253,0.3624517619609833,0.3609923470779158,0.3620953265931229,42.18826115143609,-0.0004920873981928,0.0008177526788296,-0.0013098400770224,0.0097276011893353,0.1544208816011845,0.0,0.0,0.0,0.3564100861549377,0
2013-10-30,NVDA,0.3578151292137221,0.3594543275053024,0.353365844804573,0.3564100861549377,204032000,-0.0006564722937106,0.3626156747341155,0.3620770871639251,0.3601592087282834,0.3615538751228195,41.893279611418215,-0.0008551387880451,0.0004831743854546,-0.0013383131734998,0.0097275769176277,0.154420496299772,0.0,0.0,0.0,0.3557075262069702,0
2013-10-31,NVDA,0.3568783858991088,0.3594542604725155,0.3550050048085876,0.3557075262069702,293368000,-0.0019712123064387,0.361585310101509,0.3618546187877655,0.3593498119062264,0.3609970799879767,40.967600990221186,-0.0011858802569919,0.0001493634569653,-0.0013352437139572,0.0094836973872241,0.1505490287759294,0.0,0.0,0.0,0.3573468029499054,1
2013-11-01,NVDA,0.3575809581906413,0.3589860012970692,0.3547708998932884,0.3573468029499054,206136000,0.0046084960878263,0.3602973610162734,0.3614682346582413,0.3589856284596226,0.3606494345557794,44.07282089327309,-0.0013007253684739,-0.0001406543081225,-0.0011600710603514,0.0089710537248756,0.1424110629253242,0.0,0.0,0.0,0.3470431566238403,0
2013-11-04,NVDA,0.3585175988345611,0.3585175988345611,0.3463406351961638,0.3470431566238403,410264000,-0.0288337442535047,0.3578853875398635,0.3605666682124138,0.3568142699440258,0.3593535985622614,32.500601159145674,-0.0021978239477146,-0.0005520882360409,-0.0016457357116737,0.0109050482048264,0.1731122735108525,0.0,0.0,0.0,0.3465749323368072,0
2013-11-05,NVDA,0.3449357337432499,0.3482141309303646,0.3411889701732554,0.3465749323368072,422368000,-0.0013491817317135,0.3556139260530471,0.3597939014434814,0.3549525721972588,0.3581365827312658,32.088275953634835,-0.0029129837583621,-0.0010242673405051,-0.0018887164178569,0.010818820747109,0.1717434550550187,0.0,0.0,0.0,0.3489167094230652,1
2013-11-06,NVDA,0.3465749887892603,0.3491508926526504,0.3430624078385531,0.3489167094230652,198044000,0.0067569142132364,0.3542089074850082,0.3594192326068878,0.3538551426019508,0.3572584995590562,36.4320103844484,-0.0032532893266794,-0.00147007173774,-0.0017832175889394,0.0105089908614258,0.1668250580974999,0.0,0.0,0.0,0.3407205939292907,0
2013-11-07,NVDA,0.3477457539075019,0.348682430738395,0.3400180723483688,0.3407205939292907,553076000,-0.0234901776625338,0.3522418588399886,0.358435708284378,0.3514670428432853,0.35568346092765,29.35502675910122,-0.0041366571551872,-0.0020033888212294,-0.0021332683339577,0.0112281374003169,0.1782411554862116,0.6666666666666666,0.7599218487739563,3.0,0.3643718659877777,1
2013-11-08,NVDA,0.3512582268583433,0.3655427256273523,0.3498531841246554,0.3643718659877777,734532000,0.0694154462039806,0.3529911994934082,0.3587869614362716,0.3538133743241021,0.3565109280762336,55.94780546962633,-0.002894901903282,-0.0021816914376399,-0.000713210465642,0.0195561021622618,0.3104434976107035,0.5,0.8009759187698364,2.0,0.3674162924289703,1
2013-11-11,NVDA,0.3629670067993729,0.3683529694480909,0.3622645129927874,0.3674162924289703,297624000,0.0083552730750477,0.354115217924118,0.3590211331844329,0.3562866321613508,0.3575495342050656,58.13252116583202,-0.0016461661704031,-0.0020745863841926,0.0004284202137894,0.0193611438608021,0.307348630520564,0.0,0.0,0.0,0.3681186437606811,1
2013-11-12,NVDA,0.369055320346244,0.3711628845370058,0.3639035432946544,0.3681186437606811,316032000,0.001911595501298,0.3552626609802246,0.3593840986490249,0.3584379069975926,0.3585561160675052,58.64210937330152,-0.0005930242088328,-0.0017782739491206,0.0011852497402878,0.0193106993358124,0.3065478485117998,0.0,0.0,0.0,0.3781881630420685,1
2013-11-13,NVDA,0.3671820561235318,0.3781881630420685,0.3664795624185238,0.3781881630420685,332792000,0.0273540051612646,0.3574404686689377,0.3600280717015266,0.3620288626420427,0.3604258348269874,65.18472492656268,0.0010421116206429,-0.0012141968351679,0.0022563084558109,0.0200459476649166,0.3182195538959124,-1.0,0.7442128658294678,1.0,0.3798273205757141,1
2013-11-14,NVDA,0.377017262312275,0.3821690404478305,0.3767830791588622,0.3798273205757141,307980000,0.0043342380693793,0.3598524481058121,0.3607188791036605,0.3652649459027102,0.3622735953744852,66.12418728563921,0.0024420840353591,-0.0004829406610625,0.0029250246964216,0.0200532147735683,0.31833491566937,0.0,0.0,0.0,0.3786563873291015,0
2013-11-15,NVDA,0.3812322898559178,0.3817006281565669,0.3749096250929138,0.3786563873291015,450332000,-0.0030828041670035,0.3619834065437317,0.3611403837800025,0.3676997534347814,0.3638338612749249,64.77943334833522,0.0034176907219697,0.0002971856155439,0.0031205051064258,0.019955615234253,0.3167855710147536,0.0,0.0,0.0,0.3695237636566162,0
2013-11-18,NVDA,0.3704604684238848,0.3737388653205627,0.3685870868048525,0.3695237636566162,316948000,-0.0241184989296057,0.3642314672470093,0.3610584273934364,0.3680313916569331,0.3643757567398479,55.32841112901669,0.0034145785085807,0.0009206641941513,0.0024939143144294,0.0207440083933258,0.3293009244202607,-0.4,0.7902733206748962,5.0,0.3635199666023254,0
2013-11-19,NVDA,0.3677578951647022,0.3710540462317278,0.3630490918879905,0.3635199666023254,206716000,-0.0162473909522904,0.365925970673561,0.3607699483633041,0.3672111325560954,0.3642942529172267,50.148582129564666,0.0028942922116109,0.0013153897976432,0.0015789024139676,0.0210359485642033,0.3339353309593703,0.0,0.889172375202179,1.0,0.3581049740314483,0
2013-11-20,NVDA,0.3637555288955718,0.3646973067507204,0.3573986476567599,0.3581049740314483,204776000,-0.0148959976572644,0.3668447971343994,0.3605268523097037,0.3655554673697959,0.3637047977852478,45.96850629251624,0.0020217118911045,0.0014566542163354,0.000565057674769,0.0209495760600459,0.3325642099626836,0.0,0.0,0.0,0.3609301447868347,1
2013-11-21,NVDA,0.3585757429448694,0.3616364709527611,0.3569276672688303,0.3609301447868347,213568000,0.0078892251162596,0.3688657522201538,0.3605538055300712,0.3647144996274393,0.3634405451187323,48.38578299392109,0.0015403966359682,0.001473402700262,6.699393570622561e-05,0.0209680917276834,0.3328581370742459,0.0,0.0,0.0,0.3573985993862152,0
2013-11-22,NVDA,0.3614010775466156,0.3614010775466156,0.3566922731069237,0.3573985993862152,158668000,-0.0097845676002076,0.3681684255599975,0.3605798125267028,0.3633843359472167,0.3628651217156354,45.63723400414453,0.0008640246903167,0.0013515270982729,-0.0004875024079562,0.0209690465583694,0.332873294541482,0.0,0.0,0.0,0.3651681840419769,1
2013-11-25,NVDA,0.3573986500027875,0.3656390589392961,0.3573986500027875,0.3651681840419769,248208000,0.02173927001702,0.3679436147212981,0.3610294163227081,0.3637086719644458,0.3630844609848108,52.08585881266499,0.0009440531420143,0.0012700323070212,-0.0003259791650069,0.0214988385712354,0.3412834820172732,0.0,0.0,0.0,0.3682288527488708,1
2013-11-26,NVDA,0.3691706023894812,0.3722313308214964,0.3668162002212676,0.3682288527488708,753176000,0.0083815316904554,0.3679546356201171,0.3616086483001708,0.3645305230161594,0.3635744030575784,54.38152899077404,0.0012401509637859,0.0012640560383741,-2.3905074588256855e-05,0.0215542837110714,0.3421636463257525,0.0,0.9230300784111024,1.0,0.3696414530277252,1
2013-11-27,NVDA,0.3679933492895846,0.3708186539454349,0.3656389474541653,0.3696414530277252,181272000,0.0038362020474744,0.3670999646186828,0.3622702166438102,0.3654597830182622,0.3641522173404495,55.442621058478124,0.0015706897242986,0.001325382775559,0.0002453069487395,0.0215505727011483,0.3421047358695366,0.0,0.0,0.0,0.3672871589660644,0
2013-11-29,NVDA,0.3696415897389492,0.3705833395947477,0.3649327562598738,0.3672871589660644,116964000,-0.0063691289014715,0.3658459484577178,0.3628491982817649,0.3657920331905899,0.3644507832095557,53.22074713034278,0.0016239523069691,0.001385096681841,0.000238855625128,0.0216159989776666,0.3431433458107945,0.0,0.0,0.0,0.3708186149597168,1
2013-12-02,NVDA,0.3658743603984729,0.3734084398663886,0.3651680343087694,0.3708186149597168,373872000,0.0096149726649679,0.3650621712207794,0.3635227888822555,0.3667059571486129,0.3650572433762377,56.06497453668209,0.0019288872608971,0.0014938547976523,0.0004350324632448,0.0216788814441004,0.3441415740188561,-1.0,0.9699661731719972,1.0,0.3705831468105316,0
2013-12-03,NVDA,0.3708185981853422,0.3757628244562478,0.3682287453291443,0.3705831468105316,290560000,-0.0006349954929063,0.3651681095361709,0.36469978839159,0.3674109007235072,0.3655835198937895,55.82126430692172,0.0021270310076476,0.0016204900396513,0.0005065409679962,0.020445013266662,0.324554523930024,1.0,0.953153431415558,1.0,0.375762939453125,1
2013-12-04,NVDA,0.3696415105681497,0.3764692657270381,0.3686997328473695,0.375762939453125,493176000,0.0139774101633436,0.3663924068212509,0.366159188747406,0.3689294532198013,0.36655298842325,59.94597232596797,0.0026712349971588,0.0018306390311528,0.0008405959660059,0.0205414571418627,0.326085522985563,0.0,0.0,0.0,0.3696414530277252,0
2013-12-05,NVDA,0.3764692071237678,0.3764692071237678,0.3691705502072943,0.3696414530277252,271812000,-0.0162908200428408,0.3675460547208786,0.367195425927639,0.3690589077303329,0.3668471279093905,53.579383013147336,0.002578840516292,0.0019802793281806,0.0005985611881113,0.0210338399811206,0.3339018582406358,0.0,0.0,0.0,0.3642264306545257,0
2013-12-06,NVDA,0.3741149156674552,0.3741149156674552,0.363284652802485,0.3642264306545257,281000000,-0.0146493915356223,0.3678756833076477,0.3683707177639007,0.3681802755347316,0.3665975376946415,48.65653885621714,0.0020450955853714,0.0019932425796188,5.185300575261814e-05,0.020532662624884,0.3259459143566034,0.0,0.0,0.0,0.3581049740314483,0
2013-12-09,NVDA,0.3642264318564921,0.3654036331254089,0.3573986476567599,0.3581049740314483,385220000,-0.0168067336905697,0.367946320772171,0.3680573731660843,0.3663484025341346,0.3657887221076707,43.76156447372065,0.0011152920987879,0.0018176524834526,-0.0007023603846647,0.013978104885469,0.2218955359615683,0.0,0.0,0.0,0.3663452565670013,1
2013-12-10,NVDA,0.358104850526574,0.3679933321617503,0.3576339757947432,0.3663452565670013,524268000,0.0230108016730015,0.3680640280246735,0.3680038213729858,0.3663478305401103,0.3658417253895117,50.919534759686094,0.0010314481779613,0.0016604116223543,-0.000628963444393,0.0148395001442111,0.2355697617725395,0.0,0.0,0.0,0.3628136813640594,0
2013-12-11,NVDA,0.3670516104037877,0.3675224851711609,0.3621073551796573,0.3628136813640594,414156000,-0.0096400189155881,0.3675225108861922,0.3677385732531547,0.3657052579626465,0.3655533402442305,48.09425841952075,0.0006722830024013,0.0014627858983637,-0.0007905028959624,0.0149835844837844,0.237857029754519,1.0,0.9528171420097352,1.0,0.3557504415512085,0
2013-12-12,NVDA,0.3616364457458537,0.3635199727014765,0.3550441154345147,0.3557504415512085,258724000,-0.0194679533205458,0.3661334097385406,0.3666166871786117,0.363895291342385,0.3646197308448951,42.960177080981374,-0.0001802248894744,0.0011341837407961,-0.0013144086302705,0.0140090476559096,0.2223867372143363,0.0,0.0,0.0,0.3536314666271209,0
2013-12-13,NVDA,0.3564567711212678,0.3590465961519928,0.3531605919003239,0.3536314666271209,184588000,-0.0059563521969165,0.3647678405046463,0.3653068944811821,0.3620291413941551,0.3635732294908213,41.52793510327695,-0.0010151253697661,0.0007043219186836,-0.0017194472884498,0.0139157001988808,0.2209048922734254,0.0,0.0,0.0,0.3541024923324585,1
2013-12-16,NVDA,0.3538670689020236,0.3571632214616646,0.3536316174048946,0.3541024923324585,237620000,0.0013319677398342,0.3630962282419204,0.3640791997313499,0.3605879324738466,0.3626712545233582,41.990901982755915,-0.0016201065972639,0.0002394362154941,-0.001859542812758,0.0139571977993443,0.2215636462584181,0.0,0.0,0.0,0.3557504415512085,1
2013-12-17,NVDA,0.3538669145955856,0.3566921909956789,0.3508061868010338,0.3557504415512085,274104000,0.0046538763618833,0.3616129577159881,0.3633905336260795,0.3597083886697306,0.3620121294783915,43.67131111943779,-0.0019441716486822,-0.0001972853573411,-0.001746886291341,0.0131531066945946,0.2087990956907779,0.0,0.0,0.0,0.3606947362422943,1
2013-12-18,NVDA,0.3564568348764554,0.3614010624921632,0.3519834540050774,0.3606947362422943,426232000,0.013898210974881,0.360106137394905,0.363249272108078,0.3598877245920149,0.3618866634559061,48.492301578974825,-0.0017814962959611,-0.0005141275450651,-0.001267368750896,0.0131394899359493,0.2085829363485481,-1.0,0.9409292340278624,1.0,0.3621074557304382,1
2013-12-19,NVDA,0.3602239280712387,0.362578330628565,0.3578695255139124,0.3621074557304382,258544000,0.0039166623357511,0.3593527376651763,0.3634493961930275,0.3602913120717282,0.3619076912915758,49.81397957658333,-0.0015210465727413,-0.0007155113506003,-0.0008055352221409,0.0127064523460327,0.2017086777209755,0.0,0.0,0.0,0.369406133890152,1
2013-12-20,NVDA,0.3628138007771352,0.3696415853846751,0.3618720228657364,0.369406133890152,382080000,0.0201561112432524,0.359870707988739,0.3638731956481933,0.3619485524023507,0.3626218286819164,56.08375109429438,-0.0007174259213213,-0.0007158942647445,-1.5316565767880925e-06,0.0133546995426241,0.2119992829426284,0.0,0.0,0.0,0.3715250492095947,1
2013-12-23,NVDA,0.3715250492095947,0.3745857780094649,0.3684643484764156,0.3715250492095947,168568000,0.0057360046979426,0.3612127155065536,0.3645795181393623,0.3636897336400314,0.3634697544464572,57.734602500811235,8.939747403524656e-05,-0.0005548359169885,0.0006442333910238,0.013129033476387,0.2084169451989721,0.0,0.0,0.0,0.3724667429924011,1
2013-12-24,NVDA,0.3736439439523847,0.3736439439523847,0.3686996886937794,0.3724667429924011,79600000,0.0025346710398392,0.3618248641490936,0.3649444460868835,0.3652855535222804,0.3643266104984518,58.48157464367537,0.0007956261627689,-0.000284743501037,0.001080369663806,0.0122862901508992,0.1950388096491694,0.0,0.0,0.0,0.3689351975917816,0
2013-12-26,NVDA,0.3738794536206917,0.3750566547640809,0.3679934198370568,0.3689351975917816,168920000,-0.0094815053076874,0.3624370157718658,0.3649797633290291,0.3659491251712806,0.3647655235549594,54.58542257907456,0.0010581535517527,-1.616409047913674e-05,0.0010743176422318,0.0123751208183017,0.1964489527776273,0.0,0.0,0.0,0.3710542023181915,1
2013-12-27,NVDA,0.3708187788953324,0.3717605287201556,0.3686997996894403,0.3710542023181915,210976000,0.0057435688983908,0.3639673918485641,0.3650504007935524,0.3668773210161735,0.3653644453419339,56.459808406655306,0.0014208160876587,0.0002712319451484,0.0011495841425103,0.0124121675111991,0.1970370507954515,0.0,0.0,0.0,0.3759982883930206,1
2013-12-30,NVDA,0.3712894852729265,0.3762337397756975,0.3708186105742532,0.3759982883930206,248180000,0.0133244308889119,0.3662040740251541,0.3654859572649002,0.3685356787210547,0.3663771922991802,60.5509033473782,0.0020831617945497,0.0006336179150287,0.001449543879521,0.012637383947278,0.2006122508816246,0.0,0.0,0.0,0.3771756887435913,1
2013-12-31,NVDA,0.3767048137957695,0.379059216601574,0.3743504109899649,0.3771756887435913,235776000,0.0031313981656746,0.3685113936662674,0.3658038109540938,0.3701065896342432,0.3674056205319813,61.47915941981114,0.002672277555327,0.0010413498430883,0.0016309277122386,0.0124938135988853,0.1983331422566845,0.0,0.0,0.0,0.3734084963798523,0
2014-01-02,NVDA,0.374821148773057,0.3762338011662618,0.3701123448846212,0.3734084963798523,260092000,-0.0099878981497665,0.3702771991491317,0.3659450784325599,0.370706936315263,0.3679773229936833,56.86832533242757,0.0028028654123291,0.0013936529569365,0.0014092124553925,0.0127280962937182,0.2020522647387687,0.0,0.0,0.0,0.3689351975917816,0
2014-01-03,NVDA,0.3741148770093561,0.3748212033087273,0.3677579964483924,0.3689351975917816,259332000,-0.0119796384695012,0.3711012452840805,0.3656036913394928,0.3703848020019027,0.3680685491458831,51.8916025408416,0.0025163920019595,0.0016182007659411,0.0008981912360184,0.0125996029746712,0.2000124965347794,0.0,0.0,0.0,0.3738794326782226,1
2014-01-06,NVDA,0.3727022035340856,0.3767047096507638,0.3691706003017372,0.3738794326782226,409492000,0.0134013645721915,0.3722784429788589,0.3658155903220176,0.3710201893975973,0.3686219666251535,56.430131860722454,0.0026576821061216,0.0018260970339772,0.0008315850721443,0.012431548084401,0.1973447078572,0.0,0.0,0.0,0.3800009787082672,1
2014-01-07,NVDA,0.3776465758268056,0.3814136316638226,0.3750567494972157,0.3800009787082672,333288000,0.0163730483546364,0.3733379274606704,0.3666043177247047,0.3726530601813554,0.3697056820616405,61.29835394802764,0.0032264209638461,0.002106161819951,0.0011202591438951,0.0123581472189863,0.1961795052417733,0.0,0.0,0.0,0.3851804435253143,1
2014-01-08,NVDA,0.3814133900743708,0.3870639702507861,0.3800007380135974,0.3851804435253143,308192000,0.0136301354661074,0.3747034668922424,0.367958091199398,0.3749307662438934,0.3711794688677047,64.87449892220549,0.0040484224364849,0.0024946139432577,0.0015538084932271,0.0117544008304725,0.1865953284480087,0.0,0.0,0.0,0.3708186149597168,0
2014-01-09,NVDA,0.3792944438361166,0.3800007699258202,0.3696414141657712,0.3708186149597168,292172000,-0.0372859754616633,0.374538654088974,0.3681817591190338,0.3741831023740431,0.3711451018288487,50.8449669425329,0.0035006318820489,0.002695817531016,0.0008048143510329,0.0140530835206582,0.2230857848956908,-0.3333333333333333,0.8546249866485596,3.0,0.3703479170799255,0
2014-01-10,NVDA,0.3719960215565907,0.374585847896057,0.3670517642599879,0.3703479170799255,218492000,-0.0012693480337885,0.3746799260377884,0.3685584709048271,0.3734857959569308,0.3710691794718084,50.45981507449572,0.0029940094585952,0.0027554559165318,0.0002385535420634,0.0138520871103999,0.2198950657999292,0.0,0.0,0.0,0.3616364896297455,0
2014-01-13,NVDA,0.3703477712815811,0.3727021732451414,0.3609301634273403,0.3616364896297455,243332000,-0.0235222801274725,0.3737381547689438,0.3688527733087539,0.3713313766247152,0.3701708280582786,43.84078801628899,0.0018680346070591,0.0025779716546373,-0.0007099370475781,0.0141946680605755,0.2253333697883673,0.0,0.9098559617996216,1.0,0.3729376792907715,1
2014-01-14,NVDA,0.3635200700571734,0.3736440055966292,0.3618719659879422,0.3729376792907715,241828000,0.0312501364909179,0.3734320938587189,0.3698180839419364,0.3716234316549073,0.3704343376994684,52.53857552318849,0.0018660918375664,0.0024355956912231,-0.0005695038536567,0.0156135771449444,0.247857853209869,0.0,0.9369525909423828,1.0,0.3769400715827942,1
2014-01-15,NVDA,0.3745856698116766,0.378352723872138,0.3729375941852309,0.3769400715827942,175044000,0.0107320673513982,0.3734085321426391,0.3709599629044532,0.3725900934599776,0.3710539314026423,55.18575878977629,0.0021625828780674,0.002380993128592,-0.0002184102505245,0.0157089563346085,0.249371950906482,0.0,0.0,0.0,0.3781173527240753,1
2014-01-16,NVDA,0.3769401515886546,0.3788236790186655,0.3752920756124034,0.3781173527240753,220652000,0.0031232581251912,0.3738794177770614,0.3720783084630966,0.3735950496898135,0.3717266381951597,55.96379241622972,0.0024641457743107,0.0023976236577357,6.652211657499213e-05,0.0157054734792185,0.2493166622911964,0.0,0.0,0.0,0.3764691650867462,0
2014-01-17,NVDA,0.3781172405741768,0.3825906204019806,0.3741147635142223,0.3764691650867462,340400000,-0.0043589314942967,0.3746328145265579,0.3728670299053191,0.3741176161256195,0.3721783074229298,54.53628293084368,0.0025408522117023,0.002426269368529,0.0001145828431732,0.0155792452567163,0.2473128513801239,0.0,0.0,0.0,0.3778818845748901,1
2014-01-21,NVDA,0.3769401069380987,0.3802362865668401,0.3738794068019122,0.3778818845748901,246076000,0.0037525503259168,0.3750330597162246,0.3736557513475417,0.3748020285709414,0.372721505246926,55.58211912555604,0.0026846898387789,0.002477953462579,0.0002067363761999,0.0155783690541989,0.24729894209637,0.5,0.8190642893314362,4.0,0.3774109780788421,0
2014-01-22,NVDA,0.3785881789759058,0.3790590537213947,0.3729375978299901,0.3774109780788421,337940000,-0.001246173778819,0.3747740596532821,0.3740559935569763,0.3752763830269233,0.3731681217071085,55.126894565785115,0.0027292231897807,0.0025282074080193,0.0002010157817613,0.0150082860760883,0.2382491553758586,0.0,0.0,0.0,0.3759982883930206,0
2014-01-23,NVDA,0.3762337397756975,0.3802362168144413,0.3731730121343002,0.3759982883930206,185028000,-0.0037431070315246,0.3738558441400527,0.3742796555161475,0.3754076385480319,0.3734376613914811,53.70584599456859,0.0026203185389641,0.0025466296342083,7.368890475577391e-05,0.0150065114489825,0.238220984043908,0.0,0.0,0.0,0.3663452565670013,0
2014-01-24,NVDA,0.3729375870126796,0.3743502392748545,0.3663452565670013,0.3663452565670013,246696000,-0.0256730738516799,0.3734085083007812,0.3739735811948775,0.373759932733299,0.3727621942653402,45.142679722880224,0.0017350907775425,0.0023843218628751,-0.0006492310853326,0.0161105473547536,0.2557470107148451,0.0,0.0,0.0,0.3639909029006958,0
2014-01-27,NVDA,0.3663453049373956,0.3715249838047978,0.3618719242276543,0.3639909029006958,233812000,-0.0064265979266879,0.3727728068828583,0.3737263664603233,0.3719837454910075,0.3719268331829931,43.328103794722445,0.0008339514608541,0.0020742477824709,-0.0012402963216168,0.0160372653442089,0.2545836948619893,0.0,0.0,0.0,0.3675225079059601,1
2014-01-28,NVDA,0.3632845786040751,0.3677579593375539,0.3618719261478847,0.3675225079059601,167996000,0.0097024540369563,0.3733614087104797,0.3735497817397117,0.3711726113846352,0.3715073736327994,46.78365966646729,0.0004001503845426,0.0017394283028852,-0.0013392779183426,0.0161431363595916,0.2562643451285048,0.0,0.0,0.0,0.3639909029006958,0
2014-01-29,NVDA,0.3661098535070511,0.3682288321800926,0.3637554514703513,0.3639909029006958,162944000,-0.0096092210117588,0.3724667310714721,0.3729494124650955,0.3698668462057372,0.370791519277361,43.900900964266945,-0.000226005848139,0.0013463414726804,-0.0015723473208194,0.015933572858561,0.2529376276828861,0.0,0.0,0.0,0.3701123297214508,1
2014-01-30,NVDA,0.3661098241269114,0.3708186558891156,0.3649326232030313,0.3701123297214508,202896000,0.0168175269545818,0.3717839568853378,0.3725962445139885,0.3699114795722305,0.3707268345577505,49.68788036379719,-0.0002256895792323,0.0010319352622978,-0.0012576248415301,0.0164291470096149,0.2608046234421703,0.0,0.0,0.0,0.3696414530277252,0
2014-01-31,NVDA,0.3649326212902027,0.3717604034529291,0.3646971979466711,0.3696414530277252,335348000,-0.0012722534644549,0.3709363669157028,0.3724078923463821,0.3698623838368659,0.3706234648882243,49.266872449520086,-0.0002604326423606,0.0007734616813661,-0.0010338943237268,0.0162880431249544,0.258564668715149,0.0,0.0,0.0,0.3646972477436065,0
2014-02-03,NVDA,0.3722313290323393,0.3727022038503813,0.3632845952227933,0.3646972477436065,431728000,-0.0133756786302532,0.3697591751813888,0.3721959948539733,0.368923268183546,0.3700590632554035,44.959293464819424,-0.0006790946359395,0.000482950417905,-0.0011620450538445,0.0163432662221435,0.2594413082058828,1.0,0.8723096251487732,1.0,0.3668161630630493,1
2014-02-04,NVDA,0.364461761133335,0.3675224892553006,0.3625782339762265,0.3668161630630493,280692000,0.0058100666581735,0.3686526030302047,0.3718428313732147,0.3685401581616375,0.3697502156180365,47.09422109857445,-0.0008303369172671,0.0002202929508705,-0.0010506298681377,0.0160908462600804,0.25543426553248,0.0,0.0,0.0,0.3635199666023254,0
2014-02-05,NVDA,0.3642262927071685,0.3654034935263464,0.3606946621829533,0.3635199666023254,214676000,-0.0089859629772022,0.3672635018825531,0.3710187807679176,0.3676273960599444,0.3691568585689211,44.22073384401493,-0.0012023135001626,-6.422833933606432e-05,-0.0011380851608266,0.0156572398535274,0.2485509772207383,0.0,0.0,0.0,0.3682288527488708,1
2014-02-06,NVDA,0.3639909232327488,0.3691706023894812,0.3635200484124437,0.3682288527488708,168380000,0.0129535832393401,0.3664865583181381,0.3701712012290954,0.3677367518215673,0.3690684770622497,49.00745500251994,-0.001104408925212,-0.0002722644565112,-0.0008321444687008,0.0156221632580039,0.2479941535291739,0.0,0.0,0.0,0.3736439645290375,1
2014-02-07,NVDA,0.3691705837947386,0.3741148393256251,0.3658744321519384,0.3736439645290375,157248000,0.014705832364146,0.3672164291143417,0.3703124687075615,0.3688107904956528,0.3695042377733724,53.906168720784834,-0.000583142476047,-0.0003344400604184,-0.0002487024156285,0.0136680055182436,0.2169728611171874,0.0,0.0,0.0,0.3748212158679962,1
2014-02-10,NVDA,0.3731731398253665,0.3797654720625752,0.3729376883621237,0.3748212158679962,324372000,0.0031507302424718,0.3682994604110717,0.370536133646965,0.3699035951088061,0.370010616639527,54.92009142779165,-7.418555036209362e-05,-0.0002823891584071,0.000208203608045,0.0136741646302037,0.2170706339884479,0.0,0.9050893783569336,1.0,0.3825908303260803,1
2014-02-11,NVDA,0.3769402466115908,0.3835325802451472,0.375056746773457,0.3825908303260803,235384000,0.0207288545289292,0.3698062926530838,0.3715838506817818,0.3722103651483104,0.3712087322287226,61.01508913093557,0.0009452135994703,-3.686860683166008e-05,0.0009820822063019,0.0131191955198663,0.2082607724807946,0.0,0.0,0.0,0.3962462246417999,1
2014-02-12,NVDA,0.3837678885052529,0.3990715294777619,0.3837678885052529,0.3962462246417999,744528000,0.035691901721955,0.3730318248271942,0.3727492779493332,0.376580521419854,0.3735932553156823,68.95872795322293,0.0028224356867813,0.0005349922518909,0.0022874434348903,0.0136511588657458,0.2167054287995884,0.6666666666666666,0.7747412522633871,3.0,0.4087246358394623,1
2014-02-13,NVDA,0.406134810019797,0.4110790663240436,0.3990716027661253,0.4087246358394623,902836000,0.0314915585856814,0.3768930554389954,0.3743385061621666,0.3824249058597827,0.3769391010798518,74.1435272974051,0.005256458036633,0.0014792854088393,0.0037771726277936,0.0149842391076119,0.2378674215856182,0.8888888888888888,0.823044670952691,9.0,0.4216738939285278,1
2014-02-14,NVDA,0.4049576248718456,0.4226156437063584,0.4047221733940421,0.4216738939285278,817536000,0.0316821080835256,0.3820962995290756,0.3765163332223892,0.3895610855086454,0.3811995575416305,78.21080563669591,0.0081365421977627,0.002810736766624,0.0053258054311387,0.0161921450144022,0.2570423334048163,0.0,0.6104291081428528,1.0,0.4214383959770202,0
2014-02-18,NVDA,0.421909298880699,0.4233219233916692,0.4179067925995617,0.4214383959770202,428988000,-0.0005584835933606,0.3877704143524169,0.3787647947669029,0.395356960139259,0.3850318278688104,77.97059491214335,0.0102815081033964,0.0043048910339785,0.0059766170694179,0.0160912325628808,0.2554403978993235,0.0,0.0,0.0,0.427088975906372,1
2014-02-19,NVDA,0.4214383936930484,0.4308560307152545,0.4195548662886072,0.427088975906372,450340000,0.013407843194382,0.3937976956367492,0.381225149333477,0.4011264175514614,0.3890372705390544,79.59035832835539,0.0122956272762098,0.0059030382824247,0.006392588993785,0.0161718452823395,0.256720085148501,0.0,0.0,0.0,0.4421572387218475,1
2014-02-20,NVDA,0.4280307949328505,0.4430989885433238,0.4273244966000898,0.4421572387218475,398088000,0.035281319972021,0.4016614228487015,0.3844624623656273,0.4085865668551679,0.3940963151278918,83.14862847985503,0.0149355464279254,0.0077095399115249,0.0072260065164005,0.0173023194223955,0.2746658057775676,0.0,0.0,0.0,0.4388609230518341,0
2014-02-21,NVDA,0.4414507763633044,0.4471013577519619,0.4360356463908476,0.4388609230518341,451052000,-0.007455075663902,0.4087246298789978,0.387605594098568,0.4140909952545618,0.3983596111206482,79.86822065843258,0.0165706995397479,0.0094817718371695,0.0070889277025784,0.0174551534602085,0.2770919709130828,1.0,0.7134151458740234,1.0,0.445217877626419,1
2014-02-24,NVDA,0.4379192197538518,0.4485140294011148,0.4339167417226676,0.445217877626419,403112000,0.0144851232832003,0.4158820211887359,0.3915492251515388,0.4197504284130812,0.4028223031688168,81.3928283586894,0.0181700700117724,0.0112194314720901,0.0069506385396822,0.0156007303951886,0.2476539173798134,0.0,0.9050894379615784,1.0,0.4432075321674347,0
2014-02-25,NVDA,0.4446265630409908,0.4465185948079279,0.4384774668467985,0.4432075321674347,242184000,-0.0045154194384602,0.4227206528186798,0.3955100566148758,0.4240153563684182,0.4066685154543994,79.34634075218258,0.0190557022821657,0.0127866856341052,0.0062690166480605,0.0155009231543884,0.246069526550608,0.0,0.0,0.0,0.4424981772899627,0
2014-02-26,NVDA,0.4422616626758163,0.4488837617442791,0.4410791459919272,0.4424981772899627,360884000,-0.0016005027577103,0.428711387515068,0.3992588400840758,0.4273758692632444,0.4100808642006436,78.59541373046996,0.0194758280048446,0.0141245141082531,0.0053513138965915,0.0157171439697175,0.2495019255844272,0.0,0.0,0.0,0.4375314116477966,0
2014-02-27,NVDA,0.4424979909055279,0.4469915411342107,0.4363488954619949,0.4375314116477966,388848000,-0.0112243753693734,0.4328399062156676,0.4029358655214309,0.4292223315149812,0.4126952020527534,73.36029325508002,0.0191868303516727,0.015136977356937,0.0040498529947357,0.0158239696535108,0.2511977307421358,0.0,0.0,0.0,0.4346935153007507,0
2014-02-28,NVDA,0.4351665162853105,0.4394235815331858,0.4283079033322284,0.4346935153007507,321692000,-0.0064861545285583,0.4354367941617965,0.4061649248003959,0.4302170922033029,0.4147902795049436,70.47192121896096,0.0185153694578088,0.0158126557771114,0.0027027136806974,0.0161015505849909,0.2556041914224755,0.0,0.0,0.0,0.4325649440288543,0
2014-03-03,NVDA,0.4249968441251874,0.4325649440288543,0.4212127800766453,0.4325649440288543,375948000,-0.0048967173352555,0.4365258991718291,0.4093110993504524,0.4306439743534031,0.416483104697697,68.29978159175403,0.0176084941892706,0.0161718234595432,0.0014366707297273,0.0162335770834852,0.2577000471113947,0.0,0.0,0.0,0.4370585083961487,1
2014-03-04,NVDA,0.4346934754964938,0.4398965422370513,0.433983959987914,0.4370585083961487,260344000,0.0103881843161905,0.438087910413742,0.4129291623830795,0.4318102532702659,0.4184426669546924,70.37568614462678,0.017055773752459,0.0163486135181264,0.0007071602343326,0.0154356196730144,0.2450328659218335,0.0,0.0,0.0,0.4408425092697143,1
2014-03-05,NVDA,0.4365854447481851,0.4410790238183491,0.4346934411327622,0.4408425092697143,241472000,0.0086578817272122,0.4394632637500762,0.4166304796934127,0.4334524816338019,0.4205759852704088,72.03635792551911,0.0167302205026779,0.0164249349150367,0.0003052855876412,0.0154157984317602,0.2447182134716225,0.0,0.0,0.0,0.4346935153007507,0
2014-03-06,NVDA,0.4415521000604142,0.4439171331766317,0.4339839997272017,0.4346935153007507,290144000,-0.0139482782165218,0.4387168914079666,0.420189157128334,0.4336781241187017,0.4219205119399651,65.60085451610811,0.0157939815943261,0.0162987442508946,-0.0005047626565685,0.0157624010805427,0.2502203599462316,0.0,0.0,0.0,0.4342205226421356,0
2014-03-07,NVDA,0.4365855559572602,0.4372950715904817,0.4309094872783296,0.4342205226421356,268452000,-0.0010881060838642,0.4382528513669967,0.4234887406229973,0.4337767420320533,0.423091941530648,65.11893657641451,0.0148427410797526,0.0160075436166662,-0.0011648025369135,0.015893754231906,0.2523055265808226,0.0,0.0,0.0,0.4278348982334137,0
2014-03-10,NVDA,0.4328014790070771,0.4346935111205403,0.4259428661199506,0.4278348982334137,300888000,-0.0147059479590389,0.4365145534276962,0.4261982873082161,0.4326964067959369,0.4235436516928162,58.8349841095468,0.0134189245861032,0.0154898198105536,-0.0020708952244503,0.0166230442110287,0.2638826460912832,0.0,0.0,0.0,0.4320918917655945,1
2014-03-11,NVDA,0.4299633454184966,0.4358759553648259,0.4285443427138451,0.4320918917655945,297220000,0.0099500848335618,0.4354029893875122,0.429061821103096,0.4325864949722383,0.4243577697949856,61.50212899244062,0.0124900658533484,0.0148898690191126,-0.0023998031657641,0.0166113310402109,0.263696705268996,0.0,0.0,0.0,0.4332743883132934,1
2014-03-12,NVDA,0.4299633257669452,0.4358759354430376,0.4283078085904773,0.4332743883132934,239428000,0.0027366784015943,0.4344806104898452,0.4315959990024566,0.4327115664887938,0.4252069715586339,62.23410967929822,0.0117143208060966,0.0142547593765094,-0.0025404385704127,0.0163285492750164,0.2592076839129448,0.0,0.0,0.0,0.4195573627948761,0
2014-03-13,NVDA,0.4342205651452528,0.4358761111826278,0.4174288156868613,0.4195573627948761,385172000,-0.0316589807484737,0.4326832056045532,0.4327615559101104,0.4303198930898996,0.4246689135811332,50.289210787718574,0.0098788111601299,0.0133795697332335,-0.0035007585731035,0.0168970798434604,0.268232826893991,0.0,0.0,0.0,0.4214492440223694,1
2014-03-14,NVDA,0.4153001755126139,0.4252333078694616,0.4153001755126139,0.4214492440223694,460048000,0.0045092313835002,0.4313587784767151,0.4333977863192558,0.4287070478048941,0.4243622783850604,51.6671035646605,0.0084790740578178,0.0123994705981503,-0.0039203965403325,0.015523610045831,0.2464296697872775,0.0,0.0,0.0,0.4214492440223694,0
2014-03-17,NVDA,0.4226317604504088,0.4257063088019943,0.4209762430898367,0.4214492440223694,299656000,0.0,0.4302472084760665,0.4333865538239479,0.4273874471171623,0.4240848465409946,51.6671035646605,0.0072857863103332,0.0113767337405869,-0.0040909474302537,0.0138205580573195,0.2193945575987852,0.0,0.0,0.0,0.4313823580741882,1
2014-03-18,NVDA,0.4231047439701516,0.4342203915568897,0.4212127122505464,0.4313823580741882,293904000,0.0235689449980163,0.4296795934438705,0.4338837519288063,0.4281137945638942,0.424779847639394,58.64677626314309,0.007060230520166,0.0105134330965027,-0.0034532025763367,0.0147828867576595,0.2346710521223826,0.0,0.0,0.0,0.4389504790306091,1
2014-03-19,NVDA,0.4346934426872701,0.4472281217480482,0.4335108981332812,0.4389504790306091,366168000,0.0175438814656379,0.42949039041996,0.434476827085018,0.4300841008305696,0.4261294315814145,63.02761285030306,0.0074067793019414,0.0098921023375905,-0.002485323035649,0.014989110688158,0.2379447555293185,0.6666666666666666,0.8564921220143636,3.0,0.4391869008541107,1
2014-03-20,NVDA,0.4365853541327473,0.4429709636863833,0.434693350910019,0.4391869008541107,191800000,0.0005386070520387,0.429939728975296,0.4343283101916312,0.4317391553803043,0.4273730000835761,63.15891272235044,0.007612743999487,0.0094362306699698,-0.0018234866704827,0.0127043242329406,0.2016748949729537,0.0,0.0,0.0,0.438477486371994,0
2014-03-21,NVDA,0.4429710655427432,0.446518614691191,0.4361124536063622,0.438477486371994,566116000,-0.0016152906216853,0.4303654253482818,0.4343091383576392,0.4329643064697024,0.4284305702062825,62.442335303154536,0.0076307659662329,0.0090751377292224,-0.0014443717629894,0.0125969092362176,0.1999697347625071,-1.0,0.7899418473243713,2.0,0.43634894490242,0
2014-03-24,NVDA,0.4387139775419931,0.4422615265013526,0.4299633342208425,0.43634894490242,306096000,-0.0048543916979313,0.4312168300151825,0.4338656917214393,0.433579695275651,0.4291847011297242,60.23413776877971,0.0073881272649284,0.0087377356363636,-0.0013496083714351,0.012163883768061,0.1930956685619095,-0.5,0.8755075931549072,2.0,0.43634894490242,0
2014-03-25,NVDA,0.4410790101815661,0.4415520110707981,0.43303788229097,0.43634894490242,304424000,0.0,0.431642535328865,0.4335227623581885,0.4340831952077908,0.4298670100604572,60.23413776877972,0.0071138305358161,0.0084129546162541,-0.001299124080438,0.0121358038615172,0.1926499138645923,0.0,0.7195931673049927,2.0,0.4264158308506012,0
2014-03-26,NVDA,0.4403695418319539,0.4486471569554388,0.422631766945356,0.4264158308506012,557756000,-0.0227641527906985,0.4309566795825958,0.4327186450362205,0.432689128961029,0.4295383263261852,50.55763908476669,0.0060254712306875,0.0079354579391408,-0.0019099867084532,0.0131018396497087,0.2079852565834497,0.0,0.0,0.0,0.4207397997379303,0
2014-03-27,NVDA,0.4254698659337034,0.4290174155805333,0.4160097053487387,0.4207397997379303,540728000,-0.0133110234236578,0.4310749232769012,0.4318790644407271,0.4305165236477383,0.4287003714130181,46.009182160771594,0.0046513129258788,0.0072786289364884,-0.0026273160106095,0.0131891279139673,0.2093709148210663,0.0,0.0,0.0,0.423341304063797,1
2014-03-28,NVDA,0.4200302691227375,0.4259428516556419,0.4188477526161566,0.423341304063797,398820000,0.0061831667160727,0.431264129281044,0.4313114538788795,0.4292119382688399,0.4281899840464256,48.30476152640991,0.0037292141668998,0.0065687459825707,-0.0028395318156709,0.0132598977380217,0.2104943509497203,0.0,0.0,0.0,0.4235778450965881,1
2014-03-31,NVDA,0.4240508460900778,0.4278349104248333,0.4212128119357207,0.4235778450965881,273404000,0.0005587478247939,0.4314769893884659,0.4308620989322661,0.4281875576920668,0.4277507327178697,48.51909263917466,0.0029831433222596,0.0058516254505084,-0.0028684821282488,0.0132367714605715,0.2101272326764179,0.0,0.0,0.0,0.4410790801048279,1
2014-04-01,NVDA,0.4370585296188676,0.4462821470980363,0.4318554344322417,0.4410790801048279,656272000,0.0413176354968447,0.4324466615915298,0.4310631275177001,0.4305314708580234,0.4290200991356752,61.302894889510576,0.0037607288626175,0.0054334461329303,-0.0016727172703127,0.0161247741184262,0.2559728535866795,0.3333333333333333,0.8361859122912089,3.0,0.43824103474617,0
2014-04-02,NVDA,0.441079068651186,0.4420250705550524,0.4363490027450205,0.43824103474617,239948000,-0.0064343232011443,0.4323757171630859,0.4309330537915229,0.4319332097467773,0.4298982834795319,58.75492975152048,0.0041006942133455,0.0051668957490133,-0.0010662015356677,0.0160799752817602,0.25526169410162,0.0,0.0,0.0,0.4429710507392883,1
2014-04-03,NVDA,0.4391869871633695,0.4536136978289696,0.4389504726173446,0.4429710507392883,599548000,0.0107931837005128,0.4327541321516037,0.4313469305634497,0.4339400899272338,0.431143308932842,61.61822120189833,0.0046976404880012,0.0050730446968109,-0.0003754042088096,0.0159153547776521,0.2526484246141869,-0.25,0.6811282634735107,4.0,0.429253876209259,0
2014-04-04,NVDA,0.4453361048919896,0.4479376522500103,0.4273618443300999,0.429253876209259,368032000,-0.030966300184033,0.4318317711353302,0.4310985982418059,0.4330880510694202,0.4309633629591674,50.63912812058722,0.0040175515328373,0.0048619460640162,-0.0008443945311788,0.0174556717736096,0.2771001988832455,0.0,0.0,0.0,0.4306728541851043,1
2014-04-07,NVDA,0.4294903378528694,0.4389504685107487,0.4271253051883996,0.4306728541851043,428576000,0.0033056847112862,0.4312641620635986,0.4312404960393904,0.4326489243631809,0.4309356954568757,51.5998543600169,0.0035521290670888,0.0045999826646307,-0.0010478535975419,0.0171422212350117,0.2721243258425498,0.0,0.0,0.0,0.4460456073284149,1
2014-04-08,NVDA,0.4306728663806321,0.4472281236941356,0.4299633509225169,0.4460456073284149,470692000,0.0356947343997291,0.4322338283061981,0.4319381818175315,0.4350846849023143,0.4323747346827366,60.55662714209628,0.0043733182228252,0.0045546497762696,-0.0001813315534443,0.0187799252026192,0.2981220703591494,0.0,0.0,0.0,0.4455726444721222,0
2014-04-09,NVDA,0.4481741921408538,0.4519582563511147,0.4420250948475345,0.4455726444721222,421968000,-0.0010603464052152,0.4341495096683502,0.4325530946254729,0.4369915866422794,0.4336316784722018,60.1875884550135,0.0049291324249905,0.0046295463060138,0.0002995861189767,0.0187886938479935,0.2982612682891215,0.0,0.0,0.0,0.4346935153007507,0
2014-04-10,NVDA,0.4436806467810611,0.4498297159671756,0.4332744841536527,0.4346935153007507,372748000,-0.024416061682288,0.4355448812246322,0.4333099022507666,0.4365737554892741,0.4337328057892065,52.29337805242975,0.0044405761831018,0.0045917522814314,-0.0001511760983295,0.0181743160194267,0.2885083226166035,0.0,0.8997547626495361,1.0,0.4285443723201751,0
2014-04-11,NVDA,0.4313824061189598,0.4380045037784009,0.4228682765291904,0.4285443723201751,353112000,-0.0141459275653587,0.43606518805027,0.4336646586656569,0.435113867640347,0.4332386692683463,48.42708124745346,0.0035166694175523,0.0043767357086556,-0.0008600662911032,0.0185105612792244,0.2938460506382964,1.0,0.6239408850669861,1.0,0.4332743883132934,1
2014-04-14,NVDA,0.4313823566001534,0.4349299054897614,0.4285443231271494,0.4332743883132934,290184000,0.0110374007888836,0.4370348423719405,0.4342559158802032,0.4347794168536099,0.4332420710821508,51.40344933183842,0.0031300580489226,0.004127400176709,-0.0009973421277863,0.0186433347666016,0.2959537644081139,0.0,0.0,0.0,0.43634894490242,1
2014-04-15,NVDA,0.4337473977215245,0.4387139775419931,0.4294903333316104,0.43634894490242,304636000,0.0070960958507046,0.4365618288516997,0.4345042452216148,0.4350647855897572,0.4335379638269384,53.290463040725434,0.0030367510002807,0.0039092703414233,-0.0008725193411426,0.0179710580854793,0.2852817029452488,0.0,0.0,0.0,0.4372949600219726,1
2014-04-16,NVDA,0.4384774763778356,0.438950477281498,0.4318553791463201,0.4372949600219726,235136000,0.0021680243085362,0.43646722137928,0.434421469271183,0.4354702718501599,0.4338957729883702,53.8838296661076,0.0030045059318187,0.0037283174595024,-0.0007238115276837,0.0175373411716363,0.2783966603846629,0.0,0.0,0.0,0.4389504790306091,1
2014-04-17,NVDA,0.4356394444983646,0.4429710572112953,0.4346934426872701,0.4389504790306091,153532000,0.0037858177202712,0.4360651642084122,0.4344096481800079,0.4361030367920598,0.4343771735638215,54.962072858227216,0.0030770675121249,0.0035980674700269,-0.0005209999579019,0.017558035275432,0.2787251690981558,0.0,0.0,0.0,0.4424981772899627,1
2014-04-21,NVDA,0.4391871136590205,0.4436806939738518,0.4363490792563712,0.4424981772899627,117004000,0.0080822289274828,0.4373895943164825,0.4346106827259063,0.4372657896098603,0.4351506024901207,57.267840385641584,0.0033818587252235,0.0035548257210662,-0.0001729669958427,0.0176413355997382,0.2800475207516278,0.0,0.0,0.0,0.446282148361206,1
2014-04-22,NVDA,0.443207599794975,0.4491202105413685,0.4408425667737846,0.446282148361206,255120000,0.008551382277816,0.4389505237340927,0.4351073428988457,0.4389051275646504,0.4362107497159384,59.641187805515834,0.0038839708012806,0.0036206547371091,0.0002633160641714,0.0176776873425465,0.2806245867787941,0.0,0.0,0.0,0.4514852464199066,1
2014-04-23,NVDA,0.4469916667351555,0.4526677629379856,0.4462821511856245,0.4514852464199066,261580000,0.0116587635822023,0.4394944876432419,0.43586415797472,0.4411924219019696,0.4376654636877449,62.708220913566706,0.0046481636313495,0.0038261565159572,0.0008220071153923,0.0178250866499871,0.2829644782442609,0.0,0.0,0.0,0.455505758523941,1
2014-04-24,NVDA,0.4545597566666335,0.4602358241973091,0.4545597566666335,0.455505758523941,391492000,0.0089050797028593,0.4404877990484236,0.437318654358387,0.443794846742328,0.4393645393864302,64.92624567557579,0.0055146442941885,0.0041638540716034,0.001350790222585,0.0169057519054461,0.2683704916102011,0.0,0.0,0.0,0.4429710507392883,0
2014-04-25,NVDA,0.4545597278196561,0.4588167922942113,0.4420250207486019,0.4429710507392883,313600000,-0.0275182202422011,0.4413155525922774,0.4384302169084549,0.4436450656508662,0.439708016658131,54.11888488186282,0.0051307462518345,0.0043572325076496,0.0007735137441848,0.0179150224027392,0.284392164058793,0.0,0.0,0.0,0.4410790801048279,0
2014-04-28,NVDA,0.4465186616768529,0.4488836946913492,0.4356394985328028,0.4410790801048279,226788000,-0.0042710931816036,0.4425690233707427,0.4393171057105064,0.4431785228243138,0.439838594129245,52.693151257265455,0.0046205749571918,0.0044099009975581,0.0002106739596336,0.0179614140719892,0.2851286089772365,0.0,0.0,0.0,0.4420250654220581,1
2014-04-29,NVDA,0.442734580938427,0.4436806110247244,0.4370585131943081,0.4420250654220581,171300000,0.0021447068335351,0.4434440910816192,0.4402394667267799,0.4429688032966309,0.4400468294904652,53.35483561559314,0.0042436751937358,0.0043766558367936,-0.0001329806430578,0.0179572540659276,0.2850625709282888,0.0,0.0,0.0,0.4368219673633575,0
2014-04-30,NVDA,0.4413155465165018,0.4417885474290922,0.4358759655381768,0.4368219673633575,305740000,-0.0117710475394252,0.4434913933277129,0.4400266110897064,0.4418511967633084,0.439739699764074,49.27262986324769,0.0034849604320008,0.004198316755835,-0.0007133563238342,0.0156609689907265,0.2486101754385397,0.0,0.0,0.0,0.4391869008541107,1
2014-05-01,NVDA,0.4434439644920653,0.4443899661034295,0.4356393525213831,0.4391869008541107,198104000,0.0054139527483654,0.4436805874109268,0.4400739043951034,0.4413667793252724,0.4396870522488394,51.10383706651571,0.0030394668038981,0.0039665467654477,-0.0009270799615495,0.0156435036465246,0.2483329216946184,0.0,0.0,0.0,0.4358760118484497,0
2014-05-02,NVDA,0.4413155934047109,0.4413155934047109,0.4332744642626761,0.4358760118484497,156376000,-0.0075386788613734,0.4433731406927109,0.4397191524505615,0.4403684579658501,0.4393240960202308,48.46603038458457,0.0023916790343758,0.0036515732192333,-0.0012598941848574,0.0155282906054037,0.2465039713670339,0.0,0.0,0.0,0.4406060874462127,1
2014-05-05,NVDA,0.4354029921615064,0.4439171224515549,0.4349299911883744,0.4406060874462127,239260000,0.0108518832630954,0.4431839317083358,0.4402867630124092,0.440411663325916,0.4394461904417529,52.25746097293973,0.0022342253705047,0.0033681036494876,-0.0011338782789828,0.0139750421260101,0.2218469161624455,0.0,0.0,0.0,0.4316188991069793,0
2014-05-06,NVDA,0.4448630937638096,0.4486471292418938,0.4304363827338128,0.4316188991069793,416188000,-0.020397331301807,0.4417176067829132,0.4403340652585029,0.4388129789224729,0.4387007341241554,45.419969533256385,0.0013684762749345,0.002968178174577,-0.0015997018996424,0.0147863270541985,0.2347256651368535,-0.6666666666666666,0.9168404539426168,3.0,0.4320918917655945,1
2014-05-07,NVDA,0.431618890864044,0.4356394408173438,0.427361826363262,0.4320918917655945,293900000,0.0010958571545263,0.439778271317482,0.4396363794803619,0.4375909630757678,0.4380713205661972,45.82174989442318,0.0007123192608596,0.0025170063918335,-0.0018046871309739,0.0122175134208742,0.1939470129073633,0.0,0.7749531865119934,1.0,0.4375314116477966,1
2014-05-08,NVDA,0.4304363145329861,0.4443899942480829,0.4283077684824971,0.4375314116477966,432728000,0.0125888034139576,0.4379808366298675,0.4392343178391457,0.4375801355434093,0.4380199006692067,50.34842010310518,0.0006240403457246,0.0021384131826117,-0.0015143728368871,0.0126189460725531,0.2003195586942655,1.0,0.5281691551208496,1.0,0.4268888533115387,0
2014-05-09,NVDA,0.4242873339147688,0.4283078843958985,0.4188477523492792,0.4268888533115387,539532000,-0.0243241012026467,0.4363726168870926,0.438844084739685,0.4356362660467056,0.4369598009208574,42.81163917123622,-0.0003012146299455,0.0016504876201002,-0.0019517022500458,0.0126099146102922,0.2001761886755601,0.0,0.0,0.0,0.4394234716892242,1
2014-05-12,NVDA,0.4278347954005621,0.440369473421869,0.427598280870695,0.4394234716892242,299856000,0.0293627211871421,0.4362070560455322,0.4393880397081375,0.4363248488907998,0.4371944362321304,51.93718778901089,-2.2784274430864837e-05,0.001315833241194,-0.0013386175156249,0.0138806305516861,0.2203481788831607,0.0,0.0,0.0,0.4323283731937408,0
2014-05-13,NVDA,0.4335108895308504,0.4406060157469214,0.4309093705052573,0.4323283731937408,221104000,-0.0161463803201238,0.4352373868227005,0.4393407389521598,0.43559821694588,0.4367310016570457,47.33305475231874,-0.0003703719468219,0.0009785922035908,-0.0013489641504127,0.0142087528841023,0.2255569594302391,0.0,0.0,0.0,0.4280712604522705,0
2014-05-14,NVDA,0.4325648389424305,0.4342203559889482,0.4278347741275738,0.4280712604522705,214320000,-0.0098469427533096,0.4343623161315918,0.4389268547296524,0.4342296794015873,0.4359062643994481,44.76865968751393,-0.0009780764450595,0.0005872584738607,-0.0015653349189203,0.0142675483240555,0.2264903081042835,0.0,0.0,0.0,0.4257063269615173,0
2014-05-15,NVDA,0.4271253580130629,0.4294903909700279,0.4214492620002971,0.4257063269615173,325896000,-0.0055246257089406,0.4330142587423323,0.4383474230766296,0.4326799789579382,0.4349348417863118,43.363163035840934,-0.001631707695704,0.0001434652399477,-0.0017751729356518,0.0142852946253853,0.2267720219043427,0.0,0.0,0.0,0.4247602820396423,0
2014-05-16,NVDA,0.4223952493221897,0.4278348302110134,0.4223952493221897,0.4247602820396423,283960000,-0.0022222947181156,0.4319026857614516,0.4376379132270813,0.4312400340637026,0.4339658360961528,42.78450794895911,-0.0022006849633876,-0.0003253648007192,-0.0018753201626683,0.0142370273048404,0.2260058019446645,0.0,0.0,0.0,0.438477486371994,1
2014-05-19,NVDA,0.4292538698633956,0.4408425191376258,0.4273618380122073,0.438477486371994,360076000,0.0322939900747865,0.4316898256540297,0.4374368786811828,0.4325559344833919,0.4343955170748043,52.65072542290655,-0.0015271359247937,-0.0005657190255341,-0.0009614168992595,0.0160168696393706,0.2542599230850931,0.3333333333333333,0.8791738748550415,3.0,0.4333692491054535,0
2014-05-20,NVDA,0.4385962798349263,0.4397842426517732,0.4312309273644362,0.4333692491054535,256200000,-0.0116499419589511,0.4318648606538772,0.4367912337183952,0.4327038098692212,0.4342977772681995,49.24514893640769,-0.001389518016391,-0.0007304788237055,-0.0006590391926855,0.0160639029348488,0.2550065535041441,0.0,0.0,0.0,0.4333692491054535,0
2014-05-21,NVDA,0.4350323913843856,0.4388338837276027,0.4307557195790832,0.4333692491054535,216712000,0.0,0.4319925963878631,0.4358854338526726,0.4328247988212634,0.4342093460146046,49.24514893640769,-0.0012658627546352,-0.0008375556098914,-0.0004283071447437,0.0157761501173189,0.2504386191386911,0.0,0.0,0.0,0.4352699816226959,1
2014-05-22,NVDA,0.4324188766163557,0.4376459071818572,0.4324188766163557,0.4352699816226959,130364000,0.0043859422909351,0.4317664533853531,0.4348736450076103,0.4332693775124329,0.4343103589296609,50.623395168362805,-0.0010029306791817,-0.0008706306237495,-0.0001323000554321,0.0156446448258431,0.2483510373546866,0.0,0.0,0.0,0.4393090307712555,1
2014-05-23,NVDA,0.4376458886150535,0.4414473806777428,0.4350323592815465,0.4393090307712555,182656000,0.0092794112139364,0.4330084711313248,0.4346905440092087,0.4343674962867643,0.4347864229145747,53.51228056865433,-0.0004632970050332,-0.0007891639000062,0.000325866894973,0.0146359197128746,0.2323380226138447,0.0,0.0,0.0,0.4471496343612671,1
2014-05-27,NVDA,0.441922603504193,0.4471496343612671,0.4404970367598689,0.4471496343612671,209680000,0.0178475811804883,0.433781087398529,0.4349940717220306,0.4366915213912193,0.4359638716237835,58.57856192974696,0.0005902339036028,-0.0005132843392844,0.0011035182428873,0.0151478759028961,0.240465075179587,0.0,0.0,0.0,0.4509511291980743,1
2014-05-28,NVDA,0.4488128073934726,0.4538022343786328,0.4445361354610007,0.4509511291980743,224676000,0.0085016167848095,0.4356433629989624,0.4354403749108314,0.439284177356102,0.4373912294880017,60.80869306700183,0.0017121766947456,-6.819213247843777e-05,0.001780368827224,0.015244136707033,0.2419931680720833,0.0,0.893619179725647,1.0,0.4502383172512054,0
2014-05-29,NVDA,0.4507134966972668,0.4545149889122913,0.4492879583590827,0.4502383172512054,171884000,-0.0015806855792477,0.4378600686788559,0.4361111924052238,0.4412758391552117,0.4386147616559258,60.15468972417969,0.0025148172254378,0.0004484097391048,0.002066407486333,0.0149585676583418,0.2374598999622383,0.0,0.0,0.0,0.451426237821579,1
2014-05-30,NVDA,0.4502382751558615,0.4526142004872964,0.4478623498244267,0.451426237821579,239128000,0.0026384261953227,0.440432059764862,0.4367231592535973,0.4431213661854603,0.4398349022431309,60.90923547751867,0.003209770652814,0.0010006819218466,0.0022090887309674,0.0149343679206139,0.2370757410353117,0.0,0.0,0.0,0.4500006735324859,0
2014-06-02,NVDA,0.4528517781002912,0.4557028826680966,0.4461991818932372,0.4500006735324859,181500000,-0.0031579119015596,0.4429560989141464,0.4374293923377991,0.4443721493394649,0.4408030709373551,59.45419538418531,0.003603951022679,0.0015213357420131,0.0020826152806659,0.0148268585951241,0.2353690834021137,0.0,0.0,0.0,0.4481000006198883,0
2014-06-03,NVDA,0.4509511056515758,0.4514262851029791,0.4421601583459111,0.4481000006198883,243212000,-0.0042237112617574,0.4439183503389358,0.4378040879964828,0.44504994048136,0.4414980166214059,57.482531158223246,0.0037200904986603,0.0019610866933425,0.0017590038053177,0.0147199161296207,0.233671424392229,0.0,0.0,0.0,0.4485752284526825,1
2014-06-04,NVDA,0.4469120860317576,0.4519015132945321,0.4466744821187955,0.4485752284526825,161236000,0.0010605396834115,0.4454389482736587,0.438651904463768,0.4456909019306914,0.4421720367958132,57.85883285484745,0.0038065986844679,0.0023301890915676,0.0014764095929002,0.0138379628408337,0.219670849971594,0.0,0.0,0.0,0.4504759311676025,1
2014-06-05,NVDA,0.4492879683643608,0.4519014695375323,0.4466744388679219,0.4504759311676025,188696000,0.0042371994581071,0.4471496164798736,0.4395711064338684,0.4465609072464934,0.4429628838788408,59.40631024646906,0.0039826187197298,0.0026606750172001,0.0013219437025297,0.0138447604503706,0.2197787586776597,0.0,0.0,0.0,0.4521390497684479,1
2014-06-06,NVDA,0.4526142292002264,0.4561781174234645,0.4509510870273685,0.4521390497684479,161052000,0.0036919144526428,0.4488365232944488,0.4403014883399009,0.4475751149777578,0.4438368044397557,60.763986849077256,0.0042078106161452,0.0029701021369891,0.0012377084791561,0.0136339049371857,0.2164315311749355,0.0,0.0,0.0,0.4526142477989197,1
2014-06-09,NVDA,0.4516638888963106,0.4568909195071943,0.4485751799779308,0.4526142477989197,247456000,0.0010509997548655,0.4501670449972152,0.44158775806427,0.4484913209452417,0.4446727514263428,61.1636665769213,0.0043741982910822,0.0032509213678077,0.0011232769232744,0.0121853584623735,0.1934365687657008,0.0,0.5353165864944458,1.0,0.4549901485443115,1
2014-06-10,NVDA,0.4509510809437841,0.4571284984433663,0.4490503349190461,0.4549901485443115,217608000,0.0052492840359001,0.4509510964155197,0.4423660919070243,0.4496729259632544,0.4456553606756732,63.18302626546621,0.0046442411352824,0.0035295853213026,0.0011146558139797,0.0105185660043334,0.1669770587789085,0.0,0.0,0.0,0.4609301388263702,1
2014-06-11,NVDA,0.4533271522806746,0.4621181019337259,0.4533271522806746,0.4609301388263702,266228000,0.0130552063622981,0.4519489973783493,0.4437961801886558,0.4517196919383663,0.44711010145193,67.70431357073332,0.0052767327179365,0.0038790148006294,0.001397717917307,0.0099060651113937,0.1572539085357679,0.0,0.0,0.0,0.4637810587882995,1
2014-06-12,NVDA,0.4609299541377017,0.4659193801954321,0.4568908585324863,0.4637810587882995,337148000,0.0061851454738637,0.4533032715320587,0.4455816701054573,0.4539126677292632,0.4486978116744414,69.63190731215289,0.0059395646646377,0.0042911247734311,0.0016484398912066,0.0094271955380369,0.1496520897265416,0.0,0.0,0.0,0.4642562866210937,1
2014-06-13,NVDA,0.4685329582048906,0.4687705620852606,0.4597420111569269,0.4642562866210937,227852000,0.0010246814176408,0.4545862764120101,0.447509168088436,0.455793325709596,0.4501795711931702,69.95383737034516,0.0064291000093743,0.0047187198206197,0.0017103801887545,0.009187592847689,0.1458485149338053,0.0,0.0,0.0,0.4628307521343231,0
2014-06-16,NVDA,0.4621179970902365,0.4659194611773486,0.4587916841503366,0.4628307521343231,198620000,-0.0030705765928249,0.4558692842721938,0.4494126915931701,0.4570728577868191,0.4513844455685181,67.63755008179592,0.0066256551493615,0.0051001068863681,0.0015255482629934,0.0092215877103661,0.1463881666487909,0.0,0.0,0.0,0.4659194350242615,1
2014-06-17,NVDA,0.4633059339216862,0.4678201811227586,0.4609300083793815,0.4659194350242615,157608000,0.0066734608184417,0.4576512277126311,0.4507847890257834,0.4586813263754449,0.4527687302785889,69.95858434920407,0.0069505359579578,0.005470192700686,0.0014803432572717,0.0065170375253562,0.1034547634618104,0.0,0.0,0.0,0.4654443562030792,0
2014-06-18,NVDA,0.4647315727216405,0.4675827066473952,0.4604549001562814,0.4654443562030792,215536000,-0.001019658733827,0.4593381404876708,0.4523885443806647,0.4599109681622875,0.4539759327475879,69.13723260435789,0.0070879657914024,0.0057937473188293,0.001294218472573,0.0056268920488753,0.0893241420931859,0.0,0.0,0.0,0.4547526836395263,0
2014-06-19,NVDA,0.4568910057355926,0.4592669317637874,0.4514263702060903,0.4547526836395263,474592000,-0.0229708931283892,0.4597658157348632,0.4534577161073684,0.4589730982490582,0.4540499090230107,53.82230008035757,0.0062619672422632,0.0058873913035161,0.0003745759387471,0.0081687869398092,0.1296754725348453,-0.6,0.7416338562965393,5.0,0.4497630596160888,0
2014-06-20,NVDA,0.455940476310774,0.4576036182444933,0.4461991719052924,0.4497630596160888,353148000,-0.0109721705950232,0.4595282167196273,0.454182370007038,0.4572985457703364,0.4536416376509228,48.43055447866913,0.0051454232461419,0.0057389976920412,-0.0005935744458993,0.0086822492911758,0.1378264346707085,0.0,0.0,0.0,0.4445362091064453,0
2014-06-23,NVDA,0.443823425612403,0.4447737847222772,0.4385963655382758,0.4445362091064453,414200000,-0.0116213423888237,0.4587204128503798,0.4544437289237975,0.4549781209223562,0.4527744539800202,43.513061783978344,0.0037950440262333,0.0053502069588796,-0.0015551629326463,0.0089718005106686,0.1424229177822698,-0.2,0.7325881958007813,5.0,0.4376459717750549,0
2014-06-24,NVDA,0.4438233904699207,0.4473872793346654,0.4357452253825369,0.4376459717750549,275780000,-0.0154998337373695,0.4569859951734542,0.4539685457944869,0.4518268210773923,0.4513336461509759,38.03103434730895,0.0021441576819064,0.004708997103485,-0.0025648394215786,0.0086981299597163,0.1380785324683787,0.0,0.0,0.0,0.4421601295471191,1
2014-06-25,NVDA,0.438833845280676,0.4423977334189787,0.4347947777219191,0.4421601295471191,215420000,0.0103146334324868,0.4551089942455291,0.4535289958119392,0.4500692407991608,0.4504599779029896,43.08973953901893,0.0011863971183744,0.0040044771064629,-0.0028180799880884,0.0088114857985977,0.1398780006244014,0.0,0.0,0.0,0.4362204372882843,0
2014-06-26,NVDA,0.4421602525038773,0.4423978564418102,0.4347948986305058,0.4362204372882843,256908000,-0.0134333510914212,0.4523529320955276,0.452828101813793,0.4475512765244559,0.4491038311777796,38.622148173270986,-5.132688929559981e-05,0.0031933163073112,-0.0032446431966068,0.0092443213266683,0.1467490516196108,0.0,0.0,0.0,0.4366956353187561,1
2014-06-27,NVDA,0.4357452479117241,0.4393091369607312,0.4331317179464765,0.4366956353187561,302820000,0.0010893529735236,0.4495968669652939,0.4520915716886519,0.445577523577965,0.4479220982388249,39.16557906610868,-0.0009825612189219,0.0023581408020645,-0.0033407020209865,0.0092139145191586,0.1462663585146058,0.0,0.0,0.0,0.4404970109462738,1
2014-06-30,NVDA,0.4350323765109563,0.4416849737225051,0.4350323765109563,0.4404970109462738,180512000,0.0087048628840611,0.4473634928464889,0.4516163885593413,0.4446537940085666,0.4472149470681058,43.47689166302813,-0.0013977198462754,0.0016069686723965,-0.0030046885186719,0.0094872625018603,0.1506056232162655,0.0,0.0,0.0,0.4454865157604217,1
2014-07-01,NVDA,0.4400218807139216,0.4481000454897431,0.4385963138936972,0.4454865157604217,321180000,0.0113269890377449,0.445320200920105,0.451485714316368,0.4448051979634493,0.447050334562612,48.62355249678537,-0.0013090349697539,0.0010237679439664,-0.0023328029137204,0.0098418105917683,0.1562338996585236,0.0,0.0,0.0,0.4438234269618988,0
2014-07-02,NVDA,0.4438234269618988,0.4457241735106996,0.4412098969168884,0.4438234269618988,179284000,-0.003733196717939,0.4431581079959869,0.4512481242418288,0.4446266941449855,0.4467430100292108,47.08461420967469,-0.0013573027915095,0.0005475537968712,-0.0019048565883808,0.0098666537639283,0.1566282727904027,0.0,0.0,0.0,0.4478625059127807,1
2014-07-03,NVDA,0.4397843399765538,0.4490504689925252,0.4397843399765538,0.4478625059127807,136892000,0.009100643872115,0.4424690902233124,0.4511174529790877,0.4452150235573119,0.4468496286847889,51.13007312733191,-0.0010574458946208,0.0002265538585728,-0.0012839997531936,0.010047459563408,0.1594984758765318,0.0,0.0,0.0,0.444298505783081,0
2014-07-07,NVDA,0.4485751774674207,0.4488127813533767,0.4435857224484799,0.444298505783081,127496000,-0.0079577997323888,0.4419226348400116,0.4507254257798194,0.4450483839619972,0.4466066645989119,47.66713352547343,-0.0010947723145886,-3.7711376059444664e-05,-0.0010570609385292,0.0101445691651306,0.161040043012979,0.0,0.0,0.0,0.4407346248626709,0
2014-07-08,NVDA,0.4431105504692135,0.4450112966191011,0.4364579531062407,0.4407346248626709,221940000,-0.0080213659826038,0.4415424764156341,0.4501314446330069,0.444264064125756,0.4460474227192699,44.42684187329581,-0.0013958388160253,-0.0003093368640526,-0.0010865019519727,0.010258457544046,0.1628479649799612,0.0,0.0,0.0,0.4540399014949798,1
2014-07-09,NVDA,0.444536197354392,0.4559406479877519,0.4412098839112228,0.4540399014949798,387668000,0.0301888616907617,0.4431818693876265,0.4500839322805404,0.4460414891019785,0.4468086111740995,56.35524985183095,-0.0005544205451602,-0.0003583536002741,-0.000196066944886,0.0123884105822108,0.1966599212393441,0.0,0.0,0.0,0.4516638517379761,0
2014-07-10,NVDA,0.4454864344094318,0.453564597710087,0.4419225463329481,0.4516638517379761,266308000,-0.0052331298398671,0.4441322416067123,0.4496206179261207,0.447063736853978,0.4472710150373258,54.12115914356659,-7.841395407071072e-05,-0.0003023656710334,0.0002239517169627,0.0120416861719228,0.1911558418607586,0.0,0.0,0.0,0.4526142477989197,1
2014-07-11,NVDA,0.4521390683476151,0.4540398144761002,0.4504759261064158,0.4526142477989197,191188000,0.0021042110350131,0.4457716226577758,0.4490622773766518,0.4480729206621492,0.4477798943479538,54.89145754602523,0.0003712343595256,-0.0001676456649216,0.0005388800244473,0.0119487014246716,0.1896797547590655,0.0,0.0,0.0,0.4583165049552917,1
2014-07-14,NVDA,0.4545150125426268,0.459504467793841,0.4528518702333114,0.4583165049552917,272636000,0.0125984923897166,0.4479337096214294,0.4487652882933616,0.4499353905336296,0.4487833810724622,59.306165963460074,0.0011741732460764,0.0001007181172779,0.0010734551287984,0.0123336478228877,0.1957905893856858,0.0,0.0,0.0,0.4602172374725342,1
2014-07-15,NVDA,0.4590292746693206,0.4614052002757476,0.4559405657163121,0.4602172374725342,395440000,0.0041472050355853,0.4499057322740555,0.4486346125602722,0.451804817249794,0.4498723197772309,60.6872974295257,0.0019415009135976,0.0004688746765419,0.0014726262370557,0.0123622425688437,0.1962445169053008,0.0,0.0,0.0,0.45974200963974,0
2014-07-16,NVDA,0.4621179634658007,0.4656818517199925,0.4571285085806256,0.45974200963974,319728000,-0.0010326163257249,0.4513312816619873,0.4483257412910461,0.4532479431388751,0.450812290240327,60.13773250534157,0.0024826482799671,0.0008716293972269,0.0016110188827402,0.0122560199131858,0.1945582845224706,0.0,0.0,0.0,0.4585540890693664,0
2014-07-17,NVDA,0.454515021007727,0.4633059688353329,0.454515021007727,0.4585540890693664,324832000,-0.002583885190967,0.452804347872734,0.4479812279343605,0.4542126969444189,0.4515496044145212,58.70660479472584,0.0027835689542158,0.0012540173086247,0.0015295516455911,0.0122638542541129,0.1946826508291456,-1.0,0.7687991261482239,1.0,0.4381212294101715,0
2014-07-18,NVDA,0.4490505018734058,0.4526143913735984,0.4374084458454778,0.4381212294101715,567816000,-0.0445593227631299,0.4518302202224731,0.4471496552228927,0.4512869755745557,0.4502707115569641,40.74537429299954,0.0013576397210081,0.0012747417911014,8.289792990668178e-05,0.0149791048242295,0.2377859173636757,0.0,0.0,0.0,0.4407346248626709,1
2014-07-21,NVDA,0.4364579531062407,0.4438233338158298,0.4364579531062407,0.4407346248626709,243364000,0.00596500529321,0.4514738321304321,0.4466982334852218,0.449368366354213,0.4493625128241743,43.14147662113171,0.00043346301062,0.0011064860350051,-0.000673023024385,0.0149091119498151,0.2366748149281938,0.0,0.0,0.0,0.4388338923454284,0
2014-07-22,NVDA,0.4440609231775497,0.4464368488579019,0.4378835334025949,0.4388338923454284,298816000,-0.0043126462274997,0.4512837588787078,0.446413117647171,0.4474530074435249,0.4483597870642937,41.8170229542525,-0.0004471721970208,0.0007957543885999,-0.0012429265856207,0.0147210518412934,0.233689453256112,0.0,0.0,0.0,0.4295677840709686,0
2014-07-23,NVDA,0.4390715155331882,0.4393090911177002,0.429092604578675,0.4295677840709686,297352000,-0.0211152976925629,0.4488365471363068,0.4460092082619667,0.4442011486485146,0.4465700724935008,36.01262025745879,-0.0018712093052773,0.0002623616498244,-0.0021335709551018,0.0150707672017201,0.2392410124962022,0.0,0.0,0.0,0.4302805662155151,1
2014-07-24,NVDA,0.4319437085953245,0.4331316714842269,0.4271918570397151,0.4302805662155151,254576000,0.0016593007459533,0.4466982185840606,0.4454152300953865,0.4416701336606965,0.4450186909432165,36.7400273784765,-0.0029087234577051,-0.0003718553716814,-0.0025368680860237,0.014856890886601,0.23584583124941,0.0,0.0,0.0,0.4226776361465454,0
2014-07-25,NVDA,0.4288550265659028,0.4298054139311455,0.4219648527034311,0.4226776361465454,266132000,-0.0176697035979114,0.4437045574188232,0.4447380900382995,0.4382169522944872,0.4428909714387716,32.49648557496765,-0.0042949443694372,-0.0011564731712325,-0.0031384711982046,0.0150683544910997,0.2392027119024796,0.0,0.0,0.0,0.4210144579410553,0
2014-07-28,NVDA,0.4245783467707386,0.4245783467707386,0.4138866802816887,0.4210144579410553,330352000,-0.0039348620869864,0.4399743527173996,0.4439540311694145,0.4350892260484086,0.4408074939627986,31.635673082660887,-0.0054647448338312,-0.0020181275037523,-0.0034466173300789,0.0150653787401581,0.2391554733207488,0.0,0.0,0.0,0.4224400222301483,1
2014-07-29,NVDA,0.4212520592941536,0.4281422613168851,0.4210144553776465,0.4224400222301483,217972000,0.0033860221714585,0.436196631193161,0.4430511817336082,0.4327893708087249,0.4390582109406415,33.2673832733534,-0.0062052586465902,-0.0028555537323199,-0.0033497049142703,0.0149179307369594,0.2368148088340865,0.0,0.0,0.0,0.4295677840709686,1
2014-07-30,NVDA,0.4250535364092752,0.4307557469633374,0.4238655735169064,0.4295677840709686,246184000,0.0168728374816176,0.4331792086362839,0.4422552451491356,0.4322036277654965,0.4381543607625774,40.86704283240926,-0.0061461217018022,-0.0035136673262163,-0.0026324543755858,0.0152267198488407,0.2417166840197011,0.0,0.0,0.0,0.4157873690128326,0
2014-07-31,NVDA,0.4243407123475882,0.4276669967981783,0.4150745856810585,0.4157873690128326,401880000,-0.0320797219184838,0.4289025366306305,0.4408534422516822,0.4292188534468303,0.4360241710721255,33.03428505459637,-0.007129040434007,-0.0042367419477745,-0.0028922984862325,0.016675623955961,0.2647173236658247,0.0,0.0,0.0,0.4203016757965088,1
2014-08-01,NVDA,0.4157873999086758,0.4226776015301254,0.4143618331391983,0.4203016757965088,219884000,0.0108572484883178,0.4271205812692642,0.4394754007458686,0.4275975484194991,0.4345267905696858,37.27551704086803,-0.0074577751909226,-0.0048809485964041,-0.0025768265945184,0.0167478686297701,0.2658641723085111,0.0,0.0,0.0,0.4193512797355652,0
2014-08-04,NVDA,0.4198264592076932,0.4233903477335556,0.4172129579493551,0.4193512797355652,241724000,-0.0022612235821866,0.4249822467565536,0.4382280394434928,0.426098226840602,0.4330815038235791,36.74783834945282,-0.0077061570914767,-0.0054459902954186,-0.0022601667960581,0.0167081531482251,0.2652337085843076,1.0,0.6855804622173309,2.0,0.419588953256607,1
2014-08-05,NVDA,0.4181633862804072,0.425766372389109,0.4145994971631807,0.419588953256607,298136000,0.0005667647448022,0.4230577528476714,0.4371707558631897,0.4249147225526029,0.431796499007677,36.988069610593186,-0.0077939791305004,-0.005915588062435,-0.0018783910680654,0.0166759079282731,0.2647218315865272,0.0,0.0,0.0,0.4191137254238128,0
2014-08-06,NVDA,0.4167377712960983,0.4243407565289376,0.4136490904089357,0.4191137254238128,223456000,-0.0011326032992664,0.4220123469829559,0.4354244470596313,0.4238599958019137,0.4305886158092137,36.68802609411039,-0.007811875208927,-0.0062948454917334,-0.0015170297171936,0.014830711582681,0.2354302476833952,0.0,0.0,0.0,0.4148371517658233,0
2014-08-07,NVDA,0.4226777144459719,0.4264791796413361,0.4119860174652046,0.4148371517658233,407696000,-0.0102038501689845,0.4204680055379867,0.4335831120610237,0.4222194787044427,0.4290884763765099,34.01403756900736,-0.0080780233090846,-0.0066514810552036,-0.001426542253881,0.0148959484642135,0.2364658510724608,0.6666666666666666,0.7465375065803528,3.0,0.451426237821579,1
2014-08-08,NVDA,0.4328940145717345,0.4538021631530138,0.4328940145717345,0.451426237821579,894348000,0.0882010830033137,0.4233428657054901,0.4335237115621567,0.427529798543922,0.4312158822284213,60.52398208359785,-0.0052756991630614,-0.0063763246767752,0.0011006255137137,0.0254770628138125,0.4044358340503168,0.25,0.7956451599796613,12.0,0.4490503370761871,0
2014-08-11,NVDA,0.4519014419653575,0.4538021879992263,0.4478623743454273,0.4490503370761871,344624000,-0.0052630984784073,0.4261464536190033,0.4330604031682014,0.4314426237316066,0.4329144017377323,58.87006699608596,-0.0032095546732106,-0.0057429706760623,0.0025334160028517,0.0253310465061236,0.402117897025289,0.0,0.0,0.0,0.4490503370761871,0
2014-08-12,NVDA,0.4488127615239946,0.4514262625377067,0.4440608822776897,0.4490503370761871,296152000,0.0,0.4288074851036071,0.4325020581483841,0.4346440261578939,0.4344511574842518,58.87006699608597,-0.0015542043786185,-0.0049052174165735,0.003351013037955,0.0253060284625039,0.4017207478950465,0.0,0.0,0.0,0.4516638517379761,1
2014-08-13,NVDA,0.4497631057658651,0.4554653436821979,0.4469120009693311,0.4516638517379761,256596000,0.0058200928626528,0.4310170918703079,0.4320981502532959,0.437738539899727,0.4360904616988922,60.25563329035178,-3.108027873988117e-05,-0.0039303899890068,0.0038993097102669,0.0253509467255705,0.4024338032154418,0.0,0.0,0.0,0.4466744363307953,0
2014-08-14,NVDA,0.4533270336558158,0.4533270336558158,0.4447736901917513,0.4466744363307953,255992000,-0.0110467450250486,0.4341057986021042,0.4315041676163673,0.4393632483417394,0.437098459282883,56.35268054313914,0.0007645887160764,-0.0029913942479901,0.0037559829640666,0.0254563989577608,0.4041078055048738,0.0,0.0,0.0,0.4523767232894897,1
2014-08-15,NVDA,0.448100051098556,0.454990224728254,0.4438233789076223,0.4523767232894897,369796000,0.0127660920233891,0.4373133033514023,0.4322169423103332,0.4417293346958758,0.438553532045417,59.57542031936898,0.0018341461336081,-0.0020262861716705,0.0038604323052786,0.0234428246278492,0.3721433039651371,0.0,0.0,0.0,0.4585540890693664,1
2014-08-18,NVDA,0.4542774171062846,0.4590292968722512,0.4497631695650293,0.4585540890693664,284076000,0.0136553572760276,0.4412335842847824,0.433107915520668,0.4447883809456013,0.4404583470000788,62.78143984226846,0.0031439978348141,-0.0009922293703735,0.0041362272051877,0.0235764971923961,0.3742652901425565,0.0,0.0,0.0,0.46225306391716,1
2014-08-19,NVDA,0.4586734102173929,0.4646394997170048,0.4570028823986545,0.46225306391716,248260000,0.0080666053056044,0.4454999953508377,0.4342788740992546,0.447963777849521,0.4425340343255151,64.59228491317046,0.0044294808041321,9.211266452757548e-05,0.0043373681396046,0.0235579535237554,0.3739709185288478,0.0,0.0,0.0,0.4593893587589264,0
2014-08-20,NVDA,0.4605825767642004,0.4627303862428304,0.4581961407536523,0.4593893587589264,221468000,-0.0061951026002216,0.449527558684349,0.4357699528336525,0.4500411561966856,0.4441393033191733,62.0742329059488,0.0051577034506147,0.001105230821745,0.0040524726288697,0.0229882106981951,0.3649265315626725,0.0,0.0,0.0,0.4550937414169311,0
2014-08-21,NVDA,0.4581961137374334,0.4605825496072722,0.4543778334148272,0.4550937414169311,272796000,-0.0093507114609712,0.4535532176494598,0.4370106115937233,0.4509598080549121,0.4451825831380074,58.39671788437145,0.0053268006825361,0.0019495447939032,0.0033772558886328,0.0231683352348696,0.3677859199370419,0.0,0.0,0.0,0.4553324282169342,1
2014-08-22,NVDA,0.4546164917162175,0.4591507372550489,0.4517527741619122,0.4553324282169342,251224000,0.0005244783179394,0.4539438366889953,0.4386433511972427,0.4517548299025524,0.4461492350502861,58.54368537672128,0.0054176205299671,0.002643159941116,0.0027744605888511,0.0226635401603286,0.3597725465553273,0.0,0.0,0.0,0.456048309803009,1
2014-08-25,NVDA,0.4572415276776694,0.4603438998414982,0.4550937184341458,0.456048309803009,153380000,0.0015722174431505,0.4546436339616774,0.4403950437903404,0.4525354626117263,0.447092004074355,59.01137157013325,0.0054841437787813,0.003211356708649,0.0022727870701322,0.0225958944363156,0.3586987039773555,0.0,0.0,0.0,0.4641623497009277,1
2014-08-26,NVDA,0.4572416668522545,0.4651169129117815,0.4555711670089771,0.4641623497009277,269636000,0.0177920622081102,0.4561548352241515,0.4424811601638794,0.4546494420824902,0.4487177512768857,63.97248137670871,0.0061210396062756,0.0037932932881744,0.0023277463181012,0.0227960414754507,0.3618759397245395,0.0,0.7912241220474243,3.0,0.4589121043682098,0
2014-08-27,NVDA,0.4612985405197962,0.4648781947471757,0.4581961678330213,0.4589121043682098,182972000,-0.0113112262037211,0.4568796604871749,0.4439483761787414,0.4554244715889846,0.449688642047488,58.99660463935607,0.006131453637101,0.0042609253579597,0.0018705282791413,0.0228916704605039,0.3633940028000207,0.0,0.0,0.0,0.462730348110199,1
2014-08-28,NVDA,0.4579574764824251,0.4636849110563302,0.4565256036146693,0.462730348110199,179704000,0.0083202070846351,0.4584852516651153,0.4462955251336097,0.4567528127746599,0.4509307092915557,61.351020539811614,0.0063743279069137,0.0046836058677505,0.0016907220391632,0.021310119966546,0.3382876670425976,0.0,0.0,0.0,0.4641623497009277,1
2014-08-29,NVDA,0.4644009762793578,0.4651169129117815,0.4593894483009588,0.4641623497009277,207932000,0.0030946783511758,0.4596638143062591,0.4484885588288307,0.4581000013067086,0.4521908655210198,62.22703046128281,0.0066062058474017,0.0050681258636807,0.0015380799837209,0.0212794007654181,0.3378000148426439,0.0,0.0,0.0,0.4653554856777191,1
2014-09-02,NVDA,0.4653554856777191,0.4653554856777191,0.461059895091077,0.4653554856777191,192636000,0.0025705143417174,0.4603439539670943,0.4507887691259384,0.4594191802832559,0.4534446388692769,62.97993394686054,0.0068077711396944,0.0054160549188835,0.0013917162208109,0.0212178029506553,0.3368221798476398,0.0,0.0,0.0,0.4696510136127472,1
2014-09-03,NVDA,0.4677418593346368,0.4713215129378846,0.4646394871887771,0.4696510136127472,259456000,0.0092306377967636,0.4610837489366531,0.4532918721437454,0.4612795136158906,0.4549881031305597,65.6356270904968,0.0072307744246018,0.0057789988200271,0.0014517756045746,0.0212018885102448,0.336569545938153,0.0,0.0,0.0,0.478003442287445,1
2014-09-04,NVDA,0.4689349826316866,0.4808671873513547,0.4686963277268434,0.478003442287445,491832000,0.0177843301357907,0.462945157289505,0.456236357986927,0.4643202279198096,0.4571800401931202,70.1235968821364,0.0081460758734413,0.00625241423071,0.0018936616427313,0.0212954789256925,0.3380552477243965,0.0,0.0,0.0,0.4765717387199402,0
2014-09-05,NVDA,0.4775263017806407,0.4796741113400605,0.4734693660998199,0.4765717387199402,253792000,-0.0029951741783563,0.4650929570198059,0.4593230873346329,0.4665477753380151,0.4590268686242459,68.47283353718365,0.0086561496485039,0.0067331613142687,0.0019229883342351,0.0210521250146262,0.3341921241488577,0.0,0.0,0.0,0.4722760319709778,0
2014-09-08,NVDA,0.4760943401724192,0.4770489029985019,0.470366877870257,0.4722760319709778,319288000,-0.0090137672882167,0.4667873173952103,0.4603655770421028,0.4675892765440083,0.460288693704887,63.63259806387956,0.0086144570575559,0.0071094204629262,0.0015050365946297,0.0092974176254062,0.147591929231601,0.0,0.0,0.0,0.4663099348545074,0
2014-09-09,NVDA,0.470128242987723,0.4732306147898913,0.4658326534499942,0.4663099348545074,198588000,-0.0126326485203404,0.4678134799003601,0.4612285569310188,0.467356668964099,0.4608621452429461,57.548165908942394,0.0080076934962963,0.0072890750696002,0.0007186184266961,0.0097480938528516,0.1547461925493769,0.0,0.0,0.0,0.4679804742336273,1
2014-09-10,NVDA,0.4689350655732886,0.4696510019658953,0.4636848843265445,0.4679804742336273,172376000,0.0035824657684833,0.46819529235363,0.4621750637888908,0.4674700881040132,0.4615400813372967,58.73788109725062,0.007574315574028,0.0073461231704858,0.0002281924035422,0.0097436262280006,0.1546752712035359,0.0,0.0,0.0,0.4632076323032379,0
2014-09-11,NVDA,0.4646395051794016,0.4663100045692199,0.4581961056852238,0.4632076323032379,250720000,-0.0101988057048865,0.4686248451471329,0.4627522528171539,0.4666950961402358,0.4616988957150054,54.07506175855873,0.0067677179530285,0.0072304421269943,-0.0004627241739658,0.0100754874229174,0.159943404352792,0.0,0.0,0.0,0.4562869668006897,0
2014-09-12,NVDA,0.4660713654061817,0.4660713654061817,0.4558096853086423,0.4562869668006897,262536000,-0.0149407415161449,0.4679805070161819,0.4632328793406486,0.4648027089875911,0.461183473913642,48.11114593101878,0.0055065673785034,0.0068856671772961,-0.0013790997987927,0.0103604480782193,0.164467014516992,0.0,0.0,0.0,0.4500821828842163,0
2014-09-15,NVDA,0.4577187709552934,0.4584347073100784,0.4481730287543081,0.4500821828842163,294152000,-0.0135984246054166,0.4665724903345108,0.463118152320385,0.4621262496960683,0.4601262081013158,43.48097290686486,0.0039607650218946,0.0063006867462158,-0.0023399217243212,0.0104767359710872,0.1663130275870901,0.0,0.0,0.0,0.4567643404006958,1
2014-09-16,NVDA,0.4488890951143779,0.4591507766420913,0.447457221990115,0.4567643404006958,219936000,0.0148465275245042,0.4657133758068085,0.4630286648869514,0.4611513570969097,0.4598060302250663,49.15597673200568,0.0032375789885796,0.0056880651946886,-0.0024504862061089,0.0105626929986138,0.1676775530967323,0.0,0.0,0.0,0.4570027589797973,1
2014-09-17,NVDA,0.4555709149557117,0.4612983479491564,0.4534231062467566,0.4570027589797973,173584000,0.0005219728380994,0.4644485503435135,0.4627661496400833,0.4603970665301619,0.4595390520112311,49.35138687786995,0.0026531039033912,0.0050810729364291,-0.0024279690330378,0.0103873501200804,0.164894071192138,0.0,0.0,0.0,0.4639234840869903,1
2014-09-18,NVDA,0.4598665496095599,0.4644007654757667,0.4584346769946769,0.4639234840869903,219604000,0.0151437271902747,0.463040554523468,0.4629928559064864,0.4610382333586761,0.4599566169708272,54.78385202653189,0.002717027661115,0.0046082638813663,-0.0018912362202512,0.0108589391705213,0.1723803152830644,0.0,0.0,0.0,0.4553324282169342,0
2014-09-19,NVDA,0.4653554823298451,0.465832763847469,0.4546164917162175,0.4553324282169342,601316000,-0.0185182603699475,0.4609166234731674,0.4630047902464865,0.4600008142419958,0.459516218041885,47.91366706812797,0.0020508207048985,0.0040967752460727,-0.0020459545411741,0.0114747641367012,0.1821562335530052,0.0,0.0,0.0,0.4507980942726135,0
2014-09-22,NVDA,0.4646394253871839,0.4646394253871839,0.4503207844301543,0.4507980942726135,221464000,-0.0099582934650118,0.458768829703331,0.4627780735492705,0.4583275924293808,0.4586859205400496,44.72562582163393,0.001143779262676,0.0035061760493934,-0.0023623967867173,0.0116911855808084,0.1855918174699403,0.0,0.0,0.0,0.4488890171051025,0
2014-09-23,NVDA,0.4484117071809205,0.4539005152719815,0.4467412077919608,0.4488890171051025,196144000,-0.00423488295928,0.4570267379283905,0.4624201089143752,0.4566114878249665,0.4577528821176737,43.41581918772163,0.000267808680476,0.0028585025756099,-0.0025906938951339,0.0117107957546596,0.1859031193290026,0.0,0.0,0.0,0.4515140950679779,1
2014-09-24,NVDA,0.448650377666595,0.4529459679929493,0.4481730961744579,0.4515140950679779,159592000,0.0058479442865513,0.4553801000118255,0.4617876961827277,0.4556846891418776,0.4571587119224646,45.76768380603622,-0.000212137079827,0.0022443746445225,-0.0024565117243496,0.0109997197944531,0.1746151384051058,0.0,0.0,0.0,0.4417297840118408,0
2014-09-25,NVDA,0.4510369029717135,0.4522301211628332,0.4407752208383714,0.4417297840118408,298440000,-0.0216700013643295,0.4532323151826858,0.4609285801649093,0.4531474336636891,0.4556892902166909,39.22374704889902,-0.0013662602859123,0.0015222476584355,-0.0028885079443478,0.0117153841160929,0.1859759573086692,0.0,0.0,0.0,0.4426842927932739,1
2014-09-26,NVDA,0.4431615742906938,0.4460252917237733,0.4412524198524539,0.4426842927932739,241188000,0.0021608431579236,0.4518720477819443,0.459926277399063,0.4512450444145227,0.4544507190335083,40.12318908571614,-0.0021787748005836,0.0007820431666317,-0.0029608179672153,0.0115134320663319,0.1827700679061051,0.0,0.0,0.0,0.4419683516025543,0
2014-09-29,NVDA,0.4391046342000598,0.4450707239754899,0.4348090438720381,0.4419683516025543,208540000,-0.001617272630574,0.4510606646537781,0.4588165774941443,0.4495583729941648,0.4532619221353222,39.649213532384785,-0.0028476430218726,5.610592893086369e-05,-0.0029037489508034,0.0114485138838851,0.1817395237081819,0.0,0.0,0.0,0.4402979016304016,0
2014-09-30,NVDA,0.4400592466331432,0.4434002743519437,0.4350477192792241,0.4402979016304016,277204000,-0.0037795692069256,0.4494140207767486,0.4575636982917784,0.447874650928026,0.4520272535158059,38.50624959803432,-0.0034724885716938,-0.000649612971194,-0.0028228756004997,0.011391777376655,0.1808388595778456,0.0,0.0,0.0,0.436002254486084,0
2014-10-01,NVDA,0.4410137811924894,0.4441161250646304,0.4348090365510884,0.436002254486084,350976000,-0.0097562289722732,0.4473139703273773,0.4558812603354453,0.4457160333931274,0.4505010631320229,35.65947729280593,-0.004265140115725,-0.0013727184001002,-0.0028924217156248,0.0111332353140385,0.1767346315710483,0.0,0.0,0.0,0.4340931475162506,0
2014-10-02,NVDA,0.435286365581581,0.4374341467197509,0.4240700930086242,0.4340931475162506,288996000,-0.0043786630692623,0.4443309366703033,0.4536857455968855,0.4436027814155134,0.4489384045019494,34.44082068229113,-0.0049898512533348,-0.0020961449707471,-0.0028937062825876,0.009924748362052,0.1575504959453125,0.0,0.9005394577980042,1.0,0.4350475370883941,1
2014-10-03,NVDA,0.4367180644724863,0.4426841524198117,0.4350475370883941,0.4350475370883941,239140000,0.0021985824415893,0.4423024475574493,0.4516095355153083,0.4420472824469463,0.4476154647482774,35.625230954771226,-0.0054246468368371,-0.0027618453439651,-0.0026628014928719,0.010040614610275,0.1593898156141774,0.0,0.0,0.0,0.4324226081371307,0
2014-10-06,NVDA,0.4367181984668935,0.4402978523336024,0.4295588622849155,0.4324226081371307,199032000,-0.0060336600658196,0.440464898943901,0.4496168643236159,0.4402973416633434,0.4461685260234063,33.815709598740085,-0.0059128753517977,-0.0033920513455317,-0.002520824006266,0.0099920956057647,0.1586196002954089,0.0,0.0,0.0,0.4278884530067444,0
2014-10-07,NVDA,0.4305135444416132,0.4348091356765957,0.4274111714136499,0.4278884530067444,301896000,-0.0104854719551306,0.4383648425340652,0.4476957902312278,0.4380411800894163,0.4444275666884861,30.89641686677743,-0.0065897063599396,-0.0040315823484133,-0.0025581240115263,0.0099096233209065,0.1573103933606689,0.0,0.0,0.0,0.4357635080814361,1
2014-10-08,NVDA,0.4274109842891145,0.4379113169828796,0.4240699577030538,0.4357635080814361,260172000,0.0184044580295499,0.436789783835411,0.4460849419236182,0.4376270579061472,0.4436024182497194,40.5035174930646,-0.0064166811739222,-0.004508602113515,-0.0019080790604071,0.0110179496938891,0.1749045290871055,0.0,0.0,0.0,0.4274110794067383,0
2014-10-09,NVDA,0.4338544506478927,0.4343317605868049,0.4238314255562569,0.4274110794067383,306956000,-0.0191673431111099,0.4353579133749008,0.4442951142787932,0.435769607269891,0.4420603859789593,34.953147641476704,-0.0068742861654921,-0.0049817389239105,-0.0018925472415816,0.0114777531953638,0.1822036833882579,0.0,0.0,0.0,0.4021148383617401,0
2014-10-10,NVDA,0.4240700724587498,0.4255019454471849,0.4018762118293751,0.4021148383617401,691376000,-0.0591848041939161,0.4313009679317474,0.4415865078568458,0.4296505583774999,0.4382560481106528,24.156462827198965,-0.0091724029098788,-0.0058198717211041,-0.0033525311887746,0.0167570607214272,0.2660100922398312,-1.0,0.9101027250289916,1.0,0.4006829857826233,0
2014-10-13,NVDA,0.4047399212370429,0.4128538205944431,0.4002057042789081,0.4006829857826233,397628000,-0.0035608051295752,0.4271724313497543,0.4391165480017661,0.4243837269966132,0.434677661222269,23.71002282415006,-0.0109826147767793,-0.0068524203322392,-0.0041301944445401,0.0166727473840545,0.2646716595024662,1.0,0.9136625528335572,1.0,0.4099901616573334,1
2014-10-14,NVDA,0.406171852185356,0.4212064066144903,0.4037854158775113,0.4099901616573334,376620000,0.0232282782273149,0.4241416573524475,0.436777839064598,0.4217667151167441,0.4323264707875132,32.44909329069128,-0.011533261157972,-0.0077885884973857,-0.0037446726605863,0.0173085765659855,0.2747651348527087,0.0,0.0,0.0,0.4161947965621948,1
2014-10-15,NVDA,0.404023962423166,0.4183426058830253,0.4013989000735631,0.4161947965621948,404428000,0.0151336190111976,0.4221609115600586,0.4347374409437179,0.4207536390159169,0.4307901208612924,37.58229736694248,-0.0113382894567184,-0.0084985286892523,-0.0028397607674661,0.017864130903658,0.2835842865562966,0.0,0.0,0.0,0.4164334535598755,1
2014-10-16,NVDA,0.4087968645395807,0.4212063252536295,0.4078422731316943,0.4164334535598755,351116000,0.0005734261928596,0.4203949421644211,0.4323629394173622,0.4199681507511821,0.4294228192135384,37.77815605879712,-0.011037284409406,-0.009006279833283,-0.0020310045761229,0.0173088558414573,0.2747695682133826,0.0,0.0,0.0,0.4157175421714782,0
2014-10-17,NVDA,0.4214450056183141,0.4262178775997302,0.4140470426676949,0.4157175421714782,290716000,-0.0017191495598571,0.4184619426727295,0.4303821951150894,0.4191953128275995,0.4281175547333422,37.39904594148216,-0.010732782965607,-0.0093515804597478,-0.0013812025058592,0.0170360358315913,0.2704386848206562,0.0,0.0,0.0,0.4192972481250763,1
2014-10-20,NVDA,0.4157175936953533,0.4231155575628733,0.4128538758412878,0.4192972481250763,200336000,0.0086109090679686,0.417149406671524,0.4288071528077125,0.4192138465180498,0.427277525532555,40.608433501713655,-0.0100863419524792,-0.0094985327582941,-0.0005878091941851,0.0172221557382962,0.2733932467437359,0.0,0.0,0.0,0.4371955096721649,1
2014-10-21,NVDA,0.4223995832586899,0.4376727911971179,0.4212063652220266,0.4371955096721649,351092000,0.04268633201654,0.4180801123380661,0.4282224774360657,0.422483239818798,0.428222095450613,53.45674702885098,-0.0080371454574976,-0.0092062552981348,0.0011691098406372,0.0200726732577134,0.3186438095289997,0.0,0.7359325687090555,3.0,0.4269337058067322,0
2014-10-22,NVDA,0.436479447348551,0.4379113199592453,0.4269337058067322,0.4269337058067322,239512000,-0.0234718876072804,0.4171971321105957,0.4269934579730033,0.4232924154529678,0.4280993916750054,47.15774282541974,-0.0071586636634297,-0.0087967369711938,0.0016380733077641,0.0206003138478763,0.327019844228166,0.0,0.0,0.0,0.4364795386791229,1
2014-10-23,NVDA,0.4343317577622257,0.4395819110190765,0.4312293854222721,0.4364795386791229,214476000,0.0223590518681418,0.4181039780378341,0.4267309457063675,0.4256900742213596,0.4288975009134927,52.73687447230175,-0.0056273232974772,-0.0081628542364505,0.0025355309389732,0.0208057325394096,0.3302807648628145,0.0,0.0,0.0,0.441013753414154,1
2014-10-24,NVDA,0.4391045991487018,0.4436388156366626,0.4364795084776354,0.441013753414154,210156000,0.0103881495768451,0.4219938695430755,0.4266474187374115,0.4284761977109586,0.4300514297230795,55.158665779185995,-0.0040017224245207,-0.0073306278740645,0.0033289054495437,0.020939723484083,0.3324078051680561,0.0,0.0,0.0,0.4412523806095123,1
2014-10-27,NVDA,0.4407750991545396,0.4429228799261955,0.4360022277076973,0.4412523806095123,145092000,0.0005410878765366,0.4260508090257645,0.4266116201877594,0.4307991400561501,0.4311181869503588,55.28851397457347,-0.0026634640449448,-0.0063971951082406,0.0037337310632957,0.0209363952614042,0.3323549712709599,0.0,0.0,0.0,0.4517526924610138,1
2014-10-28,NVDA,0.440059140926954,0.4522299738923199,0.4395818594956479,0.4517526924610138,192580000,0.0237966123536765,0.4302270621061325,0.42718435972929,0.4346088768570343,0.4330833779513736,60.68359679802179,-0.0007469864312548,-0.0052671533728434,0.0045201669415886,0.0215640533631957,0.342318734745251,0.0,0.0,0.0,0.4488890171051025,0
2014-10-29,NVDA,0.4498435800563483,0.4524686708451128,0.4448320534409102,0.4488890171051025,168340000,-0.0063390332890123,0.4334964841604233,0.4278286978602409,0.4372052659930467,0.4345886769183954,58.60661856789492,0.0005345986955949,-0.0041068029591557,0.0046414016547507,0.0214834917227651,0.3410398583505074,0.0,0.0,0.0,0.4460252523422241,0
2014-10-30,NVDA,0.4476957801085359,0.4496049059296501,0.4402978179817656,0.4460252523422241,170260000,-0.0063796721544823,0.4364556640386581,0.4284253031015396,0.4388088998747153,0.4356778745778076,56.52315797375731,0.0013041488430042,-0.0030246125987237,0.004328761441728,0.0215178195020213,0.341584794952346,0.0,0.0,0.0,0.4663099348545074,1
2014-10-31,NVDA,0.4562868831169552,0.4665485897810415,0.4539004476458341,0.4663099348545074,256316000,0.0454787759342363,0.4415149033069611,0.4299884229898453,0.4438090880528593,0.438595213651779,65.79798596625358,0.0035103619641139,-0.0017176176861562,0.0052279796502702,0.0236537167083737,0.3754911119563809,0.0,0.0,0.0,0.4741852879524231,1
2014-11-03,NVDA,0.4770490054945084,0.4787195334719061,0.4717988519259251,0.4741852879524231,308732000,0.0168886667627463,0.4470037072896957,0.4320765569806098,0.4493320334891436,0.4419847445375547,68.59877837388933,0.005827105688303,-0.0002086730112643,0.0060357786995674,0.0237103401501225,0.376389981227844,0.0,0.7929811954498291,5.0,0.4803900420665741,1
2014-11-04,NVDA,0.477287669483867,0.4820605416269358,0.4694124247580912,0.4803900420665741,360196000,0.0130850835565643,0.4513231605291367,0.4347016364336014,0.4549789441395854,0.4456423919212708,70.63883291417629,0.0080707786700551,0.0014472173249995,0.0066235613450556,0.0234906973589599,0.3729032600117384,1.0,0.9114055633544922,1.0,0.4803900420665741,0
2014-11-05,NVDA,0.4832537881112649,0.4834924146492812,0.4768103879592725,0.4803900420665741,335652000,0.0,0.4566687941551208,0.4369329631328583,0.4595991437626742,0.4489516919351092,70.63883291417629,0.0097366674315982,0.0031051073463192,0.0066315600852789,0.0233419944978613,0.3705426752734743,0.0,0.0,0.0,0.4825378656387329,1
2014-11-06,NVDA,0.4813446191196882,0.4832538021707346,0.4739466557032754,0.4825378656387329,394088000,0.0044709993631824,0.4612746268510818,0.439689302444458,0.4637698204674121,0.4521503751449782,71.38516125307285,0.0111022281145566,0.0047045314999667,0.0063976966145898,0.0226337420679514,0.3592995165034824,0.2,0.8220164179801941,5.0,0.4722760319709778,0
2014-11-07,NVDA,0.4880265461897849,0.4937539800433917,0.4675031609434536,0.4722760319709778,450800000,-0.0212663801091994,0.4644008547067642,0.4431973621249199,0.4653164043771513,0.4540671043665019,63.12869046838725,0.0112269829084546,0.0060090217816643,0.0052179611267903,0.0179633750984422,0.2851597393070911,0.6666666666666666,0.8587707678476969,3.0,0.4777648746967315,1
2014-11-10,NVDA,0.471798757377534,0.4808672465991764,0.4706055396034057,0.4777648746967315,293388000,0.0116221073147557,0.4680521041154861,0.4470514565706253,0.4675797626170749,0.4563240348741428,65.43174618637283,0.0116346388429539,0.0071341451939222,0.0045004936490316,0.017758729472969,0.2819110907156961,0.0,0.0,0.0,0.4720374643802643,0
2014-11-11,NVDA,0.4749011816643458,0.4775262439878545,0.4679805007418765,0.4720374643802643,212992000,-0.0119879267392831,0.4700805813074112,0.4501538217067719,0.4683902538467457,0.4578205519699639,61.14028180189074,0.0113645514861288,0.0079802264523635,0.0033843250337652,0.0180160962240918,0.2859966612309412,0.0,0.0,0.0,0.46893510222435,0
2014-11-12,NVDA,0.4703669466729162,0.4715601646043346,0.4624917026358435,0.46893510222435,204584000,-0.0065722795117276,0.4720851898193359,0.4527908369898796,0.4684893171881282,0.4588790805656197,58.88730079703198,0.0107759521430034,0.0085393715904915,0.0022365805525118,0.0181676587467964,0.2884026416898654,0.0,0.7833091616630554,1.0,0.4665486514568329,0
2014-11-13,NVDA,0.4706055866043376,0.4713215230300287,0.4627303428188528,0.4665486514568329,225328000,-0.0050890853685237,0.4741375297307968,0.4552965968847274,0.4681364688733472,0.4596095158885924,57.14293600110842,0.0100016237970718,0.0088318220318075,0.0011698017652642,0.0183025669527119,0.2905442430659108,0.0,0.0,0.0,0.4722760319709778,1
2014-11-14,NVDA,0.4670258795304123,0.4722760319709778,0.4624916349851311,0.4722760319709778,160248000,0.0122760627348523,0.4747341394424438,0.4581245213747024,0.4688891167092801,0.4608158507535815,60.19074636925695,0.0097378627260649,0.009013030170659,0.0007248325554059,0.0182652400478134,0.2899516968204708,0.0,0.0,0.0,0.4701283574104309,0
2014-11-17,NVDA,0.4701283574104309,0.475139884498943,0.4670259848531882,0.4701283574104309,158732000,-0.0045474985287393,0.4743284463882446,0.4606660768389702,0.4691144332003983,0.4617027561494719,58.51041165801423,0.00924891505334,0.0090602071471952,0.0001887079061447,0.0184235821711807,0.2924653001034466,0.0,0.0,0.0,0.48134446144104,1
2014-11-18,NVDA,0.4703668474092244,0.4825377075692016,0.4691736297296163,0.48134446144104,207772000,0.0238575356151451,0.4744238883256912,0.4628735244274139,0.4713380746986968,0.4635733947486689,64.1406493564005,0.0096551675964862,0.0091791992370534,0.0004759683594327,0.0168593833950779,0.2676344143276086,0.0,0.0,0.0,0.4795472025871277,0
2014-11-19,NVDA,0.4817041017193199,0.4831420344741148,0.4745144950832601,0.4795472025871277,240300000,-0.0037338309628237,0.4743396043777466,0.4655041992664337,0.4728306434056842,0.465094709780903,62.67300308325046,0.0097200551493914,0.009287370419521,0.0004326847298704,0.0156414516649798,0.2483003474974438,-1.0,0.8544721007347107,1.0,0.4874557554721832,1
2014-11-20,NVDA,0.4761920445879242,0.4879350854166268,0.4747541118925056,0.4874557554721832,220968000,0.0164917089337386,0.4748313933610916,0.4680530101060867,0.4754897546905022,0.4672243331800726,66.32451693691108,0.0102910048281176,0.0094880973012403,0.0008029075268773,0.0153700077362837,0.2439913087160731,0.0,0.0,0.0,0.4900920391082763,1
2014-11-21,NVDA,0.4917696083940208,0.4924885748218996,0.4860179341089086,0.4900920391082763,198976000,0.005408252146986,0.4766129940748215,0.4705069243907928,0.4781447154937338,0.4694022099351396,67.46701026383292,0.0108313554952055,0.0097567489400334,0.0010746065551721,0.0153294772971155,0.24334790794067,0.0,0.91330224275589,1.0,0.4932074248790741,1
2014-11-24,NVDA,0.4912901624777962,0.4953642665158923,0.4893729572144233,0.4932074248790741,136004000,0.006356736127496,0.4781572490930557,0.4731046766042709,0.480883389927432,0.4716693732631334,68.81352321072649,0.0113797937090252,0.0100813578938317,0.0012984358151934,0.0152875579766919,0.242682459358852,0.0,0.0,0.0,0.4929677546024322,0
2014-11-25,NVDA,0.4922487883103046,0.4965625860630703,0.491290185633437,0.4929677546024322,190240000,-0.0004859421504058,0.4802502781152725,0.4751654297113418,0.4830805471410684,0.4736977905335428,68.57836469477311,0.011660678513066,0.0103972220176786,0.0012634564953873,0.0147279375668161,0.2337987607600869,0.0,0.0,0.0,0.5013557076454163,1
2014-11-26,NVDA,0.4900919964847877,0.5018350376016207,0.4898523029377287,0.5013557076454163,219264000,0.0170152164409795,0.4834923386573792,0.4777887642383575,0.4864033035964044,0.4763318778775308,72.16366448681734,0.0124169841890275,0.0108011744519484,0.0016158097370791,0.0147510808885789,0.2341661496034658,0.0,0.0,0.0,0.5025538206100464,1
2014-11-28,NVDA,0.5030331504458647,0.5054296853491582,0.4984797169882373,0.5025538206100464,124832000,0.0023897463345077,0.4870928555727005,0.4806151926517487,0.4893397612352483,0.478829205756818,72.64381639875876,0.0129636032407169,0.0112336602097021,0.0017299430310148,0.0145031071448828,0.2302296884585049,0.0,0.0,0.0,0.4932074248790741,0
2014-12-01,NVDA,0.5003970303235797,0.5032728382186391,0.492488458620833,0.4932074248790741,190060000,-0.0185978005691545,0.4891859948635101,0.481960067152977,0.490042972806853,0.4801985599589376,63.44938090795985,0.012498551234405,0.0114866384146427,0.0010119128197623,0.0122437383427904,0.1943633206366172,0.0,0.0,0.0,0.4939265549182892,1
2014-12-02,NVDA,0.4927282583779096,0.4960833972702942,0.4881748229451454,0.4939265549182892,245952000,0.0014580681533564,0.4915658146142959,0.4829471305012703,0.4907490786452959,0.4815059880503044,63.8287292002765,0.0120491271159565,0.0115991361549054,0.000449990961051,0.0117923228270804,0.1871973214814697,0.0,0.0,0.0,0.506628155708313,1
2014-12-03,NVDA,0.4963230463642141,0.5068677921397352,0.4948851134998433,0.506628155708313,284424000,0.0257155657324903,0.4940941840410232,0.4842590361833572,0.4936361835658444,0.4838985754463052,69.7921897709834,0.0125729353241716,0.0117938959887587,0.0007790393354129,0.0127133884512422,0.2018187849776857,0.0,0.0,0.0,0.5020744800567627,0
2014-12-04,NVDA,0.505908946811384,0.5078261516197489,0.4987193430731784,0.5020744800567627,185332000,-0.0089882009127262,0.4963469117879867,0.4853432580828666,0.4951704192914659,0.4856296139806345,65.61552597576818,0.0124767888789268,0.0119304745667923,0.0005463143121345,0.0129715509213079,0.2059169871395497,0.0,0.0,0.0,0.5049503445625305,1
2014-12-05,NVDA,0.5023141165278536,0.5075865154593161,0.5020744802112072,0.5049503445625305,165680000,0.0057279639177094,0.4980963706970215,0.4864638820290565,0.4969485875225685,0.4874696835598626,66.96030144936388,0.0124886885319282,0.0120421173598195,0.0004465711721087,0.0129857132944394,0.2061418078432327,0.0,0.0,0.0,0.4984796047210693,0
2014-12-08,NVDA,0.5042313329038935,0.5092640379259784,0.4944055020168264,0.4984796047210693,226944000,-0.0128146062501793,0.4989351272583008,0.4877740606665611,0.4972269542859323,0.4885182474799776,61.163969375731234,0.011839506010238,0.0120015950899032,-0.0001620890796652,0.012295836308848,0.1951903502086218,0.0,0.8924790620803833,2.0,0.4968022406101227,0
2014-12-09,NVDA,0.4953643079732989,0.4980005368534457,0.487935065533589,0.4968022406101227,239448000,-0.0033649603615882,0.4992946088314056,0.4887259289622306,0.4971497336176032,0.489307199206658,59.720792663170194,0.0110621572563569,0.0118137075231939,-0.000751550266837,0.0121844683317947,0.1934224383808249,0.0,0.0,0.0,0.4857781231403351,0
2014-12-10,NVDA,0.4953642636780931,0.4972815260683875,0.48529885039619,0.4857781231403351,204364000,-0.022190152476464,0.4985756456851959,0.4894129619002342,0.4950821680762817,0.4889710967241511,51.17448538931835,0.0094476420840014,0.0113404944353554,-0.001892852351354,0.012989036566831,0.2061945631569552,0.0,0.0,0.0,0.4855384826660156,0
2014-12-11,NVDA,0.488653984028255,0.4920091217605423,0.4845798800479198,0.4855384826660156,135652000,-0.0004933126110543,0.4969939231872559,0.4902431309223175,0.4933469525471424,0.4886441810995668,51.00361966179763,0.0080559264885179,0.0106835808459879,-0.00262765435747,0.0128603026225769,0.2041509751462215,0.0,0.0,0.0,0.4704403281211853,0
2014-12-12,NVDA,0.4790678378014887,0.4833816069261172,0.4699609982203739,0.4704403281211853,323964000,-0.0310956908336672,0.4937825739383698,0.4904377147555351,0.4891821117424229,0.4869104808159114,41.583243996926626,0.005669334403141,0.0096807315574185,-0.0040113971542775,0.0147687938416381,0.2344473340161409,0.0,0.0,0.0,0.4690023362636566,0
2014-12-15,NVDA,0.4759522761193435,0.4845798418468252,0.467564403880918,0.4690023362636566,254696000,-0.0030566934243746,0.491362065076828,0.490274029970169,0.4855130616553744,0.4852049432395062,40.81011443473368,0.0036201778985769,0.0084686208256502,-0.0048484429270733,0.014522284147579,0.2305341139386588,0.0,0.0,0.0,0.4637299180030823,0
2014-12-16,NVDA,0.4685230162306237,0.4759522570600733,0.4634902816615218,0.4637299180030823,185308000,-0.01124177398044,0.4883424013853073,0.4899541079998016,0.4815524900822304,0.4831597027407991,38.01902950521253,0.0015528660420369,0.0070854698689276,-0.0055326038268906,0.0147026363835426,0.2333971169271828,0.0,0.0,0.0,0.4826626181602478,1
2014-12-17,NVDA,0.4730764776938209,0.4833815844090202,0.4577386358061666,0.4826626181602478,345596000,0.0408269974011892,0.4859458476305008,0.490020015835762,0.4817543315509608,0.4831123613521752,50.983031103007605,0.0014257816536722,0.0059535322258765,-0.0045277505722042,0.0165596251756789,0.2628759001157453,0.0,0.0,0.0,0.4845799505710602,1
2014-12-18,NVDA,0.4886540551443184,0.4944057288278646,0.4800265160500428,0.4845799505710602,226156000,0.0039724070990221,0.4841963946819305,0.4902716532349586,0.4822680804637061,0.4832521317539738,52.07623500652377,0.0014629154829821,0.0050554088772976,-0.0035924933943155,0.0165513020881759,0.2627437751977065,0.0,0.0,0.0,0.4893729388713836,1
2014-12-19,NVDA,0.4879350064087991,0.4912901440628944,0.4833815726565826,0.4893729388713836,325528000,0.0098910165281809,0.4826386541128158,0.4903675124049186,0.4835598729014656,0.4838350657651556,54.79065222789231,0.0018576841825187,0.0044158639383418,-0.0025581797558231,0.0162824521854588,0.2584759153021462,0.1666666666666666,0.9039463500181834,6.0,0.4980005621910095,1
2014-12-22,NVDA,0.4888936931197207,0.4980005621910095,0.4872161240040439,0.4980005621910095,148976000,0.017629955876848,0.4825907498598099,0.4907629385590553,0.4861854527722917,0.485184160662856,59.26345134510574,0.0028340491642623,0.0040995009835259,-0.0012654518192635,0.0167072035568964,0.2652186342892913,0.0,0.0,0.0,0.4948849081993103,0
2014-12-23,NVDA,0.5018348760686637,0.5042314108024517,0.4944055783973947,0.4948849081993103,109280000,-0.0062563262539133,0.4823990166187286,0.4908468127250671,0.4877671719408405,0.4861080413806136,57.06769467890843,0.0033181684279515,0.003943234472411,-0.0006250660444595,0.0167297253693335,0.2655761569779886,0.0,0.6518787145614624,1.0,0.4929677546024322,0
2014-12-24,NVDA,0.4960832561556826,0.4968022224478103,0.4924884818329523,0.4929677546024322,45644000,-0.0038739382937618,0.4831179797649382,0.4908468127250671,0.4887127324247663,0.4867613474017391,55.700136226444506,0.0035067149324817,0.0038559305644252,-0.0003492156319434,0.0167552579183079,0.2659814736275321,0.0,0.0,0.0,0.4934469163417816,1
2014-12-26,NVDA,0.4929675865977508,0.4960830870892303,0.4917693479445063,0.4934469163417816,52636000,0.0009719940804968,0.4839088231325149,0.4904513731598854,0.4895734931369508,0.4873980682531718,55.98404291622857,0.0036526977180021,0.0038152839951406,-0.0001625862771384,0.016281810423139,0.258465727641152,0.0,0.0,0.0,0.4927280843257904,0
2014-12-29,NVDA,0.4920091180831163,0.4960832220330003,0.4896125829868372,0.4927280843257904,82944000,-0.0014567565267614,0.4861375987529753,0.4899600863456726,0.4901470551712853,0.4879056888315164,55.41033090601805,0.0036681027855188,0.0037858477532162,-0.0001177449676974,0.0162664827622242,0.2582224085673859,0.0,0.0,0.0,0.4881747663021087,0
2014-12-30,NVDA,0.4893730627034497,0.4917695983682144,0.4874557998888876,0.4881747663021087,112120000,-0.0092410361181504,0.4880548417568205,0.4897084534168243,0.4897884571950713,0.4879313152572871,51.78990196146023,0.0032751428931026,0.0036837067811935,-0.0004085638880908,0.015858982885908,0.2517535485752522,0.0,0.0,0.0,0.4805058240890503,0
2014-12-31,NVDA,0.4888936692580448,0.4915298981436515,0.4790678628802934,0.4805058240890503,166300000,-0.0157094195407725,0.4897324323654174,0.4890374168753624,0.4881007057212493,0.4872241256222169,46.30250999622682,0.0023181772977963,0.0034106008845141,-0.0010924235867177,0.0162140876155731,0.2573906613997125,0.0,0.0,0.0,0.4824229776859283,1
2015-01-02,NVDA,0.4824229776859283,0.4860178088992088,0.4747540425228657,0.4824229776859283,113680000,0.0039898654725207,0.4897084683179854,0.4878271579742431,0.487068391533009,0.4867668734378085,47.79175487873088,0.0016949352830162,0.0030674677642145,-0.0013725324811982,0.0149941185315556,0.238024252578727,0.0,0.0,0.0,0.4742747843265533,0
2015-01-05,NVDA,0.4824230215357024,0.4838609541517152,0.4721179139714885,0.4742747843265533,197952000,-0.0168901435799347,0.4886779516935348,0.4864371731877327,0.4847422811318352,0.485577150665308,42.4083988000358,0.0005373264247282,0.0025614394963172,-0.002024113071589,0.0152799419370091,0.2425615584769962,0.0,0.9241779446601868,1.0,0.4598955512046814,0
2015-01-06,NVDA,0.4749937286997788,0.4754730300266646,0.4594162498777956,0.4598955512046814,197764000,-0.0303183588861669,0.4857302129268646,0.4841844335198402,0.4802246938723527,0.4831312840500102,34.93072082271041,-0.0015228167921964,0.0017445882386145,-0.0032674050308109,0.0163198304754795,0.2590692772611115,0.0,0.919814109802246,1.0,0.4586973488330841,0
2015-01-07,NVDA,0.4632507549394561,0.4673248882197394,0.4572594160789891,0.4586973488330841,321808000,-0.0026053793485469,0.481799891591072,0.4821953207254409,0.4763106311379402,0.4808042426007791,34.386614914301745,-0.003215118170801,0.0007526469567314,-0.0039677651275324,0.0162065321128475,0.2572707215122607,0.0,0.0,0.0,0.4759523570537567,1
2015-01-08,NVDA,0.4639696803898127,0.478828222308267,0.463730015428952,0.4759523570537567,283780000,0.0376174143246499,0.4799066364765167,0.4811528265476227,0.4762454903953613,0.4803421582629675,47.15295196877744,-0.0031278879037189,-2.3460015358657365e-05,-0.0031044278883603,0.0186943661920701,0.2967638631731468,0.0,0.0,0.0,0.4778696894645691,1
2015-01-09,NVDA,0.4776300530233031,0.4814645217731644,0.471159383436792,0.4778696894645691,209540000,0.0040284124711158,0.4783968299627304,0.4807574048638344,0.4765407993170354,0.4801066850440724,48.355398352720584,-0.0028709500616529,-0.0005929580246175,-0.0022779920370354,0.0181125168051339,0.2875272905031751,0.0,0.8347024917602539,1.0,0.4718782007694244,0
2015-01-12,NVDA,0.4790678059765414,0.479307470911026,0.4675644319313639,0.4718782007694244,190732000,-0.0125379132161697,0.4762399584054947,0.4800743907690048,0.4756930541265607,0.4793230198750582,44.91610596027996,-0.0031148816190583,-0.0010973427435056,-0.0020175388755526,0.018305696610347,0.2905939248406585,0.0,0.0,0.0,0.4711592197418213,0
2015-01-13,NVDA,0.4754729884444413,0.485059128419619,0.4678040821780894,0.4711592197418213,236720000,-0.0015236580677614,0.4740830719470977,0.4801103353500366,0.4748687206020626,0.4785455151004643,44.50701491761198,-0.0033278534725714,-0.0015434448893188,-0.0017844085832526,0.0169107678284836,0.2684501169199165,0.0,0.0,0.0,0.4730764329433441,1
2015-01-14,NVDA,0.4661264931901922,0.4745143653048683,0.4649282257452384,0.4730764329433441,155260000,0.0040691407940045,0.4725732386112213,0.480314040184021,0.4745428501186592,0.4780246501331195,45.92144224071598,-0.0033038474218113,-0.0018955253958173,-0.0014083220259939,0.0169133678562483,0.2684913910811211,0.0,0.0,0.0,0.4697214365005493,0
2015-01-15,NVDA,0.4764317419200155,0.4793075789372273,0.4694817715120492,0.4697214365005493,188932000,-0.0070918697469687,0.4714947998523712,0.4806136161088943,0.473666229460821,0.4772338678823985,43.81674792606032,-0.0035150236233839,-0.0022194250413306,-0.0012955985820533,0.0167858449964051,0.2664670284393956,0.0,0.0,0.0,0.4783489108085632,1
2015-01-16,NVDA,0.4690024060675761,0.4788282121511629,0.4675644734708229,0.4783489108085632,181512000,0.0183672143479101,0.4710873931646347,0.4803979307413101,0.4745176260695014,0.4773400624467951,50.14467356182307,-0.0029521862453626,-0.002365977282137,-0.0005862089632256,0.0145703585375164,0.2312972712198924,0.0,0.0,0.0,0.47978675365448,1
2015-01-20,NVDA,0.4817039586662386,0.4843401298418811,0.4737953880014136,0.47978675365448,140308000,0.0030058453430705,0.4716385900974273,0.4801582708954811,0.4754756492667702,0.4775730806570508,51.13251426568546,-0.0023628739273485,-0.0023653566111793,2.4826838307952064e-06,0.0145568695053873,0.2310831394732482,0.0,0.0,0.0,0.4864971041679382,1
2015-01-21,NVDA,0.4771506282873802,0.487695400340499,0.473795461855907,0.4864971041679382,144780000,0.0139861104174849,0.474298745393753,0.4800144791603088,0.4774795501578916,0.4784229876580877,55.55824532300547,-0.0013389360426188,-0.0021600724974672,0.0008211364548484,0.0147368784742873,0.2339406932660714,0.0,0.0,0.0,0.4948849081993103,1
2015-01-22,NVDA,0.4874556105280412,0.4963228404671621,0.4824229047284551,0.4948849081993103,159712000,0.0172412208819163,0.4779175013303757,0.4798586964607239,0.4806441607108768,0.4799907896143946,60.38754876521306,0.0001476655965536,-0.001698524878663,0.0018461904752167,0.0147123716723668,0.2335516598462051,0.0,0.0,0.0,0.4963230490684509,1
2015-01-23,NVDA,0.4953643890617012,0.4972816519372815,0.491290284015732,0.4963230490684509,120416000,0.0029060107619232,0.4799545705318451,0.4799306035041809,0.4834948676849811,0.4815462428957333,61.166724038888944,0.0014254226698361,-0.0010737353689632,0.0024991580387993,0.0146567804252782,0.2326691761569951,0.0,0.6301599740982056,1.0,0.4941661059856415,0
2015-01-26,NVDA,0.4941661059856415,0.4965626415143861,0.4910506040844819,0.4941661059856415,133240000,-0.0043458450838779,0.4815842121839523,0.4799905210733414,0.4854350928305557,0.4827481346185817,59.28325945409763,0.0022382064252625,-0.000411347010118,0.0026495534353806,0.0146641412753337,0.2327860260291031,0.0,0.0,0.0,0.4704403281211853,0
2015-01-27,NVDA,0.486497108436624,0.4869764383374354,0.4694816968885159,0.4704403281211853,357948000,-0.048011746611261,0.4814404249191284,0.4788401916623115,0.4827087719743065,0.4815759625712106,43.43855707343608,0.0009568415444547,-0.0001377092992035,0.0010945508436582,0.0181974219513268,0.2888751179143118,0.0,0.0,0.0,0.462771326303482,0
2015-01-28,NVDA,0.4761919330884585,0.4781091667104479,0.4625316613873774,0.462771326303482,272728000,-0.0163017525481526,0.4806016355752945,0.4773423537611961,0.4790837818523383,0.479785044831427,39.741163715576995,-0.0006697532113733,-0.0002441180816374,-0.0004256351297358,0.0184651766173765,0.2931255914667798,0.0,0.0,0.0,0.4740351736545563,1
2015-01-29,NVDA,0.463011099184242,0.476671345501662,0.4608542001432035,0.4740351736545563,235340000,0.0243399854546897,0.4806975096464157,0.4766353741288185,0.4781658530891052,0.4792374380526774,46.891361177757986,-0.0010379777674336,-0.0004028900187967,-0.0006350877486369,0.0193694045393196,0.3074797647266726,0.0,0.7955143451690674,1.0,0.4601352214813232,0
2015-01-30,NVDA,0.4706799942943984,0.4761920313820336,0.4594162837225077,0.4601352214813232,298200000,-0.0293226176995937,0.4797388881444931,0.4756168439984322,0.4748875564331448,0.477418179331596,40.504190960234794,-0.0024234720771127,-0.0008070064304599,-0.0016164656466528,0.0201271817394253,0.3195091048507196,0.0,0.0,0.0,0.4702008068561554,1
2015-02-02,NVDA,0.4630111989744038,0.4721180413384149,0.4539043566103927,0.4702008068561554,259604000,0.0218752768858421,0.4789240777492523,0.4750057354569435,0.4740354201464194,0.4767308105244112,46.21725424752974,-0.0026784027220073,-0.0011812856887693,-0.0014971170332379,0.0207922617503659,0.3300669227161735,0.0,0.0,0.0,0.4819436073303222,1
2015-02-03,NVDA,0.4735557351981007,0.4824229371644659,0.4711592003031802,0.4819436073303222,183468000,0.0249740117476215,0.4791397631168365,0.475389176607132,0.4754732723616744,0.4772272673630693,52.007218824541745,-0.0019108639846321,-0.0013272013479419,-0.0005836626366901,0.0212192807902909,0.3368456398245591,0.0,0.0,0.0,0.4831419587135315,1
2015-02-04,NVDA,0.4805057871683904,0.4886539953173033,0.4790678260701222,0.4831419587135315,181516000,0.0024864971025291,0.4788042485713958,0.4765514969825745,0.4768675789711029,0.4777905713012086,52.56839335934235,-0.0011921447611376,-0.001300190030581,0.0001080452694434,0.019896189414852,0.3158422153772051,0.0,0.0,0.0,0.4910504221916199,1
2015-02-05,NVDA,0.4836211248079009,0.491290058514355,0.4831418521624306,0.4910504221916199,140448000,0.0163688194234803,0.4784207999706268,0.4781691506505012,0.4794462777384696,0.4790534142431525,56.2076517051929,1.5414620321063666e-05,-0.0010370691004006,0.0010524837207217,0.0200835072654551,0.3188157940701192,0.0,0.0,0.0,0.4888936281204223,0
2015-02-06,NVDA,0.4905711970130634,0.4963229270882954,0.4867367293422103,0.4888936281204223,210524000,-0.0043922049014264,0.4776778578758239,0.4788162142038345,0.4811639778079156,0.4799905774695592,54.96895834614059,0.0007892805389145,-0.0006717991725376,0.0014610797114521,0.0184713105267511,0.2932229642593988,0.0,0.0,0.0,0.4884144067764282,0
2015-02-09,NVDA,0.4860178713721574,0.4898522823086618,0.4829023696328142,0.4884144067764282,273944000,-0.0009802159742529,0.4771026879549026,0.4793434500694274,0.4824822376203724,0.4807928469273562,54.68061237168041,0.0013483626124921,-0.0002677668155316,0.0016161294280238,0.018469265787527,0.2931905050305009,1.0,0.9316020607948304,1.0,0.5020744800567627,1
2015-02-10,NVDA,0.4888935113011068,0.5023141163733355,0.4867366130382778,0.5020744800567627,226204000,0.0279682030071388,0.4802661031484604,0.4808532640337944,0.4860444635178979,0.4828196691301568,60.96611139914553,0.0028607163778289,0.0003579298231404,0.0025027865546885,0.0190876446990342,0.3030069659256296,0.0,0.0,0.0,0.4987194836139679,0
2015-02-11,NVDA,0.503272860601464,0.503272860601464,0.4953642885469871,0.4987194836139679,320832000,-0.0066822684204452,0.483860918879509,0.4822312772274017,0.4883490126262742,0.4843339371762341,58.80875721863666,0.0037453731287066,0.0010354184842537,0.0027099546444529,0.019190562409411,0.3046407339285972,0.4285714285714285,0.8248887785843441,7.0,0.5344278216362,1
2015-02-12,NVDA,0.5272382166039791,0.5392208916576806,0.5241227153762266,0.5344278216362,676904000,0.0716000461090307,0.4899001836776733,0.4852988466620445,0.4967269779008061,0.4891047833152784,70.69485086832202,0.0072443263440885,0.0022772000562206,0.0049671262878678,0.0245710280381093,0.3900529778761962,0.5,0.8320926825205485,6.0,0.534667432308197,1
2015-02-13,NVDA,0.533229499943257,0.535386398490667,0.525081292725795,0.534667432308197,310084000,0.0004483499217227,0.4973534047603607,0.4885461464524269,0.5036252423385136,0.4934440832193659,70.75583189437756,0.0099222292719221,0.0038062058993609,0.0061160233725611,0.0244104472876109,0.3875038374892185,0.0,0.0,0.0,0.5363451242446899,1
2015-02-17,NVDA,0.5337089523952481,0.5389813532320439,0.5303538141981562,0.5363451242446899,203340000,0.0031378233180394,0.5039678364992142,0.4914459571242332,0.5095743117760002,0.4975298966503492,71.20760392797206,0.0120410605035127,0.0054531768201913,0.0065878836833214,0.0242669678261167,0.3852261716490643,0.0,0.0,0.0,0.5301140546798706,0
2015-02-18,NVDA,0.5356260912338934,0.5365847510033882,0.5291554520482807,0.5301140546798706,170948000,-0.0116176493141318,0.508784881234169,0.4939623221755028,0.5133088104857948,0.5006331497960179,67.06376317905631,0.013066828021628,0.0069759070604786,0.0060909209611493,0.0245806878277983,0.3902063222836009,0.0,0.0,0.0,0.5315519571304321,1
2015-02-19,NVDA,0.5368243570128148,0.537782959590184,0.5291554221180584,0.5315519571304321,169432000,0.0027124397813407,0.513625881075859,0.4962150648236275,0.5166257462393652,0.5035777981135812,67.53329646672493,0.0138362867794938,0.0083479830042816,0.0054883037752121,0.0244997564844054,0.388921577036273,0.0,0.0,0.0,0.5353864431381226,1
2015-02-20,NVDA,0.5310727028214657,0.5356260795062969,0.5272382352411574,0.5353864431381226,157752000,0.0072137557885982,0.5180594831705093,0.498240141570568,0.5200367820391393,0.5066071928778232,68.81022634892335,0.0145873455245378,0.0095958555083329,0.0049914900162049,0.0243320646437663,0.3862595515929194,0.0,0.0,0.0,0.5310727953910828,0
2015-02-23,NVDA,0.5351469000497096,0.5351469000497096,0.5284365663300373,0.5310727953910828,125008000,-0.0080570731708403,0.5222773998975754,0.4999776288866996,0.5220433299213108,0.5089372502600383,65.68062971074477,0.0146654356552269,0.0106097715377117,0.0040556641175151,0.0244861972075238,0.388706330188754,0.0,0.0,0.0,0.5367261171340942,1
2015-02-24,NVDA,0.5331175020336619,0.5367261171340942,0.5283059769944837,0.5367261171340942,149356000,0.010645097606343,0.527108570933342,0.5021056294441223,0.5247129275963622,0.5115838090099484,67.75076400055096,0.0150104671427565,0.0114899106587206,0.0035205564840358,0.0244573143471253,0.3882478289941545,0.0,0.0,0.0,0.5326368808746338,0
2015-02-25,NVDA,0.5345614699499657,0.5369672923310744,0.5302311158514876,0.5326368808746338,123820000,-0.007618850897913,0.5301648110151291,0.5052154570817947,0.5261536463742298,0.5135888634732517,64.71019341367058,0.0147835246220577,0.0121486334513881,0.0026348911706696,0.0213729927413398,0.339285741400643,0.0,0.0,0.0,0.534079909324646,1
2015-02-26,NVDA,0.5331176155834301,0.5372074070020341,0.5297495014523017,0.534079909324646,152864000,0.0027092161692645,0.5337008535861969,0.5087808862328529,0.5275947850924873,0.515540391649575,65.30197710989773,0.0145523608184109,0.0126293789247926,0.0019229818936182,0.0207211518827252,0.3289380885629326,0.0,0.0,0.0,0.5307119488716125,0
2015-02-27,NVDA,0.5326365367033424,0.5338394471166178,0.5287873036819573,0.5307119488716125,157492000,-0.0063060983838397,0.5333292663097382,0.5116147249937057,0.5281615421432373,0.5169853018611976,62.66086476415501,0.0139367414965834,0.0128908514391508,0.0010458900574325,0.0205340603273769,0.3259681021958223,-1.0,0.6367055177688599,1.0,0.5437029600143433,1
2015-03-02,NVDA,0.5292683818605439,0.5465898985882691,0.5285466472170625,0.5437029600143433,301512000,0.0244784598695242,0.5342328190803528,0.5157931119203567,0.5309872544834383,0.5195298407329257,68.03168848991838,0.0143319153783713,0.0131790642269949,0.0011528511513763,0.0191608278318591,0.304168712143346,0.0,0.0,0.0,0.533598780632019,0
2015-03-03,NVDA,0.5396132174191159,0.5422595397793202,0.5319147520975327,0.533598780632019,160344000,-0.0185840065723711,0.5339581847190857,0.51896301060915,0.5314620774195439,0.5208697397709346,60.71649057881051,0.0136721664703174,0.0132776846756594,0.000394481794658,0.0198047118809285,0.3143900545453386,0.0,0.0,0.0,0.5396131277084351,1
2015-03-04,NVDA,0.5316741045897649,0.5408159804511281,0.5295089008234247,0.5396131277084351,226840000,0.0112712908925547,0.5349080920219421,0.5218464866280556,0.5329440865629786,0.5226548243364109,63.249573116013075,0.0134792379875355,0.0133179953380346,0.0001612426495009,0.019365031723767,0.3074103484317843,0.0,0.0,0.0,0.5499579906463623,1
2015-03-05,NVDA,0.5396132032364668,0.5509202844467882,0.5381697338568686,0.5499579906463623,323056000,0.0191708881914318,0.5367486953735352,0.5251872882246971,0.5360375236690483,0.5252551258897395,67.1707865130357,0.0139997048751333,0.0134543372454544,0.0005453676296789,0.0195712329853375,0.3106836919806442,0.0,0.906125783920288,1.0,0.5425002574920654,0
2015-03-06,NVDA,0.546830609194858,0.5494769320489019,0.5420190818104526,0.5425002574920654,257392000,-0.0135605505895675,0.5374600768089295,0.5277597799897193,0.5372125661823242,0.5268975193756753,62.03221766816428,0.0136530183972659,0.0134940734758167,0.0001589449214492,0.0199318671452118,0.316408581788457,0.0,0.0,0.0,0.5439435839653015,1
2015-03-09,NVDA,0.5427407309880231,0.5480334332186445,0.5415378206528231,0.5439435839653015,222388000,0.0026605083653019,0.5387471556663513,0.5305122777819633,0.538436387597411,0.5285209540984969,62.62808492336745,0.0133409451387132,0.013463447808396,-0.0001225026696828,0.0198156922067129,0.3145643618133787,0.0,0.0,0.0,0.5533260107040405,1
2015-03-10,NVDA,0.5463492807401438,0.5569346839122337,0.5453869870039305,0.5533260107040405,527212000,0.0172488967887844,0.540407145023346,0.533757857978344,0.5411435917986163,0.530883340441882,66.32759115298711,0.0136928654293908,0.0135093313325949,0.0001835340967958,0.0199194285276121,0.3162111248555236,0.5,0.7570546269416809,2.0,0.5504390001296997,0
2015-03-11,NVDA,0.5533258806598568,0.5605431680221012,0.5489955311856706,0.5504390001296997,262120000,-0.0052175580372002,0.5421873569488526,0.5361760839819908,0.5428336660406314,0.5327457842216742,64.22093850493344,0.013582239566534,0.0135239129793827,5.832658715124346e-05,0.0194075231154172,0.3080848783627888,0.0,0.0,0.0,0.5453867316246033,0
2015-03-12,NVDA,0.5451461726426713,0.5492359621249547,0.5350419497489847,0.5453867316246033,406972000,-0.0091786165295445,0.5433180391788482,0.5385094463825226,0.5432978597831717,0.5339496839743341,60.59391433936634,0.0129377535588575,0.0134066810952777,-0.0004689275364202,0.0194929785827428,0.3094414418510752,0.0,0.6238480806350708,1.0,0.546108603477478,1
2015-03-13,NVDA,0.5427405474505612,0.5475520724484145,0.5352826435533569,0.546108603477478,359288000,0.0013235962868485,0.5448577046394348,0.5390934854745865,0.5438089040912274,0.5351076763079669,60.933412671067074,0.012342960811091,0.0131939370384404,-0.0008509762273493,0.0114764387750033,0.1821828176119052,0.0,0.0,0.0,0.5526044368743896,1
2015-03-16,NVDA,0.5504392896773147,0.5559725519681546,0.5468306154189707,0.5526044368743896,236956000,0.0118947648060254,0.5457478523254394,0.5399903357028961,0.5454080918699842,0.53677403445715,63.94374483492506,0.0122544807148899,0.0130060457737303,-0.0007515650588403,0.0117226913977506,0.1860919568088262,1.0,0.8464152812957764,1.0,0.5593404769897461,1
2015-03-17,NVDA,0.5514014528630062,0.559581036097248,0.5475522203533871,0.5593404769897461,299900000,0.0121896236545917,0.5483220219612122,0.541140103340149,0.5479412528008499,0.5389232194602543,66.80063286475037,0.0125828544297478,0.0129214075049338,-0.000338553075186,0.0119529364399906,0.1897469835430622,0.0,0.9120803475379944,1.0,0.5501985549926758,0
2015-03-18,NVDA,0.5593404895785131,0.5622273710072625,0.5451464694739251,0.5501985549926758,413844000,-0.0163441094881425,0.5493805646896363,0.5421443283557892,0.5483516713811819,0.5399970609395326,59.86761831079859,0.0119674627999728,0.0127306185639416,-0.0007631557639687,0.0122820510286283,0.1949715156693344,0.0,0.7886404991149902,1.0,0.5586186051368713,1
2015-03-19,NVDA,0.5521230519660039,0.5605431922401269,0.5480332613531578,0.5586186051368713,310756000,0.0153036573211422,0.5502466261386871,0.5434976607561112,0.5502183866094891,0.5417705413392792,63.61341876036932,0.0120206219300282,0.0125886192371589,-0.0005679973071306,0.012641571495364,0.2006787261466577,0.0,0.8237890303134918,2.0,0.564633309841156,1
2015-03-20,NVDA,0.5631898973567628,0.5680014252592386,0.5578971937208649,0.564633309841156,462084000,0.0107671041547408,0.5524599313735962,0.5449600040912628,0.5528392817425194,0.5439479478632674,66.0510099843539,0.0124050891800713,0.0125519132257414,-0.0001468240456701,0.0127350114747223,0.2021620398340156,0.0,0.0,0.0,0.5463493466377258,0
2015-03-23,NVDA,0.5477928160951062,0.5550101060240865,0.5461087875141364,0.5463493466377258,426012000,-0.0323820130423652,0.5527005076408387,0.545723831653595,0.5516592935416478,0.5441766525084539,54.17076704030013,0.0111063916511411,0.0122628089108213,-0.0011564172596802,0.0148125383569652,0.2351417566688116,-0.5,0.8554892838001251,2.0,0.5388914942741394,0
2015-03-24,NVDA,0.5446653147102642,0.5485145474536546,0.5364857309792607,0.5388914942741394,330480000,-0.0136503363818087,0.5512570559978485,0.5458321005105973,0.5493378754930098,0.5436733041051859,50.204206452208304,0.009367396627663,0.0116837264541897,-0.0023163298265266,0.0150198922148203,0.2384333971164579,0.0,0.903797686100006,1.0,0.5061731338500977,0
2015-03-25,NVDA,0.5386509690540356,0.5386509690540356,0.504489047815559,0.5061731338500977,542552000,-0.0607141897240589,0.5468304693698883,0.5445089131593704,0.5414897406488439,0.540101859318987,37.30024127923814,0.0052881735227049,0.0104046158678927,-0.0051164423451878,0.0202696912034619,0.3217713724586026,0.0,0.0,0.0,0.5044889450073242,0
2015-03-26,NVDA,0.4958282442519413,0.5066541488751265,0.4922195711389374,0.5044889450073242,311920000,-0.003327297974041,0.5427406907081604,0.5430293649435043,0.5347623232594767,0.5367101531940668,36.77623763244552,0.0018975856721296,0.0087032098287401,-0.0068056241566105,0.0202353694084261,0.3212265308533186,0.0,0.0,0.0,0.5143527984619141,1
2015-03-27,NVDA,0.5073760661701903,0.5162773865764905,0.4991964806463396,0.5143527984619141,318288000,0.0195521696802427,0.539565110206604,0.5422114074230194,0.5310515005690107,0.5345808813148142,41.9222732334494,6.3773961517243904e-06,0.0069638433422224,-0.0069574659460707,0.0208073320794184,0.3303061567732665,0.0,0.0,0.0,0.5165180563926697,1
2015-03-30,NVDA,0.516758615592324,0.5191643796626874,0.5100224417805428,0.5165180563926697,253252000,0.0042096746381674,0.535956472158432,0.5408521622419358,0.5284090561733124,0.5328606122746099,43.018682373507666,-0.0013026840380857,0.0053105378661608,-0.0066132219042465,0.0199591921758444,0.3168423532021831,0.0,0.6477689146995544,1.0,0.5035266876220703,0
2015-03-31,NVDA,0.5150743850588471,0.5155555032700144,0.503045569410903,0.5035266876220703,357276000,-0.0251518192051799,0.5303750932216644,0.5393485575914383,0.5238849891639956,0.5300669051648442,38.34171318922656,-0.0033498050746662,0.0035784692779954,-0.0069282743526616,0.0202912998763895,0.322114399506975,0.0,0.0,0.0,0.5054513216018677,1
2015-04-01,NVDA,0.5054513216018677,0.5071353500203435,0.4967905630511945,0.5054513216018677,330768000,0.003822307788464,0.5259003698825836,0.5376404672861099,0.5205334132436087,0.5277225638731322,39.39296882401207,-0.004761968360497,0.0019103817502969,-0.0066723501107939,0.0200887743630408,0.3188994066521759,0.0,0.8295547962188721,1.0,0.5066541433334351,1
2015-04-02,NVDA,0.5083381716484462,0.5097816408778594,0.5023237930031083,0.5066541433334351,192204000,0.002379698459894,0.52070392370224,0.5354752749204635,0.5180099096235771,0.5257160476312563,40.080547688456456,-0.0057181450604332,0.0003846763881508,-0.0061028214485841,0.0194511414877769,0.3087772985579315,0.0,0.0,0.0,0.521329402923584,1
2015-04-06,NVDA,0.5044890029396065,0.5230134314503978,0.4991963582433117,0.521329402923584,515864000,0.0289650440704891,0.5163735330104828,0.5344167321920394,0.518613453859942,0.5252982719448114,47.85362271844224,-0.005231446324583,-0.0007385481543958,-0.0044928981701871,0.0206291781061135,0.3274780501226088,1.0,0.9359712600708008,1.0,0.5259002447128296,1
2015-04-07,NVDA,0.5213292784554203,0.5316740636202429,0.5184423403227606,0.5259002447128296,413964000,0.0087676654407224,0.5143286228179932,0.5335145652294159,0.5199383249241033,0.5253556026846227,50.02805726230546,-0.0044258864734263,-0.0014760158182019,-0.0029498706552243,0.0207432892397942,0.3292895082118666,0.0,0.0,0.0,0.5297495722770691,1
2015-04-08,NVDA,0.526381515053564,0.5316742173747311,0.5213294292183065,0.5297495722770691,366432000,0.007319501374907,0.5134144306182862,0.5323357433080673,0.521722188079188,0.5257740759791414,51.849018511954895,-0.0034372435196926,-0.0018682613585001,-0.0015689821611925,0.0203872829007559,0.3236380827823188,0.0,0.0,0.0,0.5420188307762146,1
2015-04-09,NVDA,0.5256596108311963,0.5437028588450115,0.5254190517807693,0.5420188307762146,379432000,0.0231604877874793,0.5169990003108978,0.5319147348403931,0.5254124867513746,0.5273211954836245,57.20222276883899,-0.001644750572879,-0.0018235592013759,0.0001788086284968,0.021123840045567,0.3353305649716657,0.0,0.0,0.0,0.5475522875785828,1
2015-04-10,NVDA,0.5425002015532717,0.547792846715619,0.5405755563832069,0.5475522875785828,258728000,0.0102089752019203,0.5213053345680236,0.532023012638092,0.5294379050835942,0.5292479661593349,59.39479193064771,0.0002197831967266,-0.0014148907217553,0.001634673918482,0.0211520868806352,0.3357789695771568,0.0,0.0,0.0,0.5425002574920654,0
2015-04-13,NVDA,0.5463494335132452,0.5494769320489019,0.5400944364419319,0.5425002574920654,236724000,-0.0092265710528919,0.5241200804710389,0.5318425953388214,0.5318128782487708,0.5305100891434045,56.5464537639158,0.0012750846537984,-0.0008768956466446,0.002151980300443,0.0212595093953003,0.3374842491312346,0.0,0.0,0.0,0.5379292368888855,0
2015-04-14,NVDA,0.5403350003468281,0.5425002046663541,0.5326365343382417,0.5379292368888855,220276000,-0.0084258404305859,0.5262611985206604,0.5311088353395462,0.5329249434560643,0.5312166746429741,54.02212019405111,0.0017227170902385,-0.0003569730992679,0.0020796901895065,0.0211406908957711,0.3355980639257865,1.0,0.8704890608787537,1.0,0.5444247126579285,1
2015-04-15,NVDA,0.539372627344438,0.5485145042009326,0.5367262477782049,0.5444247126579285,243560000,0.0120749632546643,0.5303510010242463,0.5303630471229553,0.535015810583676,0.5324745830253507,56.96229368814678,0.0025719517717007,0.0002288118749257,0.002343139896775,0.0211369042628018,0.3355379529909287,0.0,0.0,0.0,0.5410566926002502,0
2015-04-16,NVDA,0.5412972517197623,0.5458682191380145,0.5372074598984548,0.5410566926002502,155284000,-0.0061863834968755,0.5339115381240844,0.5299059540033341,0.5361141527685076,0.5332919267943887,54.99838042232976,0.0029393226226989,0.0007709140244803,0.0021684085982185,0.0208725921945324,0.3313421289840053,0.0,0.0,0.0,0.534079909324646,0
2015-04-17,NVDA,0.5297495014523017,0.5393726109382062,0.5295089423564765,0.534079909324646,293636000,-0.012894736117346,0.5366541147232056,0.5286790192127228,0.5357442903241691,0.5333669727496514,51.07039977703073,0.002637099721892,0.0011441511639627,0.0014929485579293,0.0206914808295699,0.3284670751962152,0.0,0.882396936416626,1.0,0.5314335227012634,0
2015-04-20,NVDA,0.5364856072479548,0.5398536636124158,0.5304711717189248,0.5314335227012634,231624000,-0.0049550387070896,0.5376645267009735,0.5270190298557281,0.5349605143927317,0.5331828346498049,49.62268683231964,0.0021591552145867,0.0013471519740875,0.0008120032404992,0.0204769883565487,0.3250621127459599,0.0,0.0,0.0,0.5307119488716125,0
2015-04-21,NVDA,0.5379292392774879,0.5379292392774879,0.5280655689055771,0.5307119488716125,230456000,-0.0013577875666991,0.5381456971168518,0.5262371599674225,0.5341880479343464,0.5329475121947389,49.21304378225965,0.0017025300647361,0.0014182275922172,0.0002843024725189,0.0192587656488493,0.3057234267895724,0.0,0.0,0.0,0.5367261171340942,1
2015-04-22,NVDA,0.5338392365253289,0.5374478516257613,0.5256595980724036,0.5367261171340942,207420000,0.0113322646593294,0.5388433516025544,0.5261288911104203,0.5346495150615732,0.5333073793318204,52.71663309954443,0.0018051359760798,0.0014956092689897,0.0003095267070901,0.0192237689920799,0.3051678720863906,0.0,0.0,0.0,0.534561038017273,0
2015-04-23,NVDA,0.5268626305784021,0.5396131806342528,0.520848194201303,0.534561038017273,259380000,-0.0040338620531118,0.5380975723266601,0.527548286318779,0.5346334283262458,0.5334267753971016,51.34344850352425,0.0016922410086844,0.0015349356169287,0.0001573053917557,0.0129644695312844,0.205804573557917,0.0,0.0,0.0,0.529990017414093,0
2015-04-24,NVDA,0.5343203671074401,0.5345609261576527,0.5239755822955453,0.529990017414093,240960000,-0.0085509797349507,0.5363413453102112,0.5288233399391175,0.5337891717967634,0.5330994651130055,48.47265373696795,0.0012198659176374,0.0014719216770704,-0.000252055759433,0.0131460029570908,0.2086863273538918,0.0,0.0,0.0,0.534079909324646,1
2015-04-27,NVDA,0.5316741462926486,0.5434624023568101,0.5271031793244791,0.534079909324646,248456000,0.0077169225384814,0.5354993104934692,0.529809695482254,0.5338420331654693,0.5331928407522094,51.1068519266701,0.0011621290509337,0.0014099631518431,-0.0002478341009094,0.0125952406687398,0.1999432470749555,0.0,0.0,0.0,0.5367261171340942,1
2015-04-28,NVDA,0.5331175020336619,0.5386507615645072,0.5280653605919927,0.5367261171340942,234484000,0.0049547038996362,0.5353789985179901,0.5308200985193252,0.5343664120688556,0.5335293432647699,52.78857536197353,0.0013147434786182,0.0013909192171981,-7.617573857988773e-05,0.0126033475615958,0.2000719400093699,0.0,0.0,0.0,0.5326368808746338,0
2015-04-29,NVDA,0.5328774401695596,0.5381701461636662,0.5304716751464135,0.5326368808746338,195156000,-0.007618850897913,0.5342002153396607,0.5322756081819534,0.5340519518517244,0.5334443468466616,49.93048908299951,0.0010931234741564,0.0013313600685898,-0.0002382365944333,0.0111405255831762,0.1768503610058231,0.0,0.0,0.0,0.534079909324646,1
2015-04-30,NVDA,0.529990117906042,0.5367262314524686,0.5287872077110858,0.534079909324646,218844000,0.0027092161692645,0.5335025370121003,0.5337070375680923,0.5340570350286192,0.5335048766064697,50.93993005962763,0.0010221457005858,0.001269517194989,-0.0002473714944031,0.0111383116687734,0.1768152162042198,0.0,0.0,0.0,0.547311544418335,1
2015-05-01,NVDA,0.5384101710458136,0.5489955725272159,0.5360044084105685,0.547311544418335,256968000,0.024774635523026,0.5348257005214692,0.5357399076223374,0.5364669458267494,0.5348197973504569,59.08529129935992,0.0020104029999847,0.0014176943559881,0.0005927086439966,0.0121699564814082,0.193192069897709,0.0,0.9272549748420716,1.0,0.5439435839653015,0
2015-05-04,NVDA,0.5468305228834444,0.5504391965311229,0.5422595553823587,0.5439435839653015,200720000,-0.0061536440942658,0.5360767066478729,0.5368706166744233,0.5378263345792134,0.5356887294090136,56.51329144146128,0.0024930988764799,0.0016327752600865,0.0008603236163934,0.010828279391363,0.1718936063776349,0.0,0.0,0.0,0.529990017414093,0
2015-05-05,NVDA,0.5420188302932842,0.5427405648018261,0.5275842548382548,0.529990017414093,292928000,-0.0256525988402844,0.536004513502121,0.5370751053094864,0.5364015496401006,0.5351459949333068,47.32233597198273,0.0017297629992618,0.0016521728079216,7.759019134025917e-05,0.0123541030658993,0.1961153063017816,0.0,0.5369508862495422,1.0,0.5316740870475769,1
2015-05-06,NVDA,0.5328769397505828,0.5379290817053516,0.5246973578248353,0.5316740870475769,316484000,0.0031775497238621,0.5354993104934692,0.5371713310480117,0.5355420109869145,0.5348153370394277,48.4128004241765,0.0012463371630953,0.0015710056789563,-0.000324668515861,0.0122674708997715,0.1947400632991034,-1.0,0.5240454077720642,1.0,0.5410566926002502,1
2015-05-07,NVDA,0.5295089944948637,0.5427407211526757,0.5278249659424382,0.5410566926002502,534564000,0.01764728765469,0.536148875951767,0.5371232241392135,0.5365446803711573,0.5354097518547442,54.11221439328042,0.0016018514134561,0.0015771748258563,2.4676587599841565e-05,0.0117777910006536,0.186966635888545,0.2857142857142857,0.8118406278746468,7.0,0.5011211037635803,0
2015-05-08,NVDA,0.5054515133607517,0.5254193602154296,0.4929415176683961,0.5011211037635803,1146552000,-0.0738103592153061,0.5332619845867157,0.5348016649484635,0.5301040300788705,0.5321441663222524,35.9211030808343,-0.0013236114760918,0.0009970175654666,-0.0023206290415585,0.0200296246222268,0.3179604336263293,-0.1,0.7667525202035904,10.0,0.4963094592094421,0
2015-05-11,NVDA,0.4941442549194219,0.5013616025528227,0.4902950793255075,0.4963094592094421,544144000,-0.0096017599697981,0.5294849395751953,0.5324921250343323,0.5239595626480653,0.5287313370734132,34.419727058994425,-0.0039843918072519,7.356909229483625e-07,-0.0039851274981749,0.0200347316426851,0.3180415050627687,-1.0,0.945422887802124,1.0,0.5011211037635803,1
2015-05-12,NVDA,0.4927009584767548,0.5052108968111725,0.4924603419271756,0.5011211037635803,388800000,0.0096948475691005,0.5259244382381439,0.530651718378067,0.519807115578159,0.5261017910439053,37.24445483797461,-0.0056398076942153,-0.0011273729861047,-0.0045124347081106,0.0202442429880809,0.3213673945633513,0.0,0.0,0.0,0.5040077567100525,1
2015-05-13,NVDA,0.5047294912322409,0.508578722897944,0.4991962314673999,0.5040077567100525,308524000,0.0057603899033435,0.5230615258216857,0.5286308705806733,0.5169345048748668,0.5239975972978241,38.943561214261024,-0.0066422403313574,-0.0022303464551552,-0.0044118938762021,0.0200394378848959,0.3181162143417657,0.0,0.0,0.0,0.5121874213218689,1
2015-05-14,NVDA,0.5054513078314824,0.5148338007855904,0.5042483976465335,0.5121874213218689,293052000,0.0162292435045241,0.520872277021408,0.5271874070167542,0.5160713987743217,0.5228728186334475,43.60316314288471,-0.0066994181226901,-0.0031241607886622,-0.0035752573340279,0.0205115351549205,0.3256105261684712,-1.0,0.823074221611023,1.0,0.5124279260635376,1
2015-05-15,NVDA,0.5143525131103952,0.5167582755979183,0.5093004290939673,0.5124279260635376,215824000,0.0004695639362795,0.5173839151859283,0.5261048078536987,0.5154089491905428,0.5218780669601227,43.739118619836105,-0.0066486833288411,-0.003829065296698,-0.0028196180321431,0.0203733847612036,0.323417456656667,0.0,0.0,0.0,0.5117063522338867,0
2015-05-18,NVDA,0.5112251766421542,0.5148338501853483,0.5088194133993315,0.5117063522338867,324972000,-0.0014081469665285,0.5141601920127868,0.5251184493303299,0.514735749743878,0.5209093322242907,43.401066103481334,-0.0065907268205972,-0.0043813976014778,-0.0022093292191193,0.0203604898867116,0.3232127568701081,0.0,0.0,0.0,0.5085160136222839,0
2015-05-19,NVDA,0.5123830055960729,0.5140748866138714,0.5075492080054241,0.5085160136222839,253808000,-0.0062347058966049,0.5120127916336059,0.5240086525678634,0.5136048886308608,0.5197290161669568,41.86057215905088,-0.0067247112481625,-0.0048500603308147,-0.0018746509173477,0.0203855399475194,0.3236104142574549,0.0,0.0,0.0,0.5085160136222839,0
2015-05-20,NVDA,0.5087576862147926,0.5147999620148099,0.508032610813854,0.5085160136222839,196824000,0.0,0.5096969842910767,0.522598147392273,0.5126796386293013,0.5186611111627022,41.86057215905088,-0.0067530499165039,-0.0052306582479526,-0.0015223916685513,0.0201536893727,0.3199299004836578,0.0,0.0,0.0,0.5048907399177551,0
2015-05-21,NVDA,0.5087577903061515,0.5109330169540166,0.5044073370104214,0.5048907399177551,239692000,-0.0071291239752807,0.5060803890228271,0.5211146324872971,0.511263475227202,0.517349647234612,39.98995916774064,-0.0069874903662322,-0.0055820246716085,-0.0014054656946236,0.0201779859623027,0.3203155968864331,0.0,0.0,0.0,0.5041655898094177,0
2015-05-22,NVDA,0.5060991435293826,0.5080326396259315,0.5029571691549286,0.5041655898094177,212592000,-0.001436251551089,0.5063848376274109,0.5198234111070633,0.5099729506057866,0.5160940227179268,39.60868184603513,-0.0071493859937075,-0.0058954969360283,-0.0012538890576791,0.0201311623458877,0.3195722950193204,0.0,0.0,0.0,0.5010236501693726,0
2015-05-26,NVDA,0.5017487256616996,0.5051323728769459,0.4971566000847683,0.5010236501693726,259732000,-0.0062319597044154,0.506856256723404,0.5181705981492997,0.5083458050718931,0.514658749141874,37.92161815301114,-0.0074453918726309,-0.0062054759233488,-0.001239915949282,0.020007271423955,0.3176055876045248,0.0,0.0,0.0,0.5278511643409729,1
2015-05-27,NVDA,0.5044071959259984,0.5302680629547778,0.5027153726586758,0.5278511643409729,432332000,0.053545404817779,0.5095292627811432,0.5177268505096435,0.5118922340299076,0.5159151696370263,55.39254121732264,-0.0054523709393221,-0.0060548549265435,0.0006024839872213,0.0236430689959551,0.3753220847618331,0.0,0.890101820230484,2.0,0.5351020693778992,1
2015-05-28,NVDA,0.5278513707018597,0.536793893306632,0.526884622403074,0.5351020693778992,327656000,0.013736646855708,0.5126386940479278,0.5178501099348068,0.5161122040931787,0.5177424934218714,58.76996555562211,-0.0032503322457292,-0.0054939503903806,0.0022436181446514,0.0237894396115662,0.3776456462507593,0.0,0.9251273274421692,1.0,0.5348603129386902,0
2015-05-29,NVDA,0.5351019855696779,0.5384856328971932,0.5341352374223052,0.5348603129386902,335168000,-0.0004517949995783,0.51490598320961,0.5178891301155091,0.519520951155999,0.5193727619472827,58.610625480227576,-0.0015073328456632,-0.0046966268814371,0.0031892940357739,0.0237845197785108,0.377567546322221,0.0,0.0,0.0,0.5409024357795715,1
2015-06-01,NVDA,0.5382438644417511,0.5462196360786239,0.5348602177166322,0.5409024357795715,372660000,0.0112966370746112,0.5177534341812133,0.5175686746835708,0.5234084938148303,0.5214232070741673,61.42554247433997,0.0003574352624434,-0.003685814452661,0.0040432497151045,0.0232406706565798,0.3689342091579987,0.0,0.0,0.0,0.5302681922912598,0
2015-06-02,NVDA,0.5375188899011751,0.5404191919945102,0.5297847894012297,0.5302681922912598,224304000,-0.0196601878358806,0.5196096181869507,0.5168849050998687,0.5246557117196357,0.5222655866186523,54.411488991460836,0.0009660468607536,-0.0027554421899781,0.0037214890507317,0.0236121405654798,0.3748311111489585,0.0,0.0,0.0,0.5244675278663635,0
2015-06-03,NVDA,0.5317182238468567,0.5358269458067954,0.5235007223035703,0.5244675278663635,250788000,-0.0109391144127123,0.5212047696113586,0.5166087806224823,0.5246214964735861,0.5224752953089106,50.991138537826615,0.0009691391633039,-0.0020105259193216,0.0029796650826256,0.0230256479095608,0.3655208288689943,0.0,0.0,0.0,0.5338935852050781,1
2015-06-04,NVDA,0.5213256859384264,0.5355854089335237,0.5213256859384264,0.5338935852050781,323712000,0.017972623352034,0.5237425267696381,0.5167197555303573,0.5263073307884029,0.5235627514894979,55.84811767947855,0.0017124537844781,-0.0012659299785617,0.0029783837630398,0.0233771274057789,0.371100392896582,-1.0,0.9007142186164856,1.0,0.5380023121833801,1
2015-06-05,NVDA,0.5322017077876284,0.5404192114738019,0.526642833657316,0.5380023121833801,313320000,0.0076957788820852,0.5270536839962006,0.5165670365095139,0.5284336910420351,0.5249379477460582,57.81082070498421,0.0026030693431032,-0.0004921301142287,0.003095199457332,0.0230965498374495,0.3666463620810056,0.0,0.0,0.0,0.5256760716438293,0
2015-06-08,NVDA,0.5363104743408059,0.539935794369403,0.5196338523883599,0.5256760716438293,342812000,-0.0229111293026363,0.5292047321796417,0.5177947849035263,0.5279323056969067,0.5250082452601316,50.55074766501929,0.0022878906141634,6.387403144971e-05,0.0022240165827137,0.0163603054923912,0.2597117982354676,0.0,0.0,0.0,0.5283346772193909,1
2015-06-09,NVDA,0.5261594507266213,0.532201669708643,0.5251927026043082,0.5283346772193909,256888000,0.0050574977994486,0.5319358348846436,0.5193960458040238,0.5280054641555402,0.5253250483038705,51.9523097055673,0.0022269653811166,0.0004964923013831,0.0017304730797335,0.0161152002669253,0.2558208734057169,0.0,0.0,0.0,0.5189087390899658,0
2015-06-10,NVDA,0.5220507136185583,0.5254343607652213,0.516008437179444,0.5189087390899658,529460000,-0.0178408469779676,0.5310415923595428,0.520285427570343,0.5263515141436176,0.5247139712358796,46.879053569182595,0.001401926725173,0.000677579186141,0.0007243475390319,0.0167014429862371,0.2651271880650454,-1.0,0.7768595417340597,3.0,0.5244675278663635,1
2015-06-11,NVDA,0.5189086551856444,0.5280928470449054,0.5189086551856444,0.5244675278663635,283052000,0.0107124593548884,0.5299781382083892,0.5213084161281586,0.5260089711841168,0.5246905004387828,49.9811540899482,0.0011829886865802,0.0007786610862289,0.0004043276003513,0.0167984865833162,0.2666677074102594,0.0,0.832804799079895,1.0,0.5102078914642334,0
2015-06-12,NVDA,0.5210839083921366,0.5242258829236999,0.5089994131259005,0.5102078914642334,323728000,-0.0271887879505926,0.5275128960609436,0.5212094396352768,0.5231360475986835,0.5233112043459686,43.038023356675815,-0.000139546169884,0.0005950196350063,-0.0007345658048904,0.0176629065574082,0.2803899490888447,0.5,0.8701597154140472,2.0,0.5092411041259766,0
2015-06-15,NVDA,0.5075492230580014,0.5116580029929798,0.5036822309695276,0.5092411041259766,306548000,-0.0018948890333355,0.5243467628955841,0.5210500985383988,0.5206096942400095,0.5219711948012075,42.60588202225716,-0.0012512525696543,0.0002257651940741,-0.0014770177637285,0.0176671776125502,0.2804577499872943,0.0,0.9280048608779908,1.0,0.5155250430107117,1
2015-06-16,NVDA,0.5082743457355919,0.5162501185005656,0.503198874930034,0.5155250430107117,256892000,0.0123398108161758,0.5228724479675293,0.52124103307724,0.519685212198319,0.521357275583065,46.37489253905292,-0.0016067054496703,-0.0001407289346747,-0.0014659765149956,0.0178824263784885,0.283874718215413,0.0,0.0,0.0,0.5215672254562378,1
2015-06-17,NVDA,0.5152832774267979,0.5244675268924129,0.5140748569106645,0.5215672254562378,233544000,0.0117204440937326,0.5225824177265167,0.5218935936689377,0.5200273964270314,0.5213772708090815,49.78920767482724,-0.0013848866796731,-0.0003895604836744,-0.0009953261959987,0.0179758294818008,0.2853574465136887,0.0,0.8665640950202942,1.0,0.5302681922912598,1
2015-06-18,NVDA,0.5259177967746794,0.5336518396512024,0.524467645728012,0.5302681922912598,299404000,0.0166823496768051,0.5222198784351348,0.5229812026023865,0.5218893593114365,0.5222240252359556,54.30148588640649,-0.0005012206402186,-0.0004118925149832,-8.93281252353759e-05,0.0182907765926311,0.2903570769020596,0.0,0.0,0.0,0.5285763740539551,0
2015-06-19,NVDA,0.5302681977513468,0.5346185933127224,0.523742575597572,0.5285763740539551,355656000,-0.0031904954170349,0.5212772846221924,0.5241654843091965,0.5231051801737127,0.5228290108376699,53.29852304983114,6.186235911564975e-05,-0.0003171415401634,0.0003790038992791,0.018205440597938,0.289002409983018,0.0,0.0,0.0,0.5264012217521667,0
2015-06-22,NVDA,0.5295431969545826,0.5324434994870992,0.5184254474111772,0.5264012217521667,514236000,-0.0041151145010622,0.5213497996330261,0.525277265906334,0.5237044604607043,0.5231692214009552,51.96947074228643,0.0003288028460969,-0.0001879526629113,0.0005167555090083,0.018245354195527,0.2896360187019213,0.0,0.0,0.0,0.5128663182258606,0
2015-06-23,NVDA,0.5273677084479892,0.531476429915252,0.5087575967585978,0.5128663182258606,414064000,-0.0257121430707439,0.5198029637336731,0.5258693993091583,0.5217338891452782,0.5221879925271367,44.5287122045819,-0.0005455101915131,-0.0002594641686317,-0.0002860460228814,0.0192196873085545,0.3051030773691586,0.0,0.0,0.0,0.5077909827232361,0
2015-06-24,NVDA,0.5121413778867158,0.514800007130959,0.505374083716099,0.5077909827232361,253368000,-0.0098960203122354,0.5186911880970001,0.5248663902282715,0.5191988152503614,0.520816848736289,42.09487027888936,-0.001629166711884,-0.0005334046772822,-0.0010957620346018,0.0149005196627821,0.2365384166000973,0.0,0.0,0.0,0.5116579532623291,1
2015-06-25,NVDA,0.5077909039262993,0.5147999272463902,0.5077909039262993,0.5116579532623291,350460000,0.0076152800476188,0.5174102306365966,0.5236941844224929,0.5178277494343555,0.5199445729768642,44.58033125505016,-0.0021511430684648,-0.0008569523555187,-0.0012941907129461,0.0146242622908604,0.2321529667763794,0.0,0.0,0.0,0.5012653470039368,0
2015-06-26,NVDA,0.507549296492012,0.5080326993847187,0.4990901780453128,0.5012653470039368,421296000,-0.0203116284856497,0.516515976190567,0.5220144361257553,0.5148164035379157,0.5181655990746806,39.65408480891554,-0.0033646242679544,-0.0013584867380058,-0.0020061375299485,0.015168063263084,0.2407855395876919,0.0,0.0,0.0,0.4862804710865021,0
2015-06-29,NVDA,0.4954646625042844,0.5005401897830386,0.4855553957609658,0.4862804710865021,391724000,-0.0298940990176147,0.5142199128866196,0.5192833378911018,0.5096280521831132,0.5151289202186636,33.84644967013355,-0.005472388822017,-0.0021812671548081,-0.0032911216672089,0.015885812918869,0.2521794621445471,0.0,0.9018820524215698,1.0,0.4860387742519378,0
2015-06-30,NVDA,0.4891807483370893,0.4913559744629813,0.4826551275828241,0.4860387742519378,315916000,-0.0004970317521166,0.5112712860107422,0.5170718669891358,0.5053390925592631,0.5123584301265945,33.760563433339726,-0.0070806885611821,-0.0031611514360829,-0.0039195371250992,0.0155411477574454,0.2467080723282594,0.0,0.0,0.0,0.4930476248264313,1
2015-07-01,NVDA,0.498123150672915,0.5051321141362183,0.4886972317242641,0.4930476248264313,302892000,0.014420352749183,0.5084193259477615,0.5155008718371391,0.5031042802442027,0.5105193058122933,38.6242729159821,-0.0077009502647145,-0.0040691112018092,-0.0036318390629052,0.0159928832433941,0.2538791508534786,0.0,0.0,0.0,0.4935312867164612,1
2015-07-02,NVDA,0.4928062112146288,0.4966732613499278,0.4903893120829944,0.4935312867164612,145764000,0.0009809638373172,0.5047456353902817,0.5134827569127083,0.5013637359664315,0.5089013992317378,38.9573647770656,-0.0080605674569985,-0.0048674024528471,-0.0031931650041514,0.0152566364395358,0.2421915951740273,0.0,0.804488480091095,2.0,0.4874889850616455,0
2015-07-06,NVDA,0.4894225388417909,0.4961898330137556,0.4838636653619266,0.4874889850616455,214776000,-0.0122429961735881,0.5006368964910507,0.5109570905566215,0.498841053983743,0.5068621216917291,36.30644653522173,-0.0087324674694914,-0.0056404154561759,-0.0030920520133154,0.0151159284452236,0.2399579250114538,0.0,0.0,0.0,0.4783046543598175,0
2015-07-07,NVDA,0.4845886306877766,0.4865221264050535,0.4630781883101968,0.4783046543598175,594252000,-0.0188400784084723,0.4958272397518158,0.5085885196924209,0.4951071631430293,0.5041423628982137,32.667675055424894,-0.0098920227207983,-0.0064907369091004,-0.0034012858116978,0.0148849699464926,0.2362915725065402,0.0,0.7413263320922852,1.0,0.4749210476875305,0
2015-07-08,NVDA,0.4756461230478871,0.4785463956776088,0.4710539983067651,0.4749210476875305,332492000,-0.0070741663110424,0.4920327126979827,0.5059178382158279,0.4914369603329386,0.5013593804971962,31.418361055897805,-0.0109576939175226,-0.0073841283107848,-0.0035735656067377,0.0147167366763427,0.2336209521361574,0.0,0.0,0.0,0.469120591878891,0
2015-07-09,NVDA,0.4824135666719625,0.484588793301394,0.4662203185180276,0.469120591878891,357588000,-0.0122135159873054,0.4881656736135483,0.5034284308552742,0.487379438795839,0.4982890196764052,29.346428710283604,-0.0121304619120268,-0.0083333950310332,-0.0037970668809936,0.0145149777764107,0.2304181288920724,0.0,0.0,0.0,0.4773379564285278,1
2015-07-10,NVDA,0.4751627303015192,0.4816883798708397,0.4739542809459717,0.4773379564285278,216708000,0.0175165292078207,0.4847336739301681,0.5010719522833824,0.4855537147290551,0.4962936803194645,35.805160858393094,-0.0122555420927982,-0.0091178244433862,-0.0031377176494119,0.0149734008289725,0.2376953692460979,0.0,0.8792298436164856,1.0,0.4804799258708954,1
2015-07-13,NVDA,0.4821717491899673,0.4831384971403784,0.4773379518145018,0.4804799258708954,212472000,0.006582274466242,0.482655131816864,0.4995855540037155,0.4846312076639351,0.4947876084672198,38.13389554485891,-0.0119632336510735,-0.0096869062849237,-0.0022763273661498,0.0141735968280365,0.2249988743416723,0.0,0.0,0.0,0.480721652507782,1
2015-07-14,NVDA,0.4812050553490491,0.4816884293786081,0.4744377325000993,0.480721652507782,249216000,0.0005030941437322,0.482099249958992,0.4981595814228058,0.4839203794537254,0.49344799361394,38.319281384453184,-0.0115786008820952,-0.010065245204358,-0.0015133556777372,0.0141926874724895,0.2253019289272149,0.0,0.0,0.0,0.4773379564285278,0
2015-07-15,NVDA,0.4795131537438311,0.4826551278305955,0.4729875329862159,0.4773379564285278,265732000,-0.0070387844225499,0.481229168176651,0.4962502270936966,0.4827235752673258,0.4919137043581865,36.6631124276434,-0.0114152250280259,-0.0103352411690916,-0.0010799838589343,0.0137609602074707,0.2184484710625407,0.0,0.0,0.0,0.4879722595214844,1
2015-07-16,NVDA,0.4802381616826673,0.4879722595214844,0.478546338584814,0.4879722595214844,282848000,0.0222783521606433,0.4807216316461563,0.4945704787969589,0.4836778814953546,0.4915383286594529,44.74578630944947,-0.0103088154935987,-0.010329956033993,2.114054039429117e-05,0.014564716825685,0.2312077118210449,0.0,0.0,0.0,0.4850720465183258,0
2015-07-17,NVDA,0.4862805247353471,0.4867638699234252,0.4787880980860062,0.4850720465183258,220372000,-0.0059433972865641,0.4798757076263428,0.4923106715083122,0.4839313660449857,0.4909224922650599,43.12928471072566,-0.0095558470609679,-0.010175134239388,0.0006192871784201,0.0137956889392679,0.2189997725886453,-1.0,0.9665672183036804,1.0,0.4761295914649963,0
2015-07-20,NVDA,0.4850721125187316,0.4870056664043684,0.4749211418952562,0.4761295914649963,188412000,-0.0184353130993947,0.4787397682666778,0.4896883323788643,0.4825128615758967,0.4895136445698158,38.50967389816429,-0.009570374224147,-0.0100541822363398,0.0004838080121927,0.0141447782610223,0.2245413937729061,1.0,0.8135114312171936,1.0,0.4783046543598175,1
2015-07-21,NVDA,0.475162680601689,0.4850719758053936,0.475162680601689,0.4783046543598175,149720000,0.004568216161757,0.4787397682666778,0.4872835040092468,0.481747732991155,0.4884461216926731,40.18779268966557,-0.009299182520223,-0.0099031822931164,0.0006039997728934,0.014309419656707,0.227154994903837,0.0,0.0,0.0,0.469120591878891,0
2015-07-22,NVDA,0.4749211674123296,0.4749211674123296,0.4633200451571643,0.469120591878891,356472000,-0.0192012818550111,0.4781597226858139,0.4850962176918983,0.4794518891525615,0.4866055950437414,35.75115763146901,-0.0097133685624052,-0.0098652195469742,0.0001518509845689,0.0138732031662671,0.2202302727949003,0.0,0.0,0.0,0.4749210476875305,1
2015-07-23,NVDA,0.4700872503674261,0.481930042277,0.4691204736163824,0.4749210476875305,169916000,0.0123645303767372,0.4787397682666778,0.483452720940113,0.4786280997952831,0.4854927810098166,40.23853664849027,-0.0094644652139966,-0.0097850686803787,0.000320603466382,0.0142920008844812,0.2268784804671149,0.0,0.0,0.0,0.4693622589111328,0
2015-07-24,NVDA,0.4783047797895665,0.4787881538456448,0.4674287338751096,0.4693622589111328,188844000,-0.0117046587079354,0.4779421985149383,0.4813379362225533,0.4769434014527103,0.483956540809942,37.533057896193405,-0.0096050344563636,-0.0097490618355757,0.000144027379212,0.0141718655709778,0.2249713914878745,0.0,0.0,0.0,0.4667035639286041,0
2015-07-27,NVDA,0.4652534132421565,0.4720207350927387,0.4613863927644696,0.4667035639286041,192420000,-0.0056644839504065,0.4765645623207092,0.4796098470687866,0.4750816128119637,0.4823134001545764,36.27672970371877,-0.0098177975997716,-0.0097628089884149,-5.498861135679392e-05,0.0136653507537068,0.2169307180366643,0.0,0.0,0.0,0.4768546223640442,1
2015-07-28,NVDA,0.4679120733350875,0.4799965679021017,0.4630782755082818,0.4768546223640442,198308000,0.0217505483566287,0.4761778593063354,0.4791385546326637,0.4754039781850692,0.4817935165554781,43.98599947503074,-0.0090628375936344,-0.0096228147094588,0.0005599771158243,0.0132848919669895,0.2108911220340845,0.0,0.0,0.0,0.4826552271842956,1
2015-07-29,NVDA,0.4758879036378476,0.4865222774427549,0.473954378508618,0.4826552271842956,232680000,0.0121643044823482,0.4767095863819121,0.4789693772792815,0.4767223870940195,0.4818755842344131,47.86725649111529,-0.0079053382003884,-0.0092793194076447,0.0013739812072562,0.0136027062524725,0.2159362674090337,0.0,0.8104708790779114,1.0,0.4838637411594391,1
2015-07-30,NVDA,0.4814468129614987,0.4886975399318932,0.4814468129614987,0.4838637411594391,190180000,0.0025038866401461,0.4762987345457076,0.4785101830959319,0.4780208151059139,0.482064932512987,48.66534225401741,-0.0068119704589406,-0.0087858496179039,0.0019738791589633,0.0131801880206252,0.2092289984138821,0.0,0.0,0.0,0.4821717739105224,0
2015-07-31,NVDA,0.4857971221279902,0.4860387947221309,0.4792715010988895,0.4821717739105224,218340000,-0.0034967845386851,0.4760087072849273,0.477942207455635,0.47877553488857,0.4820751078841809,47.56741518109645,-0.0060126857644555,-0.0082312168472142,0.0022185310827587,0.0131853485926244,0.2093109199546794,0.0,0.0,0.0,0.4903894066810608,1
2015-08-03,NVDA,0.4860389528308468,0.4908727520265745,0.4797550311634302,0.4903894066810608,397132000,0.0170429569194636,0.4774346888065338,0.4780872285366057,0.4808871479417501,0.4828669458648361,53.10157196822057,-0.0046624072698222,-0.0075174549317358,0.0028550476619136,0.0135028849633832,0.2143516535701534,0.4,0.8431464433670044,5.0,0.4923228919506073,1
2015-08-04,NVDA,0.4886975714491744,0.4937730432005526,0.4867640172414372,0.4923228919506073,260100000,0.0039427549682042,0.4788365125656127,0.4787881404161452,0.4829663741251787,0.4837675121587191,54.32316080590549,-0.0033971257807887,-0.0066933891015464,0.0032962633207576,0.0127349855963514,0.2021616290276135,0.0,0.0,0.0,0.4973984360694885,1
2015-08-05,NVDA,0.504407404612936,0.5048908075850571,0.4964316301252462,0.4973984360694885,234628000,0.0103093806968261,0.4816642969846725,0.4799120098352431,0.4855903853877804,0.4850656953883162,57.4559557163687,-0.0019622079804011,-0.0057471528773173,0.0037849448969162,0.0127105904962591,0.2017743688192965,0.0,0.0,0.0,0.494256317615509,0
2015-08-06,NVDA,0.4961898136969652,0.499815190878965,0.4860388152107814,0.494256317615509,655676000,-0.0063171056161916,0.4835978239774704,0.481168796122074,0.4871660094291856,0.4859409927432869,54.943619181005296,-0.0010662766119773,-0.0048109776242493,0.003744701012272,0.0124190406907302,0.1971461591379842,0.1666666666666666,0.7641023894151052,6.0,0.5554039478302002,1
2015-08-07,NVDA,0.5428360498802411,0.5648298136692516,0.5288180009939917,0.5554039478302002,1405248000,0.1237164362606266,0.4922019928693771,0.4850720956921576,0.4995729073202791,0.4925565122753739,76.48903749279712,0.0045256888546204,-0.0029436443284753,0.0074693331830958,0.0297311341782692,0.4719671233895594,0.1818181818181818,0.8537383621389215,11.0,0.5747391581535339,1
2015-08-10,NVDA,0.5515369153096761,0.5788478808539623,0.548153210476894,0.5747391581535339,662304000,0.0348128788044641,0.5030055522918702,0.4897850573062896,0.5132394983808709,0.5003834309304368,79.78137400774153,0.0103976935182934,-0.0002753767591216,0.010673070277415,0.0303246907929082,0.4813895425377922,0.0,0.0,0.0,0.5718387365341187,0
2015-08-11,NVDA,0.5662798640147315,0.5773976090535058,0.5662798640147315,0.5718387365341187,435008000,-0.0050465007965239,0.5125039637088775,0.4943409115076064,0.523893905317825,0.5071886981307875,78.01648616227637,0.0146484020741147,0.0027093790075256,0.0119390230665891,0.0304356468863297,0.4831509159156358,-0.5,0.6569457948207855,2.0,0.5732889175415039,1
2015-08-12,NVDA,0.5626545747075083,0.577397639599561,0.5626545747075083,0.5732889175415039,384048000,0.002535996452732,0.5215673327445984,0.4991384595632552,0.5328748166312212,0.5134839571222843,78.27525739988988,0.0179274798882492,0.0057529991836703,0.0121744807045789,0.0302426199913408,0.4800867089527093,0.0,0.0,0.0,0.568455159664154,0
2015-08-13,NVDA,0.5740140328644604,0.5752225111192035,0.5670050088078281,0.568455159664154,276884000,-0.0084316262349514,0.5300264745950699,0.5031626045703887,0.5393439699099362,0.5187193097453195,75.10191267536904,0.0199066572636571,0.0085837307996677,0.0113229264639894,0.0303449501453509,0.4817111497875109,1.0,0.9493025541305542,1.0,0.5689386129379272,1
2015-08-14,NVDA,0.5679718071990411,0.5723222601537691,0.5645881599831992,0.5689386129379272,214652000,0.0008504686175403,0.5387031584978104,0.5073559328913688,0.5447248140968436,0.5235021005255679,75.21016089253399,0.0212690043885808,0.0111207855174503,0.0101482188711304,0.0302175397199914,0.4796885719878827,0.0,0.0,0.0,0.5653132796287537,0
2015-08-17,NVDA,0.5679718515597854,0.5679718515597854,0.5583042544032072,0.5653132796287537,273880000,-0.0063720992506605,0.5461955457925797,0.5118151172995568,0.5484681714662818,0.5274841175830142,72.65908822639989,0.0218047881753125,0.0132575860490227,0.0085472021262897,0.0297705082441432,0.472592167308007,0.0,0.0,0.0,0.560167670249939,0
2015-08-18,NVDA,0.5635655527869642,0.5674488719146419,0.555798914531609,0.560167670249939,287084000,-0.0091022262597366,0.5529800236225129,0.5159082680940628,0.5505953530633103,0.530596836884626,69.0776503295775,0.0215655982210195,0.0149191884834221,0.0066464097375974,0.0300337827685368,0.476771520816513,0.0,0.0,0.0,0.5579833388328552,0
2015-08-19,NVDA,0.559439590860172,0.5657499777346435,0.5519156413409859,0.5579833388328552,249248000,-0.00389942428507,0.5590385138988495,0.5203514054417611,0.5519386232032275,0.5332050751654097,67.55537300401113,0.0209581882210394,0.0161269884309456,0.0048311997900938,0.0294853453706537,0.4680653470295971,0.0,0.0,0.0,0.5378387570381165,0
2015-08-20,NVDA,0.551673037716474,0.5543427949376699,0.5351689419510598,0.5378387570381165,426932000,-0.0361024790397426,0.5633967578411102,0.5234972909092903,0.5493750111732073,0.5336463782009055,55.42472099329828,0.0186364822577023,0.0166288871962969,0.0020075950614053,0.0311475968979336,0.4944527719753167,0.0,0.0,0.0,0.5210920572280884,0
2015-08-21,NVDA,0.5339555244668215,0.5429356710147516,0.5206066204420366,0.5210920572280884,382664000,-0.0311370268335668,0.5599655687808991,0.5260837808251381,0.5442326559104583,0.5324507285844468,47.74861915340737,0.0152691812217212,0.0163569460013818,-0.0010877647796605,0.0320413586501118,0.5086407999409456,-1.0,0.934643566608429,1.0,0.5026462078094482,0
2015-08-24,NVDA,0.4919670639829311,0.5298293883146357,0.4854139871919381,0.5026462078094482,682284000,-0.0353984467097071,0.5527562737464905,0.5278809130191803,0.5366714835284565,0.5296122027963517,41.01119694300392,0.0109855108698592,0.0152826589750772,-0.004297148105218,0.0332630884346249,0.5280351590157977,1.0,0.911005198955536,1.0,0.4922098815441131,0
2015-08-25,NVDA,0.5247325807412995,0.5266742698351682,0.4922098815441131,0.4922098815441131,622684000,-0.0207627673365269,0.5447933882474899,0.5286486759781838,0.5285875558949394,0.5260500769628051,37.764440754089385,0.0066716404263523,0.0135604552653323,-0.0068888148389799,0.0334415140479342,0.5308675778178424,0.0,0.0,0.0,0.5293439030647278,1
2015-08-26,NVDA,0.5082284224836061,0.5298293396907857,0.5043451030726968,0.5293439030647278,614976000,0.0754434701800814,0.5403988867998123,0.5309831097722053,0.5287250735621737,0.5263637746867977,52.24985571727976,0.0061780554374847,0.0120839752997627,-0.005905919862278,0.0372242918173767,0.590917313275653,1.0,0.9418665170669556,1.0,0.5492458939552307,1
2015-08-27,NVDA,0.5349261785507633,0.5494885833419955,0.5317709850594111,0.5492458939552307,463764000,0.0375974688199427,0.53847796022892,0.5342522174119949,0.5324561318154567,0.5285430241409342,57.904866729881256,0.0073085615663892,0.011128892553088,-0.0038203309866988,0.0379086351723509,0.6017809272474999,1.0,0.593511700630188,1.0,0.5516730546951294,1
2015-08-28,NVDA,0.549245986819565,0.555070938147747,0.5453626666454895,0.5516730546951294,320944000,0.0044190785340609,0.5367514044046402,0.5377272814512253,0.535950117793579,0.5307458841937147,58.54959138988911,0.0083046169507208,0.0105640374326146,-0.0022594204818938,0.0378344223085005,0.6006028345565201,0.0,0.0,0.0,0.5456054210662842,0
2015-08-31,NVDA,0.5490033627895302,0.5528866834261902,0.5434211002241819,0.5456054210662842,219352000,-0.0109986042950718,0.5347806185483932,0.5404880821704865,0.5377056274795254,0.5321610781815784,56.23100268871241,0.0085063349600673,0.0101524969381051,-0.0016461619780378,0.0379777746830644,0.6028784829542,0.0,0.0,0.0,0.5232763886451721,0
2015-09-01,NVDA,0.5298295249925065,0.5388096717213952,0.5193931257419878,0.5232763886451721,353408000,-0.0409252393010943,0.5310914903879166,0.5420357570052147,0.535082129509643,0.5313149172733492,48.60319243983349,0.0067862044898077,0.0094792384484456,-0.0026930339586379,0.0394042961466668,0.6255238091497266,-1.0,0.9734752774238586,1.0,0.5390522480010986,1
2015-09-02,NVDA,0.5375959957852394,0.5392949374151221,0.5286158509419197,0.5390522480010986,344044000,0.0301482346581167,0.529198381304741,0.5441184476017952,0.5358039692353621,0.5320518059140873,53.411684125322225,0.0066196613692531,0.0089073230326071,-0.002287661663354,0.0398253124191333,0.6322072352788732,0.0,0.0,0.0,0.540508508682251,1
2015-09-03,NVDA,0.5470615858903908,0.5497314009498998,0.5395376931450933,0.540508508682251,262556000,0.0027015204677327,0.5294653564691544,0.5464310571551323,0.5366593400438874,0.5328572061777219,53.8409833016379,0.0065299100742182,0.0084318404409293,-0.0019019303667111,0.0397443646072761,0.6309222286027797,0.0,0.0,0.0,0.5278876423835754,0
2015-09-04,NVDA,0.5312855251126278,0.5397802898011091,0.5276449530074575,0.5278876423835754,287972000,-0.0233499863479391,0.5301449149847031,0.5450552418828011,0.5350644859238306,0.5323839143878032,49.57715805113965,0.0053783844252314,0.0078211492377898,-0.0024427648125583,0.0287465581880883,0.4563374640883759,0.0,0.0,0.0,0.550459623336792,1
2015-09-08,NVDA,0.5407513495150944,0.552644002306437,0.538567028411326,0.550459623336792,238448000,0.0427590629916947,0.5349262565374374,0.543841265141964,0.5378636018170962,0.534105410478183,56.250250979284914,0.0062155137002107,0.0075000221302739,-0.0012845084300632,0.0293332519575097,0.4656509389462158,0.0,0.0,0.0,0.5395375490188599,0
2015-09-09,NVDA,0.552158321228114,0.5567697082642422,0.5383239865221955,0.5395375490188599,289392000,-0.0198417356239943,0.5396590232849121,0.5422262057662011,0.5381679558537805,0.5346227570058666,52.621296405571385,0.0059292755660693,0.007185872817433,-0.0012565972513637,0.0296059627145208,0.4699800880036368,0.0,0.0,0.0,0.5480324029922485,1
2015-09-10,NVDA,0.5363825007813735,0.5548282275034759,0.5339554329986196,0.5480324029922485,357076000,0.0157446946720138,0.5415278732776642,0.5409633800387382,0.5399614916971384,0.5358998661474268,55.05025320561592,0.0063150969965586,0.0070117176532581,-0.0006966206566995,0.0298702062040682,0.4741748233570999,0.0,0.0,0.0,0.5497314929962158,1
2015-09-11,NVDA,0.5419648516667974,0.5533720663365951,0.5397804729430479,0.5497314929962158,301584000,0.0031003458822695,0.5415764331817627,0.5400271967053414,0.5417378555696979,0.5372171639425496,55.54120567533686,0.0066809517700896,0.0069455644766244,-0.0002646127065348,0.0298474182729495,0.4738130761652975,0.0,0.0,0.0,0.5507023334503174,1
2015-09-14,NVDA,0.5524012754676454,0.5541002174849735,0.5477898283543992,0.5507023334503174,192460000,0.0017660266265813,0.5414793610572814,0.5391153827309608,0.5433677606389014,0.5385014658004322,55.83801459795701,0.0069688998850625,0.006950231558312,1.8668326750459485e-05,0.0298515213552305,0.4738782105772437,0.0,0.0,0.0,0.5567697286605835,1
2015-09-15,NVDA,0.5509447789144036,0.5596822324665969,0.5492458376495115,0.5567697286605835,327976000,0.0110175585642646,0.5425957918167115,0.5386882051825523,0.545804482097389,0.5402413003585419,57.73698774009405,0.0075990913322556,0.0070800035131008,0.0005190878191548,0.0299463702633309,0.475383890315001,0.0,0.0,0.0,0.5606532692909241,1
2015-09-16,NVDA,0.5557991329402913,0.5638084637054225,0.5516731228288403,0.5606532692909241,173508000,0.0069751289095461,0.5463334798812867,0.5387124851346016,0.5485042615871226,0.5421852973997211,58.95360916666157,0.0083160298516248,0.0073272087808056,0.0009888210708192,0.0299145802325424,0.474879239221177,0.0,0.0,0.0,0.5657500624656677,1
2015-09-17,NVDA,0.5703614507550049,0.5754583336139615,0.5645364996392007,0.5657500624656677,268712000,0.0090908114763867,0.5490032613277436,0.5391008213162423,0.5516398617468581,0.544429560739335,60.55834653823683,0.0091895460405503,0.0076996762327545,0.0014898698077957,0.0299558756432539,0.4755347835433618,0.25,0.8115441650152206,4.0,0.5652647018432617,0
2015-09-18,NVDA,0.5579834975020335,0.5701188380707473,0.5545856137159673,0.5652647018432617,326412000,-0.0008579064406828,0.5514788806438446,0.5404721185564995,0.5541171054007497,0.5464138598920899,60.316512501606695,0.0097304824233566,0.0081058374708749,0.0016246449524816,0.0286600439184582,0.4549640926345777,0.0,0.0,0.0,0.5710896253585815,1
2015-09-21,NVDA,0.5659927999328064,0.5723031882880701,0.563080295194726,0.5710896253585815,281840000,0.0103047713687507,0.5557990789413452,0.5429719969630241,0.5572030181203554,0.5487639327936605,62.26414913559147,0.0105080705544312,0.0085862840875862,0.001921786466845,0.0275481502625006,0.4373133280464932,0.0,0.0,0.0,0.5555563569068909,0
2015-09-22,NVDA,0.5587115508296967,0.5625948708782162,0.552643852404036,0.5555563569068909,228356000,-0.0271993532397607,0.5563087522983551,0.5456175044178962,0.5569036251724527,0.5494108303282539,54.57234801252586,0.0097584208028086,0.0088207114306307,0.0009377093721779,0.0269711230710245,0.4281533053562864,0.0,0.0,0.0,0.5582259297370911,1
2015-09-23,NVDA,0.5560415520814688,0.5616238119574981,0.553857232291688,0.5582259297370911,161632000,0.0048052241631493,0.5581775903701782,0.5489183068275452,0.5571440441842052,0.550250363605286,55.587791978861546,0.0092728386784159,0.0089111368801877,0.0003617017982282,0.0262646281907112,0.41693804682119,0.5,0.7452070713043213,2.0,0.5689052939414978,1
2015-09-24,NVDA,0.5548282651274188,0.5747302454419362,0.5460908089438291,0.5689052939414978,382440000,0.0191308995793806,0.5602648794651032,0.5508963763713837,0.5592824532309856,0.5520270236373062,59.48898226942599,0.009638638561042,0.0090566372163586,0.0005820013446834,0.0209884342396029,0.333181064439735,0.0,0.0,0.0,0.5730313062667847,1
2015-09-25,NVDA,0.5759437530972934,0.5841958304483961,0.567449044175979,0.5730313062667847,369692000,0.0072525468988009,0.56259486079216,0.5520856469869614,0.56178224469204,0.5540274315067804,60.91737712657387,0.0101445324601475,0.0092742162651164,0.0008703161950311,0.0194592163515648,0.3089054830466532,1.0,0.7134151458740234,1.0,0.5655074715614319,0
2015-09-28,NVDA,0.5730314242880711,0.576671998042484,0.561866897807019,0.5655074715614319,395584000,-0.0131298842193622,0.5640753746032715,0.5527773678302765,0.562459558668293,0.5551207686548424,56.97249720696829,0.0098250889292744,0.009384390797948,0.0004406981313264,0.0197521871513247,0.3135562503120631,0.0,0.8913170099258423,1.0,0.5754584074020386,1
2015-09-29,NVDA,0.5715750868716107,0.5764292230681786,0.563565756360687,0.5754584074020386,380736000,0.0175964710300484,0.565944242477417,0.5542700171470643,0.5648229857107921,0.5570576866307658,60.60605008062435,0.0102566526809263,0.0095588431745436,0.0006978095063826,0.0198403264059418,0.3149554176028206,0.0,0.0,0.0,0.5982726812362671,1
2015-09-30,NVDA,0.5807977723013792,0.5990008072640418,0.5773998894156657,0.5982726812362671,556380000,0.0396453914666494,0.5697061836719512,0.558019831776619,0.5709047485336057,0.5609829242122422,67.40269324614643,0.0122978295707808,0.0101066404537911,0.0021911891169897,0.0186257628451172,0.2956748188022832,1.0,0.7134151458740234,1.0,0.5866228342056274,0
2015-10-01,NVDA,0.5982727359844038,0.5999716775827313,0.5696333024906363,0.5866228342056274,489296000,-0.0194724703233423,0.5717934608459473,0.5603983610868454,0.5737625822921552,0.5634248204020884,61.56185849365996,0.0128275635011766,0.0106508250632682,0.0021767384379084,0.0186684223460918,0.2963520173860793,0.0,0.8240995407104492,1.0,0.6019135117530823,1
2015-10-02,NVDA,0.5834677812625,0.6019135117530823,0.5774000816330481,0.6019135117530823,386144000,0.0260656023868566,0.5754583418369293,0.5634686112403869,0.5788809331032327,0.5670904100545641,65.75626042980156,0.0143161832965694,0.0113838967099284,0.0029322865866409,0.0192774997661299,0.3060208216817142,0.0,0.0,0.0,0.6169613003730774,1
2015-10-05,NVDA,0.6057967757652342,0.6244851939714644,0.6026415815123277,0.6169613003730774,482024000,0.0249999183041567,0.580045509338379,0.5679222941398621,0.5858046362432044,0.5718400186563273,69.30596553920127,0.016519726863255,0.0124110627405938,0.0041086641226612,0.0184748376921465,0.2932789562742136,1.0,0.7134151458740234,1.0,0.624970555305481,1
2015-10-06,NVDA,0.6104081487568064,0.6276403124796467,0.6079810809986939,0.624970555305481,453216000,0.0129817784803687,0.5869869291782379,0.5716478407382966,0.5929257124363456,0.5769000697657705,71.02744559676327,0.018696805813377,0.0136682113551504,0.0050285944582266,0.0166332404390496,0.2640445061932084,0.0,0.0,0.0,0.631523609161377,1
2015-10-07,NVDA,0.6264267844171812,0.637833996672776,0.6162330770629323,0.631523609161377,310152000,0.0104853801515383,0.5943166971206665,0.5762471437454224,0.5999435118408968,0.5821023116129711,72.39178568589186,0.0207121761723375,0.0150770043185878,0.0056351718537496,0.0154455101896399,0.2451898730058079,0.0,0.0,0.0,0.6351642608642578,1
2015-10-08,NVDA,0.6288538731415688,0.6368632025025418,0.6181747287496985,0.6351642608642578,460068000,0.0057648703074069,0.6009425938129425,0.5806037366390229,0.6063472843905987,0.5871558305892841,73.14831790564578,0.0223455562056864,0.0165307146960075,0.0058148415096788,0.0153435223849216,0.2435708667975318,0.0,0.0,0.0,0.6327372789382935,0
2015-10-09,NVDA,0.6317664054139918,0.6378341045444739,0.6208446279913385,0.6327372789382935,423248000,-0.0038210303625427,0.6069131910800933,0.5847540259361267,0.6111454652174523,0.5914969209082374,71.73706512934363,0.0231770142980545,0.0178599746164169,0.0053170396816375,0.0155253392903872,0.2464571206935887,-1.0,0.8150061368942261,1.0,0.6395331621170044,1
2015-10-12,NVDA,0.6334654618887591,0.6431737938271271,0.6288540722104409,0.6395331621170044,227588000,0.0107404501124293,0.6143157601356506,0.5891955673694611,0.6163068646537344,0.596071801023358,73.29096391222143,0.0241064377943875,0.0191092672520111,0.0049971705423764,0.0154905805951353,0.2459053435123856,0.0,0.915703535079956,2.0,0.6407465934753418,1
2015-10-13,NVDA,0.6344362050534106,0.6446298560126539,0.6322518264767729,0.6407465934753418,298444000,0.0018973705043232,0.6208445787429809,0.5933944106101989,0.6207504517122084,0.6003265431616421,73.57037934608485,0.0246566992996509,0.020218753661539,0.0044379456381118,0.0155194752101244,0.2463640313053265,0.0,0.0,0.0,0.6640464067459106,1
2015-10-14,NVDA,0.6414746122622172,0.6744828042071588,0.6407465439920976,0.6640464067459106,612148000,0.0363635382658737,0.6274219512939453,0.5985640674829483,0.6286224435365179,0.6063951015982392,78.27098773409,0.0266655024002913,0.0215081034092895,0.0051573989910017,0.0168361955889865,0.2672663193174062,0.0,0.6081186830997467,2.0,0.6657453775405884,1
2015-10-15,NVDA,0.6652599408067622,0.679336969563215,0.658464173728381,0.6657453775405884,526048000,0.0025585121422513,0.6353342056274414,0.6035638332366944,0.6353720679008943,0.6120475088308439,78.57028156327685,0.0280710010479435,0.0228206829370203,0.0052503181109232,0.0168901064429789,0.2681221275931919,0.0,0.0,0.0,0.6761817932128906,1
2015-10-16,NVDA,0.6679297735822172,0.6824921815890053,0.6662307739021461,0.6761817932128906,448396000,0.015676287097714,0.6427610337734222,0.6091096878051758,0.6427920179576209,0.6181555359148484,80.3598666352148,0.0296848123377927,0.0241935088171748,0.0054913035206179,0.0168224885267613,0.267048726450287,0.0,0.769874095916748,2.0,0.6749683022499084,0
2015-10-19,NVDA,0.6783662441065006,0.68152143863099,0.6672017185376723,0.6749683022499084,294712000,-0.0017946223562398,0.6485617339611054,0.6143036216497422,0.6486422514653095,0.6235662755658065,79.52824241438515,0.0305141032448976,0.0254576277027193,0.0050564755421782,0.016994782160126,0.2697838030884631,0.0,0.0,0.0,0.6739973425865173,0
2015-10-20,NVDA,0.6720557115395628,0.6771525364372128,0.6669588287760534,0.6739973425865173,264824000,-0.0014385263132424,0.653464412689209,0.6202256709337235,0.6532522680328018,0.6283692343296837,78.82532706186686,0.0307386380480296,0.0265138297717814,0.0042248082762482,0.0150041581201076,0.2381836261061713,0.0,0.0,0.0,0.665259838104248,0
2015-10-21,NVDA,0.6781233019732118,0.6822493689090933,0.6640463332558192,0.665259838104248,386280000,-0.0129637076145411,0.6568380355834961,0.6255773663520813,0.6554354625912465,0.6318826251653565,72.6062418311949,0.0298672488547693,0.027184513588379,0.0026827352663902,0.0158203218276459,0.2511398233017477,0.0,0.0,0.0,0.6892879009246826,1
2015-10-22,NVDA,0.6730265522342217,0.6914722793335967,0.672055736674436,0.6892879009246826,306884000,0.0361183126414272,0.6622503995895386,0.6315964967012405,0.661590451379144,0.6373497942852924,77.79465238567039,0.0307609375596311,0.0278997983826294,0.0028611391770017,0.0168213374183998,0.2670304531715475,0.0,0.0,0.0,0.693899393081665,1
2015-10-23,NVDA,0.6953556454506353,0.698510839628116,0.6849192472941686,0.693899393081665,381776000,0.0066902264653072,0.6683666110038757,0.6376399010419845,0.667464804415966,0.6427354703611374,78.63116215829903,0.0314784373430897,0.0286155261747215,0.0028629111683682,0.0168262470076196,0.2671083904842375,0.0,0.0,0.0,0.6907443404197693,0
2015-10-26,NVDA,0.694384972088066,0.6960839142446454,0.6844339507719731,0.6907443404197693,247436000,-0.0045468445330149,0.6734877288341522,0.6439017444849015,0.6716974473257484,0.6473077437000547,76.50758636769801,0.0314301673047584,0.0291784544007289,0.0022517129040295,0.0163136807685735,0.2589716536904566,0.0,0.0,0.0,0.690258800983429,0
2015-10-27,NVDA,0.6873462963258336,0.6946275001039584,0.6868608595942797,0.690258800983429,208268000,-0.0007029220623729,0.678438949584961,0.6496417641639709,0.6750722388998721,0.6513983205841856,76.16667565186054,0.0309954378632265,0.0295418510932284,0.0014535867699981,0.0163886687899905,0.260162051626325,0.0,0.0,0.0,0.6958410739898682,1
2015-10-28,NVDA,0.6946275110747487,0.6958410739898682,0.6844338024780312,0.6958410739898682,217036000,0.0080872174298769,0.6816184163093567,0.654520183801651,0.6788483907344168,0.6556309637656792,77.41282287687916,0.0307469230378878,0.0297828654821603,0.0009640575557275,0.0147463434616863,0.2340909452829931,0.0,0.9053612947463988,1.0,0.6718129515647888,0
2015-10-29,NVDA,0.6846764740047672,0.6917149298163737,0.6705994466498374,0.6718129515647888,327168000,-0.0345310492916219,0.6822251737117767,0.6587796896696091,0.6775692199763026,0.6571721054608325,62.310621372164626,0.0282850521062014,0.0294833028069685,-0.001198250700767,0.0164875563864931,0.2617318435548943,0.0,0.0,0.0,0.6885597705841064,1
2015-10-30,NVDA,0.6790942466016642,0.693413964085119,0.6739973636786524,0.6885597705841064,301160000,0.0249278001865116,0.6834629714488983,0.6631120026111603,0.6795675019049942,0.6601614069011443,67.12451702668095,0.0273698276557807,0.0290606077767309,-0.0016907801209502,0.0164198838055873,0.2606575746369654,0.6666666666666666,0.8376245498657227,3.0,0.6965690851211548,1
2015-11-02,NVDA,0.6907441340579781,0.6972972112372844,0.6866181246438171,0.6965690851211548,190088000,0.0116319815348113,0.685623049736023,0.6670923918485642,0.6826586988533869,0.6636288048268596,69.15373186798143,0.0269797842727281,0.0286444430759304,-0.0016646588032022,0.0159073151181361,0.2525207989759575,0.0,0.0,0.0,0.6917150616645813,0
2015-11-03,NVDA,0.6924431878986841,0.6963265085252756,0.6839484782772677,0.6917150616645813,376768000,-0.0069684738531415,0.6873948216438294,0.6704296171665192,0.6843053102736041,0.6663036864304521,66.47573395630344,0.0259795172521742,0.0281114579111792,-0.0021319406590049,0.016084604915644,0.2553351872611271,-1.0,0.7324718435605367,3.0,0.6803078651428223,0
2015-11-04,NVDA,0.6897734485712367,0.6948702744792117,0.6771526706666842,0.6803078651428223,442264000,-0.0164911784547644,0.6888996243476868,0.6728688299655914,0.6835785020680074,0.6676374177363922,60.542186126949694,0.0239897935989825,0.0272871250487398,-0.0032973314497573,0.016736711153989,0.2656870528714556,0.0,0.7623502612113953,1.0,0.6725413203239441,0
2015-11-05,NVDA,0.68370584732596,0.6856475369026771,0.6705996886131063,0.6725413203239441,478800000,-0.0114162208270922,0.6872249662876129,0.6747376829385757,0.681571741750905,0.6681044560780638,56.82331213342063,0.0215379519068109,0.0261372904203541,-0.0045993385135431,0.0170713738999218,0.2709996592643523,0.0,0.8047469615936279,10.0,0.7657408118247986,1
2015-11-06,NVDA,0.7390430591353695,0.7752063960471771,0.723752522263018,0.7657408118247986,1172272000,0.1385780898279422,0.6944091081619262,0.681387859582901,0.6968752090370673,0.6774031566253719,75.93035364985187,0.0268062638414249,0.0262710851045682,0.0005351787368566,0.0346850316927326,0.5506078084521854,0.3636363636363636,0.7966489304195751,11.0,0.7623426914215088,0
2015-11-09,NVDA,0.7582166821616358,0.7645270696882148,0.7516635473615175,0.7623426914215088,492568000,-0.0044376900784377,0.7015689432621002,0.6875283360481262,0.7087783876524203,0.6854926361297659,74.63350919666773,0.0303572990418836,0.0270883278920313,0.0032689711498523,0.0348364783726514,0.5530119499638949,0.0,0.0,0.0,0.7477803826332092,0
2015-11-10,NVDA,0.7523917713082128,0.7565178389705893,0.7317617223256566,0.7477803826332092,552260000,-0.0191020507603291,0.7073211014270783,0.6928800255060196,0.7158696594671091,0.6914248024634271,69.18054551892645,0.0316318313435538,0.0279970285823358,0.003634802761218,0.0353854363454995,0.5617263876221881,0.0,0.0,0.0,0.7404992580413818,0
2015-11-11,NVDA,0.7482658417225911,0.7536054150194431,0.73782944246002,0.7404992580413818,619896000,-0.0097369826234112,0.7117869198322296,0.6967026680707932,0.720347768298795,0.696098560137518,66.56189622736899,0.0316890893749325,0.0287354407408551,0.0029536486340773,0.0349609263000502,0.5549874995663425,0.0,0.0,0.0,0.7378293871879578,0
2015-11-12,NVDA,0.7388002028421495,0.7455960281532262,0.7346741929124341,0.7378293871879578,291080000,-0.0036055010513932,0.7183885633945465,0.7003068685531616,0.7235262444604609,0.7000729246185123,65.58161221420619,0.0311598392815808,0.0292203204490003,0.0019395188325805,0.0350200455433826,0.5559259884596774,0.0,0.0,0.0,0.7232668399810791,0
2015-11-13,NVDA,0.7385573716643831,0.7417125653344185,0.7196262096441705,0.7232668399810791,292940000,-0.0197370116449007,0.7218592703342438,0.7026611208915711,0.7234790800096642,0.7022818689387568,60.359970949660514,0.0292284020890148,0.0292219367770032,6.465312011656732e-06,0.0353824122368961,0.5616783813863744,0.0,0.925588846206665,1.0,0.7378293871879578,1
2015-11-16,NVDA,0.7327325616040506,0.7383148239479872,0.7269075519471656,0.7378293871879578,344280000,0.0201344046234162,0.725985300540924,0.7058041751384735,0.7260882267693539,0.7056673468672521,63.49048521689225,0.0285437652955132,0.0290863024807052,-0.0005425371851919,0.0355351864130138,0.5641035962469358,0.3333333333333333,0.8581523299217224,3.0,0.7378293871879578,0
2015-11-17,NVDA,0.7397710763622085,0.744139775739005,0.7346741929124341,0.7378293871879578,257048000,0.0,0.7305967330932617,0.7089957773685456,0.7282229832091001,0.7087303983263669,63.49048521689225,0.0276820838727354,0.0288054587591112,-0.0011233748863758,0.0355228699025487,0.5639080777046714,0.0,0.0,0.0,0.7559794783592224,1
2015-11-18,NVDA,0.740874497315622,0.7569540382347432,0.7328347558988519,0.7559794783592224,350216000,0.0245993064066463,0.7381638944149017,0.7135317593812942,0.7332696186909404,0.7132303107104484,67.23118837697052,0.0281393825224236,0.0286722435117737,-0.0005328609893501,0.0355107521182676,0.5637157138427776,0.0,0.0,0.0,0.7581722140312195,1
2015-11-19,NVDA,0.7586594940095218,0.7657246761385993,0.7525687556658778,0.7581722140312195,254072000,0.0029005227453478,0.7467269837856293,0.7169759750366211,0.7377973632982638,0.7175104919790932,67.66225957878768,0.0283519073013138,0.0286081762696817,-0.0002562689683679,0.0348465250838669,0.5531714365601171,0.0,0.0,0.0,0.7647503018379211,1
2015-11-20,NVDA,0.7637757998043424,0.7691356481174185,0.7591468425378493,0.7647503018379211,239744000,0.0086762449018353,0.7466279327869415,0.7205185204744339,0.7426978975782015,0.7220095214894577,68.98057732108413,0.0287200644055224,0.0286305538968499,8.951050867252522e-05,0.034853483283071,0.5532818945481183,0.0,0.0,0.0,0.7532995343208313,0
2015-11-23,NVDA,0.7710844086372662,0.7710844086372662,0.7506196400535365,0.7532995343208313,242552000,-0.0149732108500908,0.7457236170768737,0.723646280169487,0.7446254678950432,0.7249895227114933,64.08308826987684,0.0277677608601001,0.0284579952894999,-0.0006902344293998,0.0350874875759893,0.5569965975368175,0.0,0.0,0.0,0.7593903541564941,1
2015-11-24,NVDA,0.7532996160597045,0.7659683141262537,0.7498888306065823,0.7593903541564941,195428000,0.0080855218384732,0.7468846142292023,0.7271028578281402,0.7473099926698524,0.728265792372922,65.48673722419134,0.0271910897403481,0.0282046141796695,-0.0010135244393214,0.035068762081207,0.556699339522595,0.0,0.0,0.0,0.7584158778190613,0
2015-11-25,NVDA,0.7579286558923982,0.7669429004771533,0.7557359829656448,0.7584158778190613,138300000,-0.0012832350741606,0.7486762762069702,0.7302315980195999,0.7493292445151631,0.7311372290820781,65.04873270952102,0.0263516759103158,0.0278340265257988,-0.001482350615483,0.0350925888998027,0.5570775785418223,0.0,0.0,0.0,0.7647503018379211,1
2015-11-27,NVDA,0.7598777335844322,0.7671865859646657,0.7559796673645219,0.7647503018379211,86996000,0.0083521774848325,0.7513683676719666,0.7348784655332565,0.7521330731193009,0.7343384741064442,66.61201002217089,0.0258990216813355,0.0274470255569061,-0.0015480038755706,0.0338469296194776,0.5373033504974639,0.0,0.0,0.0,0.7727900147438049,1
2015-11-30,NVDA,0.7654811626522307,0.776200858855014,0.7647502716345139,0.7727900147438049,327244000,0.0105128600623785,0.7563206851482391,0.7390899777412414,0.7558888806873925,0.7380005255957166,68.53559223394993,0.0258905771276882,0.0271357358710625,-0.0012451587433743,0.033597788745202,0.5333483617289371,0.0,0.9301718473434448,1.0,0.7978838086128235,1
2015-12-01,NVDA,0.7796116492389433,0.7986146996346262,0.7788807582171406,0.7978838086128235,409496000,0.0324716849212105,0.7623261272907257,0.7441557139158249,0.7635243221283798,0.7437036954068696,73.64030517350021,0.0275906958387104,0.0272267278645921,0.0003639679741182,0.0340918369656489,0.5411911340907961,0.0,0.0,0.0,0.7917931079864502,0
2015-12-02,NVDA,0.7991019604745151,0.8073853150105361,0.790087714881128,0.7917931079864502,294240000,-0.0076335683975871,0.7677224993705749,0.7491596162319183,0.7686641013753017,0.7482836394620678,70.64448568732374,0.0281224059373936,0.0274058634791524,0.0007165424582412,0.0341068374095305,0.5414292587551932,0.0,0.0,0.0,0.7900876402854919,0
2015-12-03,NVDA,0.7981273830718556,0.8064107368258089,0.7861895743761049,0.7900876402854919,246656000,-0.0021539309748417,0.7711333155632019,0.7546486049890518,0.7725592902680636,0.7522649728738224,69.78834742845095,0.028082455959506,0.0275411819752231,0.0005412739842828,0.0337291700632233,0.535433975495363,0.0,0.0,0.0,0.8222465515136719,1
2015-12-04,NVDA,0.7900875827116478,0.8237083333838705,0.7900875827116478,0.8222465515136719,458756000,0.0407029670993961,0.7775407493114471,0.7621338665485382,0.781593337767265,0.7589298851252366,75.75499555528573,0.0302965113630159,0.0280922478527817,0.0022042635102341,0.0341598018571118,0.5422700432949621,0.0,0.0,0.0,0.8066544532775879,0
2015-12-07,NVDA,0.8220030487638313,0.8220030487638313,0.804218169201765,0.8066544532775879,333588000,-0.0189628016163527,0.7817311644554138,0.7641795486211777,0.7861499042236874,0.7634750820921272,68.67338102082559,0.0304420966618842,0.0285622176146022,0.0018798790472819,0.016906995895979,0.2683902393477013,0.0,0.0,0.0,0.8176178336143494,1
2015-12-08,NVDA,0.7966657755871998,0.8210286202500241,0.7915495956336878,0.8176178336143494,314488000,0.0135911731376616,0.7881629943847657,0.7669433057308197,0.7918713459310804,0.7686315346180531,70.74426880067263,0.0310838123882961,0.029066536569341,0.0020172758189551,0.0169845795724817,0.2696218420306472,0.0,0.0,0.0,0.7969092130661011,0
2015-12-09,NVDA,0.8173740445947524,0.8222466124662234,0.7886258593017184,0.7969092130661011,372676000,-0.0253279951792441,0.7919148802757263,0.7693997472524643,0.7927873217738114,0.7713246468512005,62.358718042621234,0.0295803799092623,0.0291693052373252,0.000411074671937,0.01747339735616,0.2773815837828778,0.0,0.9048168659210204,1.0,0.8034871220588684,1
2015-12-10,NVDA,0.7993453876576431,0.8078724093090831,0.7966654931205999,0.8034871220588684,236596000,0.0082542765034161,0.796422004699707,0.7725491404533387,0.7947327400074581,0.7743877397281212,63.82549572003549,0.0285901121042085,0.0290534666107019,-0.0004633545064933,0.0172266136921786,0.2734640145677087,0.0,0.0,0.0,0.7915493249893188,0
2015-12-11,NVDA,0.7954473904196756,0.8010508485847665,0.7898439322545846,0.7915493249893188,227320000,-0.0148574840116415,0.7991019070148468,0.7752351373434067,0.7941539372768873,0.7760221764196639,59.30861440913911,0.0265361451163054,0.0285500023118226,-0.0020138571955172,0.0176739164800864,0.2805647261930091,0.0,0.0,0.0,0.7934986352920532,1
2015-12-14,NVDA,0.792280522047494,0.7978839823779207,0.7839971080249463,0.7934986352920532,275892000,0.0024626517150534,0.8011727690696716,0.7787467271089554,0.7940347914614629,0.7776866010741772,59.8087837881957,0.0247800060460432,0.0277960030586667,-0.0030159970126235,0.0168022776811623,0.2667278892228389,-1.0,0.9395182728767396,1.0,0.8032435774803162,1
2015-12-15,NVDA,0.8025126864777842,0.8088470364426673,0.7981273985481837,0.8032435774803162,307296000,0.0122809816612681,0.8017087459564209,0.7820174366235733,0.7957091161921634,0.7801205988271428,62.303378638342714,0.0238990946863996,0.0270166213842133,-0.0031175266978137,0.0165137889821049,0.2621482731002896,0.0,0.0,0.0,0.8081161379814148,1
2015-12-16,NVDA,0.8049489630282054,0.8107960909944942,0.797883780211592,0.8081161379814148,236356000,0.006066105771282,0.8033410489559174,0.7855317741632462,0.7979649383356636,0.7827868406513592,63.52252622585612,0.0233252618983175,0.0262783494870341,-0.0029530875887166,0.0164846953595927,0.2616864261608573,0.0,0.8464313745498657,1.0,0.795934796333313,0
2015-12-17,NVDA,0.8093343884574097,0.8176177431087291,0.7954475743453513,0.795934796333313,254160000,-0.0150737512537857,0.8039257645606994,0.7875295400619506,0.7975958216079635,0.7840390269067834,58.434538643437115,0.0216381318969992,0.0253503059690271,-0.0037121740720279,0.016349061471781,0.2595333049418417,0.0,0.8985466957092285,1.0,0.7830223441123962,0
2015-12-18,NVDA,0.7903311953938233,0.7983709376119518,0.7820478422253233,0.7830223441123962,395896000,-0.0162230025378981,0.8000033438205719,0.7887720465660095,0.7949460984269512,0.7839421999739846,53.539141072758525,0.0190396648310841,0.0240881777414385,-0.0050485129103544,0.0168873561425512,0.2680784679274172,0.0,0.0,0.0,0.8015382885932922,1
2015-12-21,NVDA,0.7915495404041695,0.8022691796907402,0.7844842985192391,0.8015382885932922,284216000,0.0236467638760486,0.7994917273521424,0.7906114459037781,0.7961446784571949,0.7856180179377282,58.86133145522074,0.0182639079735744,0.0229233237878657,-0.0046594158142912,0.0175301411664222,0.2782823638452538,0.0,0.0,0.0,0.8022691011428833,1
2015-12-22,NVDA,0.8039744941747585,0.8103088443420631,0.7973965330273557,0.8022691011428833,130012000,0.0009117624946821,0.7979568541049957,0.7930599242448807,0.7972582098545927,0.7872038353858383,59.06066882555228,0.0175062839954521,0.021839915829383,-0.0043336318339308,0.0170502386359362,0.2706641473499543,0.3333333333333333,0.6769778728485107,3.0,0.8054366111755371,1
2015-12-23,NVDA,0.80348760635305,0.8086037875762918,0.8020258236933759,0.8054366111755371,122524000,0.0039481889906285,0.7988095939159393,0.7953622370958329,0.7987451919129462,0.7889402902229524,59.96611556728683,0.0169658810067024,0.0208651088648469,-0.0038992278581444,0.0170140684840692,0.270089963989614,0.0,0.0,0.0,0.8081161379814148,1
2015-12-24,NVDA,0.8029999590965033,0.8100651999987082,0.8017817880749961,0.8081161379814148,52448000,0.0033268003573452,0.799272495508194,0.7978472501039505,0.8004490002890314,0.790766561438044,60.756814603382445,0.0165628964045133,0.0200046663727802,-0.0034417699682668,0.0169829835958531,0.2695965066871022,1.0,0.9344301819801332,2.0,0.8073854446411133,0
2015-12-28,NVDA,0.7995893689201617,0.8073854446411133,0.788382448355338,0.8073854446411133,142024000,-0.0009041934766044,0.8008561074733734,0.7999790072441101,0.8017101719894099,0.7923493122192887,60.40644334704383,0.0160001278439763,0.0192037586670194,-0.0032036308230431,0.0169645970198814,0.2693046288422027,0.75,0.856002002954483,4.0,0.8205411434173584,1
2015-12-29,NVDA,0.807872444892276,0.8229774271271368,0.8056797721277997,0.8205411434173584,203660000,0.0162941985932045,0.8035603582859039,0.8023665636777878,0.8051339849763095,0.7950342485238668,64.38833310248823,0.0164263321180825,0.018648273357232,-0.0022219412391495,0.0171502440010261,0.2722516833047547,0.0,0.8773901462554932,1.0,0.813476026058197,0
2015-12-30,NVDA,0.8198103762771471,0.8268756175279449,0.8132324150761125,0.813476026058197,180344000,-0.0086103145659909,0.804583603143692,0.8031461745500564,0.8066507197184708,0.7967906082890411,60.849101150816985,0.0160094590720721,0.0181205105002,-0.0021110514281278,0.0158644052069492,0.2518396252532756,1.0,0.7134151458740234,1.0,0.8029999136924744,0
2015-12-31,NVDA,0.8122578270585672,0.8159122237452758,0.8029999136924744,0.8029999136924744,148528000,-0.0128782066467109,0.804071980714798,0.8037065148353577,0.8059869368046533,0.7973819707084158,55.93908777972359,0.0146647038863702,0.0174293491774341,-0.0027646452910639,0.016058299143485,0.2549175960740578,0.0,0.0,0.0,0.7886258959770203,0
2016-01-04,NVDA,0.7866768919720291,0.7937420750543172,0.780586152806643,0.7886258959770203,358076000,-0.0179003975845493,0.8033410906791687,0.8036334276199341,0.8028303839269018,0.7965480588292352,49.97990575180587,0.0122973563432186,0.016402950610591,-0.0041055942673724,0.0165892644928596,0.2633464096894837,0.0,0.0,0.0,0.80129474401474,1
2016-01-05,NVDA,0.8034874174888512,0.8146943377979469,0.7917932170458627,0.80129474401474,490272000,0.016064458575792,0.8051683306694031,0.8025858372449874,0.8025511766701451,0.7970001240849975,54.57322673666079,0.0113130764153456,0.0153849757715419,-0.0040718993561963,0.0141452893482145,0.2245495070305593,0.0,0.8893904983997345,2.0,0.7681611180305481,0
2016-01-06,NVDA,0.7881386122889165,0.79179306738837,0.7591468148137606,0.7681611180305481,449344000,-0.0413501102205936,0.8018306136131287,0.8006611704826355,0.7962984387356729,0.7942535520798119,43.358820765697,0.0077698547247934,0.0138619515621922,-0.0060920968373988,0.0163407694156889,0.2594016726321793,0.5,0.7677679657936096,2.0,0.7377074956893921,0
2016-01-07,NVDA,0.7489143551440721,0.7540305919862935,0.7279623020184527,0.7377074956893921,645304000,-0.0396448370352753,0.7953744530677795,0.7966656535863876,0.7856455399999854,0.7888682133759624,36.03025972976136,0.0024759321910229,0.0115847476879583,-0.0091088154969354,0.0178772385818584,0.2837923644969995,0.0,0.0,0.0,0.7218717336654663,0
2016-01-08,NVDA,0.7472090785135138,0.7479399696047229,0.7204099514830484,0.7218717336654663,398472000,-0.0214661801817902,0.7870179653167725,0.7929137796163559,0.7740503024846183,0.782487596260677,32.91483264860547,-0.0029631953366718,0.0086751590830323,-0.0116383544197042,0.0176654463555909,0.280430267135076,0.0,0.0,0.0,0.7230898141860962,1
2016-01-11,NVDA,0.7226025922043049,0.7282060515940786,0.7101775022990869,0.7230898141860962,409372000,0.0016873919061004,0.7785153329372406,0.7888939142227173,0.7647847591576142,0.7768306646345264,33.3919210091658,-0.0070936826135714,0.0055213907437115,-0.012615073357283,0.0174703299787618,0.2773328906762407,0.0,0.0,0.0,0.7352712750434875,1
2016-01-12,NVDA,0.7360021661415609,0.745990972424831,0.7301550954425732,0.7352712750434875,469356000,0.0168464008459345,0.771303915977478,0.7860800117254257,0.7594186711368639,0.7728726275306179,38.13058974189113,-0.0092772392138168,0.0025616647522058,-0.0118389039660227,0.0179706049853395,0.2852745102035166,0.0,0.0,0.0,0.7128574252128601,0
2016-01-13,NVDA,0.7408746628841407,0.745747289093922,0.7121265341856726,0.7128574252128601,481672000,-0.0304837827770462,0.7605355441570282,0.7820479512214661,0.7509529900597722,0.7671568939765457,33.419407027352364,-0.0126702788248419,-0.0004847239632036,-0.0121855548616382,0.0188798283818689,0.2997079841640253,0.0,0.8118550777435303,1.0,0.6984832286834717,0
2016-01-14,NVDA,0.6982395596533265,0.7065229707097997,0.6777747881706666,0.6984832286834717,600236000,-0.0201641955614003,0.7490362644195556,0.7768099337816239,0.7414130334458994,0.7606165449010149,30.791895368272932,-0.0163309121027774,-0.0036539615911184,-0.012676950511659,0.0186941658168174,0.2967606823146214,-0.25,0.7813970148563385,4.0,0.6604772806167603,0
2016-01-15,NVDA,0.6704660866854342,0.6785058305059188,0.6490267504689422,0.6604772806167603,841452000,-0.0544121125690397,0.7347840011119843,0.7694279909133911,0.7266974420224195,0.7510794721120383,25.159420937721777,-0.0220446358887862,-0.007332096450652,-0.0147125394381342,0.0212243948108416,0.3369268223840206,1.0,0.8990441560745239,1.0,0.665837287902832,1
2016-01-19,NVDA,0.6741206446966815,0.6931237011967492,0.6631573339334715,0.665837287902832,457140000,0.0081153545222123,0.7225051403045655,0.7629231154918671,0.7156319594552217,0.7429611688540186,27.18242842769223,-0.0258424002579806,-0.0110341572121177,-0.0148082430458629,0.0215530893702894,0.342144686753613,0.0,0.8517681360244751,1.0,0.6694915294647217,1
2016-01-20,NVDA,0.6531684307529961,0.6780185534061774,0.644397795811544,0.6694915294647217,481180000,0.0054881900252226,0.7093248188495636,0.7572465747594833,0.7072427903660399,0.7359640603407522,28.5994564083377,-0.02823184993537,-0.0144736957567682,-0.0137581541786018,0.0216983778072808,0.3444510691895282,-1.0,0.9678965210914612,1.0,0.677287757396698,1
2016-01-21,NVDA,0.6768005353283102,0.6877637869799228,0.6629136608383375,0.677287757396698,481456000,0.011644998612917,0.7002374827861786,0.7510340481996536,0.7017964207352504,0.7303758410127471,31.655218589885024,-0.0291602740933336,-0.0174110114240813,-0.0117492626692523,0.0209422744161698,0.3324482999595344,1.0,0.649339477221171,3.0,0.6931234002113342,1
2016-01-22,NVDA,0.6901998364545248,0.6977523567977536,0.68873805457612,0.6931234002113342,257996000,0.0233809671615856,0.6957790732383728,0.7455767631530762,0.7002195079127201,0.7268279895078507,37.505733143734425,-0.0282921189601623,-0.0195872329312975,-0.0087048860288648,0.0220298060158154,0.3497123288930532,1.0,0.6524107456207275,1.0,0.6923926472663879,0
2016-01-25,NVDA,0.6928799273515003,0.7009196711994651,0.6909308650966491,0.6923926472663879,270728000,-0.0010542898201438,0.6928311645984649,0.7399245649576187,0.6987964423406597,0.7235484331039018,37.34685567612698,-0.0273478168091529,-0.0211393497068686,-0.0062084671022843,0.0219265078143794,0.3480725207817751,0.0,0.0,0.0,0.6992140412330627,1
2016-01-26,NVDA,0.6938542520947208,0.7021376048253101,0.686789012137179,0.6992140412330627,227944000,0.0098519156631806,0.6904435873031616,0.7344794601202012,0.6988723694120057,0.7212308719733457,39.9059334510768,-0.0257521661258736,-0.0220619129906696,-0.0036902531352039,0.022140468522018,0.351469041718281,0.0,0.0,0.0,0.6909309029579163,0
2016-01-27,NVDA,0.6982397561215183,0.7004324294962794,0.6777749788805529,0.6909309029579163,231700000,-0.0118463557461448,0.6860095500946045,0.7286567330360413,0.697428466420353,0.7183451606385429,37.882514232481874,-0.0248693036452433,-0.0226233911215843,-0.0022459125236589,0.0221177485302933,0.3511083730309232,0.0,0.0,0.0,0.6833783984184265,0
2016-01-28,NVDA,0.6965343217187537,0.6989706059627254,0.6699788060337833,0.6833783984184265,276776000,-0.0109309114806661,0.6830616474151612,0.7217985957860946,0.694873908601821,0.7150149928080557,36.08585322691829,-0.0244966703983812,-0.0229980469769437,-0.0014986234214374,0.0214010066823306,0.3397304489272703,0.0,0.0,0.0,0.713588297367096,1
2016-01-29,NVDA,0.6892254554073879,0.7150500795017979,0.6865455602174991,0.713588297367096,310504000,0.0442066928345783,0.6845721542835236,0.7168042093515397,0.6982765247409618,0.7148791170517738,46.92842455655423,-0.0215156504694828,-0.0227015676754515,0.0011859172059686,0.0244745072744876,0.3885207582548134,0.0,0.0,0.0,0.7138317227363586,1
2016-02-01,NVDA,0.7128572210077957,0.717486118739864,0.706766483554517,0.7138317227363586,289884000,0.0003411285893573,0.6899075984954834,0.7123457998037338,0.7011047425583067,0.7147793652122104,47.00643624305862,-0.0189154823992141,-0.021944350620204,0.0030288682209899,0.0244643629587869,0.3883597222354233,0.0,0.0,0.0,0.6836218237876892,0
2016-02-02,NVDA,0.7065229359309739,0.710177332261824,0.6787492566228341,0.6836218237876892,341908000,-0.0423207571006576,0.6916860520839692,0.7070955961942673,0.697926030054558,0.711811980314637,39.28805339481015,-0.0190726590990488,-0.021370012315973,0.0022973532169241,0.0256902671360728,0.4078203477411853,0.0,0.0,0.0,0.6870325207710266,1
2016-02-03,NVDA,0.6889815822374913,0.6931232579860632,0.6711967085659662,0.6870325207710266,326772000,0.0049891575497693,0.6934401512145996,0.7013824850320816,0.6959453920030068,0.7094520317866742,40.47638282423544,-0.0187063726048177,-0.0208372843737419,0.0021309117689242,0.0252876330876023,0.4014287303714655,0.0,0.0,0.0,0.6872764825820923,1
2016-02-04,NVDA,0.6880073155971269,0.7028686905292251,0.6804548516713719,0.6872764825820923,348140000,0.0003550949972381,0.694439023733139,0.6973382532596588,0.6943692266537496,0.7073400747195712,40.56599377708053,-0.0181867566303371,-0.020307178825061,0.0021204221947238,0.0240249039346122,0.3813835264992076,0.0,0.0,0.0,0.6439105272293091,0
2016-02-05,NVDA,0.6826475231150856,0.6901999870202825,0.6419615230233227,0.6439105272293091,600428000,-0.0630982675121628,0.6895177364349365,0.6926484048366547,0.6851949176674876,0.7012991654347843,31.49061636936108,-0.0210317860616033,-0.0204521002723695,-0.0005796857892338,0.026259496803531,0.4168565885750322,0.0,0.9451565146446228,1.0,0.6144314408302307,0
2016-02-08,NVDA,0.634165324188036,0.637332499258142,0.6054171375780253,0.6144314408302307,608852000,-0.045781339413605,0.6817216157913208,0.6872763901948928,0.6723288309698046,0.6930260488057792,27.058982948867396,-0.0253727272824751,-0.0214362256743906,-0.0039365016080845,0.0275240437343795,0.4369306487762029,0.0,0.0,0.0,0.6210092902183533,1
2016-02-09,NVDA,0.6071224794555501,0.6468339080909842,0.604198915890504,0.6210092902183533,425372000,0.010705587232376,0.6739011406898499,0.6821723639965057,0.6629980053786315,0.686167309892691,29.444954880143897,-0.0279598729911429,-0.0227409551377411,-0.0052189178534018,0.0277580975122453,0.4406461373140907,0.0,0.0,0.0,0.6195476055145264,0
2016-02-10,NVDA,0.6249074535284334,0.6429359434429325,0.616136819544582,0.6195476055145264,335800000,-0.0023537243755451,0.6667628109455108,0.6763861805200577,0.6550979326760669,0.6798225761423896,29.216251559043272,-0.0297848095997648,-0.0241497260301458,-0.0056350835696189,0.0272089696876284,0.4319290033425575,0.0,0.0,0.0,0.6163804531097412,0
2016-02-11,NVDA,0.60371175265922,0.622714803335002,0.60371175265922,0.6163804531097412,340144000,-0.0051120404252953,0.6600630164146424,0.6715623319149018,0.6480583909367349,0.6737804691868993,28.696153529050235,-0.0311278255436562,-0.0255453459328479,-0.0055824796108082,0.0267004907606708,0.423857150616678,0.0,0.0,0.0,0.6268565654754639,1
2016-02-12,NVDA,0.6261256743437662,0.628074736723494,0.6029809434016127,0.6268565654754639,340816000,0.0169961787608106,0.6513898432254791,0.6679809987545013,0.6442035135801402,0.6693115259762864,32.948098920751164,-0.0309896116865487,-0.0266341990835881,-0.0043554126029606,0.0270199076787354,0.4289277369951518,0.0,0.5247730016708374,1.0,0.6575536131858826,1
2016-02-16,NVDA,0.6358706693702525,0.6585281731999697,0.6339216655132563,0.6575536131858826,485352000,0.0489698112791325,0.6457620322704315,0.6678348153829574,0.6466308044175478,0.6681917247581527,43.56719400443861,-0.0280793991699036,-0.0269232391008512,-0.0011561600690524,0.0269666977057347,0.4280830548601816,0.0,0.0,0.0,0.673876941204071,1
2016-02-17,NVDA,0.6658371965700244,0.6802112925018781,0.6631572429682727,0.673876941204071,771468000,0.0248243302003938,0.6447875440120697,0.6682367980480194,0.651584647469643,0.6687331739434782,48.25967327495786,-0.0241771791605979,-0.0263740271128005,0.0021968479522026,0.0274811182885013,0.4362492284479417,0.0,0.7024235688149929,8.0,0.7318604588508606,1
2016-02-18,NVDA,0.7291805636574156,0.7547615767918538,0.7284496725890948,0.7318604588508606,1068660000,0.0860446679525577,0.6492703378200531,0.6713552445173263,0.6661802495389553,0.6747452963156099,60.74601036861164,-0.016218895077089,-0.0243430007056582,0.0081241056285691,0.033437294197124,0.5308005897629599,0.125,0.8090979307889938,8.0,0.7416054010391235,1
2016-02-19,NVDA,0.7279622014866463,0.748183418927839,0.7223587434903506,0.7416054010391235,525628000,0.0133153008478748,0.6547032296657562,0.6745711266994476,0.6798939134480767,0.6811129253368968,62.38880187366784,-0.0090215672008935,-0.0212787140047053,0.0122571468038117,0.0334568694920638,0.5311113379364689,-1.0,0.8783925175666809,1.0,0.7679173946380615,1
2016-02-22,NVDA,0.752325189516565,0.7764444172097859,0.7508634075802021,0.7679173946380615,449668000,0.0354797761209264,0.6671039164066315,0.678310826420784,0.6958981827553467,0.6893800176512934,66.46919323169529,-0.0011808627691909,-0.0172591437576024,0.0160782809884115,0.0339115905633496,0.538329811159607,0.0,0.0,0.0,0.7698664665222168,1
2016-02-23,NVDA,0.7618267238540012,0.7771753182128138,0.7581722689659077,0.7698664665222168,369380000,0.0025381270143958,0.68264741897583,0.6821845173835754,0.7093469616220502,0.6970453937342385,66.75689663284474,0.0051310779218384,-0.0127810994217142,0.0179121773435526,0.0338835509167493,0.5378846955690799,0.0,0.0,0.0,0.7752262353897095,1
2016-02-24,NVDA,0.7666992710228574,0.7764444063481674,0.7455035494132785,0.7752262353897095,336852000,0.0069619461303527,0.6980691134929657,0.6859851270914078,0.7213250113979882,0.7044911881776167,67.5806703139792,0.0104454166871817,-0.008135796199935,0.0185812128871168,0.033871785591613,0.5376979268226537,-1.0,0.9613076448440552,1.0,0.7769318222999573,1
2016-02-25,NVDA,0.7781499935626506,0.7808298890207319,0.7630450068017501,0.7769318222999573,349616000,0.0022001150533694,0.7138075351715087,0.6902851730585098,0.7314353406528916,0.7113902961892682,67.85366256993527,0.0146260945424742,-0.0035834180514532,0.0182095125939274,0.0336332927674269,0.5339119706090346,0.0,0.0,0.0,0.7718155980110168,0
2016-02-26,NVDA,0.7805862331069148,0.7825352373124034,0.7640194650178633,0.7718155980110168,361964000,-0.0065851650583635,0.7293510496616363,0.6947070330381393,0.7387772056270961,0.7171450868389585,66.05676225893257,0.0173267434084148,0.0005986142405204,0.0167281291678944,0.0335291979740615,0.5322595169929057,0.0,0.0,0.0,0.7668030858039856,0
2016-02-29,NVDA,0.7729160165356497,0.7829411576426835,0.7663140886556784,0.7668030858039856,323344000,-0.0064944427398831,0.7433457016944885,0.6973677724599838,0.7438728202047123,0.7218744200737229,64.26124181500637,0.0188453221055748,0.0042479558135313,0.0145973662920435,0.0324378244045025,0.5149344986777737,0.0,0.90162992477417,1.0,0.8007907271385193,1
2016-03-01,NVDA,0.768759088725424,0.8007907271385193,0.7675364795155549,0.8007907271385193,348700000,0.0443238191965515,0.7576694130897522,0.7017157226800919,0.7542215305563136,0.7293902588417988,70.1800043225207,0.0225315950704285,0.0079046836649107,0.0146269114055178,0.0336383608366721,0.5339924237141349,0.0,0.0,0.0,0.8054366111755371,1
2016-03-02,NVDA,0.796389523197145,0.8083708270808424,0.7949224152444924,0.8054366111755371,233812000,0.0058016206726307,0.7708253800868988,0.7078064620494843,0.7635333633961724,0.7366327685878691,70.88969680855499,0.0255335421874928,0.0114304553694271,0.0141030868180656,0.0316393580204659,0.502259237783339,0.0,0.0,0.0,0.7983456254005432,0
2016-03-03,NVDA,0.8044584970052875,0.8078817097677219,0.7875868734368635,0.7983456254005432,302004000,-0.008803902972134,0.7774738967418671,0.7133721172809601,0.7698628655787852,0.7425101835224095,68.22097393368759,0.0270288518363328,0.0145501346628083,0.0124787171735245,0.0318740494120745,0.5059848481256028,0.0,0.0,0.0,0.7959004044532776,0
2016-03-04,NVDA,0.8044584357072597,0.8051919895714891,0.7897874750171056,0.7959004044532776,175304000,-0.0030628600814825,0.7829033970832825,0.7188033133745193,0.7745969635559656,0.7475949664682064,67.28037402297637,0.0276973092709831,0.0171795695844432,0.0105177396865398,0.0319263972089934,0.5068158436395799,0.0,0.0,0.0,0.7907654643058777,0
2016-03-07,NVDA,0.7914990181115743,0.7968783932542789,0.7804957693233364,0.7907654643058777,239968000,-0.0064517370749763,0.7851882040500641,0.7261460602283478,0.7775366909650405,0.7517064424527465,65.24594517022494,0.0274957657761617,0.0192428088227869,0.0082529569533747,0.0275086421910092,0.4366861568548173,0.0,0.0,0.0,0.7763389945030212,0
2016-03-08,NVDA,0.7826964218823012,0.7873422431667303,0.7738938346107759,0.7763389945030212,274940000,-0.0182436771129348,0.7858354568481445,0.7342414379119873,0.7773189279719461,0.7540523997908679,59.777068944331,0.025873689768582,0.0205689850119459,0.005304704756636,0.0251194972963423,0.3987596574304869,0.0,0.8871198892593384,2.0,0.7758498787879944,0
2016-03-09,NVDA,0.7831853573423088,0.7844079079527605,0.7658246839557237,0.7758498787879944,222788000,-0.0006300285294054,0.785897821187973,0.7419834673404694,0.7770518281203185,0.7561283501715467,59.594684279309575,0.0242689578563897,0.0213089795808347,0.0029599782755549,0.025278871476671,0.4012896441098149,0.0,0.0,0.0,0.7746275067329407,0
2016-03-10,NVDA,0.7804958797112845,0.7848972031679569,0.7589784926916173,0.7746275067329407,286084000,-0.0015755265141798,0.7856673896312714,0.74973746240139,0.7766110424135224,0.7578901746059652,59.10929967521651,0.0226376087828286,0.0215747054212335,0.001062903361595,0.0252570374671697,0.4009430399542311,0.0,0.0,0.0,0.7878313660621643,1
2016-03-11,NVDA,0.7861197596937992,0.7880759228985162,0.7768281739373574,0.7878313660621643,277400000,0.0170454304997662,0.7872689664363861,0.7583100080490113,0.7786511012587299,0.7607417166494127,62.64822856581042,0.0221548071613404,0.0216907257692549,0.0004640813920855,0.0249732334855178,0.3964377914149855,0.0,0.0,0.0,0.7897874712944031,1
2016-03-14,NVDA,0.7841635972266308,0.792966185258675,0.7804958279227726,0.7897874712944031,190312000,0.0024828983923501,0.7895674049854279,0.7664565533399582,0.7806758958106704,0.7635079789965546,63.15694865508506,0.0216801099304232,0.0216886026014885,-8.49267106532714e-06,0.0250505088404523,0.3976644996447711,0.0,0.8583322763442993,2.0,0.7858750820159912,0
2016-03-15,NVDA,0.7856305835325919,0.7907654014672155,0.7719376774097225,0.7858750820159912,226216000,-0.004953724160754,0.788075840473175,0.7728726267814636,0.781621202393456,0.76563817928412,61.356974980339395,0.0207490299360658,0.021500688068404,-0.0007516581323381,0.0237179470572378,0.3765107371346857,0.0,0.0,0.0,0.8093487620353699,1
2016-03-16,NVDA,0.7800068404339839,0.8120384789902148,0.7763390710852026,0.8093487620353699,363644000,0.0298694799676839,0.7884670555591583,0.7796462178230286,0.7866625768738039,0.7698010919270962,67.36641031371161,0.0216556394014505,0.0215316783350133,0.0001239610664372,0.0239187273107786,0.3796980248489344,0.0,0.0,0.0,0.8025023341178894,0
2016-03-17,NVDA,0.8064146019768947,0.8103268115386842,0.7914990844080128,0.8025023341178894,353680000,-0.008459181305551,0.788882726430893,0.78317831158638,0.7895425327363649,0.772915495945267,64.22906933264878,0.0215730042552554,0.0215399435190617,3.306073619368036e-05,0.0160261770394233,0.2544076734804451,0.0,0.0,0.0,0.8267095685005188,1
2016-03-18,NVDA,0.8120386054157178,0.8374682631032612,0.8069037275279799,0.8267095685005188,545512000,0.0301646903111354,0.791963642835617,0.7874335199594498,0.7963001756025746,0.778038740950529,69.61692402397766,0.0231934768492411,0.0218706501850976,0.0013228266641434,0.0169188200585369,0.2685779421092408,0.0,0.8735685646533966,2.0,0.8291544914245605,1
2016-03-21,NVDA,0.8193738521706201,0.8293989899167465,0.810571265182632,0.8291544914245605,337780000,0.0029574145712094,0.7958025455474853,0.7904953747987747,0.8022736875702083,0.7829069076623416,70.10666304988445,0.0243938013444612,0.0223752804169703,0.0020185209274908,0.0153874590401029,0.2442683395758309,0.5,0.8014200031757355,2.0,0.8276876211166382,0
2016-03-22,NVDA,0.8264650700080807,0.8335559946916091,0.81741792363752,0.8276876211166382,242012000,-0.0017691157957815,0.8009374082088471,0.7933864325284958,0.8068944027604683,0.7871717375151318,69.3840532144065,0.0249392191854466,0.0228880681706656,0.002051151014781,0.0154383801318304,0.2450766868470236,0.0,0.0,0.0,0.8418691754341125,1
2016-03-23,NVDA,0.8313549845337926,0.8479820445823748,0.827687216407078,0.8418691754341125,429008000,0.0171339451692438,0.8075393378734589,0.7967185795307159,0.8132534523374945,0.7923810173169394,72.35119152438931,0.0262136253119948,0.0235531795989314,0.0026604457130634,0.0157152184319924,0.2494713586206623,0.25,0.7897917479276657,4.0,0.8430919051170349,1
2016-03-24,NVDA,0.8342893180394088,0.8445590126795074,0.8315996597063484,0.8430919051170349,244956000,0.0014523986845009,0.8143857777118683,0.8000265836715699,0.8186786255701382,0.7972106256788533,72.59777683491441,0.0270109005674782,0.0242447237926408,0.0027661767748374,0.0157212336684797,0.2495668475395991,0.0,0.7000682353973389,1.0,0.851650059223175,1
2016-03-28,NVDA,0.841624862306446,0.8553177701143291,0.8406468099552858,0.851650059223175,265388000,0.0101509148103517,0.8207676470279693,0.8040183067321778,0.8246734316888721,0.8023953336354553,74.32383441625214,0.0280104316442871,0.02499786536297,0.003012566281317,0.015560978059251,0.2470228686102655,0.0,0.0,0.0,0.8653427958488464,1
2016-03-29,NVDA,0.8479821222868862,0.8672989001642101,0.8460260179715227,0.8653427958488464,261812000,0.0160778907690808,0.8283231794834137,0.8089452922344208,0.8320678615361401,0.8083903300367307,76.8377206070532,0.029566630917974,0.0259116184739708,0.0036550124440031,0.0154982858800454,0.246027661118305,0.3333333333333333,0.8519144852956136,3.0,0.8743901252746582,1
2016-03-30,NVDA,0.8685217523874296,0.886371427879946,0.8680326970229862,0.8743901252746582,376700000,0.0104551970262107,0.8371746838092804,0.8126252621412278,0.839762818579507,0.8146760248212952,78.34628123547084,0.0311706579849676,0.0269634263761702,0.0042072316087974,0.0127101500018999,0.201767376188126,0.0,0.0,0.0,0.8712114095687866,0
2016-03-31,NVDA,0.8783023917056542,0.8802584965654433,0.8643649842623065,0.8712114095687866,379884000,-0.003635351788623,0.8433609485626221,0.8159140020608902,0.8454807442139214,0.8200603471781991,76.4620111337687,0.0318185804115174,0.0279344571832396,0.0038841232282777,0.0128331592180008,0.2037200869567582,0.0,0.0,0.0,0.8839263319969177,1
2016-04-01,NVDA,0.8658320983564143,0.8844153873969615,0.8592301710905477,0.8839263319969177,348292000,0.0145945315780753,0.8515033483505249,0.8201930373907089,0.852470851083557,0.8261428219228389,78.67168429657255,0.032977902843548,0.0289431463153013,0.0040347565282467,0.0126689827107405,0.2011138657007791,0.0,0.0,0.0,0.8753682374954224,0
2016-04-04,NVDA,0.8912618092101592,0.8959076314494242,0.8719450246021628,0.8753682374954224,393940000,-0.0096819092176623,0.8563692152500153,0.8241664290428161,0.8566340122493507,0.8308309567392754,73.65940848303535,0.0328276903403924,0.0297200551203195,0.0031076352200728,0.0129783275301672,0.2060245624701939,0.6666666666666666,0.7969097892443339,3.0,0.8741454482078552,0
2016-04-05,NVDA,0.8675435227709309,0.8822144811412531,0.864120252513424,0.8741454482078552,339568000,-0.0013968856021846,0.8608683109283447,0.8283354282379151,0.8598179096963514,0.8349561464029497,72.94430786765048,0.0322383533039786,0.0302237147570513,0.0020146385469272,0.0127945861935694,0.2031077591769924,0.0,0.0,0.0,0.8753682374954224,1
2016-04-06,NVDA,0.8631424355214795,0.875857292893269,0.8467598667061182,0.8753682374954224,453376000,0.001398839621111,0.8656363725662232,0.8332868903875351,0.8626452420234552,0.8388049169831852,73.22424807749451,0.0315067778105944,0.0304803273677599,0.0010264504428344,0.0116070074340959,0.1842555308177746,-0.6666666666666666,0.8229214946428934,3.0,0.8663211464881897,0
2016-04-07,NVDA,0.8697443593681082,0.8775688959198268,0.8626534350589119,0.8663211464881897,378104000,-0.010335183091767,0.8680815696716309,0.8378104537725448,0.8633135882897705,0.8414255102693761,67.64727012081984,0.0298528492632281,0.0303548317468536,-0.0005019824836254,0.0120950915559665,0.1920036260498688,0.0,0.0,0.0,0.8719449639320374,1
2016-04-08,NVDA,0.8734120717262732,0.8790359460726987,0.86338687399714,0.8719449639320374,255936000,0.0064916081832295,0.8709668755531311,0.8426763266324997,0.8648829293156372,0.8443321249039152,69.21678322715215,0.0286654565021146,0.0300169566979058,-0.0013515001957912,0.0119771826038753,0.1901318794623793,0.0,0.7628629207611084,1.0,0.8773241639137268,1
2016-04-11,NVDA,0.8770796071322222,0.8917506238370293,0.8743899489133241,0.8773241639137268,387524000,0.0061691966857999,0.8735342860221863,0.8471509665250778,0.8671449719698352,0.8474742238572306,70.68186387247852,0.0278376011293869,0.029581085584202,-0.0017434844548151,0.011692924903526,0.1856194283621028,0.0,0.0,0.0,0.8763464093208313,0
2016-04-12,NVDA,0.8802586195871657,0.881481229018315,0.8592302270680994,0.8763464093208313,292764000,-0.0011144735698761,0.8746346473693848,0.8514789134263993,0.8688179605791072,0.850223955806145,70.02944714720246,0.0267937613555443,0.0290236207384705,-0.0022298593829261,0.011768529045294,0.1868196069053312,0.0,0.0,0.0,0.8983526229858398,1
2016-04-13,NVDA,0.8802583928276989,0.898597121490195,0.8802583928276989,0.8983526229858398,350716000,0.0251113183450633,0.877030897140503,0.8571027904748917,0.8741878991985131,0.8548076383946873,75.50877972150774,0.0274260775931266,0.0287041121094017,-0.001278034516275,0.0123008628809895,0.1952701445676228,0.0,0.7318940162658691,1.0,0.9007977843284608,1
2016-04-14,NVDA,0.8959074644504491,0.9047100518903122,0.8922396953933347,0.9007977843284608,416564000,0.0027218280217116,0.8799895346164703,0.8616752415895462,0.8790260601312309,0.859187652293142,76.033094087145,0.0278039897656509,0.0285240876406515,-0.0007200978750006,0.011053706568324,0.1754721518715992,0.0,0.0,0.0,0.9078889489173888,1
2016-04-15,NVDA,0.900553467619549,0.9159579841747352,0.8976192517815238,0.9078889489173888,436972000,0.0078720937287988,0.8823857963085174,0.8669445723295212,0.8842738580923505,0.8638258710192607,77.53512887760598,0.0283488971641453,0.0284890495453503,-0.0001401523812049,0.0105665971467046,0.1677395295263107,0.0,0.0,0.0,0.9039766788482666,0
2016-04-18,NVDA,0.9061773407226044,0.9061773407226044,0.8951740896481385,0.9039766788482666,307320000,-0.0043091945042258,0.8852466404438019,0.8708079278469085,0.8878561891388806,0.867649757479166,74.7516696548337,0.0281406646399117,0.0284193725642626,-0.0002787079243508,0.0091793363883458,0.1457174477050141,0.0,0.0,0.0,0.8878386616706848,0
2016-04-19,NVDA,0.9073999462688992,0.9091115528415205,0.8822147865189756,0.8878386616706848,309152000,-0.0178522494608409,0.8866159617900848,0.8737421363592148,0.8878530023264813,0.8695725102593106,64.47027760016366,0.0263694649712615,0.0280093910456624,-0.0016399260744008,0.0104560573232257,0.1659847642289466,0.0,0.0,0.0,0.891261875629425,1
2016-04-20,NVDA,0.8863715544754078,0.8966412522177346,0.8853935019040498,0.891261875629425,200172000,0.0038556712007771,0.8882053256034851,0.8769208490848541,0.8884727974724711,0.8716381641040833,65.5525984979601,0.0249543430968481,0.0273983814558995,-0.0024440383590513,0.010382920939074,0.164823760123411,0.0,0.0,0.0,0.8902835845947266,0
2016-04-21,NVDA,0.8915061354071562,0.8956629597421653,0.8863713170599722,0.8902835845947266,178280000,-0.0010976471242053,0.8906015694141388,0.8793415695428848,0.8888020314946993,0.8734139184365256,64.94373463089862,0.0234832090888064,0.0266153469824809,-0.0031321378936745,0.0099375367313235,0.1577535050139109,0.0,0.0,0.0,0.8868604898452759,0
2016-04-22,NVDA,0.893217918144266,0.899330789610605,0.8839262742312131,0.8868604898452759,223540000,-0.0038449487429434,0.8920931220054626,0.8815299987792968,0.8884490239220768,0.8746945442849781,62.74758055913188,0.0217899289134465,0.025650263368674,-0.0038603344552275,0.0100466444204397,0.1594855358830689,0.0,0.0,0.0,0.891261875629425,1
2016-04-25,NVDA,0.8871051084782331,0.8961521967834423,0.8846599479012245,0.891261875629425,191972000,0.0049628840550977,0.8934868931770324,0.8835105895996094,0.888960451505231,0.8762723853654015,64.41391055042509,0.0205660743210773,0.0246334255591547,-0.0040673512380773,0.0099069248276515,0.1572675561082639,0.0,0.0,0.0,0.8919951915740967,1
2016-04-26,NVDA,0.8966410129196912,0.9069107079212134,0.8880829240355543,0.8919951915740967,214536000,0.0008227839254919,0.895051771402359,0.8848432093858719,0.8895122224268429,0.8777697954805154,64.69724637115536,0.0194313408061627,0.0235930086085563,-0.0041616678023936,0.0093645134789039,0.1486570428857532,0.0,0.0,0.0,0.912290096282959,1
2016-04-27,NVDA,0.8897945998960272,0.9127791516250636,0.8880829936444844,0.912290096282959,352396000,0.0227522579724315,0.8964455187320709,0.8867382079362869,0.8936536540370458,0.8810574431759862,71.46796211876514,0.0199398315526639,0.0228623731973778,-0.0029225416447138,0.0103329548068774,0.1640305723648031,0.0,0.9490854740142822,1.0,0.8851487040519714,0
2016-04-28,NVDA,0.906666146249748,0.9120455213734948,0.8829481009398479,0.8851487040519714,381224000,-0.0297508351143706,0.894880610704422,0.8874350726604462,0.8921072994943049,0.8814470870689372,55.99970097115308,0.017945861884885,0.0218790709348792,-0.0039332090499942,0.0125236371323955,0.198806576173996,0.0,0.0,0.0,0.8687660694122314,0
2016-04-29,NVDA,0.8814809232590971,0.8834370277137505,0.8592299290270822,0.8687660694122314,321904000,-0.0185083416659197,0.8909683227539062,0.8866770595312119,0.8878634394793824,0.8802393711016319,49.09278635798143,0.0148722468532853,0.0204777061185605,-0.0056054592652751,0.0127985510203347,0.2031706988506665,0.0,0.0,0.0,0.8802583813667297,1
2016-05-02,NVDA,0.8770796676626544,0.8856377564729826,0.8729229016566815,0.8802583813667297,256076000,0.0132283158368207,0.8885964930057526,0.8869215667247772,0.8864807016407182,0.8802411816030697,53.431847148184914,0.0132114252396753,0.0190244499427834,-0.0058130247031081,0.0129844145306674,0.2061211906075166,0.0,0.8690574169158936,1.0,0.8697442412376404,0
2016-05-03,NVDA,0.8702332965671565,0.8739010074982783,0.8621642625620317,0.8697442412376404,224024000,-0.0119443794590908,0.8867870509624481,0.8867015063762664,0.8834377088401586,0.8792414729968384,49.29235543919907,0.0109209193470373,0.0174037438236342,-0.0064828244765969,0.0132705249181943,0.2106630522049682,0.0,0.9439542293548584,1.0,0.8499385714530945,0
2016-05-04,NVDA,0.8592301575294984,0.8599637114693752,0.8411359824717941,0.8499385714530945,525764000,-0.0227718320461226,0.8826547205448151,0.8854300230741501,0.877346956587965,0.8764507204688627,42.597630643020885,0.0074219690569208,0.0154073888702915,-0.0079854198133707,0.0141890834576523,0.2252447169653308,0.0,0.0,0.0,0.8550732731819153,1
2016-05-05,NVDA,0.8570294361850662,0.8650984701171814,0.8487158454417987,0.8550732731819153,246884000,0.0060412621585608,0.879133689403534,0.8848676294088363,0.8732971959686832,0.874414773108201,44.694781351201435,0.0050056512289927,0.0133270413420318,-0.008321390113039,0.0141172640008594,0.2241046184335127,0.0,0.0,0.0,0.8638759255409241,1
2016-05-06,NVDA,0.8536062293239032,0.8660765872225467,0.851894623003936,0.8638759255409241,183240000,0.0102946175902003,0.8768352329730987,0.8844641774892807,0.8715842377090905,0.873411073339889,48.18941256939656,0.003757686153369,0.0114131703042992,-0.0076554841509302,0.0142422771019591,0.2260891398903211,0.0,0.0,0.0,0.8626532554626465,0
2016-05-09,NVDA,0.8660764676298845,0.8697441782955797,0.8555622743325033,0.8626532554626465,333336000,-0.0014153306535449,0.8739743709564209,0.8837306320667266,0.8699604227551916,0.872386519256342,47.73819947951819,0.0026395781687486,0.0096584518771891,-0.0070188737084405,0.0141597857624148,0.2247796304718167,0.0,0.0,0.0,0.8792804479598999,1
2016-05-10,NVDA,0.8680326992241457,0.8807475557597318,0.8597191660880557,0.8792804479598999,269676000,0.0192744795107,0.8727028965950012,0.8838773339986801,0.8716549727924112,0.8730430838947761,54.040507260559366,0.0030598727028724,0.0083387360423257,-0.0052788633394533,0.0148491412096936,0.2357228089423817,0.0,0.0,0.0,0.8817256689071655,1
2016-05-11,NVDA,0.881970225755456,0.8915063105165566,0.877079846653538,0.8817256689071655,328176000,0.0027809340614124,0.8696464538574219,0.8830459862947464,0.8734860084496392,0.873869996753099,54.90181465179047,0.0035493533085591,0.0073808594955724,-0.0038315061870133,0.0136763717846449,0.2171056714789866,0.0,0.0,0.0,0.8697442412376404,0
2016-05-12,NVDA,0.8880829707848916,0.8919952385293785,0.8540952285569068,0.8697442412376404,670540000,-0.0135886116192752,0.8681060075759888,0.8814933091402054,0.8728056871383666,0.8734770676563887,49.961096758884025,0.002936617635006,0.0064920111234591,-0.003555393488453,0.0139363511542639,0.2212327160271029,0.0,0.756765087445577,6.0,1.0020278692245483,1
2016-05-13,NVDA,0.9582594148713336,1.0025168664089663,0.9536136501331984,1.0020278692245483,2110256000,0.1520948592872189,0.8814321875572204,0.8862002551555633,0.8963006293358542,0.8857200011390706,75.826668306342,0.012975628469383,0.0077887345926439,0.005186893876739,0.0371340910150552,0.5894854199296453,0.1,0.7881813451647759,20.0,1.0316143035888672,1
2016-05-16,NVDA,0.994447835683986,1.0465298837451185,0.9912691207778296,1.0316143035888672,973032000,0.029526558365303,0.8965677797794342,0.8925821363925934,0.9209031155636748,0.8996146966104798,78.50312841231845,0.0230532513405427,0.0108416379422237,0.012211613398319,0.037430791407777,0.5941953926478687,0.3333333333333333,0.8385501901308695,3.0,1.0338152647018433,1
2016-05-17,NVDA,1.0269687195145254,1.04115069059573,1.0137648596299358,1.0338152647018433,628392000,0.0021335116286378,0.9129748821258544,0.8998809665441513,0.9414325972251598,0.9123957030953715,78.69213141189219,0.0308616849455857,0.0148456473428961,0.0160160376026896,0.0369897437142837,0.5871939775680559,0.0,0.0,0.0,1.0602223873138428,1
2016-05-18,NVDA,1.0269681410873894,1.0722037471974264,1.0269681410873894,1.0602223873138428,541072000,0.0255433668989357,0.9340032637119292,0.908328992128372,0.9630307408776476,0.926474434925702,80.86581712458346,0.0387342545602309,0.019623368786363,0.0191108857738678,0.0371718256377825,0.5900844384949658,0.0,0.0,0.0,1.064868450164795,1
2016-05-19,NVDA,1.056065802141836,1.072448488752156,1.0545988107324626,1.064868450164795,398880000,0.0043821587871986,0.9549827814102172,0.9170582354068756,0.9815466880207652,0.9396548173294252,81.22864532819595,0.0448314322970205,0.0246649814884945,0.020166450808526,0.0371110906369385,0.5891203002463019,0.0,0.7636029720306396,2.0,1.083941102027893,1
2016-05-20,NVDA,1.07147073810021,1.0883424275190443,1.069759130952733,1.083941102027893,391084000,0.0179108056588084,0.9769892990589142,0.9269122660160064,1.000163854203879,0.9533963682530888,82.68054320238929,0.0506189889938748,0.0298557829895706,0.0207632060043042,0.0370149580644079,0.5875942429674498,1.0,0.7134151458740234,1.0,1.0856525897979736,1
2016-05-23,NVDA,1.0885868064694308,1.0927435162585954,1.0790506605844348,1.0856525897979736,413636000,0.0015789490470272,0.9992892324924468,0.936631801724434,1.0157072606755329,0.9659921988764112,82.80903873168009,0.0547130738748482,0.0348272411666261,0.019885832708222,0.0370502246591079,0.5881540828024343,0.0,0.0,0.0,1.1120060682296753,1
2016-05-24,NVDA,1.088961883289357,1.1154382878288915,1.0860200475741608,1.1120060682296753,415788000,0.0242743200535318,1.0225617945194243,0.9476323455572128,1.033216134776286,0.97989828167196,84.69230752270722,0.0593994512049221,0.0397416831742853,0.0196577680306368,0.0370982651925873,0.5889167026290583,0.0,0.0,0.0,1.1073479652404783,0
2016-05-25,NVDA,1.115437952577157,1.1200957213461935,1.0985224607474495,1.1073479652404783,458076000,-0.0041889186779463,1.0451240241527555,0.9573852390050888,1.046694649406139,0.9920363467737238,82.96229702254931,0.062022610969176,0.0441978687332635,0.0178247422359125,0.037164583695281,0.5899694762217577,0.0,0.0,0.0,1.1191152334213257,1
2016-05-26,NVDA,1.1093091948485132,1.127205221088756,1.106122226467489,1.1191152334213257,309964000,0.0106265316325315,1.0700611233711244,0.9690835654735566,1.0598620283179911,1.0041390978830191,83.85926967668001,0.064309682195264,0.0482202314256636,0.0160894507696003,0.0359486641428233,0.5706673517213735,0.0,0.866363525390625,1.0,1.125243902206421,1
2016-05-27,NVDA,1.1203408835062765,1.126959952906612,1.116663531808278,1.125243902206421,277416000,0.0054763518555267,1.0823827266693116,0.981907457113266,1.071749641752251,1.015672888770962,84.32221328805112,0.0658575699000382,0.0517476991205385,0.0141098707794996,0.0352580067312866,0.5597035052089547,0.0,0.0,0.0,1.1453462839126587,1
2016-05-31,NVDA,1.130146960479156,1.147797851797167,1.1294114433549272,1.1453462839126587,412524000,0.017864910591224,1.0937559247016906,0.9951618522405624,1.0851308494177796,1.0280227359273142,85.76447613116227,0.067923397612253,0.0549828388188814,0.0129405587933716,0.0352709319753952,0.5599086870982324,0.0,0.0,0.0,1.1475528478622437,1
2016-06-01,NVDA,1.139953126839449,1.1585845538956248,1.1365210249316586,1.1475528478622437,387132000,0.0019265474386025,1.1051296830177306,1.0090522825717927,1.0964803036804094,1.0394065561115933,85.91761644007686,0.06894388997977,0.0577750490510591,0.0111688409287109,0.0348722979738076,0.5535805685042192,0.0,0.0,0.0,1.1556426286697388,1
2016-06-02,NVDA,1.1536813277334304,1.1654486657625485,1.1424043733869809,1.1556426286697388,329208000,0.0070495932475489,1.1146717071533203,1.0243374854326248,1.1072370900421056,1.050476658259988,86.49137874157097,0.0696030743209608,0.0601406541050395,0.0094624202159213,0.0338168587488016,0.5368259902243677,0.4,0.83270765542984,5.0,1.139462947845459,0
2016-06-03,NVDA,1.1443660850488366,1.14583688593318,1.1193605996594005,1.139462947845459,461076000,-0.0140005918982966,1.1221311569213868,1.038556969165802,1.1130963369154423,1.058951542982414,79.51363039423404,0.0680356450715697,0.0617196522983455,0.0063159927732242,0.0344184513711404,0.5463759770400457,0.0,0.9229227304458618,1.0,1.1335793733596802,0
2016-06-06,NVDA,1.1424047629941578,1.1512302695258585,1.1276957023385463,1.1335793733596802,322512000,-0.0051634627496257,1.1270949840545654,1.0520421415567398,1.116820525359849,1.0660589553992963,77.07844833794523,0.0655629222525653,0.0624883062891895,0.0030746159633758,0.0347015393398291,0.5508698592258742,0.0,0.0,0.0,1.1357853412628174,1
2016-06-07,NVDA,1.140443226568499,1.1468171625765695,1.135295074461331,1.1357853412628174,193400000,0.0019460197979777,1.1321082592010498,1.0656987458467484,1.1202686737058434,1.0726995635767749,77.35843599859938,0.0630544226430249,0.0626015295599566,0.0004528930830683,0.0346299741879604,0.5497337976595753,0.0,0.0,0.0,1.1321083307266235,0
2016-06-08,NVDA,1.1360306997099052,1.1401983190397007,1.122792558269817,1.1321083307266235,234616000,-0.0032374167922484,1.134118485450745,1.0783401399850845,1.1224213386187123,1.0783575414005695,75.69860779745392,0.0600771822492667,0.0620966600978186,-0.0020194778485519,0.0348275479496532,0.5528701838937594,0.0,0.0,0.0,1.161526799201965,1
2016-06-09,NVDA,1.1281863020942886,1.1632428507620003,1.1257347330672414,1.161526799201965,472168000,0.0259855595766704,1.1395363688468934,1.0923301964998244,1.129531422361122,1.0862784230959408,79.49023780685474,0.0594067186596056,0.061558671810176,-0.0021519531505703,0.0348470505995222,0.553179778862521,0.0,0.0,0.0,1.132598638534546,0
2016-06-10,NVDA,1.147798081912487,1.15809438853841,1.1311277208883834,1.132598638534546,400024000,-0.0249052890448111,1.1408847093582153,1.1054729163646697,1.130089098029017,1.0906898721853318,68.21868866461787,0.0558967674901385,0.0604262909461685,-0.00452952345603,0.0354128443797174,0.5621614766769824,0.0,0.0,0.0,1.1470623016357422,1
2016-06-13,NVDA,1.133824162752811,1.1693710777740385,1.133824162752811,1.1470623016357422,475588000,0.0127703341758476,1.1430665493011474,1.1127246379852296,1.1331751350484216,1.0960586749901329,70.4730839218489,0.053663602035066,0.059073753163948,-0.005410151128882,0.0140372301170657,0.2228341199156517,0.0,0.8131905794143677,3.0,1.1492689847946167,1
2016-06-14,NVDA,1.1443659650027995,1.1546622714964516,1.1316180901646324,1.1492689847946167,298344000,0.0019237692283389,1.1434588193893434,1.118607372045517,1.1361012895477298,1.1011263235429407,70.81324949762124,0.0514784516651607,0.0575546928641905,-0.0060762411990298,0.0130124600336726,0.2065663991655892,0.0,0.8289690613746643,1.0,1.1610361337661743,1
2016-06-15,NVDA,1.1588298159166874,1.1710873061542442,1.1460819419036408,1.1610361337661743,301036000,0.0102388119119567,1.1448071479797364,1.1249684154987336,1.140634897587447,1.1068320197546773,72.62438956481179,0.0501184801917107,0.0560674503296946,-0.0059489701379839,0.0130284707465411,0.2068205613529675,0.0,0.7828806638717651,1.0,1.1656943559646606,1
2016-06-16,NVDA,1.1524562112557104,1.167655540940572,1.1411792515226715,1.1656943559646606,246456000,0.004012125086388,1.1458123207092286,1.1302420139312743,1.1451911627469402,1.1124379565365805,73.32993343780144,0.0488534207774429,0.0546246444192442,-0.0057712236418013,0.0121819700704994,0.1933827797122419,0.0,0.8550652861595154,1.0,1.1453462839126587,0
2016-06-17,NVDA,1.1671647938754577,1.16740992728447,1.1406883984498457,1.1453462839126587,471000000,-0.0174557524001761,1.1464006543159484,1.1342659056186677,1.1452193665952526,1.1155720829533498,65.40071375690053,0.0456823351948518,0.0528361825743658,-0.0071538473795139,0.0131628174676143,0.2089532494334668,0.0,0.9002756178379059,2.0,1.1659393310546875,1
2016-06-20,NVDA,1.163733012868721,1.180893525197842,1.1629974955419171,1.1659393310546875,293768000,0.0179797563682488,1.1496366500854491,1.1383658170700073,1.1489866328606044,1.1203689637249057,69.04837609658071,0.0443200202204496,0.0511329501035825,-0.0068129298831329,0.0131667351003234,0.2090154399247253,0.0,0.93657124042511,1.0,1.1588298082351685,0
2016-06-21,NVDA,1.1708421649539564,1.1740291334360928,1.1571136403781372,1.1588298082351685,212508000,-0.0060976781811519,1.1519410967826844,1.142024677991867,1.1507763011105252,1.1240319012973117,66.44397645178347,0.0421804665515352,0.0493424533931731,-0.0071619868416378,0.0133436037788771,0.2118231431537444,0.3333333333333333,0.72510826587677,3.0,1.1578490734100342,0
2016-06-22,NVDA,1.1612811750801677,1.1688808955767176,1.1558878891552715,1.1578490734100342,202620000,-0.0008463148066822,1.1545151710510253,1.144316828250885,1.152062259710436,1.1272525843556662,66.0737402534096,0.0399452537302778,0.047463013460594,-0.0075177597303162,0.0124208592777082,0.1971750283112729,0.0,0.0,0.0,1.1887381076812744,1
2016-06-23,NVDA,1.168880897880426,1.1899638916793651,1.168145380722693,1.1887381076812744,297880000,0.0266779453217227,1.1572363018989562,1.148386335372925,1.1587305957051337,1.1331083484819149,71.4665485983149,0.0402028845531492,0.0460109876791051,-0.0058081031259558,0.0134721105253864,0.2138631245120899,0.0,0.0,0.0,1.1210767030715942,0
2016-06-24,NVDA,1.1399533847321328,1.1610363847190444,1.1105352615267536,1.1210767030715942,1017684000,-0.056918680550806,1.1560841083526612,1.1484844088554382,1.1518844334081264,1.1319624774904555,51.976680329285195,0.0345490885674113,0.0437186078567663,-0.009169519289355,0.0189718504032163,0.3011687884657862,0.0,0.0,0.0,1.1090642213821411,0
2016-06-27,NVDA,1.11176080639542,1.120341179057102,1.092638993351284,1.1090642213821411,449088000,-0.0107151291758543,1.1522843003273011,1.1476754248142242,1.1440989403124926,1.1297816911944256,49.40085182204862,0.0287674938732451,0.0407283850600621,-0.0119608911868169,0.0190827408199174,0.3029291192580139,0.0,0.7390517592430115,1.0,1.125243902206421,1
2016-06-28,NVDA,1.130146920906565,1.131372587908711,1.1097993290075132,1.125243902206421,381920000,0.014588587849418,1.1498817920684814,1.1466703057289125,1.140670751565934,1.1293495208146156,52.79417988563718,0.025200606541881,0.0376228293564259,-0.0124222228145448,0.0189298033299639,0.3005013118706817,-1.0,0.956490159034729,1.0,1.1436305046081543,1
2016-06-29,NVDA,1.13505024877012,1.1524560108106054,1.132108413369303,1.1436305046081543,318932000,0.0163401040127213,1.1481412291526794,1.146474188566208,1.1412088884827012,1.1307096145092383,56.37463272380072,0.0235855878095616,0.034815381047053,-0.0112297932374914,0.0193061733245388,0.3064760003102341,0.0,0.0,0.0,1.1524559259414673,1
2016-06-30,NVDA,1.1455916048793235,1.1595652635555471,1.1362759493257175,1.1524559259414673,430940000,0.0077170216234629,1.14681738615036,1.1463148534297942,1.143253804384295,1.1327806917884982,58.02051279373137,0.0227555003300934,0.0324034049036611,-0.0096479045735676,0.0193195566663013,0.3066884542743208,0.0,0.0,0.0,1.1438754796981812,0
2016-07-01,NVDA,1.1460819143919077,1.1610361058954652,1.139953110971649,1.1438754796981812,218488000,-0.0074453573886363,1.1466703057289125,1.1465354800224303,1.143366836259547,1.1338373382560871,55.815686053867694,0.0211613449084804,0.0301549929046249,-0.0089936479961445,0.0191233914195293,0.3035744275213259,0.0,0.0,0.0,1.160791039466858,1
2016-07-05,NVDA,1.137501608504973,1.16275222394333,1.128431086464836,1.160791039466858,371084000,0.0147879380832081,1.1461554765701294,1.1478960633277893,1.1465348732063307,1.1364043574190177,59.11425806906138,0.0210205971960744,0.0283281137629148,-0.0073075165668404,0.0193387295681174,0.3069928146550211,0.0,0.0,0.0,1.1681455373764038,1
2016-07-06,NVDA,1.1527010777591915,1.1750098585479325,1.1468174072970847,1.1681455373764038,273104000,0.0063357638536938,1.1470870494842529,1.1495140731334683,1.1504640848736167,1.1394273269387687,60.49514974668624,0.021257457400551,0.0269139824904421,-0.005656525089891,0.0193705281195586,0.3074976010100154,0.0,0.9242020845413208,1.0,1.1985442638397217,1
2016-07-07,NVDA,1.1759903504026172,1.202711883084555,1.1705970639362515,1.1985442638397217,395400000,0.0260230643277479,1.1511565685272216,1.1528358697891234,1.1592059355947266,1.145057511405526,65.65811190435505,0.023625751040442,0.0262563362004421,-0.00263058516,0.0200790263746171,0.3187446621332627,0.0,0.0,0.0,1.2465940713882446,1
2016-07-08,NVDA,1.2112922795478205,1.252477742327389,1.2066343928705348,1.2465940713882446,481932000,0.0400901401793771,1.1569421648979188,1.1570892333984375,1.1750946875571844,1.154727659975309,71.90776323279522,0.0290450455081541,0.0268140780619845,0.0022309674461696,0.0211463181547806,0.3356873938931994,0.0,0.8611236214637756,1.0,1.2752763032913208,1
2016-07-11,NVDA,1.2644896163345212,1.2845919561796908,1.2630186991632677,1.2752763032913208,448776000,0.0230084777084931,1.1723621249198914,1.1642231166362762,1.1933095267815728,1.1662084831482624,74.84998765472278,0.0352479751089358,0.0285008574713747,0.006747117637561,0.0204304479712429,0.3243233070333171,1.0,0.8363304138183594,1.0,1.294398069381714,1
2016-07-12,NVDA,1.289495051262347,1.3061652894887594,1.273314962881547,1.294398069381714,436760000,0.0149942142271777,1.1908955097198486,1.1715899050235747,1.2116892617997803,1.178417015170496,76.60888367582882,0.0412315169616714,0.0310469893694341,0.0101845275922373,0.0204743762590469,0.3250206469836192,0.0,0.0,0.0,1.2939079999923706,0
2016-07-13,NVDA,1.2968498349579067,1.3042044223717473,1.291946815647747,1.2939079999923706,324604000,-0.0003786079421282,1.2077619194984437,1.1788218557834624,1.2266381232893422,1.189416156582103,76.46129335990172,0.0454105084111129,0.0339196931777698,0.011490815233343,0.0205064992094485,0.3255305830124609,0.0,0.0,0.0,1.3071463108062744,1
2016-07-14,NVDA,1.3007724900798192,1.3189136522021092,1.2899857994327095,1.3071463108062744,316892000,0.0102312612751307,1.2241135001182557,1.1861273646354675,1.241275975565148,1.2006285522225004,77.71051212375498,0.0492231959260454,0.0369803937274249,0.0122428021986204,0.0205064199788232,0.3255293252652767,0.0,0.0,0.0,1.2919468879699707,0
2016-07-15,NVDA,1.2904759704048616,1.2978305582304066,1.2708638920663526,1.2919468879699707,428616000,-0.0116279430318159,1.238062596321106,1.192439991235733,1.2504888687296611,1.2093255365794024,72.92517447828448,0.0504369065912468,0.0396716963001893,0.0107652102910575,0.0208867811084548,0.3315673710096816,-0.5,0.8220162590344747,6.0,1.2985658645629885,1
2016-07-18,NVDA,1.3078816361685868,1.3098428204810286,1.2936628453332837,1.2985658645629885,252992000,0.0051232575074491,1.253531634807587,1.2001009702682497,1.259230140699357,1.217824615434982,73.68512030751586,0.0513410494720729,0.042005566934566,0.0093354825375068,0.0201868915963547,0.3204569694442458,0.5,0.9141494035720824,2.0,1.312049150466919,1
2016-07-19,NVDA,1.297830360765724,1.3171973027129058,1.2953787928978122,1.312049150466919,382652000,0.0103832129519807,1.2686574459075928,1.207406461238861,1.2688335970207318,1.226798380676119,75.21148086082727,0.0525399300978532,0.0441124395672235,0.0084274905306297,0.020030253443158,0.3179704158491489,0.0,0.7867287993431091,2.0,1.329209804534912,1
2016-07-20,NVDA,1.316461930769228,1.3363192586181143,1.311068644521132,1.329209804534912,296460000,0.0130792768410286,1.2847638726234436,1.2159254610538484,1.2798110892960373,1.2365518496150516,77.03708082538108,0.0542494194585427,0.0461398355454873,0.0081095839130553,0.0198733211150025,0.3154791923713539,0.0,0.0,0.0,1.3046941757202148,0
2016-07-21,NVDA,1.3262674288144811,1.330435046191529,1.3002814250087211,1.3046941757202148,361308000,-0.0184437616477521,1.295378863811493,1.2232677161693573,1.2843352868277058,1.2430415949584004,69.1967462941107,0.0530148732749071,0.0475148430913713,0.0055000301835358,0.0206179716123228,0.3273001525487746,0.0,0.0,0.0,1.3402416706085205,1
2016-07-22,NVDA,1.3093526358323544,1.3402416706085205,1.2997917301995878,1.3402416706085205,315768000,0.0272458446966568,1.3047436237335206,1.2308428943157197,1.294500083878763,1.252298745020317,73.42078234477935,0.0542791757343747,0.048867709619972,0.0054114661144027,0.0206480380073266,0.3277774417727755,0.0,0.0,0.0,1.3650016784667969,1
2016-07-25,NVDA,1.3483314381453635,1.368188646489764,1.3424477689038286,1.3650016784667969,312528000,0.0184742859450373,1.3137161612510682,1.2430391430854797,1.307318555622042,1.2630323577295053,75.8997922946002,0.0566263173111492,0.0504194311582074,0.0062068861529417,0.0144728724373788,0.2297497273563932,0.0,0.0,0.0,1.3882912397384644,1
2016-07-26,NVDA,1.3770142838635977,1.3954005766802984,1.3750530995586638,1.3882912397384644,514508000,0.0170619286694408,1.323105478286743,1.257000494003296,1.3220408618250277,1.274961775063692,77.98018339137762,0.0596777884791694,0.0522711026223998,0.0074066858567696,0.013693094462911,0.2173711357666698,0.0,0.0,0.0,1.374317646026611,0
2016-07-27,NVDA,1.4003036607376609,1.402755228905256,1.3659825246717543,1.374317646026611,446676000,-0.0100653186535165,1.3311464428901671,1.2694541811943054,1.331545731679861,1.2844242389649223,73.86046323912142,0.0602737508534059,0.053871632268601,0.0064021185848048,0.0144763035944359,0.2298041952860878,0.5,0.6596035957336426,2.0,1.3772590160369873,1
2016-07-28,NVDA,1.3775041493915368,1.387555318311049,1.373091398318154,1.3772590160369873,221916000,0.0021402402995263,1.3381577134132383,1.2811356067657471,1.3398572379266112,1.293265646305119,74.16980417427534,0.0602884317929841,0.0551549921734777,0.0051334396195064,0.0145047513580028,0.2302557895326122,0.0,0.0,0.0,1.3998137712478638,1
2016-07-29,NVDA,1.3824080066364572,1.4034910075934226,1.3576477693339333,1.3998137712478638,409588000,0.016376552956449,1.348944401741028,1.293503499031067,1.3507584258032024,1.3034130867758569,76.46937172482242,0.0614121260297835,0.0564064189447388,0.0050057070850446,0.0145797669911353,0.2314466257908756,0.0,0.0,0.0,1.390742540359497,0
2016-08-01,NVDA,1.405696846696789,1.4108449987764464,1.3816720200945347,1.390742540359497,301120000,-0.0064803126492177,1.3581620693206786,1.3058468520641326,1.3580282648134376,1.3117301775933463,73.63022783315475,0.0608690290102007,0.0572989409578312,0.0035700880523694,0.0145209242765317,0.2305125266550207,0.0,0.0,0.0,1.3738272190093994,0
2016-08-02,NVDA,1.3973616628095198,1.3980971799329431,1.360589079759683,1.3738272190093994,282748000,-0.0121627985476917,1.3643398761749268,1.3164986610412597,1.360900801939976,1.3176441815377324,68.52136105865688,0.0584004911349049,0.057519250993246,0.0008812401416589,0.0152760813156307,0.2425002730125561,0.0,0.0,0.0,1.377504587173462,1
2016-08-03,NVDA,1.3721113009678525,1.3802012887248676,1.3645115800757468,1.377504587173462,299828000,0.0026767326437993,1.3691693544387815,1.326966613531113,1.3639196719824278,1.323345172550659,69.02454602357132,0.0560942701330469,0.0572342548212061,-0.0011399846881592,0.0153260822106585,0.2432940126140005,0.0,0.0,0.0,1.403000831604004,1
2016-08-04,NVDA,1.3841241478503326,1.409374770694997,1.3814275622406962,1.403000831604004,272712000,0.0185090087306776,1.3790000200271606,1.3371894419193269,1.371025337368169,1.3309314257938347,72.32737341655087,0.0556820393296624,0.0569238117228974,-0.001241772393235,0.0149587075351905,0.2374621204383737,0.0,0.7318687438964844,1.0,1.4267802238464355,1
2016-08-05,NVDA,1.4191805019266577,1.427515624243244,1.4123162973009062,1.4267802238464355,371588000,0.0169489509248867,1.3876538753509522,1.3461987495422365,1.3811625894551265,1.3400598827512251,75.00433485795648,0.0566214448981485,0.0568633383579476,-0.000241893459799,0.0131300619410704,0.2084332715696792,0.0,0.8319167792797089,2.0,1.4400179386138916,1
2016-08-08,NVDA,1.4463918744159647,1.449823975709822,1.4248184992871709,1.4400179386138916,305064000,0.0092780335374769,1.3951555013656616,1.3544358313083649,1.3918635620294473,1.3495796975952887,76.37449039435953,0.0577681878190314,0.0570443082501644,0.000723879568867,0.0125887887711836,0.1998408263764468,0.3333333333333333,0.7510607242584229,3.0,1.4436954259872437,1
2016-08-09,NVDA,1.447127527881814,1.457669083898454,1.4400181906569474,1.4436954259872437,372344000,0.0025537788625686,1.4006959199905396,1.361900699138641,1.401287537294501,1.3585431002992845,76.75568330090141,0.0583016670168106,0.0572957800034936,0.0010058870133169,0.0124361565738773,0.1974178653596424,0.0,0.7527608275413513,1.0,1.4343795776367188,0
2016-08-10,NVDA,1.4564432222375678,1.4586495399387738,1.4297216919144418,1.4343795776367188,375740000,-0.0064527795702853,1.4067021131515502,1.3689242780208588,1.4073042719021769,1.3657656219504688,73.51957878958622,0.057312083989766,0.0572990408007481,1.30431890179028e-05,0.0126606081400184,0.2009809235119725,0.0,0.9210482637087504,3.0,1.463552713394165,1
2016-08-11,NVDA,1.4419794502612602,1.4696815171958386,1.43903761508468,1.463552713394165,681064000,0.0203385046833362,1.415331482887268,1.3767445981502533,1.4175312612643565,1.37507867827844,76.81602027554328,0.0582108422029061,0.0574814010811797,0.0007294411217264,0.0130654694057077,0.2074078968589534,0.1,0.7974666386842728,10.0,1.5454329252243042,1
2016-08-12,NVDA,1.51748573065931,1.553768045224588,1.4863515681326909,1.5454329252243042,1425744000,0.0559461993276952,1.429893398284912,1.38941890001297,1.4407861092570742,1.3913028922732842,83.15449799253457,0.0647833808668543,0.0589417970383146,0.0058415838285396,0.0165959225191886,0.2634521025808188,0.4615384615384615,0.7907517735774701,13.0,1.543962001800537,0
2016-08-15,NVDA,1.5471489697494845,1.5567098735963267,1.523124143434126,1.543962001800537,573304000,-0.0009517872951707,1.445215344429016,1.4016887068748474,1.459545362446795,1.4058418550854035,82.71698849630388,0.0690771949786857,0.0609688766263888,0.0081083183522968,0.0167281190399315,0.2655506572892611,0.0,0.7268667817115784,1.0,1.5346466302871704,0
2016-08-16,NVDA,1.5417559676811483,1.5442074189939246,1.5299887442059688,1.5346466302871704,287652000,-0.0060334201894238,1.4612972855567932,1.41281858086586,1.473200138417772,1.418108976533191,79.85162135675198,0.0709109832933998,0.062957297959791,0.0079536853336087,0.0170472503152635,0.2706167092299293,0.0,0.0,0.0,1.4990997314453125,0
2016-08-17,NVDA,1.5346467723985489,1.5380788746925789,1.4870873734162071,1.4990997314453125,595212000,-0.0231629211183334,1.4734567999839785,1.42131307721138,1.4779091553318702,1.4258223817629168,69.90090029121963,0.0687039596062224,0.0641066302890773,0.004597329317145,0.0183552112197911,0.2913799448977792,0.0,0.0,0.0,1.5223888158798218,1
2016-08-18,NVDA,1.4968930710718065,1.5248402668590284,1.491009401686206,1.5223888158798218,331684000,0.0155353802992519,1.48539559841156,1.4321978092193604,1.4859963663405886,1.435019185012146,72.33344730585976,0.0680496775884662,0.0648952397489551,0.0031544378395111,0.017508128847974,0.2779329291228913,0.0,0.8993721008300781,1.0,1.526311278343201,1
2016-08-19,NVDA,1.5216533926085158,1.5378333675196538,1.5150343225900682,1.526311278343201,291560000,0.0025765181814687,1.4953487038612363,1.4415012896060944,1.4933263503410634,1.443713670091294,72.73314700197503,0.0670744715592293,0.0653310861110099,0.0017433854482193,0.0169321456501533,0.2687894793181793,0.0,0.7955031991004944,1.0,1.5326852798461914,1
2016-08-22,NVDA,1.530969228913076,1.534891714543913,1.5128280689499134,1.5326852798461914,244748000,0.0041760822929313,1.5046154379844665,1.449885469675064,1.5004825193419955,1.4521871567346176,73.40551706603694,0.0660545071655158,0.0654757703219111,0.0005787368436047,0.0167072169110632,0.2652188462801172,0.0,0.0,0.0,1.5450881719589231,1
2016-08-23,NVDA,1.548281013203687,1.5551578660039118,1.540667287824801,1.5450881719589231,339764000,0.0080922628251354,1.5147547125816343,1.457725316286087,1.5085926379996188,1.4610348724702658,74.71222766299078,0.065492036345639,0.0654790235266567,1.3012818982319208e-05,0.0165122135403912,0.2621232637384115,0.0,0.0,0.0,1.521264910697937,0
2016-08-24,NVDA,1.5504917742327875,1.551228529822572,1.5141424715461471,1.521264910697937,298448000,-0.0154187066429886,1.5234432458877565,1.4650726795196534,1.5108966875811312,1.466771066587187,67.81929459613869,0.0624045749890684,0.064864133819139,-0.0024595588300705,0.0168182305372919,0.2669811329629607,0.0,0.9126019477844238,1.0,1.511194944381714,0
2016-08-25,NVDA,1.5217559257327893,1.5224926811906572,1.4922835993910104,1.511194944381714,406032000,-0.0066194692623278,1.5282074689865113,1.4717694759368896,1.510950916090328,1.4710019120914275,65.08584898170062,0.0584711583797594,0.0635855387312631,-0.0051143803515036,0.0170156755737155,0.2701154757468461,1.0,0.8891181349754333,1.0,1.5234752893447876,1
2016-08-26,NVDA,1.5151248077680015,1.5320713560984458,1.5030901972002542,1.5234752893447876,300024000,0.0081262480454484,1.5260117053985596,1.4779525518417358,1.513228074863866,1.4759993765917474,66.84104350930092,0.0557027123908338,0.0620089734631772,-0.0063062610723434,0.0168187690353126,0.2669896813540253,0.0,0.0,0.0,1.522492527961731,0
2016-08-29,NVDA,1.5296150822340218,1.5357550617694826,1.5200365595700671,1.522492527961731,274652000,-0.0006450786500641,1.523864758014679,1.4845400512218476,1.5149125208816596,1.480427295769841,66.55269902878173,0.0528205163360091,0.0601712820377436,-0.0073507657017345,0.0166705287036251,0.264636439042536,0.0,0.0,0.0,1.513650894165039,0
2016-08-30,NVDA,1.520527746271198,1.5286326411427718,1.509475595607669,1.513650894165039,285544000,-0.0058073413394867,1.5217651844024658,1.4915312349796297,1.5146831342059104,1.483591447997955,63.88264272814297,0.0492551268011709,0.0579880509904291,-0.0087329241892581,0.0163910963155495,0.2602005873999073,0.0,0.0,0.0,1.506528377532959,0
2016-08-31,NVDA,1.5165981879263453,1.520773369475641,1.5021076108469529,1.506528377532959,388544000,-0.004705521371894,1.5225080490112304,1.4979824244976043,1.5132004511744646,1.4857759174774792,61.73399718921695,0.0453322404906768,0.0554568888904786,-0.0101246483998018,0.0165283185980284,0.2623789236025625,0.0,0.0,0.0,1.5509827136993408,1
2016-09-01,NVDA,1.507756563493469,1.5566315237178725,1.506528520580704,1.5509827136993408,428492000,0.0295077987440095,1.5253674387931824,1.5053815186023711,1.5200699534517146,1.491986088546228,68.78976501019409,0.045288362186717,0.0534231835497263,-0.0081348213630092,0.0171849045463155,0.2728019024036046,0.0,0.6195111870765686,1.0,1.5357553958892822,0
2016-09-02,NVDA,1.5541756898410024,1.555894903222981,1.5183176768881614,1.5357553958892822,323148000,-0.0098178514019275,1.5263118505477906,1.5108302772045137,1.5229218520767267,1.4961545940074712,64.4087946008535,0.0435231630954993,0.0514431794588809,-0.0079200163633816,0.0172609278464581,0.2740087348797476,0.0,0.0,0.0,1.5502455234527588,1
2016-09-06,NVDA,1.5411582888306032,1.5502455234527588,1.5332989797569865,1.5502455234527588,306812000,0.0094351793275555,1.5280678749084473,1.516341656446457,1.5278897923269144,1.5013061110974986,66.58933950876602,0.0428000895037912,0.049714561467863,-0.0069144719640717,0.0172635759309441,0.2740507719177511,0.0,0.7921823263168335,1.0,1.52740478515625,0
2016-09-07,NVDA,1.5453337901183883,1.552947515659883,1.5185631338117869,1.52740478515625,397988000,-0.0147336263520614,1.52629953622818,1.5205271244049072,1.527801609204975,1.503791699103094,60.316278796683925,0.0399237753498391,0.0477564042442582,-0.007832628894419,0.0177567676016874,0.281879946974603,0.0,0.0,0.0,1.5384570360183716,1
2016-09-08,NVDA,1.5259312551223572,1.5409131220073502,1.5084935364736374,1.5384570360183716,315808000,0.0072359671578421,1.5280187487602237,1.52573099732399,1.5297389595346838,1.507093159761692,62.17322523247988,0.0380969421031247,0.0458245118160315,-0.0077275697129067,0.0176378978106553,0.2799929475417881,0.0,0.0,0.0,1.4618293046951294,0
2016-09-09,NVDA,1.5215108499284502,1.5301069187109768,1.449057935582431,1.4618293046951294,697760000,-0.0498081711281062,1.523082184791565,1.525644826889038,1.5173917495638556,1.502782316422019,46.07515799153764,0.030118755811644,0.042683360615154,-0.01256460480351,0.0208308695805778,0.3306798030205767,-1.0,0.7155905961990356,1.0,1.4920378923416138,1
2016-09-12,NVDA,1.442426178292482,1.4949851483888643,1.4077960954062092,1.4920378923416138,598260000,0.0206649213758816,1.5199384450912476,1.5229750752449036,1.5127819573416297,1.5017590379381711,51.415811800764374,0.0259346082352844,0.0393336101391801,-0.0133990019038956,0.0169980342450541,0.2698354283362369,0.0,0.0,0.0,1.4704251289367676,0
2016-09-13,NVDA,1.488354136337276,1.5055463881558038,1.4620746467778143,1.4704251289367676,471768000,-0.0144853984712994,1.5147317051887512,1.5192982316017152,1.505080715813473,1.4987748561285137,47.77053733275859,0.0206367837572909,0.0355942448628022,-0.0149574611055113,0.0172378212013873,0.2736419282608047,0.0,0.8292598724365234,1.0,1.4834420680999756,1
2016-09-14,NVDA,1.473863542942487,1.4883541232746391,1.4615834635621443,1.4834420680999756,319048000,0.0088525004823742,1.5117108225822449,1.5167380034923554,1.5011464162292003,1.4973145906019862,50.066722305688565,0.0172892778601183,0.0319332514622655,-0.0146439736021471,0.017388591894755,0.2760353388186909,0.0,0.0,0.0,1.5396846532821655,1
2016-09-15,NVDA,1.4858976498122742,1.541403866154029,1.4824591069559536,1.5396846532821655,515212000,0.037913570331888,1.5150264501571655,1.518767249584198,1.5081533684206487,1.5013498346667653,58.54664804940726,0.0189561472388601,0.0293378306175844,-0.0103816833787242,0.0187063809284556,0.2969545912004117,0.0,0.5218188762664795,1.0,1.543368935585022,1
2016-09-16,NVDA,1.545088148759264,1.5534386294788132,1.5256855164266654,1.543368935585022,902444000,0.0023928810974394,1.5142650723457336,1.519816255569458,1.5145561988141711,1.5053516538018374,59.03739973571321,0.0203399774231296,0.0275382599786934,-0.0071982825555638,0.0184161157255275,0.2923467739531898,-0.25,0.6926004663109778,4.0,1.5637538433074951,1
2016-09-19,NVDA,1.559578544878242,1.602804688571133,1.5524561078600692,1.5637538433074951,417128000,0.0132080588461152,1.517064917087555,1.521688383817673,1.5235012250856843,1.5109137670880906,61.73654850588035,0.0228185267314224,0.0265943133292392,-0.0037757865978168,0.0186209754413769,0.2955988211239471,0.0,0.0,0.0,1.5495089292526243,0
2016-09-20,NVDA,1.5816829242218968,1.5816829242218968,1.540912863956004,1.5495089292526243,331112000,-0.0091094350404545,1.5169912576675415,1.5225295662879943,1.528229898570583,1.5145894968180462,58.81980235955007,0.0233640234816177,0.0259482553597149,-0.0025842318780972,0.0187524192160951,0.2976854263596997,0.0,0.9016198913256328,3.0,1.5929807424545288,1
2016-09-21,NVDA,1.5541754783802375,1.5959279984548114,1.5539298932323162,1.5929807424545288,336212000,0.0280552195480876,1.5235488533973691,1.5249241948127747,1.5400027792767546,1.5220553297358064,64.35449671739451,0.0269929872480862,0.0261572017373892,0.000835785510697,0.0196744441010714,0.31232211764926,0.0,0.0,0.0,1.59691059589386,1
2016-09-22,NVDA,1.6023139384676566,1.607225993553979,1.5878233583961103,1.59691059589386,308732000,0.0024669811345465,1.5293942093849182,1.5287064790725708,1.550349655025319,1.52918440270324,64.81487789682637,0.0298420726699888,0.0268941759239091,0.0029478967460796,0.0192568540586914,0.3056930812365748,0.0,0.9358905553817748,1.0,1.5951915979385376,0
2016-09-23,NVDA,1.5988757275853838,1.6035420810019576,1.588069158090733,1.5951915979385376,276132000,-0.0010764522195184,1.542730438709259,1.532906311750412,1.558502735554995,1.5354708022494588,64.42292225467159,0.0315970534608556,0.0278347514312984,0.0037623020295571,0.0191567123534914,0.3041033809496228,0.0,0.0,0.0,1.580209493637085,0
2016-09-26,NVDA,1.577016652254955,1.5865951764013453,1.5603156898465602,1.580209493637085,230040000,-0.0093920406306139,1.551547598838806,1.5357430219650268,1.5624494188426477,1.5397316300006612,60.96266568695754,0.0314168044101554,0.0285511620270698,0.0028656423830856,0.0193043105262986,0.3064464293049165,0.0,0.0,0.0,1.6342424154281616,1
2016-09-27,NVDA,1.5740697048086436,1.6366985017943347,1.573332949166378,1.6342424154281616,402752000,0.0341935180168497,1.5679293274879456,1.5413305163383484,1.5755026909491046,1.5487326571842326,67.70067551242676,0.0352278759302893,0.0298865048077137,0.0053413711225755,0.0205819048710077,0.3267276107800527,0.0,0.0,0.0,1.6401365995407104,1
2016-09-28,NVDA,1.6366981730089056,1.6413646424771036,1.619260338072507,1.6401365995407104,319788000,0.0036066767432447,1.583598780632019,1.547654801607132,1.5872543106930328,1.557437794551516,68.34258944638927,0.0382824922250673,0.0315657022911844,0.0067167899338828,0.0204591205190573,0.3247784696191471,1.0,0.5514387488365173,1.0,1.655363917350769,1
2016-09-29,NVDA,1.6374349122626854,1.660521674209941,1.622207578185347,1.655363917350769,336684000,0.0092841765828057,1.5951667070388793,1.5550965785980224,1.599637875539894,1.5667640919609689,70.00129851013168,0.0414541572132305,0.0335433932755936,0.0079107639376368,0.0203768771487451,0.3234728965901676,1.0,0.8913999795913696,1.0,1.6828714609146118,1
2016-09-30,NVDA,1.6644511695127762,1.6993268369125043,1.6546270609435088,1.6828714609146118,429932000,0.0166172182899007,1.6091169595718384,1.561691015958786,1.6147712546989337,1.5778219366232205,72.77625268232026,0.0456610018362493,0.0359669149877248,0.0096940868485245,0.0197525147188391,0.313561450285148,0.0,0.0,0.0,1.68115234375,0
2016-10-03,NVDA,1.6828716742245344,1.707186363582336,1.6782052044957492,1.68115234375,242596000,-0.0010215380107981,1.620856809616089,1.568960863351822,1.626840543617309,1.5876629277781518,72.32596924605895,0.0482994718743576,0.0384334263650513,0.0098660455093062,0.0195187461706732,0.3098504896283736,0.0,0.0,0.0,1.6774680614471436,0
2016-10-04,NVDA,1.6836081583696108,1.711852440255309,1.6649422824633275,1.6774680614471436,281624000,-0.0021915219739325,1.6336527228355409,1.5753219902515412,1.636045546859097,1.596215797651389,71.30769493697512,0.0495223250609739,0.0406512061042359,0.008871118956738,0.0195438895739958,0.3102496287822069,-0.5,0.7960019707679749,2.0,1.6757487058639526,0
2016-10-05,NVDA,1.6917129096597976,1.7089051561582302,1.6705910670482025,1.6757487058639526,305440000,-0.0010249706821289,1.641929519176483,1.5827391862869262,1.643264303041798,1.6037903603383,70.80668965821131,0.0497788873679432,0.0424767423569773,0.0073021450109658,0.0190822995537982,0.3029221143755338,0.0,0.9377308487892152,1.0,1.65389084815979,0
2016-10-06,NVDA,1.6556100618678726,1.6659253441163682,1.6273656526294935,1.65389084815979,360212000,-0.0130436369293769,1.647627544403076,1.5885108768939973,1.64519640215416,1.608561835368918,64.5934127514907,0.0476689701862573,0.0435151879228333,0.004153782263424,0.0194817354449914,0.309262962572398,-0.6666666666666666,0.8099408149719238,3.0,1.6418557167053225,0
2016-10-07,NVDA,1.6649423604176272,1.669363244462307,1.6371892475102627,1.6418557167053225,286260000,-0.0072768595750187,1.6522939562797547,1.5975121974945068,1.644589004799826,1.6117326812104802,61.39868806874261,0.0445125975753351,0.0437146698533337,0.0007979277220013,0.0151643649047637,0.2407268299694439,-1.0,0.938675820827484,1.0,1.6479960680007937,1
2016-10-10,NVDA,1.650452036995864,1.659293806448434,1.632523030015112,1.6479960680007937,287876000,0.0037398848345777,1.6590726137161256,1.6053101062774655,1.6452084708363657,1.615186337095272,62.41993278429312,0.0420222185951877,0.0433761796017045,-0.0013539610065167,0.014765918213351,0.2344016848322758,1.0,0.8997318744659424,1.0,1.6241724491119385,0
2016-10-11,NVDA,1.6425927424597009,1.6450487113051613,1.61164666837348,1.6241724491119385,388540000,-0.014456113914007,1.6580656170845032,1.6129974722862244,1.6413837396137425,1.6160421572873354,56.20673326421429,0.0376917216641072,0.042239288014185,-0.0045475663500778,0.0147638766855106,0.2343692765825143,0.0,0.0,0.0,1.6315401792526243,1
2016-10-12,NVDA,1.6175407738851666,1.6401362437172418,1.6040326558532547,1.6315401792526243,419920000,0.0045362979434322,1.657205975055695,1.6204023778438568,1.6395940013662662,1.6175181593792676,57.61195873372815,0.0344570860550921,0.0406828476223664,-0.0062257615672743,0.0147374585875915,0.233949902279282,0.0,0.0,0.0,1.6050152778625488,0
2016-10-13,NVDA,1.6123834180623609,1.6160674296059592,1.564490799545121,1.6050152778625488,390116000,-0.0162575839243052,1.6521711111068726,1.623668909072876,1.6333069607292263,1.6163274087586277,51.23765613905773,0.0294142074920673,0.0384291195963066,-0.0090149121042393,0.0132477432122225,0.2103014038343098,0.0,0.9260638952255248,1.0,1.6207340955734253,1
2016-10-14,NVDA,1.624663692748479,1.6357158458331835,1.6111555707075231,1.6207340955734253,330636000,0.0097935626705121,1.6459573745727538,1.6275371670722962,1.6310209852463535,1.61674709321718,54.45371353793101,0.0263819523954988,0.0360196861561451,-0.0096377337606462,0.0133574191472156,0.2120424553271103,0.0,0.0,0.0,1.6114009618759155,0
2016-10-17,NVDA,1.6204883152789575,1.635715648889676,1.6091905783701612,1.6114009618759155,195328000,-0.005758584164423,1.6389822363853457,1.629919523000717,1.62745370826991,1.6162379378513452,52.25018176435401,0.0229610814420271,0.0334079652133215,-0.0104468837712943,0.0132323026922428,0.2100562931784302,1.0,0.9508237242698668,1.0,1.635961413383484,1
2016-10-18,NVDA,1.6337510296354203,1.6452943529644235,1.627119761278602,1.635961413383484,269372000,0.0152416760872331,1.6348315715789794,1.63424214720726,1.6290005637451053,1.6181163640925011,57.16273320048457,0.0219784854427083,0.0311220692591988,-0.0091435838164905,0.0133166000547775,0.2113944723231032,0.0,0.0,0.0,1.6325230598449707,0
2016-10-19,NVDA,1.6249094504197656,1.6401367863828094,1.616558851191099,1.6325230598449707,199060000,-0.0021017326633653,1.6305090069770811,1.6362192630767822,1.6296410175814444,1.619488430354641,56.28963580375595,0.0206838935889708,0.0290344341251532,-0.0083505405361824,0.0119431591888627,0.1895917744931202,0.0,0.0,0.0,1.6634684801101685,1
2016-10-20,NVDA,1.6516795748916189,1.6688718210494753,1.6283473495676528,1.6634684801101685,312084000,0.0189555792664493,1.631466770172119,1.6395471572875977,1.6357914653139396,1.6236770065218342,61.92610970279208,0.0219024788690045,0.0276080430739235,-0.0057055642049189,0.0125804892791865,0.1997090760254514,0.5,0.91316556930542,2.0,1.6588023900985718,0
2016-10-21,NVDA,1.6575743472268194,1.6617495290331177,1.6430837692554616,1.6588023900985718,279508000,-0.0028050366252131,1.633161437511444,1.6427276968955993,1.6399752698202363,1.6270222811481905,60.65600853905793,0.0222353863225899,0.0265335117236568,-0.0042981254010668,0.0126094976110816,0.2001695690183103,0.0,0.0,0.0,1.7366585731506348,1
2016-10-24,NVDA,1.670100192762206,1.7386233715553885,1.6698544904880706,1.7366585731506348,339836000,0.0469351765567667,1.6420276880264282,1.6505501508712768,1.6575540522439451,1.6374638327674709,71.2512019262785,0.0284535661798646,0.0269175226148983,0.0015360435649662,0.0158082985451735,0.25094895960956,0.5,0.865197479724884,2.0,1.7651482820510864,1
2016-10-25,NVDA,1.733711159100119,1.775709262822865,1.725360678805922,1.7651482820510864,397460000,0.0164048992363339,1.656125271320343,1.657095444202423,1.677116639481607,1.649624256508767,74.00940523791219,0.0352737856819835,0.0285887752283154,0.0066850104536681,0.0145181112079608,0.2304678705758637,0.5,0.7891614437103271,2.0,1.772270917892456,1
2016-10-26,NVDA,1.7504121999294155,1.791673550126174,1.7486929867639351,1.772270917892456,333792000,0.0040351487259151,1.670198345184326,1.6637021601200104,1.6944174173744886,1.6613048909262615,74.66386707095896,0.0407834695107958,0.0310277140848114,0.0097557554259843,0.0145178802634912,0.2304642044460648,0.0,0.0,0.0,1.7359215021133425,0
2016-10-27,NVDA,1.7857789146930392,1.789217340786452,1.7287990647930735,1.7359215021133425,388664000,-0.0205100785732801,1.6832889676094056,1.6677300393581391,1.7019636145997348,1.668411234848841,65.58716017927892,0.0417357359867645,0.033169318465202,0.0085664175215624,0.0154440771780222,0.2451671246516104,0.5,0.6500010192394257,2.0,1.7329747676849363,0
2016-10-28,NVDA,1.7442725062472009,1.7707975806487637,1.729781925980109,1.7329747676849363,290856000,-0.0016975044233387,1.6945130348205566,1.670235204696655,1.7076020060697714,1.6745601427379926,64.89838111097473,0.0417711256532857,0.0348896799028188,0.0068814457504669,0.0151015473375919,0.2397296320052267,0.0,0.0,0.0,1.7477110624313354,1
2016-10-31,NVDA,1.7386237070260782,1.7592543870382635,1.737641249077825,1.7477110624313354,252388000,0.008503467575633,1.7081440448760987,1.673563140630722,1.7148945617718738,1.6815268969945014,66.7773818615405,0.0424983732560761,0.0364114185734703,0.0060869546826058,0.015165414376847,0.2407434898222855,0.0,0.0,0.0,1.6958884000778198,0
2016-11-01,NVDA,1.754096295689411,1.76367481905177,1.6772225236447271,1.6958884000778198,473224000,-0.0296517333256575,1.714136743545532,1.6744841575622558,1.7114388960093183,1.6828946591929128,55.52155222976573,0.0384498406402487,0.0368191029868259,0.0016307376534227,0.0167318997272963,0.2656106738405742,0.0,0.0,0.0,1.6887660026550293,0
2016-11-02,NVDA,1.7089055089523226,1.7319921543866097,1.6858187464054135,1.6887660026550293,295848000,-0.0041998031370835,1.719761037826538,1.6751350224018098,1.707316551763084,1.6834538347607335,54.170105382186605,0.0342715700996456,0.0363095964093899,-0.0020380263097442,0.0167639374337333,0.2661192566634288,0.0,0.893579880396525,3.0,1.669117450714111,0
2016-11-03,NVDA,1.6966249750333453,1.698098602864072,1.6366978726633212,1.669117450714111,309664000,-0.011634857588338,1.7203259348869324,1.6758963525295258,1.7003712606632706,1.6820884648515313,50.51698626674297,0.0290400312580212,0.0348556833791161,-0.0058156521210949,0.0167068112149071,0.2652124060532957,0.0,0.0,0.0,1.6595391035079956,0
2016-11-04,NVDA,1.6580654755217514,1.688029088425234,1.635224417403884,1.6595391035079956,328780000,-0.0057385699262909,1.7203996062278748,1.6767805218696594,1.6929472320895842,1.6799409066283375,48.78965125278494,0.0238462220607276,0.0326537911154384,-0.0088075690547108,0.0166721938769511,0.264662872849599,0.5,0.8584606349468231,2.0,1.7504125833511353,1
2016-11-07,NVDA,1.7081688832994044,1.7614647373287955,1.7069408401657449,1.7504125833511353,487580000,0.0547582636956538,1.7217750072479248,1.6819013476371765,1.7033954777735023,1.6866524948876516,62.04835381369856,0.0267544129955119,0.0314739154914531,-0.0047195024959412,0.0206060638633648,0.3271111228942694,0.25,0.9249556362628936,4.0,1.7477110624313354,0
2016-11-08,NVDA,1.7570438859328543,1.7626928141881877,1.7315012675173271,1.7477110624313354,429884000,-0.0015433623738169,1.7200312852859496,1.6880782783031465,1.7114528568021994,1.6924675965584786,61.538266628400486,0.0285125106289287,0.0308816345189482,-0.0023691238900195,0.0202218700278799,0.3210122348306459,0.0,0.0,0.0,1.718238115310669,0
2016-11-09,NVDA,1.700309112006742,1.741324874960507,1.6877834501866065,1.718238115310669,456532000,-0.0168637412408805,1.714628005027771,1.6924131751060485,1.7126865401673756,1.6949219316777349,56.118050113635654,0.0272138903648124,0.0301480856881211,-0.0029341953233086,0.0207438184719497,0.3292979095118814,0.0,0.0,0.0,1.6644513607025146,0
2016-11-10,NVDA,1.7558157214265429,1.7560613066020925,1.6396455012826432,1.6644513607025146,869280000,-0.0313034346804891,1.707480990886688,1.6953849792480469,1.7039165075374008,1.6920199725372378,47.83722173401988,0.0215956417519362,0.0284375969008841,-0.0068419551489478,0.021720891135291,0.3448084571921249,0.1428571428571428,0.8316246356282916,7.0,2.160569667816162,1
2016-11-11,NVDA,1.9527895901376833,2.18021788993007,1.9279836101731296,2.160569667816162,2175344000,0.2980671702561803,1.7502404808998109,1.7223767578601836,1.7869443548608115,1.7366437530399923,78.84523706877133,0.0565241650101511,0.0340549105227375,0.0224692544874135,0.0697289760418691,1.1069131786918007,0.1739130434782608,0.8378270903359288,23.0,2.0542237758636475,0
2016-11-14,NVDA,2.163517046827138,2.1659731332865033,2.0537326054168337,2.0542237758636475,1348796000,-0.0492212278718167,1.780891752243042,1.7445178985595704,1.8355406132249636,1.7668894694993882,69.33125235781004,0.0747622341306584,0.0421963752443217,0.0325658588863366,0.0711210660701934,1.1290119227971542,-0.1666666666666666,0.8628767927487692,6.0,2.1168527603149414,1
2016-11-15,NVDA,2.07018805040801,2.147798609197659,2.0613462789163837,2.1168527603149414,626092000,0.0304879074943833,1.8229881882667545,1.7685624659061432,1.886688276332232,1.800219306719917,71.51145373150827,0.0931953726954821,0.0523961747345538,0.0407991979609283,0.0712135475031141,1.1304800200315486,0.0,0.0,0.0,2.250460147857666,1
2016-11-16,NVDA,2.1450964930534036,2.27330109211894,2.1207818034831893,2.250460147857666,987984000,0.0631160513605333,1.8791576027870176,1.799459320306778,1.9528286166095836,1.843099386828274,75.51100537536954,0.1172333740223794,0.0653636145921189,0.0518697594302604,0.0718772045869649,1.141015249629722,0.25,0.7832934111356735,4.0,2.2691259384155273,1
2016-11-17,NVDA,2.2671610228220116,2.3280705955180396,2.226390839502222,2.2691259384155273,832988000,0.0082942106642636,1.9391584515571592,1.829742193222046,2.0103372205743004,1.883673344122298,76.0175699402456,0.1362195820122007,0.0795348080761353,0.0566847739360654,0.0719116495922838,1.1415620471376142,0.0,0.8997184038162231,1.0,2.2929491996765137,1
2016-11-18,NVDA,2.2691256840672995,2.3167724810605077,2.2546351065869663,2.2929491996765137,576060000,0.0104988713308797,2.0024994611740112,1.861449533700943,2.0617212167747025,1.9226519970322231,76.68058146346831,0.1514428873810318,0.0939164239371146,0.0575264634439172,0.0717726913487608,1.1393561534077097,0.0,0.6123885015646616,3.0,2.283616542816162,0
2016-11-21,NVDA,2.3108784880174777,2.317264170985581,2.2693714316121825,2.283616542816162,436436000,-0.0040701542195824,2.0558198571205137,1.8887974321842191,2.102065821509514,1.95702957282117,75.7965532712065,0.1608996481639795,0.1073130687824876,0.0535865793814918,0.0716127737552694,1.1368175403118557,0.0,0.0,0.0,2.300072193145752,1
2016-11-22,NVDA,2.2914761250449063,2.3022825771966424,2.268880645654702,2.300072193145752,330368000,0.0072059603795375,2.1110559701919556,1.9155436277389528,2.1380669799888294,1.9897002985663683,76.31505187490434,0.167787878454245,0.1194080307168391,0.0483798477374059,0.0716388057663889,1.1372307856771502,0.3333333333333333,0.7775166034698486,3.0,2.3113858699798584,1
2016-11-23,NVDA,2.305236464061849,2.342869936891835,2.2818694253009646,2.3113858699798584,443236000,0.0049188355338678,2.1703707456588743,1.9424993753433228,2.1695795054417437,2.020337019653367,76.6848644891177,0.1721750430336208,0.1299614331801954,0.0422136098534254,0.0716316822716488,1.137117703703863,0.0,0.0,0.0,2.3160593509674072,1
2016-11-25,NVDA,2.3224545924493034,2.339180554499836,2.2976113675795826,2.3160593509674072,195564000,0.0020219388931324,2.235531544685364,1.971506267786026,2.1962122046282277,2.0485010512070856,76.84569278802668,0.1740229847853167,0.1387737435012197,0.035249241284097,0.0712119605704329,1.130454828256218,0.0,0.0,0.0,2.3148298263549805,0
2016-11-28,NVDA,2.3089264895275723,2.3303259095950093,2.302285176952766,2.3148298263549805,278736000,-0.0005308692162457,2.250957560539246,2.000599020719528,2.2177790449421826,2.073865696459266,76.695801102779,0.1733895527437985,0.1456969053497355,0.027692647394063,0.071196662115124,1.130211972807072,0.0,0.9085600972175598,2.0,2.2936763763427734,0
2016-11-29,NVDA,2.312124129078461,2.3229469920887627,2.275966599397766,2.2936763763427734,444568000,-0.0091382311439783,2.274902820587158,2.0278972864151,2.2315785597422897,2.094800046924362,74.02070199304649,0.1692298700579457,0.1504034982913775,0.0188263717665682,0.0714119396523974,1.1336293977659757,0.0,0.0,0.0,2.2678489685058594,0
2016-11-30,NVDA,2.3022847019343113,2.316059229881533,2.265389206239301,2.2678489685058594,440500000,-0.0112602667504887,2.29000244140625,2.056495314836502,2.238173179517484,2.11128089659879,70.77482978363535,0.161982007840638,0.1527192002012296,0.0092628076394083,0.0709128790404448,1.12570705615573,0.0,0.5033145546913147,1.0,2.155687093734741,0
2016-12-01,NVDA,2.2653900449336306,2.2671118322424944,2.0850935794953926,2.155687093734741,1035524000,-0.0494573828895733,2.2805251359939573,2.0798413693904876,2.223175709375167,2.1155100582307855,58.73030666946094,0.1455101484824799,0.1512773898574797,-0.0057672413749998,0.0723227650706993,1.1480883030337157,-1.0,0.9434586465358734,2.0,2.1756112575531006,1
2016-12-02,NVDA,2.1214976291570955,2.184220195907379,2.0937029562235785,2.1756112575531006,478292000,0.0092426047714748,2.271173667907715,2.1051660597324373,2.2145276272257,2.121233981975768,60.03151835119205,0.132536002241713,0.1475291123343264,-0.0149931100926133,0.072077001442152,1.1441869263790692,0.0,0.0,0.0,2.2599780559539795,1
2016-12-05,NVDA,2.213489575494441,2.27793390048628,2.189138489022861,2.2599780559539795,602284000,0.0387784343861898,2.2678765535354612,2.135188007354736,2.2227913415399327,2.134447703307026,65.0557391646746,0.1275908060310198,0.1435414510736651,-0.0159506450426452,0.0720748162434839,1.144152237425622,1.0,0.8764904737472534,2.0,2.2971200942993164,1
2016-12-06,NVDA,2.268095546859829,2.305483194914457,2.2523533916039815,2.2971200942993164,498796000,0.0164346898181091,2.269226908683777,2.1625233829021453,2.236305660223457,2.1499403119729585,67.021201586601,0.1252252359216319,0.1398782080432584,-0.0146529721216265,0.0715452234342959,1.135745212210185,0.0,0.864062488079071,1.0,2.3384437561035156,1
2016-12-07,NVDA,2.2835923876177624,2.3441010247997203,2.2653904651364427,2.3384437561035156,480804000,0.0179893345179256,2.273064064979553,2.1920600175857543,2.2548762231107404,2.1678930209377736,69.10337850054366,0.1252412752571001,0.1369508214860268,-0.0117095462289266,0.071429470008371,1.1339076835397788,0.0,0.9273559153079988,2.0,2.2993335723876953,0
2016-12-08,NVDA,2.3413946725190264,2.376568389776538,2.288757014402109,2.2993335723876953,381544000,-0.0167248767962623,2.271858835220337,2.221114790439606,2.2629593775247323,2.180411168694909,64.92533697525874,0.1207066899926623,0.1337019951873539,-0.0129953051946915,0.0714260362429168,1.1338531742030646,-1.0,0.9106951355934144,1.0,2.258502960205078,0
2016-12-09,NVDA,2.317043964954415,2.3187657523124567,2.231200198055604,2.258502960205078,382312000,-0.0177575853599255,2.266103196144104,2.250817370414734,2.2621491198302497,2.187848482172068,60.792892762199855,0.1125212345829633,0.1294658430664758,-0.0169446084835124,0.071009223736886,1.1272364807972706,-1.0,0.659898042678833,1.0,2.2036519050598145,0
2016-12-12,NVDA,2.2100471503228074,2.212506914172264,2.1532279190259067,2.2036519050598145,601332000,-0.0242864659076129,2.2549854040145876,2.2529714822769167,2.251513262599261,2.189353570066139,55.66694740862214,0.1004502524745118,0.123662724948083,-0.0232124724735711,0.0267550870073699,0.424723839164377,-1.0,0.945436199506124,3.0,2.2425148487091064,1
2016-12-13,NVDA,2.215950061086338,2.2700636824269025,2.2149662495672566,2.2425148487091064,387796000,0.0176356998852942,2.2498692512512206,2.2623860359191896,2.2498771873465055,2.194416548984517,58.34676532160216,0.0929483759288078,0.117519855144228,-0.0245714792154201,0.0241576019988538,0.3834900429638647,0.0,0.8421812057495117,2.0,2.3723881244659424,1
2016-12-14,NVDA,2.276213372114506,2.388622191089438,2.2523541780502776,2.3723881244659424,983980000,0.057914120761161,2.260323166847229,2.2751628041267393,2.272151903186403,2.211366222839891,65.7891244666874,0.0963718578872341,0.1132902556928292,-0.0169183978055951,0.0263767947144815,0.4187186351851263,0.2222222222222222,0.7729177905453576,9.0,2.4279768466949463,1
2016-12-15,NVDA,2.383455975549591,2.458231278396706,2.3760769202439715,2.4279768466949463,746548000,0.0234315463206584,2.2875521421432494,2.2840386390686036,2.3004837110970473,2.231995806064182,68.39231612417868,0.1023902462901702,0.1111102538122974,-0.0087200075221272,0.023152943236966,0.3675415795452416,0.3333333333333333,0.8504296739896139,3.0,2.469791889190674,1
2016-12-16,NVDA,2.455525449719329,2.476924874350406,2.403871593327643,2.469791889190674,1089528000,0.017222175142505,2.316970205307007,2.2940719366073608,2.331267016204979,2.254643052076229,70.22753267269748,0.1092743403515004,0.110743071120138,-0.0014687307686376,0.0233243704879127,0.3702629027889081,0.0,0.0,0.0,2.499799966812134,1
2016-12-19,NVDA,2.452327666505828,2.51996950750262,2.4351095599472945,2.499799966812134,744656000,0.0121500429865339,2.3409523963928223,2.3044144749641418,2.3619093708608254,2.2779913296701246,71.50613734078203,0.1158163764736111,0.1117577321908326,0.0040586442827784,0.0233496173821106,0.3706636848094544,0.0,0.7446072101593018,2.0,2.586873769760132,1
2016-12-20,NVDA,2.5723614954414393,2.610486886330503,2.56104672558785,2.586873769760132,848056000,0.0348323082262613,2.369927763938904,2.3195773363113403,2.4028119888425175,2.307408704916792,74.87758803622694,0.1265681169585963,0.1147198091443854,0.0118483078142109,0.0241956170763889,0.384093513611237,0.6666666666666666,0.6281210680802664,3.0,2.603107213973999,1
2016-12-21,NVDA,2.5984337588827495,2.606058882167203,2.5509614668538565,2.603107213973999,576136000,0.0062753136251301,2.396394109725952,2.334729087352753,2.439229302502787,2.3355704676841453,75.46054729245827,0.1348444491623706,0.1187447371479824,0.0160997120143881,0.0241951457883471,0.3840860321455103,0.0,0.0,0.0,2.634591817855835,1
2016-12-22,NVDA,2.627458599363264,2.6778825653182814,2.620325380870693,2.634591817855835,718612000,0.0120950085009254,2.429919934272766,2.3508893847465515,2.474749759839705,2.3640486915100207,76.59492865566885,0.1423036584731396,0.1234565214130138,0.0188471370601257,0.0242238976842481,0.3845424543431649,0.0,0.6218773722648621,1.0,2.700266122817993,1
2016-12-23,NVDA,2.6166360517717235,2.701742074548134,2.6139304530343663,2.700266122817993,647692000,0.0249276963957199,2.474096250534058,2.370099723339081,2.515752734926666,2.396069399253637,78.79673393301452,0.1517650501127674,0.1291182271529646,0.0226468229598028,0.0245235760014675,0.3892997001472488,0.0,0.0,0.0,2.885728597640991,1
2016-12-27,NVDA,2.756347992202716,2.8867124092181764,2.735686307050103,2.885728597640991,1194272000,0.0686830358147996,2.5423039197921753,2.3986446619033814,2.583021073601998,2.442703608623862,83.51348578977591,0.1722430324361021,0.1377431882095921,0.03449984422651,0.0279081253871045,0.4430277559937217,0.5,0.8525343239307404,4.0,2.6872293949127197,0
2016-12-28,NVDA,2.94180897982245,2.949926009386018,2.6734550985808196,2.6872293949127197,2295764000,-0.0687865112784824,2.586775374412537,2.4183223128318785,2.601968041113038,2.4659917787466097,66.47015863275108,0.1704894578856208,0.1442924421447978,0.026197015740823,0.0329548782972367,0.5231424747653295,-0.0454545454545454,0.8425621363249692,22.0,2.7408509254455566,1
2016-12-29,NVDA,2.580232117574343,2.742326876986516,2.5285782705828,2.7408509254455566,2175368000,0.0199542066019184,2.6236216545104982,2.4419724106788636,2.6272194746280415,2.4921688403369857,68.34924591678487,0.1714501758970015,0.1497239888952386,0.0217261870017629,0.0327096743513479,0.5192499827974483,-0.2222222222222222,0.8598285648557875,9.0,2.62549090385437,0
2016-12-30,NVDA,2.738883492639519,2.7529038603708096,2.6146682749661743,2.62549090385437,1212932000,-0.0420891265994094,2.6433730602264403,2.465462601184845,2.6269051890328283,2.5048661797195937,60.49449981894955,0.1610465181904161,0.1519884947542741,0.009058023436142,0.0320390448811441,0.5086040699972656,0.0,0.8125838190317154,4.0,2.5091471672058105,0
2017-01-03,NVDA,2.5679340088401847,2.616390360672771,2.444456752900813,2.5091471672058105,1501996000,-0.0443131364415547,2.647308588027954,2.4821393966674803,2.605494639609734,2.505273892813519,53.78167779406867,0.1417792345202384,0.149946642707467,-0.0081674081872285,0.0342988911944559,0.5444780180747619,0.0,0.8283097743988037,2.0,2.5676872730255127,1
2017-01-04,NVDA,2.5433361878543757,2.594990026209138,2.4973396154502754,2.5676872730255127,1199220000,0.0233306784810443,2.654097318649292,2.497524857521057,2.598620572958057,2.51121802426228,56.40311740380714,0.1297379325703005,0.1459049006800337,-0.0161669681097331,0.0337318742155127,0.5354769025821524,0.0,0.8600277900695801,1.0,2.50250506401062,0
2017-01-05,NVDA,2.5711309372114433,2.6028610762439692,2.485533030984721,2.50250506401062,984296000,-0.0253855715607018,2.6456604480743406,2.5077941060066222,2.5811450258767046,2.5103882185240267,52.81131127559837,0.1136256487556819,0.1394490502951633,-0.0258234015394814,0.03440225534119,0.5461188730351946,0.0,0.8392135977745057,5.0,2.535957098007202,1
2017-01-06,NVDA,2.5298076919978834,2.5642436619225077,2.489222550639794,2.535957098007202,822856000,0.0133674191024295,2.638945436477661,2.5176697731018067,2.57292903899134,2.512823349903377,54.41567718312977,0.1023757237068543,0.1320343849775015,-0.0296586612706472,0.0343248181929466,0.5448895964162546,0.25,0.8978378623723984,4.0,2.638773202896118,1
2017-01-09,NVDA,2.545796462800636,2.656483214536337,2.545796462800636,2.638773202896118,916248000,0.0405433139897006,2.6393635749816893,2.534641754627228,2.584900705155845,2.5248185739979236,59.026628315753776,0.1005968594721951,0.1257468798764402,-0.0251500204042451,0.0348350496986708,0.5529892704675506,0.1428571428571428,0.8771395598139081,7.0,2.618849515914917,0
2017-01-10,NVDA,2.65180953895212,2.6857533732513637,2.5981878373808738,2.618849515914917,880920000,-0.007550359750256,2.6312219142913817,2.5526590824127195,2.591073216202949,2.533773901799542,57.806391515402666,0.0964674055180823,0.1198909850047686,-0.0234235794866863,0.0345190660765352,0.5479731859723099,-1.0,0.9164567291736604,2.0,2.58662748336792,0
2017-01-11,NVDA,2.6072891638935953,2.612208455253865,2.561784487287583,2.58662748336792,525664000,-0.0123038885400561,2.6013118028640747,2.571807861328125,2.5902649011420347,2.5388075762346256,55.797400413556154,0.089562316142671,0.1138252512323491,-0.024262935089678,0.0340297576250039,0.5402056551093869,-0.25,0.9270653128623962,4.0,2.544321060180664,0
2017-01-12,NVDA,2.5637528631528057,2.575313469950122,2.4995543503252056,2.544321060180664,625616000,-0.0163558237354575,2.5870209693908692,2.586898171901703,2.5819114755126944,2.539332669943772,53.18391249341581,0.0797568212935204,0.1070115652445834,-0.0272547439510629,0.0344013596104735,0.5461046537508896,0.0,0.0,0.0,2.544074296951294,0
2017-01-13,NVDA,2.548255611827115,2.58269158406192,2.5349732223621153,2.544074296951294,457820000,-9.698588485240744e-05,2.567343306541443,2.59548248052597,2.5750319885015305,2.539784253468298,53.16826957153507,0.0711458590738254,0.0998384240104318,-0.0286925649366064,0.0322519165667837,0.511983303245483,0.0,0.712663471698761,1.0,2.4870102405548096,0
2017-01-17,NVDA,2.5334987436892105,2.5384180366548907,2.473727844598693,2.4870102405548096,580612000,-0.022430184709962,2.553495240211487,2.5984341502189636,2.5590280343293994,2.5347581570003466,49.53952569546956,0.0590364812225066,0.0916780354528467,-0.0326415542303401,0.0324272677613669,0.5147669171632743,0.0,0.0,0.0,2.5322680473327637,1
2017-01-18,NVDA,2.4656100187843895,2.539155196015145,2.4378153539265317,2.5322680473327637,654424000,0.0181976760851043,2.555807328224182,2.601557958126068,2.5541625821481926,2.534521003698672,52.3190122692342,0.0524866058828483,0.0838397495388471,-0.0313531436559987,0.032452562318213,0.5151684558049049,0.0,0.580247700214386,1.0,2.58662748336792,1
2017-01-19,NVDA,2.5352197040447653,2.6186036982253516,2.5330060112038484,2.58662748336792,644872000,0.0214666990299123,2.557701349258423,2.6058993339538574,2.56006529146087,2.5394835255719337,55.490289051123256,0.0510931644784236,0.0772904325267624,-0.0261972680483388,0.0326757696427704,0.5187117622344267,0.0,0.8424552381038666,2.0,2.5583415031433105,0
2017-01-20,NVDA,2.6092573885337527,2.626967404498405,2.5364501706594136,2.5583415031433105,492024000,-0.0109354672856795,2.563284993171692,2.6044727206230163,2.5597518754031316,2.5412795234358745,53.4964290005861,0.047162747126801,0.0712648954467701,-0.0241021483199691,0.0318640258621824,0.5058257292039912,0.0,0.0,0.0,2.5849053859710693,1
2017-01-23,NVDA,2.553175245048988,2.60482908829994,2.550715482376114,2.5849053859710693,369904000,0.0103832435173807,2.5681798219680787,2.60356262922287,2.5643252409609385,2.5454343674868456,55.1271017413305,0.0456649492891196,0.06614490621524,-0.0204799569261203,0.0319202730066094,0.5067186249406596,0.0,0.8873478770256042,1.0,2.640002727508545,1
2017-01-24,NVDA,2.594990197848599,2.6461521340145744,2.580231856810001,2.640002727508545,428052000,0.0213150322005992,2.568302774429321,2.6038331747055055,2.578084783969594,2.554440877965103,58.38650762290849,0.0483662921966137,0.0625891834115147,-0.014222891214901,0.032167712231936,0.5106466008695588,0.0,0.8336878418922424,1.0,2.651318311691284,1
2017-01-25,NVDA,2.6823104855582245,2.688459893959086,2.6154066111036545,2.651318311691284,522760000,0.0042862017015483,2.571549654006958,2.60138578414917,2.5913999708280833,2.563667300224739,59.044465276985335,0.0508342138145372,0.0602381894921192,-0.009403975677582,0.0316732986367342,0.5027980283632791,0.0,0.0,0.0,2.697068214416504,1
2017-01-26,NVDA,2.6540233037571612,2.704447268234254,2.62450685391027,2.697068214416504,458800000,0.0172555300219821,2.582593727111816,2.5919527649879455,2.6106123787532507,2.5763721491953833,61.68237676730149,0.0558380282475199,0.0593581572431994,-0.0035201289956794,0.0275910655896586,0.4379945877450514,0.0,0.0,0.0,2.749213933944702,1
2017-01-27,NVDA,2.7039553311242917,2.7521656023526324,2.6773905500288095,2.749213933944702,471996000,0.0193342234539959,2.60308301448822,2.5950519919395445,2.6358126615153328,2.592833271552461,64.48983606794403,0.063281837372505,0.0601428932690605,0.0031389441034444,0.0232243704165315,0.3686754508691286,0.0,0.9227429330348969,2.0,2.7061705589294434,0
2017-01-30,NVDA,2.7283079672589756,2.7305216611767245,2.6542708486816933,2.7061705589294434,496004000,-0.015656611689545,2.619292640686035,2.593317973613739,2.648605006499716,2.6036272989216975,60.54639349118628,0.0649590614735124,0.0611061269099509,0.0038529345635615,0.0230916086553574,0.3665679232470147,0.0,0.0,0.0,2.685507297515869,0
2017-01-31,NVDA,2.679850031401329,2.7069067152944073,2.661402047144918,2.685507297515869,362756000,-0.007635609420623,2.6391423463821413,2.596318793296814,2.6553145139571983,2.6114253940259045,58.691012567757774,0.0638845003974521,0.0616618016074511,0.002222698790001,0.0210075096287241,0.3334838768543934,-1.0,0.9674166440963744,1.0,2.8028359413146973,1
2017-02-01,NVDA,2.719943615917994,2.8070172569863177,2.7022338381193776,2.8028359413146973,590004000,0.0436895643170878,2.6661991357803343,2.6110032320022585,2.6821365916585616,2.6296549699581706,65.21011323150515,0.0716741292546054,0.063664267136882,0.0080098621177234,0.0201401701023463,0.3197152887200801,0.0,0.0,0.0,2.8382561206817627,1
2017-02-02,NVDA,2.7868483286226367,2.846865293202944,2.756348057820163,2.8382561206817627,483240000,0.0126372645808341,2.691361999511719,2.62453167438507,2.7105219605718704,2.64952174621756,66.90795841788538,0.0797858570066756,0.0668885851108407,0.0128972718958348,0.0197874838428905,0.3141165679199822,0.0,0.0,0.0,2.813412666320801,0
2017-02-03,NVDA,2.839731616303163,2.850800316047078,2.8016062252829723,2.813412666320801,372744000,-0.008753069950218,2.716869115829468,2.64007705450058,2.72922936161713,2.665130405275012,64.52921624514819,0.0832501447037854,0.0701608970294297,0.0130892476743557,0.0187567753016769,0.2977545770745344,-1.0,0.6487001776695251,1.0,2.885481595993042,1
2017-02-06,NVDA,2.804065232576084,2.885973501622842,2.804065232576084,2.885481595993042,506768000,0.0256161957806524,2.746926736831665,2.6575532793998717,2.757638858776387,2.6861162329624433,68.07506633574519,0.0907646990306028,0.0742816574296643,0.0164830416009384,0.0192033464174379,0.3048436737645842,-0.75,0.8344766497612,4.0,2.9302475452423096,1
2017-02-07,NVDA,2.9196707558827764,2.9742762546578563,2.899993128252671,2.9302475452423096,746224000,0.0155142036987629,2.7759512186050417,2.672126996517181,2.7890222563156453,2.7093668341319543,70.07609047739207,0.0991888876993547,0.0792631034836024,0.0199257842157523,0.017629391866902,0.2798579198707658,1.0,0.7598593682050705,4.0,2.9174575805664062,0
2017-02-08,NVDA,2.9122922199918,2.9346754491484277,2.862606002035891,2.9174575805664062,449580000,-0.0043648068903494,2.8025651454925535,2.687057399749756,2.8123741334521473,2.729185000459045,68.7502153667721,0.103638395739765,0.0841381619348349,0.0195002338049301,0.0175202935030293,0.2781260370352572,0.0,0.9261563022931416,3.0,2.8626065254211426,0
2017-02-09,NVDA,2.923607286862362,2.9285268128286113,2.8434210309653154,2.8626065254211426,842568000,-0.0188009777796374,2.8191189765930176,2.700856351852417,2.821507295628328,2.741891812360197,63.22531933745988,0.1015678304522622,0.0876240956383204,0.0139437348139418,0.0179244868268797,0.2845424071342621,0.0,0.7828652428256141,9.0,2.7947192192077637,0
2017-02-10,NVDA,2.9499266245706193,2.968866285976703,2.7696301495311757,2.7947192192077637,1651092000,-0.0237152069662774,2.823669505119324,2.713376259803772,2.8166367362791345,2.7469229939647275,57.10832927811297,0.0933726129313305,0.0887737990969224,0.0045988138344081,0.0184585956536183,0.2930211219058312,0.2,0.8429161171118419,15.0,2.665830373764038,0
2017-02-13,NVDA,2.7890615525981803,2.80357382685647,2.6614027531545723,2.665830373764038,1180724000,-0.0461187100864689,2.8196354866027833,2.719464063644409,2.789217397640026,2.7391998872789474,47.67710521859384,0.0756060518418548,0.0861402496459089,-0.010534197804054,0.0216946810974195,0.3443923857397558,0.3333333333333333,0.7187798023223877,3.0,2.6756696701049805,1
2017-02-14,NVDA,2.656237866046372,2.7093676808251748,2.614422823096524,2.6756696701049805,850632000,0.0036908936284081,2.818651723861694,2.7288970351219177,2.7685723562700177,2.733149390405236,48.37797452222327,0.0616096751768213,0.0812341347520914,-0.01962445957527,0.0208818179510731,0.3314885833287828,0.0,0.8571906089782715,2.0,2.6810810565948486,1
2017-02-15,NVDA,2.678621527395143,2.700758697648405,2.650580783334632,2.6810810565948486,373020000,0.0020224419143846,2.8064762353897095,2.736337685585022,2.7526648472381687,2.728190501470914,48.78430327632461,0.05037342599769,0.0750619930012111,-0.0246885670035211,0.0206091644092486,0.3271603425342924,0.0,0.0,0.0,2.638035297393799,0
2017-02-16,NVDA,2.6906729542128573,2.6919028356037185,2.598925866722435,2.638035297393799,647176000,-0.016055374042186,2.7864541530609133,2.738908076286316,2.7318231109028286,2.7196042915588077,45.70260594675415,0.0375621909951791,0.0675620326000047,-0.0299998416048256,0.0205533037396588,0.3262735818954668,0.0,0.9099474549293518,1.0,2.6375439167022705,0
2017-02-17,NVDA,2.6245075924417116,2.641971537899558,2.577527188831099,2.6375439167022705,563740000,-0.0001862676712528,2.76886727809906,2.742868196964264,2.7146814392299996,2.711789017762947,45.66714207829792,0.0270576409979312,0.05946115427959,-0.0324035132816587,0.0203592929109249,0.3231937554685669,0.0,0.0,0.0,2.731996774673462,1
2017-02-21,NVDA,2.6621409951333295,2.73593225538289,2.661894924962012,2.731996774673462,551952000,0.0358109138479429,2.753518795967102,2.7502227663993835,2.7178296820379018,2.713713566040139,53.18675655156952,0.0260539321943937,0.0527797098625508,-0.026725777668157,0.0216796991609861,0.3441545548719905,0.0,0.0,0.0,2.7278096675872803,0
2017-02-22,NVDA,2.7440642173313523,2.75342292595636,2.708845869637881,2.7278096675872803,433772000,-0.0015326178731239,2.7332750082015993,2.7546131134033205,2.7196442248650614,2.7150560519017715,52.83764826850096,0.0246366255044696,0.0471510929909345,-0.0225144674864649,0.0212614308239492,0.3375147508654372,-0.5,0.7407907843589783,2.0,2.4748780727386475,0
2017-02-23,NVDA,2.598264971090411,2.62018392124028,2.4549294629422524,2.4748780727386475,1592888000,-0.0927233295834559,2.6890170574188232,2.7457911014556884,2.675141288114804,2.6921819586481406,37.02702059445471,0.0030685614090031,0.0383345866745482,-0.0352660252655451,0.0299621936276991,0.4756350784371367,-0.2666666666666666,0.8065857827663422,15.0,2.4987680912017822,1
2017-02-24,NVDA,2.390650653194142,2.512067246564421,2.3569101208376817,2.4987680912017822,1029904000,0.0096530082537353,2.652633213996887,2.735876095294953,2.643073434130618,2.673761590319916,38.88712130971484,-0.011958707408437,0.0282759278579512,-0.0402346352663883,0.0297391040444028,0.4720936410921913,0.0,0.8996836117335728,7.0,2.571420907974243,1
2017-02-27,NVDA,2.516992855525954,2.5864440228198635,2.501230833510496,2.571420907974243,715400000,0.0290754540320381,2.630303382873535,2.7269864439964295,2.630045702102186,2.664014858667947,44.277660582431224,-0.0178002607575349,0.0190606901348539,-0.0368609508923889,0.0302067632694708,0.4795175011393221,0.0,0.9366001188755037,2.0,2.4992611408233643,0
2017-02-28,NVDA,2.5810264310405633,2.5908779028680007,2.482021534869381,2.4992611408233643,625360000,-0.0280622153017049,2.613646459579468,2.7166409730911254,2.606266690960582,2.648324028397034,40.460358338344406,-0.0279304590714848,0.0096624602935862,-0.037592919365071,0.0306073959087699,0.4858773471234063,0.0,0.9368276000022888,1.0,2.5315237045288086,1
2017-03-01,NVDA,2.5561516756302023,2.570436119648671,2.4901484218372127,2.5315237045288086,504804000,0.012908840608315,2.5992318630218505,2.7089417934417725,2.5926770570638955,2.637200188028632,42.833385921536234,-0.0329752764968347,0.001134912935502,-0.0341101894323367,0.0308058209876909,0.489027247599627,0.0,0.6982478737831116,5.0,2.438183069229126,0
2017-03-02,NVDA,2.5187171501493224,2.532755213880659,2.4354740557425822,2.438183069229126,754332000,-0.0368713258077336,2.5749420642852785,2.690709149837494,2.564587241093937,2.618246176714393,38.10187857065601,-0.0439979587600114,-0.0078916614036006,-0.0361062973564107,0.0296974654897033,0.4714326495280682,0.0,0.699063112338384,3.0,2.4241456985473633,0
2017-03-03,NVDA,2.4275936199535453,2.4325191213029353,2.3697173937120057,2.4241456985473633,864692000,-0.0057573079146189,2.5535531044006348,2.670003628730774,2.539052415176378,2.5997604168889614,37.4322064186705,-0.053252352396544,-0.0169637996021893,-0.0362885527943546,0.0293560536852692,0.4660129051529023,0.0,0.8925533294677734,1.0,2.4054272174835205,0
2017-03-06,NVDA,2.387941237392589,2.4160173577986357,2.343856951060101,2.4054272174835205,883568000,-0.0077216815289029,2.5303414344787596,2.64960435628891,2.5147569246867674,2.5812524931360623,36.51068517091898,-0.0613892934513811,-0.0258488983720276,-0.0355403950793534,0.0293545175648322,0.4659885199969412,0.3333333333333333,0.8997101982434591,3.0,2.431779384613037,1
2017-03-07,NVDA,2.405427456405435,2.451235707231836,2.392620828443478,2.431779384613037,603400000,0.010955295981512,2.500319695472718,2.6269192457199098,2.4996700992188163,2.567016958991012,38.79510792754269,-0.0649626294532281,-0.0336716445882677,-0.0312909848649603,0.0286620298734317,0.4549956186924274,0.5,0.7503130733966827,2.0,2.427346706390381,0
2017-03-08,NVDA,2.4800508040820524,2.4948277746307346,2.425130219526073,2.427346706390381,638712000,-0.0018228126493314,2.4702733993530273,2.601774203777313,2.486520391431828,2.5537150301719045,38.543881203667155,-0.0673755407721152,-0.0404124238250372,-0.0269631169470779,0.0281677192317508,0.447148680522624,0.0,0.0,0.0,2.426854372024536,0
2017-03-09,NVDA,2.411338727873777,2.4492658580200777,2.3987782431947826,2.426854372024536,478060000,-0.0002028282010759,2.465471029281616,2.5772440433502197,2.4756720242668657,2.541633062729298,38.5140489078545,-0.0685374604639932,-0.0460374311528284,-0.0225000293111647,0.0282189437413782,0.4479618444036571,1.0,0.9483416080474854,1.0,2.441138982772827,1
2017-03-10,NVDA,2.4532069428529977,2.4650282872953997,2.422914322013777,2.441138982772827,499740000,0.0058860601249735,2.4597081184387206,2.556170666217804,2.469393289449768,2.5320621979715385,39.96590033885597,-0.0675272296162958,-0.0503353908455219,-0.0171918387707739,0.0282970212833877,0.4492012869584752,1.0,0.8359724283218384,1.0,2.508373260498047,1
2017-03-13,NVDA,2.451482336065933,2.5182244957066215,2.450743428835497,2.508373260498047,774136000,0.0275421752713358,2.453403353691101,2.541853368282318,2.476480556913091,2.5298061086883488,46.38322466964311,-0.0606027789670422,-0.052388868469826,-0.0082139104972162,0.0290655269350302,0.4614009359708371,0.0,0.8784653663635253,5.0,2.5066490173339844,0
2017-03-14,NVDA,2.521179605242259,2.530538077993127,2.474386067128181,2.5066490173339844,522016000,-0.0006873949707628,2.454142141342163,2.533894300460815,2.481965731535072,2.5276006714165047,46.24669434119922,-0.0546245560729703,-0.0528360059904548,-0.0017885500825154,0.0274089049764194,0.4351028776572398,0.0,0.5683335065841675,1.0,2.525612115859986,1
2017-03-15,NVDA,2.518223750358369,2.536448400920482,2.4706913138019564,2.525612115859986,615036000,0.0075651191670105,2.4535509824752806,2.5263914227485658,2.489901437775965,2.527411285173027,48.05755912330584,-0.0478055353353927,-0.0518299118594424,0.0040243765240496,0.0274701007641861,0.4360743306715317,0.0,0.7258821129798889,2.0,2.55664324760437,1
2017-03-16,NVDA,2.536202112032569,2.557136008832319,2.5221640539614105,2.55664324760437,523100000,0.0122865785880259,2.465397000312805,2.520169532299042,2.5020363122902203,2.5301952815950597,50.96847239773049,-0.0394427873780762,-0.0493524869631692,0.0099096995850929,0.0276544983634592,0.4390015518117349,0.5,0.8780570328235626,2.0,2.6123037338256836,1
2017-03-17,NVDA,2.574129993930101,2.613535167519602,2.556644011271599,2.6123037338256836,1119688000,0.0217709241496515,2.484212803840637,2.518882954120636,2.522084934387577,2.5380151341884525,55.75783130740032,-0.0280011336687566,-0.0450822163042867,0.01708108263553,0.0279344986791674,0.4434464190260365,-0.5,0.5067655444145203,2.0,2.6955466270446777,1
2017-03-20,NVDA,2.629789757833636,2.699487308875962,2.613781354432952,2.6955466270446777,748568000,0.0318657023458317,2.513224744796753,2.5217830896377564,2.553623423961595,2.553018133508093,61.77191367299827,-0.0120773151078745,-0.0384812360650043,0.0264039209571297,0.0288345405666004,0.4577341410481691,0.3333333333333333,0.9210147261619568,3.0,2.608363628387451,0
2017-03-21,NVDA,2.678307574475925,2.7081076657861285,2.6004827328514044,2.608363628387451,913484000,-0.0323433465340614,2.5308831691741944,2.515601432323456,2.5635761884026596,2.5582891330204127,53.56002496990823,-0.0064185247880117,-0.0320686938096057,0.025650169021594,0.0285920933581808,0.453885410930929,0.0,0.9365342855453492,1.0,2.6615607738494873,1
2017-03-22,NVDA,2.5972812293799685,2.6662401294612303,2.5933407811995632,2.6615607738494873,616764000,0.0203948348623936,2.554304575920105,2.512288987636566,2.58139156757481,2.5681245273850863,57.29092311854528,0.0023317929044419,-0.0251885964667962,0.0275203893712382,0.0290244953366451,0.4607495795395022,0.0,0.6541346907615662,1.0,2.6374237537384033,0
2017-03-23,NVDA,2.653678299770286,2.673627146217386,2.6278189014795266,2.6374237537384033,533940000,-0.0090687465596263,2.5753615140914916,2.520416271686554,2.591579237786372,2.57472445370445,55.12688514864412,0.0072354214819254,-0.0187037928770519,0.0259392143589773,0.0195703666724514,0.310669939689919,-0.6666666666666666,0.9591524799664816,3.0,2.646782398223877,1
2017-03-24,NVDA,2.683724696894895,2.691605589083107,2.6209230005388866,2.646782398223877,439500000,0.0035484038058761,2.5959258556365965,2.527816987037659,2.6016161760477368,2.5815871150872525,55.823644682177274,0.0117413993123345,-0.0126147544391746,0.0243561537515091,0.0195147144966183,0.3097864887868742,0.0,0.8895785212516785,2.0,2.6659934520721436,1
2017-03-27,NVDA,2.6002363349281943,2.66993389981413,2.5509801509733303,2.6659934520721436,506644000,0.0072582671930863,2.6116878747940064,2.5325456142425535,2.6133211353249015,2.5896258138477184,57.28970616877496,0.0166704244230597,-0.0067577186667277,0.0234281430897875,0.0185710787445585,0.2948067356177977,0.0,0.0,0.0,2.652200937271118,0
2017-03-28,NVDA,2.6672240510589846,2.681754638392289,2.641857177109499,2.652200937271118,432444000,-0.0051734991285538,2.62624306678772,2.5401926040649414,2.6203901902242137,2.5955853494118517,55.85648614655532,0.0192419622957902,-0.0015577824742241,0.0207997447700143,0.0172834166854002,0.2743657341304394,0.0,0.0,0.0,2.6435811519622803,0
2017-03-29,NVDA,2.6595893187490485,2.6719034196699147,2.6413646654683514,2.6435811519622803,349992000,-0.0032500498690369,2.638039970397949,2.545795476436615,2.624606728722044,2.600156378226178,54.93158341208501,0.0203498001224864,0.0028237340451179,0.0175260660773684,0.0171789438979656,0.2727072800444866,0.0,0.0,0.0,2.69431471824646,1
2017-03-30,NVDA,2.6507229589450527,2.7090916853282603,2.645058552760331,2.69431471824646,525532000,0.0191912271149765,2.651807117462158,2.5586020588874816,2.637280908635574,2.6091238391804907,59.21246787747985,0.0250329797743624,0.0072655831909668,0.0177673965833956,0.0148678368831456,0.2360195935576628,0.0,0.9365790486335754,1.0,2.6827392578125,0
2017-03-31,NVDA,2.6847095981843103,2.706382402786623,2.6696864868239447,2.6827392578125,440808000,-0.0042962540179766,2.65885066986084,2.5715317368507384,2.6455460630313787,2.6161348314311583,57.86200621127895,0.0274934629453529,0.011311159141844,0.0161823038035088,0.0148151167519679,0.2351826874205654,0.0,0.920887053012848,1.0,2.6691949367523193,0
2017-04-03,NVDA,2.6832330004973897,2.7004726042867815,2.6455517831303115,2.6691949367523193,445232000,-0.0050486908188105,2.656215500831604,2.5847201228141783,2.649845858253368,2.6211881747950785,56.245560959749945,0.028027417448361,0.0146544108031474,0.0133730066452135,0.0147041979327706,0.2334219057526872,0.0,0.7105748653411865,1.0,2.482020378112793,0
2017-04-04,NVDA,2.546546032303542,2.571666757037447,2.4711840929737328,2.482020378112793,1271280000,-0.0701239748593509,2.643581175804138,2.5872321724891663,2.619332134591445,2.607934098920575,39.72819993956839,0.0131950532792073,0.0143625392983594,-0.0011674860191521,0.0222889685567164,0.3538264066872602,-0.6666666666666666,0.8504658142725626,6.0,2.463549852371216,0
2017-04-05,NVDA,2.463303471690987,2.521179679221296,2.4504968435020804,2.463549852371216,747048000,-0.0074417300939411,2.623780083656311,2.589042329788208,2.591008083278676,2.5941832182968265,38.52587449743039,-4.9548089448681054e-05,0.0114801218207978,-0.0115296699102465,0.022365214474044,0.3550367731016561,-1.0,0.9446566104888916,2.0,2.4815282821655273,1
2017-04-06,NVDA,2.4687216543834545,2.493596002802341,2.423652076473797,2.4815282821655273,635120000,0.0072977738920148,2.608190536499023,2.5917760252952577,2.571102664894467,2.583454176760512,40.4160816143185,-0.0089916311372602,0.0073857712291862,-0.0163774023664464,0.0224071196347333,0.3557019969046617,-0.5,0.9345020055770874,2.0,2.470937967300415,0
2017-04-07,NVDA,2.487931421215467,2.505417401568764,2.4559148540102713,2.470937967300415,429068000,-0.0042676583383005,2.5906060934066772,2.593265974521637,2.552890901695548,2.572738347288122,39.642825377780845,-0.0167398793703723,0.0025606411092745,-0.0193005204796468,0.0224141691380408,0.3558139043003702,1.0,0.8387936949729919,1.0,2.4078900814056396,0
2017-04-10,NVDA,2.4716768341216384,2.478326293237492,2.4037032544408836,2.4078900814056396,756332000,-0.0255157704196262,2.5647957563400268,2.5882418155670166,2.526527116188292,2.5570385124421713,35.31140297897899,-0.0276491373523608,-0.0034813145830525,-0.0241678227693082,0.0222279260724572,0.3528573872907029,-0.5,0.8402099162340164,4.0,2.416511058807373,1
2017-04-11,NVDA,2.377844779291943,2.4357210081795144,2.3729192777173647,2.416511058807373,618148000,0.0035803035480344,2.5412267684936523,2.583734917640686,2.5065241966644884,2.5436549454293336,36.33571545636225,-0.035193473615577,-0.0098237463895574,-0.0253697272260195,0.0222596504259471,0.3533609957897349,0.0,0.0,0.0,2.396561622619629,0
2017-04-12,NVDA,2.416510474610491,2.430794684082773,2.3913897415242173,2.396561622619629,414092000,-0.0082554706774607,2.516524815559387,2.577282392978668,2.4865310013836046,2.529646057542695,34.956318628415474,-0.0422946211687933,-0.0163179213454046,-0.0259766998233887,0.0221982609306832,0.3523864677642542,1.0,0.5162236094474792,1.0,2.351738214492798,0
2017-04-13,NVDA,2.372425971953983,2.3940985475602243,2.351738214492798,2.351738214492798,506892000,-0.0187032153497624,2.482267165184021,2.5670371413230897,2.4620232219489124,2.5127024534427047,32.01545976780025,-0.0509518648155471,-0.0232447100394331,-0.027707154776114,0.0222022293688691,0.3524494647674539,0.0,0.0,0.0,2.443848133087158,1
2017-04-17,NVDA,2.3645454723184316,2.4440942789709212,2.359373590295083,2.443848133087158,497292000,0.0391667397445534,2.458378052711487,2.558614361286163,2.4587186603376843,2.5061448991231288,42.68618666175968,-0.0498061577584332,-0.0285569995832331,-0.0212491581752,0.0235611951709616,0.3740223780829229,0.0,0.9404709935188292,1.0,2.4453253746032715,1
2017-04-18,NVDA,2.4295633499587046,2.451482543925677,2.4037039434205827,2.4453253746032715,370116000,0.0006044735334054,2.435991096496582,2.546103298664093,2.456283517476882,2.500352563454571,42.841138665940285,-0.0482230898547544,-0.0324902176375374,-0.015732872217217,0.0221148620071422,0.3510625508964551,0.0,0.0,0.0,2.454930305480957,1
2017-04-19,NVDA,2.4628111998558007,2.4869466443917414,2.4482806100187,2.454930305480957,380828000,0.0039278743750998,2.4332820892333986,2.538431632518768,2.456037478932168,2.4960266341237505,43.903089136916435,-0.0456670382949089,-0.0351255817690117,-0.0105414565258972,0.0211898010310567,0.3363776631546976,0.0,0.0,0.0,2.493842840194702,1
2017-04-20,NVDA,2.4694610137834085,2.4985221948517378,2.4482807274679868,2.493842840194702,404016000,0.0158507696234257,2.436311388015747,2.530045735836029,2.462911180979902,2.4958186537495552,48.1092923188513,-0.0400398778843049,-0.0361084409920703,-0.0039314368922345,0.0209509257539501,0.3325856356891837,0.0,0.0,0.0,2.504186630249023,1
2017-04-21,NVDA,2.483498870268531,2.50689564381171,2.4716775280088146,2.504186630249023,341896000,0.0041477313195539,2.4385772228240965,2.52338387966156,2.470415808119742,2.4966156038923617,49.19970869062654,-0.0343496934228393,-0.0357566914782241,0.0014069980553848,0.0209590599528183,0.3327147620931025,0.0,0.0,0.0,2.535464286804199,1
2017-04-24,NVDA,2.535710432651299,2.548517062860245,2.5147767617922065,2.535464286804199,371820000,0.0124901459728925,2.445029854774475,2.517817974090576,2.482242804244188,2.500315478455394,52.45329539446227,-0.0270050384822715,-0.0340063608790336,0.0070013223967621,0.0211862073565906,0.3363206153411158,0.0,0.0,0.0,2.5795481204986572,1
2017-04-25,NVDA,2.5499944180038687,2.5940787085073245,2.528567989566946,2.5795481204986572,388440000,0.0173868880440919,2.4621956586837768,2.5134957075119018,2.4999346799268185,2.507861444364276,56.66594506037599,-0.0174262703739236,-0.0306903427780116,0.013264072404088,0.0215355290629226,0.3418659255161825,0.0,0.0,0.0,2.5618157386779785,0
2017-04-26,NVDA,2.5930933981753723,2.5955560303182144,2.559845398091779,2.5618157386779785,327004000,-0.0068742202092554,2.4767261266708376,2.5089764475822447,2.511185781517938,2.512999948584629,54.57148029682151,-0.0111374965268802,-0.0267797735277853,0.0156422770009051,0.0215544730491801,0.3421666519750489,0.0,0.0,0.0,2.6017136573791504,1
2017-04-27,NVDA,2.5692045586324985,2.6100870778876097,2.5512260490187284,2.6017136573791504,319700000,0.0155740782206925,2.4972413301467897,2.506883072853088,2.5276453953108855,2.521448873231726,58.30566522379332,-0.0029007315192521,-0.0220039651260787,0.0191032336068265,0.0218828285311971,0.3473791336572993,0.0,0.0,0.0,2.5687124729156494,0
2017-04-28,NVDA,2.594818261695914,2.601714103841039,2.5630478298347183,2.5687124729156494,348248000,-0.012684402977976,2.518938755989075,2.500602960586548,2.5351121366935696,2.5259501684397185,54.3277721750287,0.0009530580482595,-0.017412560491211,0.0183656185394705,0.0215260497178271,0.3417154455778961,0.0,0.0,0.0,2.626340866088867,1
2017-05-01,NVDA,2.5795475724648367,2.631512980183175,2.5724053528792687,2.626340866088867,307732000,0.0224347387186569,2.5371880292892457,2.4977830410003663,2.5516991784018055,2.535511187263447,59.521279942196394,0.0085586845659881,-0.0122183114797712,0.0207769960457594,0.0222055169354537,0.3525016532690624,-1.0,0.4896451830863952,1.0,2.5485172271728516,0
2017-05-02,NVDA,2.5994976054484327,2.6007290393793023,2.525859359563262,2.5485172271728516,629972000,-0.0296319643504272,2.547507214546203,2.4917491555213926,2.5511206418147228,2.5367498577310093,51.07481309316223,0.0082118203621792,-0.0081322851113811,0.0163441054735603,0.023113579346951,0.3669166971635471,0.6666666666666666,0.790331761042277,3.0,2.5674800872802734,1
2017-05-03,NVDA,2.5416204539495495,2.577084939601566,2.526843721936496,2.5674800872802734,336904000,0.0074407423678504,2.5587621927261353,2.496022140979767,2.554095086444822,2.5396765462595106,52.83125633267383,0.0093591854491066,-0.0046339909992835,0.0139931764483902,0.016711158362296,0.265281414878717,0.0,0.8483046293258667,1.0,2.557629346847534,0
2017-05-04,NVDA,2.573637515423088,2.5847201840030736,2.549748218033873,2.557629346847534,209788000,-0.0038367348909701,2.5651408433914185,2.500726115703583,2.5547376792453154,2.541386336791703,51.79108154106453,0.0093656467738698,-0.0018340634446528,0.0111997102185227,0.016625149918764,0.2639160731652923,0.0,0.0,0.0,2.557875633239746,1
2017-05-05,NVDA,2.546054291677543,2.565017855241396,2.5305384138896843,2.557875633239746,228428000,9.629479444139832e-05,2.570509743690491,2.5045434832572937,2.5553082163352117,2.542956745977231,51.81662436051084,0.0092836248257115,0.0003894742094199,0.0088941506162915,0.016582452454067,0.2632382719260855,0.0,0.0,0.0,2.5310308933258057,0
2017-05-08,NVDA,2.5696969233909654,2.571174502844636,2.51970184469319,2.5310308933258057,365240000,-0.010494935549286,2.5700664043426515,2.5075481295585633,2.5508941576062285,2.541820950486619,48.7826605594724,0.0069721055874301,0.001706000485022,0.005266105102408,0.0167568932148505,0.2660074331553607,-0.6,0.8346839427947998,5.0,2.535217046737671,1
2017-05-09,NVDA,2.536694860807311,2.5842270639769613,2.5283212074044483,2.535217046737671,847672000,0.0016539321676807,2.5656332969665527,2.513914477825165,2.548043773811945,2.5411920072724334,49.281372075347264,0.005415570210379,0.0024479144300934,0.0029676557802856,0.0155212809698735,0.2463926968526682,0.2727272727272727,0.8225414861332286,11.0,2.9871437549591064,1
2017-05-10,NVDA,2.8147470108994423,3.000196765711264,2.8080975500374663,2.9871437549591064,2129096000,0.1782595730030203,2.6081660985946655,2.5424461126327516,2.62788013402052,2.583663602290212,76.21145856668076,0.0401854799558765,0.00999542753525,0.0301900524206264,0.0422238673337194,0.6702831141384333,-0.1428571428571428,0.8087847254105976,14.0,3.115455865859986,1
2017-05-11,NVDA,2.95660467620869,3.2122444879911485,2.953156755790905,3.115455865859986,1939792000,0.0429547827043348,2.659540319442749,2.578390824794769,2.716530267082241,2.6343104845349523,79.53411282333744,0.0772046319940904,0.0234372684270181,0.0537673635670723,0.0425191316939188,0.6749702905470832,0.0,0.9224756956100464,5.0,3.149688720703125,1
2017-05-12,NVDA,3.1186574389481483,3.1918029050630983,3.0977235371048293,3.149688720703125,962620000,0.0109880724738462,2.7176379442214964,2.618288350105286,2.795286349558765,2.6833941260747785,80.32373642649961,0.1080592423021822,0.0403616632020509,0.0676975791001312,0.0418303907674521,0.6640368672919836,0.0,0.7180227041244507,3.0,3.3078014850616455,1
2017-05-15,NVDA,3.1908181002633813,3.3102643524987374,3.186384891902223,3.3078014850616455,1087540000,0.0501994890222752,2.7857840061187744,2.66148601770401,2.8884709196501976,2.742861493597337,83.49182372401567,0.1436146219818268,0.0610122549580061,0.0826023670238207,0.0422301375815999,0.6703826512377367,0.0,0.0,0.0,3.3693718910217285,1
2017-05-16,NVDA,3.3587817485335205,3.384887768573094,3.2844050750300413,3.3693718910217285,1120700000,0.0186136943943404,2.867869472503662,2.707688343524933,2.9759074598995667,2.802529150494898,84.53598265068982,0.1747463664002233,0.0837590772464495,0.0909872891537737,0.0420757592445154,0.6679319711112889,0.0,0.8009918570518494,5.0,3.145502805709839,0
2017-05-17,NVDA,3.3026300588414914,3.3213474781439447,3.141315977465027,3.145502805709839,1271368000,-0.0664423793373558,2.9256717443466185,2.742216968536377,3.006742977319616,2.8351933081344165,67.7550538763009,0.1792874201344831,0.1028647458240563,0.0764226743104268,0.0459808842166424,0.7299239082005451,-0.3333333333333333,0.8450831969579061,3.0,3.2772626876831055,1
2017-05-18,NVDA,3.1893402471947496,3.2861288694259905,3.129001404949158,3.2772626876831055,1156032000,0.0418883371313771,2.997635078430176,2.781387960910797,3.0559283792038867,2.8772951538057203,71.35869066799785,0.1913128240992554,0.1205543614790961,0.0707584626201593,0.0464202457222838,0.7368985558780381,0.2,0.7864888191223144,5.0,3.352950096130371,1
2017-05-19,NVDA,3.3783436844681947,3.4076818690815256,3.333719924778073,3.352950096130371,1018372000,0.0230947030067869,3.077142524719238,2.8238261342048645,3.1099323277359745,2.9225956245033062,73.21079043709126,0.2045919757529266,0.1373618843338622,0.0672300914190644,0.0463867074041064,0.7363661515823046,-0.5,0.6305820047855377,4.0,3.4244465827941895,1
2017-05-22,NVDA,3.3965875355011654,3.438745831494236,3.385739602579075,3.4244465827941895,836608000,0.0213234568406885,3.1664840936660767,2.868275249004364,3.167116737746559,2.9703909538643427,74.8643054746383,0.2183677604490377,0.1535630595568973,0.0648047008921403,0.0463970337155032,0.7365300766938048,0.0,0.915498415629069,3.0,3.3783442974090576,0
2017-05-23,NVDA,3.4441706560919036,3.446389477204487,3.3458009607729533,3.3783442974090576,681248000,-0.0134626966052758,3.2507968187332152,2.908215057849884,3.2055217485942857,3.0092436532495537,71.78736768834207,0.2229945574828002,0.1674493591420779,0.0555451983407223,0.0468623683678612,0.7439170352931634,0.0,0.9438328742980956,1.0,3.416311264038086,1
2017-05-24,NVDA,3.4752342782606354,3.477946379458346,3.4042305989631334,3.416311264038086,815996000,0.0112383354941489,3.2937135696411133,2.9509398341178894,3.243847115038613,3.048011997134176,72.77958497007391,0.2271069962861234,0.179380886570887,0.0477261097152363,0.0466007370702797,0.739763767201613,0.0,0.7832160492738088,6.0,3.408668756484986,0
2017-05-25,NVDA,3.451566747682308,3.4523064330806963,3.3637983492650685,3.408668756484986,608228000,-0.0022370641790018,3.323034858703614,2.991287589073181,3.2738146862106805,3.0823602599294913,72.2289181017658,0.2271312198595776,0.1889309532286251,0.0382002666309524,0.046768336745539,0.7424243295649214,0.0,0.9467339515686036,1.0,3.4969305992126465,1
2017-05-26,NVDA,3.4005333105440245,3.5817405008345244,3.3803170432624023,3.4969305992126465,779140000,0.0258933469436544,3.3577590465545653,3.037698495388031,3.3143812158474013,3.12184314938503,74.61747701693321,0.2316026392317605,0.1974652904292522,0.0341373488025082,0.0463790380351922,0.7362444041251468,1.0,0.9312481880187988,1.0,3.5716311931610107,1
2017-05-30,NVDA,3.5427858209563756,3.606639746722629,3.526760797046564,3.5716311931610107,989652000,0.0213617605008185,3.384142017364502,3.084963011741638,3.36115393899533,3.164680105935123,76.46264757642832,0.2384255634510692,0.2056573450336156,0.0327682184174535,0.0463724302283501,0.7361395084434518,0.0,0.0,0.0,3.5588114261627197,0
2017-05-31,NVDA,3.616501705945178,3.6241444935954985,3.5021070015644677,3.5588114261627197,887316000,-0.0035893311221042,3.403085970878601,3.1354777216911316,3.3970916639348556,3.2022164221472753,75.44897929399828,0.2400313994355523,0.2125321559140029,0.0274992435215493,0.0453651955162135,0.7201501530823405,0.0,0.0,0.0,3.559058427810669,1
2017-06-01,NVDA,3.574590410731282,3.5755767363194138,3.5136949745751664,3.559058427810669,503340000,6.940565778035257e-05,3.444441533088684,3.1850566387176515,3.4265401664577304,3.236201375067598,75.45573080584086,0.2385738363134244,0.2177404919938873,0.0208333443195371,0.0454831272221723,0.722022260876281,0.0,0.845011293888092,1.0,3.541307210922241,0
2017-06-02,NVDA,3.5560995067070698,3.582232782038283,3.535390198560589,3.541307210922241,487456000,-0.0049876160362298,3.4708459854125975,3.2342405319213867,3.447406901814914,3.2652590737204217,73.88323198207272,0.2332970292572569,0.2208517994465612,0.0124452298106957,0.0455120998023813,0.7224821863287173,-0.5,0.8403410613536835,2.0,3.64904522895813,1
2017-06-05,NVDA,3.525035549801789,3.661865344054604,3.5134481652091263,3.64904522895813,817376000,0.0304232340260113,3.5004554986953735,3.288799011707306,3.484068415840953,3.301810136124013,77.01422935661842,0.2350986088798485,0.2237011613332187,0.0113974475466298,0.045413110628996,0.720910781917125,0.25,0.7415754795074463,4.0,3.6325278282165527,0
2017-06-06,NVDA,3.644361620023509,3.690464761877934,3.619214665484136,3.6325278282165527,758728000,-0.0045264993183691,3.5212636232376098,3.3438738584518433,3.51106103627288,3.3333070591804455,75.51944187958642,0.232513289050587,0.2254635868766923,0.0070497021738946,0.0452294538606105,0.7179953211026746,1.0,0.9512460231781006,1.0,3.676411628723145,1
2017-06-07,NVDA,3.656935048962533,3.6951487581976874,3.641403066165159,3.676411628723145,612612000,0.0120807885257516,3.5510703563690185,3.400933587551117,3.541124780354746,3.365983684851179,76.80740950435496,0.2313387315147901,0.2266386158043119,0.0047001157104781,0.0450771779061619,0.7155780152659179,0.0,0.0,0.0,3.943168878555298,1
2017-06-08,NVDA,3.783410457164528,3.944648014346257,3.742238238657703,3.943168878555298,1161744000,0.0725591355842818,3.603756117820739,3.4487348437309264,3.614223707300301,3.4209537032991904,82.74891730058299,0.2490619359219046,0.2311232798278304,0.0179386560940741,0.0287387084644248,0.4562128535883303,0.0,0.8177611082792282,4.0,3.6882455348968506,0
2017-06-09,NVDA,4.061508036091195,4.154207119752375,3.519365205176831,3.6882455348968506,3692928000,-0.0646493598194166,3.631713795661926,3.47737432718277,3.627682221408764,3.446410068213253,65.4841205810539,0.2397735594143042,0.2328533357451252,0.0069202236691789,0.0328800475337997,0.5219545732225004,-0.3076923076923077,0.7967280814280877,13.0,3.697367668151855,1
2017-06-12,NVDA,3.596532744954067,3.740019255725093,3.503587015872353,3.697367668151855,1697532000,0.0024732987998479,3.651757502555847,3.5047582745552064,3.640352302634781,3.4703107920169294,65.75942405994734,0.2304915706789558,0.2323809827318914,-0.0018894120529355,0.0329079546227502,0.5223975845255728,-0.25,0.9173343032598495,4.0,3.73262357711792,1
2017-06-13,NVDA,3.8065855454122897,3.8157077064624945,3.590862589275197,3.73262357711792,1672504000,0.0095354079254139,3.667856740951538,3.52599937915802,3.657128897995351,3.4952929620265474,66.85962095535257,0.2234051098986516,0.2305858081652434,-0.0071806982665918,0.03142297723414,0.4988242992886728,1.0,0.7816635966300964,3.0,3.740512609481811,1
2017-06-14,NVDA,3.735581921532419,3.798203139741625,3.6611266760537062,3.740512609481811,1184640000,0.002113535480045,3.686026859283447,3.5445564150810243,3.672289572811071,3.518647214165144,67.11425329843358,0.215936436827457,0.2276559338976861,-0.0117194970702291,0.0313054914685429,0.4969592705785127,-0.1111111111111111,0.8762363659010993,9.0,3.756537437438965,1
2017-06-15,NVDA,3.623158946445584,3.7868617173314,3.611817965778073,3.756537437438965,963824000,0.0042841261693737,3.705774760246277,3.575108146667481,3.687607366379779,3.541303425905508,67.65785306567795,0.2089024321007104,0.223905233538291,-0.0150028014375805,0.0263247749956189,0.417892847748835,0.0,0.5979878306388855,1.0,3.738046407699585,0
2017-06-16,NVDA,3.766152099339197,3.8139810091092814,3.704023938716276,3.738046407699585,924960000,-0.0049223600316322,3.7254486799240114,3.5981473326683044,3.696778101165198,3.560040852743039,66.29605827921141,0.1995357373401383,0.2190313342986605,-0.0194955969585222,0.0253318836421763,0.4021311861481426,0.3333333333333333,0.6745982766151428,3.0,3.8785746097564697,1
2017-06-19,NVDA,3.7821771054010727,3.8837519368537095,3.778479148971218,3.8785746097564697,778176000,0.0375940228477169,3.7484016180038457,3.624428558349609,3.729832011818156,3.5903774010300324,71.06294527286154,0.2011334742320896,0.2154517622853463,-0.0143182880532567,0.0260178235885678,0.4130201452230042,0.0,0.8150085806846619,1.0,3.8729052543640137,0
2017-06-20,NVDA,3.9207341793366792,3.987546643136096,3.8687142513966264,3.8729052543640137,1095444000,-0.0014617110569936,3.7724393606185913,3.6468514919281008,3.755845328644676,3.6172848156332686,70.62894325822903,0.1996408867602075,0.2122895871803186,-0.012648700420111,0.0258851195514116,0.4109135339412668,0.1666666666666666,0.7933552960554758,6.0,3.9315807819366455,1
2017-06-21,NVDA,3.900516818004549,3.935278973646364,3.838635060063433,3.9315807819366455,682652000,0.0151502615527492,3.797956275939941,3.67451331615448,3.7877972292432154,3.647217764805019,72.500816134399,0.2008770396668326,0.2100070776776214,-0.0091300380107887,0.0255123634935576,0.4049962149686186,0.3333333333333333,0.8519377708435059,3.0,3.90446138381958,0
2017-06-22,NVDA,3.9397165843861486,3.9530299803879183,3.880546928215383,3.90446138381958,469132000,-0.0068978356598098,3.7940855264663695,3.698920822143555,3.809008893711645,3.67171715709212,70.2716389540413,0.1973929677106407,0.2074842556842253,-0.0100912879735845,0.0257097656305858,0.408129876745715,0.0,0.8646364808082581,1.0,3.792532444000244,0
2017-06-23,NVDA,3.912104496823268,3.9278831201352142,3.7774932709902846,3.792532444000244,1088588000,-0.0286669347744554,3.804514217376709,3.7181140065193174,3.806013175582299,3.6832233748928935,61.822793858428106,0.1834849848794819,0.2026844015232766,-0.0191994166437946,0.02686362575472,0.426446838362994,0.0,0.8239815831184387,1.0,3.7511138916015625,0
2017-06-26,NVDA,3.825322496594565,3.860824343147609,3.656935424447675,3.7511138916015625,1063960000,-0.0109210805735374,3.80988883972168,3.730823171138763,3.7960314875858017,3.689689138388957,58.996106199530075,0.1671933760895969,0.1955861964365407,-0.0283928203469437,0.0266671057700183,0.4233271803199453,0.0,0.81442262729009,3.0,3.613790273666382,0
2017-06-27,NVDA,3.7336089593318382,3.742237838321026,3.608119901061961,3.613790273666382,999492000,-0.0366087572661115,3.7980055093765257,3.732931125164032,3.7628967214186337,3.682460675082045,50.71643783285864,0.1415693669050903,0.1847828305302506,-0.0432134636251602,0.0277904804666173,0.4411602007780061,-0.25,0.8086676299571991,4.0,3.741252422332764,1
2017-06-28,NVDA,3.6813430687002087,3.7459367053598016,3.5933280169054256,3.741252422332764,994948000,0.0352710420400421,3.798079490661621,3.742053174972534,3.758961394312112,3.688059889105923,56.77959844151585,0.1300481708062273,0.1738358985854459,-0.0437877277792186,0.0287964967058391,0.4571302134812459,0.75,0.7547934204339981,4.0,3.616255760192871,0
2017-06-29,NVDA,3.712899675787962,3.7158579470741504,3.552155179939054,3.616255760192871,1064424000,-0.0334103792071732,3.784051322937011,3.744913041591644,3.73301491538134,3.6812214006380137,50.25068604661894,0.1095683185260871,0.1609823825735742,-0.051414064047487,0.029920612969105,0.4749750059451946,0.0,0.0,0.0,3.5639889240264893,0
2017-06-30,NVDA,3.633513231265619,3.647073031626443,3.5378556487749755,3.5639889240264893,731060000,-0.0144533018769652,3.766645574569702,3.746047127246857,3.7022829169531857,3.670056402865487,47.7768088221265,0.0881047741847718,0.1464068608958137,-0.0583020867110419,0.0300983362499538,0.4777962755650701,0.0,0.0,0.0,3.435048341751098,0
2017-07-03,NVDA,3.5760696175737685,3.5908619144048175,3.416557853152628,3.435048341751098,709072000,-0.0361787269893414,3.722292947769165,3.7353472828865057,3.653694812370987,3.6476746827593542,42.25071439086247,0.0599987055400088,0.1291252298246527,-0.0691265242846439,0.030325865133584,0.4814081846180877,0.0,0.0,0.0,3.526761770248413,1
2017-07-05,NVDA,3.498409435323804,3.555606915293533,3.4794259004335344,3.526761770248413,820188000,0.0266993123161003,3.687678599357605,3.7300589799880983,3.6306160774396097,3.636159167282122,46.95082206360046,0.044610706390308,0.1122223251377838,-0.0676116187474757,0.0310164225123707,0.4923704431598285,0.5,0.7648701071739197,4.0,3.537362813949585,1
2017-07-06,NVDA,3.497669968457925,3.5842056383027625,3.445649816431922,3.537362813949585,746284000,0.0030058859633224,3.648256802558899,3.72310653924942,3.6136609386232417,3.6267499907742615,47.48288430105677,0.0328918648857605,0.0963562330873791,-0.0634643682016186,0.0308807567513025,0.4902168159685529,0.5,0.932687282562256,2.0,3.61822772026062,1
2017-07-07,NVDA,3.5940668603958397,3.6364718027947545,3.571138495932102,3.61822772026062,654972000,0.0228602240042057,3.619633436203003,3.7068594813346865,3.61449126255731,3.6259383459634384,51.48045917297368,0.0297863620464879,0.0830422588792009,-0.0532558968327129,0.0262643743662086,0.4169340174821261,0.0,0.9210705161094666,2.0,3.789327383041382,1
2017-07-10,NVDA,3.6916973695128217,3.796723532064029,3.6655640901880857,3.789327383041382,958492000,0.047288251599719,3.619312930107117,3.7119135737419127,3.646279648099868,3.641499206637529,58.65216214448075,0.040662806003398,0.0745663683040403,-0.0339035623006423,0.0245196234109701,0.3892369547183056,0.2,0.8723100543022155,5.0,3.8430733680725098,1
2017-07-11,NVDA,3.793025629895059,3.8507161573913433,3.751113726295827,3.8430733680725098,757956000,0.014183515858688,3.628508877754211,3.7191988587379456,3.68206032445853,3.660696745821813,60.62118091712645,0.0530082716586921,0.0702547489749707,-0.0172464773162785,0.0246799185294261,0.3917815608371791,0.5,0.8995476365089417,2.0,4.00653076171875,1
2017-07-12,NVDA,3.902737295930798,4.018611197265663,3.859839288410256,4.00653076171875,1145208000,0.0425329880517535,3.667782926559448,3.732894217967987,3.7410549494149334,3.693633318764378,65.93438515457775,0.0751158984127262,0.0712269788625218,0.0038889195502044,0.0262476426638222,0.4166684099409756,0.2857142857142857,0.8347716331481934,7.0,3.9601802825927734,0
2017-07-13,NVDA,4.018610265120382,4.0999686174495595,3.913830732809936,3.9601802825927734,1369132000,-0.0115687316240878,3.689675712585449,3.7438776016235353,3.780895919083631,3.719018743890892,63.32520095254543,0.0878831928519887,0.0745582216604152,0.0133249711915735,0.0264732537767459,0.4202498753278281,0.3333333333333333,0.8610659639040629,3.0,4.066686630249023,1
2017-07-14,NVDA,3.976452509433961,4.068165531233772,3.969549404042512,4.066686630249023,941948000,0.0268943179492118,3.734718799591065,3.7593850612640383,3.832857866568248,3.7521299711630953,66.59629730538633,0.105380773859864,0.0807227321003049,0.024658041759559,0.027000012018241,0.4286119031761259,0.0,0.0,0.0,4.049426555633545,0
2017-07-17,NVDA,4.100707012508297,4.129552387059989,3.9877914453789183,4.049426555633545,930792000,-0.0042442598077495,3.78326256275177,3.774954068660736,3.872233991852847,3.780443931588852,65.57554732962967,0.1165119123000142,0.0878805681402468,0.0286313441597673,0.0269882190133234,0.4284246950267927,-0.25,0.9242886304855348,4.0,4.091586112976074,1
2017-07-18,NVDA,3.9885318991083487,4.106132005560571,3.9766978728974585,4.091586112976074,776640000,0.0104112413852468,3.8489163398742674,3.785604643821716,3.9121161956934336,3.810076520292397,66.90970746032852,0.1272682742015303,0.0957581093525035,0.0315101648490267,0.0258881489653395,0.4109616243964955,-0.5,0.8732186853885651,2.0,4.070383548736572,0
2017-07-19,NVDA,4.100707829643317,4.127087748612837,4.058303117386156,4.070383548736572,687044000,-0.0051819914463635,3.9032785177230833,3.795478558540344,3.940892078064913,3.834867665858509,65.5341286647926,0.1325538999206319,0.1031172674661292,0.0294366324545027,0.0259351745611912,0.4117081325877653,0.0,0.9370838403701782,1.0,4.129551410675049,1
2017-07-20,NVDA,4.090844672158438,4.129797815629098,4.041043597609581,4.129551410675049,699596000,0.0145361883542503,3.96249737739563,3.805377089977264,3.975193774903119,3.8629327844124655,67.53966924536675,0.1399044173204835,0.1104746974370001,0.0294297198834834,0.0259201534555197,0.411469679927621,0.0,0.814664900302887,1.0,4.144346237182617,1
2017-07-21,NVDA,4.109091027409969,4.173931308112767,4.094791537273834,4.144346237182617,648332000,0.0035826715873601,4.015109229087829,3.817371332645416,4.0059487680448465,3.8897340656286703,68.04045442887556,0.1452492314455238,0.1174296042387048,0.0278196272068189,0.0258200002677637,0.409879797360744,0.0,0.0,0.0,4.096269130706787,0
2017-07-24,NVDA,4.151494415730494,4.1611093832706185,4.08566807293672,4.096269130706787,652524000,-0.0116006491070865,4.04580340385437,3.832558166980744,4.022370652165199,3.9094040718265863,64.5551360268353,0.1439462912098563,0.1227329416329351,0.0212133495769211,0.0249760976949336,0.3964832593298883,0.0,0.0,0.0,4.076547622680664,0
2017-07-25,NVDA,4.073342475412102,4.090847112599931,4.032909937619727,4.076547622680664,496556000,-0.0048145049548343,4.069150829315186,3.8488298535346983,4.032221010440738,3.925322505241261,63.12665488132245,0.1397118298013677,0.1261287192666217,0.013583110534746,0.0248189277651143,0.3939882640426124,0.0,0.9263281226158142,1.0,4.123636245727539,1
2017-07-26,NVDA,4.1339909012936165,4.189462606282366,4.088873851870943,4.123636245727539,640404000,0.0115511033858375,4.080861377716064,3.874322152137757,4.048841962311065,3.9442095281447154,65.11175921187258,0.1385584316212331,0.128614661737544,0.0099437698836891,0.0228855916078914,0.3632975040064063,0.0,0.0,0.0,3.9875450134277344,0
2017-07-27,NVDA,4.148535890229936,4.160123509070221,3.8844910552305314,3.9875450134277344,782856000,-0.0330027248258881,4.083597850799561,3.8866367816925047,4.037697062514096,3.9483367172192887,55.76739060923066,0.1252194779733226,0.1279356249846997,-0.002716147011377,0.0235094168795606,0.3732004231887702,0.5,0.6587076783180237,2.0,4.052878379821777,1
2017-07-28,NVDA,3.951796829812933,4.077286114603497,3.9268965200926926,4.052878379821777,513348000,0.0163843583392884,4.082217025756836,3.90846791267395,4.040457302024583,3.9582930660385736,58.82258720440365,0.1185535067310565,0.1260592013339711,-0.0075056946029145,0.0219872510158296,0.3490367892110251,0.0,0.9227243363857268,2.0,4.00653076171875,0
2017-07-31,NVDA,4.0664401291593055,4.10243503065304,3.959934796037798,4.00653076171875,559672000,-0.0114357288227003,4.077927446365356,3.930595004558563,4.034288840150795,3.9628871322938286,55.87419698102849,0.1082825966870899,0.1225038804045948,-0.0142212837175049,0.0218498381791331,0.3468554280539433,-0.3333333333333333,0.921205480893453,3.0,4.055344581604004,1
2017-08-01,NVDA,3.997161007927686,4.057070357598832,3.969302186936513,4.055344581604004,431384000,0.0121835629846289,4.07430329322815,3.9616098165512086,4.038117156778651,3.9716926036567024,58.247862971385274,0.1028955776214144,0.1185822198479588,-0.0156866422265443,0.0194718919343418,0.3091067016851573,0.0,0.0,0.0,4.052878379821777,0
2017-08-02,NVDA,4.086408273297855,4.090352634714849,3.9759581595657423,4.052878379821777,478444000,-0.000608136184879,4.07255277633667,3.987915647029877,4.040801015513765,3.9794245823390906,58.07787889943871,0.0973056454178569,0.1143269049619384,-0.0170212595440815,0.0190830856573541,0.3029345933826151,0.0,0.0,0.0,4.104404926300049,1
2017-08-03,NVDA,4.05238479064642,4.108102881977157,4.035373442150098,4.104404926300049,442420000,0.0127135683949484,4.07003812789917,4.0162677526473995,4.052365362929453,3.991327472240134,60.66096591132342,0.0959275524370646,0.1106470344569636,-0.014719482019899,0.019095642711192,0.3031339304325447,-1.0,0.5416654348373413,1.0,4.122403621673584,1
2017-08-04,NVDA,4.127087668943283,4.19291402744633,4.104406177526089,4.122403621673584,589096000,0.0043852143481759,4.067843866348267,4.041476547718048,4.065099591792022,4.00381091504332,61.5521401678426,0.095190451841602,0.1075557179338913,-0.0123652660922893,0.0187642591808415,0.2978733799732037,0.0,0.0,0.0,4.249124526977539,1
2017-08-07,NVDA,4.15149453776515,4.249617336987724,4.141879099703831,4.249124526977539,717412000,0.0307395677215396,4.083129405975342,4.064466404914856,4.098558670916661,4.027174116179912,67.18803747038399,0.1036369500677909,0.1067719643606712,-0.0031350142928803,0.0171785784269966,0.2727014783727137,0.0,0.9116473197937012,3.0,4.198583602905273,0
2017-08-08,NVDA,4.2870914310596895,4.3036095003278305,4.159383577559222,4.198583602905273,755336000,-0.0118944323122053,4.095333003997803,4.0822419166564945,4.116745022187318,4.043498829201376,63.20838464615424,0.1050417743923133,0.1064259263669997,-0.0013841519746863,0.0175019624286332,0.2778350402505581,0.0,0.8139696419239044,4.0,4.243207931518555,1
2017-08-09,NVDA,4.15248103545533,4.245673392527062,4.133743907981555,4.243207931518555,530784000,0.0106284244482837,4.107290172576905,4.094075775146484,4.139738278429361,4.062518743707773,65.17002588579831,0.1085051384744968,0.1068417687884991,0.0016633696859977,0.0151574162977172,0.2406165242522239,0.0,0.8962876399358114,3.0,4.061508655548096,0
2017-08-10,NVDA,4.244441389579491,4.25676869741797,4.051400404192156,4.061508655548096,1328088000,-0.0428212048296753,4.11468653678894,4.0991421937942505,4.125514710632767,4.062422544835423,52.82075040396345,0.0954875454304211,0.1045709241168835,-0.0090833786864623,0.0180680462376232,0.2868213421294034,-0.1818181818181818,0.787492960691452,11.0,3.8450448513031006,0
2017-08-11,NVDA,3.874136632401297,3.919993124872822,3.7698501727080753,3.8450448513031006,1497196000,-0.0532964035295854,4.093903183937073,4.088060104846955,4.0745201907546456,4.041719907356154,42.49066548620936,0.0669326315053435,0.0970432655945755,-0.0301106340892319,0.0208075147991286,0.3303090573587424,-0.3333333333333333,0.8345891502168443,9.0,4.151741027832031,1
2017-08-14,NVDA,3.9365111889789417,4.155438983938421,3.9249238052816384,4.151741027832031,1279020000,0.079764004943919,4.108424210548401,4.093175828456879,4.088560342950534,4.052198109306238,55.707730285380045,0.0682635747742672,0.0912873274305138,-0.0230237526562466,0.027770244978804,0.440838972367534,0.0,0.753363287448883,5.0,4.116732120513916,0
2017-08-15,NVDA,4.156918237246325,4.183051274741345,4.0824630155280035,4.116732120513916,764532000,-0.0084323437043462,4.114562964439392,4.094433128833771,4.0936824843256945,4.058344205611731,54.17711025903713,0.065735670771275,0.0861769960986661,-0.020441325327391,0.0277756253129871,0.440924382524848,0.0,0.9176574051380156,2.0,4.071615695953369,0
2017-08-16,NVDA,4.131771912736308,4.15519308801055,4.039319236840992,4.071615695953369,596632000,-0.0109592811093365,4.116436696052551,4.09449473619461,4.089670340985271,4.05960815707284,52.18709744863311,0.0594069637296703,0.0808229896248669,-0.0214160258951966,0.0278695609757338,0.4424155649420546,0.5,0.7332447171211243,2.0,3.980887889862061,0
2017-08-17,NVDA,4.063232767739227,4.080243646184611,3.978669304526737,3.980887889862061,525444000,-0.0222829984130081,4.104084992408753,4.087061560153961,4.069891713508324,4.052110988767051,48.341608643062294,0.0465340268011331,0.0739651970601202,-0.027431170258987,0.0281003646149552,0.4460794591284654,-0.5,0.6931806206703186,2.0,3.9816293716430664,1
2017-08-18,NVDA,4.035128902392917,4.05214025875268,3.935772866119703,3.9816293716430664,601204000,0.0001862604025835,4.090007567405701,4.0789257168769835,4.053844014987368,4.0453984538028624,48.37508918518343,0.035977239699469,0.06636760558799,-0.0303903658885209,0.028078535333918,0.4457329300349229,0.0,0.0,0.0,3.923691987991333,0
2017-08-21,NVDA,4.006036658563477,4.017377404770563,3.879807903806571,3.923691987991333,623672000,-0.0145511744675081,4.05746431350708,4.070296859741211,4.030180010078998,4.033807361820812,45.87327839981616,0.0226744700299423,0.0576289784763804,-0.0349545084464381,0.0281413563131129,0.4467301821633256,0.0,0.8824823796749115,2.0,4.011042594909668,1
2017-08-22,NVDA,3.960210708852366,4.01696481579482,3.940963608638758,4.011042594909668,450456000,0.022262350659959,4.038710212707519,4.067021608352661,4.02670048004821,4.031639288781656,50.06622037912513,0.018961813205081,0.0498955454221206,-0.0309337322170395,0.0286345860307043,0.4545599611951664,0.0,0.0,0.0,4.0912394523620605,1
2017-08-23,NVDA,3.977731224913029,4.102343559017083,3.969094279156817,4.0912394523620605,579520000,0.0199940179030182,4.02351336479187,4.065401768684387,4.038434838650728,4.037315494836933,53.61865865757468,0.0222344175612336,0.0443633198499432,-0.0221289022887095,0.0288815950462692,0.4584811077558207,0.0,0.0,0.0,4.0761871337890625,0
2017-08-24,NVDA,4.123317814991696,4.1277598342767945,4.049784463959073,4.0761871337890625,469700000,-0.003679158540649,4.024981212615967,4.069833874702454,4.0452988923122435,4.041017555689517,52.85854585675564,0.0233442853893057,0.0401595129578157,-0.0168152275685099,0.0278438061518625,0.4420067197879118,1.0,0.8895223140716553,1.0,4.0421366691589355,0
2017-08-25,NVDA,4.100371482077671,4.11048863478272,4.035720730115615,4.0421366691589355,357200000,-0.008353508686554,4.044690394401551,4.069296789169312,4.044723942648005,4.041124137924699,51.09398672556088,0.0212315318323801,0.0363739167327286,-0.0151423849003484,0.0276951855195875,0.4396474403917548,0.0,0.0,0.0,4.070758819580078,1
2017-08-28,NVDA,4.0611353853114665,4.073966787887158,4.0056148481423595,4.070758819580078,389496000,0.0070809457383087,4.036592173576355,4.072508192062378,4.049457556635654,4.043946488558545,52.5285426077627,0.0216175342720035,0.0334226402405836,-0.01180510596858,0.0275940991675521,0.4380427443011846,0.0,0.0,0.0,4.064095973968506,0
2017-08-29,NVDA,4.012030501412811,4.085810943349243,4.003887270231886,4.064095973968506,324096000,-0.0016367576432001,4.031328558921814,4.072945761680603,4.0521190870598085,4.045865487169017,52.1450907813038,0.0211420951172582,0.0309665312159185,-0.0098244360986602,0.0274761238287757,0.4361699438577381,1.0,0.7898042798042297,2.0,4.088278770446777,1
2017-08-30,NVDA,4.083836751052391,4.0993828776275105,4.053485775773115,4.088278770446777,384400000,0.0059503507380651,4.032994866371155,4.074715781211853,4.058693574948348,4.0499048474811845,53.47265394725259,0.0224577764658837,0.0292647802659115,-0.0068070038000278,0.0275018057134763,0.4365776311384424,-1.0,0.9467103481292723,1.0,4.181058883666992,1
2017-08-31,NVDA,4.108512028744885,4.185006717267959,4.101109605416797,4.181058883666992,612684000,0.02269417484221,4.053011965751648,4.0785484790802,4.080941812897192,4.0623957080703095,58.25722565865938,0.0306339144578338,0.029538607104296,0.0010953073535377,0.0278182828488436,0.4416015499133617,0.0,0.9157044887542723,3.0,4.206229209899902,1
2017-09-01,NVDA,4.1936448982720345,4.241762546696998,4.185007950756027,4.206229209899902,445432000,0.0060200841301796,4.075471949577332,4.082739758491516,4.103721339624958,4.076094136815985,59.4747539931341,0.0386985054107587,0.0313705867655885,0.0073279186451701,0.0278302596063189,0.4417916750441177,0.0,0.0,0.0,4.0939555168151855,0
2017-09-05,NVDA,4.154904584072368,4.159839849358269,4.035967796990664,4.0939555168151855,695364000,-0.0266922432140565,4.092498302459717,4.074981307983398,4.1019457354777265,4.077795220625433,52.16576667008582,0.0356196025162836,0.0322203899157275,0.003399212600556,0.02760245524751,0.438175392958208,0.0,0.0,0.0,4.091485977172852,0
2017-09-06,NVDA,4.126772683932748,4.140591043770432,4.056693455625134,4.091485977172852,397672000,-0.0006032160418428,4.100542640686035,4.069626426696777,4.100043961240476,4.079099102201377,52.014351141649485,0.0326044349492429,0.0322971989224306,0.0003072360268122,0.0274939437640833,0.4364528265609574,0.5,0.7826266884803772,2.0,4.110487937927246,1
2017-09-07,NVDA,4.108266927715056,4.142812837775393,4.070266426648685,4.110487937927246,352868000,0.0046442688207681,4.102467489242554,4.062990427017212,4.101942866092616,4.0820885151276505,53.14139616253616,0.0313863895942283,0.0321150370567901,-0.0007286474625618,0.0273938432557111,0.4348637802533746,0.0,0.0,0.0,4.039174556732178,0
2017-09-08,NVDA,4.098890032067274,4.113695354563026,4.014992420170148,4.039174556732178,498856000,-0.0173491279556043,4.098766231536866,4.061873722076416,4.090530446208899,4.078001471470939,48.53421589445093,0.0243855841683942,0.0305691464791109,-0.0061835623107167,0.0259106478917494,0.4113187837807748,0.0,0.0,0.0,4.17020320892334,1
2017-09-11,NVDA,4.084825387110074,4.180814075296995,4.079396407574918,4.17020320892334,567444000,0.0324394626552531,4.111572885513306,4.078131639957428,4.10501640306607,4.0867825893235485,56.070221126495575,0.0290751523523669,0.0302703476537621,-0.0011951953013952,0.0236127017052614,0.3748400189668353,0.0,0.8287657499313354,1.0,4.185254096984863,1
2017-09-12,NVDA,4.1948775303631205,4.1948775303631205,4.120110131574225,4.185254096984863,411488000,0.003609149796182,4.123022413253784,4.07980729341507,4.1196050746876685,4.096160828148435,56.851787634283696,0.0336186153350039,0.0309400011900105,0.0026786141449934,0.015581863976884,0.2473544222740272,-1.0,0.5589137077331543,1.0,4.204008102416992,1
2017-09-13,NVDA,4.160084916701567,4.232878405179089,4.127760023660965,4.204008102416992,580960000,0.0044809717636116,4.137013626098633,4.084171092510223,4.134951079729364,4.106431997126394,57.85788462515082,0.0382912364489209,0.0324102482417926,0.0058809882071283,0.0154585663982226,0.2453971338916603,0.0,0.917407234509786,3.0,4.180071830749512,0
2017-09-14,NVDA,4.165019421191666,4.258047190436093,4.140590671717259,4.180071830749512,513712000,-0.0056936787666319,4.146192932128907,4.089593899250031,4.143154852642118,4.113445314614309,56.061140945243096,0.0396063083971887,0.0338494602728718,0.0057568481243168,0.0152851133308241,0.2426436518087934,0.0,0.938517689704895,1.0,4.444349765777588,1
2017-09-15,NVDA,4.2654504635234565,4.444349765777588,4.26026857801741,4.444349765777588,1364792000,0.0632232999165207,4.172522020339966,4.112766993045807,4.197917564121294,4.144960024248907,67.91011639065957,0.0612672819953967,0.0393330246173768,0.0219342573780199,0.0196419006132103,0.3118055057952099,0.1428571428571428,0.9006919435092381,7.0,4.627937316894531,1
2017-09-18,NVDA,4.568468943563326,4.718004230469194,4.561559762772193,4.627937316894531,1684460000,0.041308078974928,4.214692831039429,4.14508239030838,4.276102973716428,4.190957861643729,73.29722186536534,0.0921850883851407,0.0499034373709296,0.0422816510142111,0.0211301179937933,0.3354302243101688,0.1111111111111111,0.7956467204623752,9.0,4.623002529144287,0
2017-09-19,NVDA,4.577599139328865,4.684691912364669,4.555637545702236,4.623002529144287,874280000,-0.0010663039303123,4.2675975322723385,4.180047917366028,4.339175620157857,4.232104972834258,72.94275192402584,0.114964240369848,0.0629155979707133,0.0520486423991347,0.0205890218830414,0.3268405898435667,0.5,0.889013260602951,2.0,4.585741996765137,0
2017-09-20,NVDA,4.626703838446828,4.674081146439339,4.545520491706357,4.585741996765137,724920000,-0.0080598122419905,4.317023134231567,4.208782887458801,4.384005870450089,4.265784689399104,70.18288356020668,0.1285286703632921,0.076038212449229,0.052490457914063,0.0206333372004988,0.3275440736991449,-0.4,0.8667220354080201,5.0,4.460389137268066,0
2017-09-21,NVDA,4.482103637868586,4.508260158034046,4.382660384018477,4.460389137268066,1075600000,-0.0273353493470623,4.35201325416565,4.227240371704101,4.397893737144266,4.284318446339006,61.72199367648298,0.1276917002801747,0.0863689100154182,0.0413227902647565,0.0217389195023871,0.3450946486474109,-0.5,0.795266792178154,4.0,4.4169602394104,0
2017-09-22,NVDA,4.449038985845202,4.498637308225439,4.407090181728481,4.4169602394104,491232000,-0.0097365715235029,4.389791822433471,4.2442790269851685,4.4013603739199265,4.296950998060091,59.06527065346015,0.1221163649126753,0.0935184009948696,0.0285979639178056,0.0219011813399762,0.3476704754646324,-1.0,0.9559489488601683,1.0,4.219554901123047,0
2017-09-25,NVDA,4.386116086822176,4.3873501383429785,4.198827353839992,4.219554901123047,874580000,-0.0446925776071066,4.394726991653442,4.253149938583374,4.368304833411402,4.289579941208944,48.78592156410661,0.1006091507880055,0.0949365509534968,0.0056725998345087,0.0243697383828458,0.3868576036602925,0.0,0.7211727201938629,2.0,4.243242263793945,1
2017-09-26,NVDA,4.35403671827964,4.409063541897769,4.2035144747692925,4.243242263793945,1125620000,0.0056137112150369,4.400525808334351,4.261774110794067,4.345566184390046,4.285166829074183,49.91235752726095,0.0845018165069486,0.0928496040641872,-0.0083477875572385,0.0243572033343286,0.3866586159340006,0.5,0.8987825065851212,4.0,4.336269378662109,1
2017-09-27,NVDA,4.3335551253303555,4.349594494030347,4.2627355634988335,4.336269378662109,713720000,0.0219235926409224,4.413751935958862,4.275382781028748,4.343875856075876,4.290033738558748,54.175163766277144,0.0783400929257238,0.0899477018364945,-0.0116076089107706,0.0247209613883634,0.3924330960242377,1.0,0.6854915022850037,1.0,4.3350348472595215,0
2017-09-28,NVDA,4.34342422735739,4.347372530843563,4.287657088035292,4.3350348472595215,435244000,-0.0002846989646591,4.429248237609864,4.287720584869385,4.342268399927447,4.294319558435012,54.10935032584945,0.0725212859860873,0.0864624186664131,-0.0139411326803257,0.0247281977806743,0.3925479701909013,0.0,0.786527007818222,2.0,4.411286354064941,1
2017-09-29,NVDA,4.418935874487144,4.434974781578009,4.373779088853216,4.411286354064941,619092000,0.0175895948918667,4.425941896438599,4.299231958389282,4.354817118861537,4.30545925325691,57.540357796910016,0.0732186795422338,0.0838136708415772,-0.0105949912993434,0.0245422863199482,0.3895967172451541,0.0,0.8089067339897156,1.0,4.4169602394104,1
2017-10-02,NVDA,4.461376675610774,4.490494075284112,4.367609009695415,4.4169602394104,503480000,0.0012862201385386,4.404844188690186,4.309768509864807,4.36611586805224,4.316078394795337,57.79322727501697,0.0733832872329589,0.0817275941198536,-0.0083443068868946,0.0245341170801486,0.3894670345836929,0.5,0.7628534138202667,2.0,4.426090240478516,1
2017-10-03,NVDA,4.423128893844561,4.455947975556622,4.381920428192538,4.426090240478516,390332000,0.0020670326589433,4.385152959823609,4.326375246047974,4.377020299402472,4.32655571343183,58.22436703640846,0.0734042957683565,0.0800629344495541,-0.0066586386811976,0.0235416067599607,0.373711421698399,1.0,0.8195807337760925,1.0,4.463103294372559,1
2017-10-04,NVDA,4.43225860398216,4.4853115091058555,4.395738313594542,4.463103294372559,427848000,0.0083624715907377,4.37288908958435,4.344956111907959,4.3926717530333965,4.339560244949995,60.00789125308343,0.0755368475438382,0.079157717068411,-0.0036208695245727,0.0235313273957855,0.373548241850939,0.0,0.0,0.0,4.460635185241699,0
2017-10-05,NVDA,4.487532038540155,4.490986628433252,4.430777456600264,4.460635185241699,437364000,-0.0005530029148039,4.3729136943817135,4.362463474273682,4.405028740707633,4.351091191644443,59.82447871645205,0.0761499452430349,0.0785561627033358,-0.0024062174603008,0.0235596848795827,0.3739984029505479,0.4,0.9002754330635071,5.0,4.473715305328369,1
2017-10-06,NVDA,4.43300054402543,4.487040427249241,4.416961167438068,4.473715305328369,318800000,0.0029323447319669,4.378589200973511,4.384190511703491,4.417517207002311,4.36276967866196,60.51329530813961,0.0768059151824473,0.0782061131991581,-0.0014001980167107,0.0230062214836413,0.3652124439179189,0.0,0.0,0.0,4.574636936187744,1
2017-10-09,NVDA,4.510479933175182,4.607702631427795,4.491726311475158,4.574636936187744,563492000,0.0225587959831001,4.41409740447998,4.404412198066711,4.446084430490572,4.382947512712034,65.43718582243034,0.0844952990476075,0.079463950368848,0.0050313486787595,0.0224947591577313,0.3570932312018991,0.0,0.7553027470906576,3.0,4.661990642547607,1
2017-10-10,NVDA,4.7236800345069,4.761187290244358,4.62078217390146,4.661990642547607,974876000,0.0190952216707844,4.4559722423553465,4.428249025344849,4.485340105410033,4.409523048886851,69.03627388438572,0.09652522253708,0.0828762048024944,0.0136490177345856,0.0227142889037097,0.3605781578813394,0.3333333333333333,0.8309073514408536,9.0,4.711589336395264,1
2017-10-11,NVDA,4.678523627682139,4.7130700099361,4.632626983790919,4.711589336395264,529508000,0.0106389518234966,4.493504238128662,4.453628087043763,4.526476329225529,4.438291266744796,70.8898138146463,0.1088069646943186,0.0880623567808592,0.0207446079134593,0.0227393173934782,0.3609754728390542,0.0,0.919432818889618,2.0,4.713809490203857,1
2017-10-12,NVDA,4.715043070828581,4.764641389559843,4.686666009933324,4.713809490203857,528292000,0.0004712112304534,4.531381702423095,4.4803149700164795,4.5605369039488615,4.46453109755042,70.97357441739304,0.1173665531305125,0.0939231960507899,0.0234433570797226,0.0226144886210298,0.3589938775088707,0.5,0.8022036999464035,4.0,4.801654815673828,1
2017-10-13,NVDA,4.775992009268941,4.81177196504256,4.729108416171767,4.801654815673828,628728000,0.0186357394486411,4.5704185485839846,4.498180222511292,4.604376524262491,4.4966381183240784,74.14373250411622,0.1297428771207993,0.1010871322647918,0.0286557448560075,0.0185336958597314,0.2942133007185418,0.0,0.0,0.0,4.8840718269348145,1
2017-10-16,NVDA,4.83151263262083,4.8870331734610435,4.768342574124737,4.8840718269348145,576640000,0.017164293233232,4.617129707336426,4.510986948013306,4.655230215657459,4.533536566763196,76.71339681275845,0.1445354523463073,0.1097767962810949,0.0347586560652124,0.0166710298898217,0.2646443951267565,1.0,0.9503127336502076,1.0,4.879630088806152,0
2017-10-17,NVDA,4.863344095500636,4.908007148435938,4.845084185022525,4.879630088806152,478596000,-0.0009094334166354,4.6624836921691895,4.523818325996399,4.696030192593585,4.566497854576811,76.27344541953437,0.1541236224603439,0.1186461615169447,0.0354774609433992,0.0166691367680795,0.2646143427507683,0.0,0.0,0.0,4.875434875488281,0
2017-10-18,NVDA,4.888513370283382,4.889253236190173,4.770316497105285,4.875434875488281,567316000,-0.0008597400297811,4.703716850280761,4.538302969932556,4.728649225847166,4.595920427996951,75.83109484865727,0.1595446661031312,0.126825862434182,0.0327188036689491,0.0164982545161425,0.2619016710981682,-0.25,0.8054241091012955,4.0,4.880863666534424,1
2017-10-19,NVDA,4.797953034844264,4.885798458987188,4.748848437707955,4.880863666534424,570772000,0.0011134988333936,4.745739698410034,4.559326696395874,4.756324578699394,4.623057879286234,76.0248655182078,0.1624068156377349,0.1339420530748926,0.0284647625628423,0.0148735482313669,0.2361102583999292,0.0,0.9156483709812164,2.0,4.858657360076904,0
2017-10-20,NVDA,4.8978919170533715,4.925034933480398,4.8497737888702295,4.858657360076904,451620000,-0.0045496674307411,4.784233903884887,4.581411552429199,4.77493053894985,4.645495925075822,73.43145606945455,0.1610270073148134,0.1393590439228768,0.0216679633919366,0.0146536220057934,0.2326190378020377,0.0,0.9295476675033568,1.0,4.851747989654541,0
2017-10-23,NVDA,4.88037167861789,4.906774827855026,4.831513686155317,4.851747989654541,428696000,-0.001422074023811,4.811945009231567,4.613021206855774,4.788897348168884,4.665138978845223,72.60158927625739,0.1575597204490328,0.142999179228108,0.0145605412209248,0.0090858118981899,0.1442327924503343,0.0,0.7008697390556335,4.0,4.9025797843933105,1
2017-10-24,NVDA,4.860877597490025,4.904307079985378,4.834968163609026,4.9025797843933105,407244000,0.0104770063999941,4.836003923416138,4.645988082885742,4.8095668820278705,4.687752388897422,74.8531872324157,0.1571025907703997,0.1458198615365663,0.0112827292338334,0.0091105713358741,0.1446258363386192,1.0,0.6818490624427795,1.0,4.778707027435303,0
2017-10-25,NVDA,4.863098355682998,4.915904650176435,4.717264726082027,4.778707027435303,828160000,-0.0252668518220426,4.842715692520142,4.668109965324402,4.8039559993746765,4.696414735424839,61.57358775040136,0.1450725103728789,0.1456703913038289,-0.0005978809309499,0.0110291760148471,0.1750827414074635,-0.6666666666666666,0.7967357436815897,3.0,4.828798770904541,1
2017-10-26,NVDA,4.80634393075185,4.840396124000379,4.782408417215794,4.828798770904541,322744000,0.0104822796588395,4.85421462059021,4.692798161506653,4.808472866925561,4.709022738803858,64.32946182280149,0.1379899082826474,0.1441342946995926,-0.0061443864169451,0.0110241534774537,0.1750030110981027,0.2,0.8556287884712219,5.0,4.981047630310059,1
2017-10-27,NVDA,4.880864040723219,4.981294252288455,4.854954142760017,4.981047630310059,572192000,0.0315293443833026,4.872153902053833,4.7212862253189085,4.8398500966318325,4.734929871328259,71.11108109485578,0.1430135346513381,0.1439101426899417,-0.0008966080386035,0.0122080997444218,0.1937975754264677,0.0,0.9209904074668884,2.0,5.029906749725342,1
2017-10-30,NVDA,4.981048759724676,5.08542682922171,4.965256007126421,5.029906749725342,504056000,0.0098090046595764,4.886737394332886,4.751933550834655,4.874405851739743,4.763022907366076,72.89220528395887,0.1492172339573567,0.1449715609434247,0.004245673013932,0.0121776330386292,0.1933139314657007,-1.0,0.5938343405723572,1.0,5.1031928062438965,1
2017-10-31,NVDA,5.061737718778116,5.1298425725651375,5.056062118190584,5.1031928062438965,411908000,0.0145700626602185,4.90909366607666,4.785788679122925,4.916003479831407,4.795420040592535,75.34740052165921,0.1582233819797069,0.1476219251506812,0.0106014568290257,0.0122539736506502,0.1945258011117536,-1.0,0.493487000465393,1.0,5.112815856933594,1
2017-11-01,NVDA,5.165868763585285,5.181167798233534,5.04865884259544,5.112815856933594,502576000,0.0018856921647019,4.932831764221191,4.818274307250976,4.9517875483954406,4.825648213577398,75.65914854930058,0.1642440161607297,0.1509463433526909,0.0132976728080387,0.0123074894320687,0.1953753378048564,0.0,0.0,0.0,5.081725120544434,0
2017-11-02,NVDA,5.083205793911416,5.127868851709636,5.025217617115734,5.081725120544434,342308000,-0.0060809419425886,4.952917909622192,4.849328804016113,4.975412561513439,4.8500364904314015,72.47051043375045,0.1646091378594247,0.1536789022540376,0.010930235605387,0.0125432561944797,0.1991180191293838,0.0,0.0,0.0,5.14958381652832,1
2017-11-03,NVDA,5.112816895637146,5.14958381652832,5.0669202530208235,5.14958381652832,353640000,0.0133534763046405,4.982010555267334,4.883122229576111,5.007080062425235,4.878564807202537,74.95181061072313,0.1684325435666958,0.1566296305165693,0.0118029130501264,0.01259860828322,0.1999967062975126,0.0,0.0,0.0,5.1727776527404785,1
2017-11-06,NVDA,5.112815568743943,5.181414128159518,5.100477881188919,5.1727776527404785,389944000,0.004504021497371,5.014113521575927,4.913029265403748,5.037206897028006,4.906585078206151,75.75614132098907,0.1713588507153378,0.159575474556323,0.0117833761590148,0.0120710529063054,0.1916220243167255,0.0,0.8872324824333191,2.0,5.23199987411499,1
2017-11-07,NVDA,5.195480052078543,5.2534682242757045,5.183388985396631,5.23199987411499,427700000,0.0114488240845103,5.0470555305480955,4.941529726982116,5.072623801952912,4.937576963530802,77.72316085267852,0.176423013853519,0.1629449824157622,0.0134780314377567,0.0117592657677982,0.1866725569338556,0.0,0.9060773849487304,3.0,5.161180019378662,0
2017-11-08,NVDA,5.227557565489611,5.231259248075691,5.11380271815011,5.161180019378662,522988000,-0.0135359052829311,5.085302829742432,4.964009261131286,5.088724932393958,4.95887249265917,70.37037656319673,0.1727306972579878,0.1649021253842073,0.0078285718737804,0.012462515494638,0.1978363002546091,0.5,0.6742628216743469,4.0,5.066425323486328,0
2017-11-09,NVDA,5.065191742967513,5.0913477917094525,4.944280614060956,5.066425323486328,978564000,-0.0183591146862847,5.1090654850006105,4.98164005279541,5.084670458047116,4.969115619404613,61.92878519042838,0.1603106364665674,0.1639838276006794,-0.0036731911341119,0.0134650822011385,0.2137515533235295,-0.0714285714285714,0.83322331735066,14.0,5.333418846130371,1
2017-11-10,NVDA,5.257911080764572,5.395848582946882,5.222131115803474,5.333418846130371,1253256000,0.0526986002154905,5.144302606582642,5.0082282543182375,5.129897437698617,5.0038111648070664,72.08885634175772,0.1700515463541076,0.165197371351365,0.0048541750027426,0.0171136581911039,0.2716709015773469,0.0952380952380952,0.7814271251360575,21.0,5.2468061447143555,0
2017-11-13,NVDA,5.333418007285244,5.358833723577544,5.231507108144709,5.2468061447143555,582376000,-0.0162396211351105,5.165992546081543,5.026364970207214,5.151153566246933,5.026953543845856,65.94103399001307,0.1688361286732203,0.1659251228157361,0.0029110058574841,0.0175303152827409,0.2782851278561249,0.1428571428571428,0.7464817251477923,7.0,5.285053253173828,1
2017-11-14,NVDA,5.255935853487221,5.300352289707835,5.2122597539573094,5.285053253173828,529292000,0.0072895981678307,5.184178590774536,5.0466361284255985,5.175498963870004,5.051534468543758,67.26849230099614,0.1690108712940992,0.1665422725114087,0.0024685987826904,0.0175119096041193,0.2779929467660603,1.0,0.9094216227531432,1.0,5.18141508102417,0
2017-11-15,NVDA,5.230026444931423,5.231260496305435,5.12762230156524,5.18141508102417,501948000,-0.0196096741480173,5.191038513183594,5.061935138702393,5.176574621534398,5.06390405068475,60.39899489250387,0.1589542955544258,0.1650246771200121,-0.0060703815655863,0.018278882337175,0.2901682614502575,0.0,0.0,0.0,5.221634864807129,1
2017-11-16,NVDA,5.255440895626243,5.285545244198986,5.212751768720923,5.221634864807129,441768000,0.0077623165011919,5.205029487609863,5.078973698616028,5.1847673930385305,5.078926032982119,62.019958896162784,0.1524721828344688,0.1625141782629035,-0.0100419954284346,0.0182992943370454,0.2904922919027697,0.0,0.9168986976146698,2.0,5.2154669761657715,0
2017-11-17,NVDA,5.2786370306660775,5.31392327018724,5.200415034451737,5.2154669761657715,515664000,-0.0011812179137472,5.211617803573608,5.0968141794204715,5.1903491354253015,5.091929932332944,61.603517257486125,0.1451640044547417,0.1590441435012711,-0.0138801390465294,0.0182363390993481,0.2894929084867129,0.0,0.8021934231122335,3.0,5.282586097717285,1
2017-11-20,NVDA,5.231013387196668,5.294677165489488,5.194246469201468,5.282586097717285,396100000,0.0128692448553968,5.222598648071289,5.118356084823608,5.207119492205662,5.110087662369548,64.40451052585591,0.1431381649424867,0.1558629477895143,-0.0127247828470275,0.0183047023426369,0.2905781413300733,0.0,0.0,0.0,5.331195831298828,1
2017-11-21,NVDA,5.322312734237784,5.342793652522641,5.290481087341017,5.331195831298828,399176000,0.0092018819347872,5.232518243789673,5.139786887168884,5.2296788265862375,5.131145583219955,66.32072875700526,0.1437974641295047,0.1534498510575123,-0.0096523869280076,0.0182847059816936,0.2902607089409789,1.0,0.9380000829696656,1.0,5.307244300842285,0
2017-11-22,NVDA,5.358358777921161,5.358358777921161,5.274649684699717,5.307244300842285,356640000,-0.0044927125572702,5.247124671936035,5.166213750839233,5.243781640087337,5.147916889660177,64.47884606518504,0.1407646281384185,0.1509128064736936,-0.0101481783352751,0.0170625231231239,0.2708591575384506,0.0,0.0,0.0,5.357370376586914,1
2017-11-24,NVDA,5.323541324645499,5.358358491793912,5.299095128354143,5.357370376586914,180752000,0.0094448404677118,5.276219177246094,5.192642331123352,5.264434137632715,5.167864840796057,66.571260911617,0.1407829805906892,0.1488868412970927,-0.0081038607064034,0.0170478146862492,0.2706256683415807,0.0,0.0,0.0,5.287735462188721,0
2017-11-27,NVDA,5.366012256640127,5.367246693934093,5.284525265853096,5.287735462188721,422896000,-0.0129979653268916,5.2716508388519285,5.2079767227172855,5.268670742097442,5.179281090452501,61.17968200235375,0.13363807289514,0.1458370876167022,-0.0121990147215621,0.0163409373137203,0.2594043379308001,0.6666666666666666,0.7961479226748148,3.0,5.203039646148682,0
2017-11-28,NVDA,5.292921862238831,5.302305188626579,5.142048260118121,5.203039646148682,512752000,-0.016017407951982,5.267274188995361,5.216633367538452,5.256737815561304,5.181543810042614,55.311980824292974,0.1197609083453459,0.1406218517624309,-0.020860943417085,0.0167983268835497,0.2666651722550598,-0.3333333333333333,0.6522263785203298,3.0,4.8501787185668945,0
2017-11-29,NVDA,5.1857549931611935,5.1884711326174875,4.7220223386650035,4.8501787185668945,1396788000,-0.0678182277244373,5.223786735534668,5.203982663154602,5.182817979744138,5.149985229902069,38.67117268587196,0.0793752392374687,0.1283725292574385,-0.0489972900199698,0.0226064246667602,0.3588658662033829,-0.5,0.8035224676132202,2.0,4.956112384796143,1
2017-11-30,NVDA,4.918826330843466,5.00475752838504,4.85585963498414,4.956112384796143,823768000,0.0218411882068849,5.201256465911865,5.196147489547729,5.141598780662684,5.13152114941579,44.10770825640159,0.0552800332340588,0.1137540300527625,-0.0584739968187037,0.0232323201488695,0.3688016489576633,0.0,0.7168100277582804,3.0,4.881292819976807,0
2017-12-01,NVDA,4.921542276935536,4.941790637594679,4.752642822128657,4.881292819976807,811548000,-0.015096422157185,5.167222261428833,5.186125874519348,5.094270424174343,5.1076898799454105,41.32158453149012,0.0298035386505386,0.0969639317723178,-0.0671603931217791,0.0234167803235566,0.3717298634517686,1.0,0.6242366433143616,1.0,4.609176158905029,0
2017-12-04,NVDA,4.9398137459395,4.9459873468586295,4.555839600338682,4.609176158905029,1240844000,-0.0557468423033613,5.106593179702759,5.159105491638184,5.006071466852649,5.06021238270347,33.12600593717666,-0.0122036313639339,0.0751304191450674,-0.0873340505090014,0.0260241000095471,0.4131197803172129,-0.3333333333333333,0.7828865845998129,6.0,4.635845184326172,1
2017-12-05,NVDA,4.50398499760678,4.758322042474608,4.459044114595156,4.635845184326172,981488000,0.0057860720661797,5.041919088363647,5.132258868217468,4.938757597302381,5.019796459048489,34.49720089286298,-0.0428487154571879,0.0515345922246163,-0.0943833076818043,0.0260508307208254,0.4135441172036736,0.25,0.7952849119901657,4.0,4.67337703704834,1
2017-12-06,NVDA,4.585470116401038,4.6951066206896765,4.56423411933135,4.67337703704834,467032000,0.0080960108092185,4.9761372089385985,5.104327726364136,4.8905065863471,4.986804133143713,36.47139038754302,-0.0633760983278302,0.028552454114127,-0.0919285524419572,0.0259490660863578,0.4119286537132979,0.0,0.0,0.0,4.74078893661499,1
2017-12-07,NVDA,4.740048085684807,4.780544796670754,4.694613153463657,4.74078893661499,542600000,0.014424665297116,4.9194916725158695,5.083308172225952,4.863285195486716,4.963374114426692,39.9709370348221,-0.0733589835365169,0.0081701665839982,-0.0815291501205152,0.0262339312031892,0.4164507472512974,0.0,0.8979281187057495,1.0,4.728443622589111,0
2017-12-08,NVDA,4.790669461412274,4.809683383143502,4.720047938340991,4.728443622589111,466876000,-0.0026040632036011,4.856598997116089,5.066409087181091,4.8387685458689695,4.940999781870732,39.54135682696604,-0.0813291439096435,-0.00972969551473,-0.0715994483949134,0.0260127441101615,0.4129395110030865,0.25,0.8614691868424416,8.0,4.8067193031311035,1
2017-12-11,NVDA,4.742517713464227,4.809682707027843,4.726714462613752,4.8067193031311035,372748000,0.0165542167338206,4.808497381210327,5.040074110031128,4.832941410825721,4.9282111648479106,43.67480088252722,-0.0804025298691746,-0.0238642623856189,-0.0565382674835556,0.0230133476336538,0.3653255680423499,0.0,0.9099627137184144,1.0,4.7123942375183105,0
2017-12-12,NVDA,4.763261941962513,4.786473240415567,4.6889361456397465,4.7123942375183105,455016000,-0.0196235851657385,4.75943284034729,5.0133535146713255,4.8110237429516465,4.907657171768901,40.11560446675476,-0.0862847887197517,-0.0363483676524455,-0.0499364210673062,0.0231131232542763,0.366909456916795,-0.6666666666666666,0.8535349468390147,6.0,4.597324371337891,0
2017-12-13,NVDA,4.753383500010347,4.75461793784421,4.589916331395567,4.597324371337891,554280000,-0.0244185567634127,4.734147405624389,4.978967070579529,4.7721693117491455,4.878101666965947,36.2360565044567,-0.099089456190069,-0.0488965853599702,-0.0501928708300987,0.0233055298897175,0.3699638175646509,0.5,0.8019838333129883,2.0,4.604483604431152,1
2017-12-14,NVDA,4.590902437909763,4.675352369434619,4.558307826650252,4.604483604431152,438164000,0.0015572608141152,4.698984527587891,4.950120496749878,4.7416810013276915,4.852042803867396,36.64657005309384,-0.1074212715831341,-0.060601522604603,-0.0468197489785311,0.0231677365489866,0.3677764160932832,0.0,0.0,0.0,4.730170726776123,1
2017-12-15,NVDA,4.648437403530416,4.75041908036223,4.583494972862359,4.730170726776123,670036000,0.0272966814832427,4.683872318267822,4.9255472898483275,4.739588224136497,4.8404359393825125,43.521163674751016,-0.1026985499908299,-0.0690209280818484,-0.0336776219089815,0.0241525787212307,0.3834103009037217,0.0,0.8542450666427612,1.0,4.886725425720215,1
2017-12-18,NVDA,4.770668487414191,4.889688359129098,4.741037269406493,4.886725425720215,477704000,0.0330970503998684,4.711627244949341,4.90911021232605,4.766340442606264,4.844844461890865,50.69754419216953,-0.0853393642122499,-0.0722846153079287,-0.0130547489043212,0.0255851459799067,0.4061516011207029,0.0,0.0,0.0,4.842524528503418,0
2017-12-19,NVDA,4.877341701368436,4.882527187648366,4.8141277506400355,4.842524528503418,373100000,-0.0090450953074128,4.732295179367066,4.8871071338653564,4.780192094587565,4.844623515853965,48.81175224143344,-0.0742923316655597,-0.0726861585794549,-0.0016061730861047,0.0253408950371736,0.4022742376089144,1.0,0.9444370865821838,1.0,4.859560489654541,1
2017-12-20,NVDA,4.881784126788529,4.8909201864910905,4.804001396819572,4.859560489654541,288820000,0.0035179917109038,4.750913524627686,4.863525366783142,4.79462271187247,4.846046084787353,49.59004573184628,-0.0634316188757209,-0.0708352506387081,0.0074036317629872,0.0252162798027184,0.4002960320892826,0.0,0.0,0.0,4.837090492248535,0
2017-12-21,NVDA,4.863017914232466,4.88795769218551,4.828694811516735,4.837090492248535,300904000,-0.0046238744128902,4.76054368019104,4.840017676353455,4.802344126486299,4.845193171212228,48.54168901294298,-0.0559921243875711,-0.0678666253884807,0.0118745010009095,0.0252163462636364,0.4002970871236491,0.0,0.9373367428779602,1.0,4.821781635284424,0
2017-12-22,NVDA,4.800298843351743,4.8311649616097,4.722516093467407,4.821781635284424,466276000,-0.0031648895112968,4.769877481460571,4.81323823928833,4.805878218995049,4.842963501123865,47.80026053300105,-0.0507465930861572,-0.064442618928016,0.0136960258418587,0.0250109045968008,0.3970358017673838,-1.0,0.9559688866138458,2.0,4.875366687774658,1
2017-12-26,NVDA,4.766470988250175,4.8830215216898765,4.736592503739777,4.875366687774658,355080000,0.0111131230203611,4.776742219924927,4.792619800567627,4.818512486045886,4.846049518900132,50.642082004726525,-0.041783946505074,-0.0599108844434276,0.0181269379383536,0.0251830292857801,0.3997681964965844,0.0,0.0,0.0,4.868698596954346,0
2017-12-27,NVDA,4.862031879793944,4.937838882780134,4.847463065811417,4.868698596954346,329488000,-0.0013677106251378,4.7923726558685305,4.77590274810791,4.827637233483788,4.848206573952914,50.275285213152195,-0.0348176870952467,-0.0548922449737914,0.0200745578785446,0.0250197670110641,0.3971764882323214,0.0,0.912559688091278,1.0,4.8743767738342285,1
2017-12-28,NVDA,4.8924025735041585,4.923268688184704,4.868203645094026,4.8743767738342285,240248000,0.0011662617364391,4.820077896118164,4.777112650871277,4.836135331729323,4.85069897394161,50.60338298185233,-0.0285100488082949,-0.0496158057406921,0.0211057569323971,0.019832655664532,0.3148336483579693,0.3333333333333333,0.7294696768124899,3.0,4.778076648712158,0
2017-12-29,NVDA,4.900553514670071,4.900553514670071,4.778076648712158,4.778076648712158,279964000,-0.0197563975027559,4.8374372005462645,4.768210864067077,4.825579207544384,4.843782562014996,45.16091003836902,-0.0309253273817224,-0.0458777100688982,0.0149523826871757,0.0196502946279991,0.3119387566490048,0.0,0.0,0.0,4.922529697418213,1
2018-01-02,NVDA,4.834375953920352,4.92623395284566,4.802769447470879,4.922529697418213,355616000,0.0302324678581682,4.856673097610473,4.770272707939148,4.843206569339626,4.851282289196255,53.27835569592727,-0.0209418941463841,-0.0408905468843954,0.0199486527380112,0.0206075659497661,0.3271349677766622,-1.0,0.5711910128593445,1.0,5.246499061584473,1
2018-01-03,NVDA,5.039819567643107,5.2768715921266445,5.031177092524499,5.246499061584473,914704000,0.0658135926201068,4.892650461196899,4.80213885307312,4.916532477020507,4.888921981804656,65.5828959268238,0.0129622480557785,-0.0301199878963606,0.0430822359521391,0.0210285479405637,0.3338178497011874,-0.25,0.8690668642520905,4.0,5.27415657043457,1
2018-01-04,NVDA,5.327740403287896,5.384287169511591,5.251932921727809,5.27415657043457,583268000,0.0052716122742895,4.935813665390015,4.83405442237854,4.981555039459427,4.9256109902456,66.39652281215356,0.0415839015064181,-0.0157792100158048,0.0573631115222229,0.0210300426335816,0.3338415772172571,-0.5,0.6834702491760254,2.0,5.318850040435791,1
2018-01-05,NVDA,5.288971564597203,5.356136083669661,5.212176454343494,5.318850040435791,580124000,0.0084740506665577,4.98174262046814,4.866328072547913,5.042881403273311,4.9630623283589514,67.72435030617623,0.0670996743068004,0.0007965668487161,0.0663031074580842,0.0210315551723057,0.3338655880251306,0.0,0.9365213513374328,1.0,5.481823444366455,1
2018-01-08,NVDA,5.442314845965731,5.555901948622903,5.397373497373646,5.481823444366455,881216000,0.0306407217145965,5.046215915679932,4.903379797935486,5.122689047108428,5.012468148931094,72.05988764791142,0.099326723118585,0.0205025981026899,0.078824125015895,0.0216487240193869,0.3436628397430103,0.375,0.8147255256772041,8.0,5.480342864990234,0
2018-01-09,NVDA,5.487256847577626,5.52676545407122,5.398856305224729,5.480342864990234,497000000,-0.0002700888474878,5.1120720386505125,4.940974760055542,5.1877170139960285,5.057027645698631,71.96530950592476,0.1233257980708142,0.0410672380963148,0.0822585599744994,0.0215975839965797,0.3428510170486708,0.0,0.7162947058677673,2.0,5.523306846618652,1
2018-01-10,NVDA,5.387989697031971,5.526763836900809,5.333665496743862,5.523306846618652,582664000,0.0078396521325121,5.176866054534912,4.976804137229919,5.248733347200142,5.1014351886433955,73.06987892008772,0.1441503960912564,0.0616838696953031,0.0824665263959533,0.0214955863167869,0.3412318540784461,0.0,0.9079726934432985,1.0,5.5331854820251465,1
2018-01-11,NVDA,5.555902717307759,5.587262901229736,5.511702213580045,5.5331854820251465,406032000,0.0017885364113967,5.243314743041992,5.017843699455261,5.300451917168324,5.142554264203563,73.33007227715893,0.1596112640759814,0.0812693485714388,0.0783419155045426,0.0206047189140517,0.3270897724858193,-1.0,0.7935683131217957,1.0,5.506021976470947,0
2018-01-12,NVDA,5.521331639654908,5.555654749671344,5.46552573671378,5.506021976470947,359916000,-0.0049091984431827,5.306479263305664,5.063278579711914,5.337828291586982,5.177170236800457,71.29039041287281,0.1677386586172291,0.0985632105805968,0.0691754480366322,0.0194030880970741,0.3080144746292144,0.25,0.7713582217693329,4.0,5.435154914855957,0
2018-01-16,NVDA,5.532445203405531,5.6178823443928865,5.350705418420513,5.435154914855957,702348000,-0.0128708279621527,5.372187089920044,5.104812145233154,5.35552404127225,5.201740206139076,66.12294605470615,0.1665415108655326,0.112158870637584,0.0543826402279485,0.0199636346073683,0.316912874616356,0.0,0.9145963191986084,1.0,5.54898738861084,1
2018-01-17,NVDA,5.449721845317526,5.558864301690892,5.355889051648854,5.54898738861084,538408000,0.020943740433919,5.4348328590393065,5.14575297832489,5.390699195333811,5.2348113663744815,69.89740868346225,0.1727863188141309,0.1242843602728934,0.0485019585412375,0.0196977899796825,0.3126927219829202,0.0,0.5315563082695007,1.0,5.542073726654053,0
2018-01-18,NVDA,5.529726995869949,5.596397929165241,5.498614082057329,5.542073726654053,408632000,-0.0012459321805231,5.4643903255462645,5.178520393371582,5.4182218373920366,5.26407444830587,69.39171935033983,0.1751583825628992,0.1344591647308946,0.0406992178320047,0.0188931494955837,0.2999194502884795,0.0,0.0,0.0,5.6820831298828125,1
2018-01-19,NVDA,5.632203554862957,5.706282066340805,5.605288478534328,5.6820831298828125,609380000,0.0252629990386807,5.505182981491089,5.220498323440552,5.466196617844905,5.303884798932245,73.56299356789208,0.1861895714263326,0.1448052460699822,0.0413843253563504,0.018966966255272,0.3010912550208225,0.5,0.8376566469669342,2.0,5.770482063293457,1
2018-01-22,NVDA,5.689983178997837,5.772210558275641,5.632448787028187,5.770482063293457,550944000,0.0155574868212933,5.550346183776855,5.266044402122498,5.521521244290096,5.3483226336333125,75.8049673174317,0.1997621890537884,0.1557966346667434,0.0439655543870449,0.0190018113838295,0.3016444042882151,1.0,0.774901270866394,1.0,5.899381160736084,1
2018-01-23,NVDA,5.8238204730048055,5.922098396043224,5.805301079848276,5.899381160736084,475228000,0.0223376653854563,5.592101955413819,5.319158935546875,5.590223047280275,5.40080439811929,78.64836103043349,0.2184020631840697,0.1683177203702087,0.050084342813861,0.018956059785378,0.3009181201786956,-0.1666666666666666,0.836929202079773,6.0,5.822585582733154,0
2018-01-24,NVDA,5.9025904287862,5.93839524547815,5.767026465621453,5.822585582733154,579972000,-0.0130175650480173,5.626326227188111,5.369199132919311,5.63247078099898,5.440974034749182,73.13392989875186,0.2243908977966313,0.1795323558554932,0.044858541941138,0.0194419065148531,0.3086306979076074,0.0,0.6662315130233765,1.0,5.836165428161621,1
2018-01-25,NVDA,5.876908457477814,5.920121303638124,5.8213498239538755,5.836165428161621,409884000,0.0023322706442885,5.657612085342407,5.41723906993866,5.669506171392187,5.478611310312272,73.4879256472814,0.2276091359711749,0.1891477118786296,0.0384614240925453,0.019506171484921,0.3096508726804831,0.0,0.8096058070659637,2.0,6.0085225105285645,1
2018-01-26,NVDA,5.879872543227689,6.008769303849789,5.867032225829724,6.0085225105285645,516356000,0.0295325902749874,5.705145788192749,5.47423026561737,5.731145505780619,5.529079043666204,77.5340378023505,0.2412859942628822,0.1995753683554801,0.041710625907402,0.019844964846191,0.3150290505590438,0.0,0.944599986076355,1.0,6.095441818237305,1
2018-01-29,NVDA,5.993954179465622,6.126555205457101,5.941358468062582,6.095441818237305,455116000,0.0144660035069243,5.764087772369384,5.535283517837525,5.797381198954562,5.583018355530118,79.25356663186545,0.2561855175364229,0.2108973981916687,0.0452881193447542,0.0197291955930134,0.3131912706387906,-0.5,0.8020386397838593,2.0,5.9934611320495605,0
2018-01-30,NVDA,5.953705732374962,6.084825078462028,5.887034782639896,5.9934611320495605,570832000,-0.0167306471341621,5.819918394088745,5.596052742004394,5.833032095880925,5.622108143770065,72.2648431588488,0.2568042286954579,0.2200787642924265,0.0367254644030313,0.0194876591943321,0.3093569991779047,0.0,0.0,0.0,6.069514274597168,1
2018-01-31,NVDA,6.068773423608203,6.155198660306278,6.036178805971639,6.069514274597168,478576000,0.0126893527582783,5.871971082687378,5.653401970863342,5.876028855647514,5.664718251467884,74.09916968031034,0.2604293473429955,0.2281488809025403,0.0322804664404551,0.0189920644728858,0.3014896768737659,0.0,0.9135777950286864,2.0,5.9386420249938965,0
2018-02-01,NVDA,5.889750096245417,6.096676898963478,5.8783914795009435,5.9386420249938965,519224000,-0.0215622278295007,5.911627912521363,5.688009119033813,5.887413068255947,5.690806229898933,66.008889989778,0.2498617326700873,0.2324914512560497,0.0173702814140375,0.0153452668819922,0.2435985598300024,-0.4,0.8092018127441406,5.0,5.766285419464111,0
2018-02-02,NVDA,5.8522170708127845,5.8761692122464035,5.70825742887083,5.766285419464111,718464000,-0.0290228986364878,5.9200481414794925,5.712615561485291,5.865389859384704,5.697994724143236,57.15790605078086,0.2249855904462583,0.2309902790940915,-0.0060046886478331,0.0172653124825201,0.274078338819405,0.0,0.8911977211634318,3.0,5.27687406539917,0
2018-02-05,NVDA,5.605289686773526,5.759126286967598,5.062045582238898,5.27687406539917,1165204000,-0.0848746321874619,5.870687341690063,5.71051676273346,5.758386987750971,5.657887994739039,40.53654333200683,0.1638904354970947,0.2175703103746921,-0.0536798748775974,0.026378751487367,0.418749697991691,0.625,0.7573102191090584,8.0,5.570223808288574,1
2018-02-06,NVDA,5.047228245708797,5.57318674114251,5.037350860903087,5.570223808288574,1114800000,0.055591575477027,5.837771606445313,5.714936780929565,5.724175500575989,5.6495390246009,49.9343504367399,0.1375572829269948,0.2015677048851527,-0.0640104219581578,0.0284180736412963,0.4511229335663387,0.0,0.7826491594314575,1.0,5.649735450744629,1
2018-02-07,NVDA,5.668996165660121,5.802090790643219,5.5978805855485,5.649735450744629,802932000,0.014274407132033,5.82048659324646,5.723406410217285,5.710640946061196,5.649557731852684,52.142148115956424,0.1217011003067209,0.1855943839694663,-0.0638932836627453,0.0285644137778011,0.4534460112144528,-0.5,0.9150840938091278,2.0,5.371199131011963,0
2018-02-08,NVDA,5.775174844993028,5.808263048004478,5.370951866705575,5.371199131011963,1144000000,-0.049300772073488,5.773989963531494,5.715801024436951,5.648924252415881,5.623047388915473,44.70492838932227,0.0856718365622288,0.1656098744880188,-0.0799380379257899,0.0307175262093194,0.4876256114458074,0.1538461538461538,0.8332063143069928,13.0,5.730727672576904,1
2018-02-09,NVDA,5.883082992680038,5.898886243549443,5.371199240991339,5.730727672576904,1674604000,0.0669363642634497,5.7462104797363285,5.725678133964538,5.663797601536067,5.633302654026085,53.85426286943095,0.0851478031942347,0.149517460229262,-0.0643696570350272,0.0342706201559918,0.5440292292522717,0.0454545454545454,0.7891284010627053,22.0,5.630721092224121,0
2018-02-12,NVDA,5.811719975476617,5.8146833792840935,5.55664259075197,5.630721092224121,1093172000,-0.0174509392291213,5.69973840713501,5.731913089752197,5.657783690752076,5.633056790997327,51.310987750980715,0.0757891574994964,0.1347717996833089,-0.0589826421838124,0.0345236637581711,0.548046171905606,0.0,0.8939724564552307,3.0,5.744308948516846,1
2018-02-13,NVDA,5.594422971878374,5.790484735326262,5.562075147582211,5.744308948516846,625524000,0.0201728791805344,5.674823188781739,5.747370791435242,5.673515555800216,5.643652234570615,53.96989525265669,0.0766543306623033,0.1231483058791078,-0.0464939752168045,0.0345806684320758,0.5489510930499272,0.0,0.0,0.0,5.961360931396484,1
2018-02-14,NVDA,5.704060916985158,5.9902517722482,5.692949091348327,5.961360931396484,744988000,0.0377855691302397,5.66400785446167,5.767989468574524,5.725851078635901,5.673910205696888,58.62015933878394,0.0937733073510571,0.1172733061734976,-0.0234999988224405,0.0352307421650194,0.5592706936372731,-0.5,0.9502134919166564,2.0,6.086800575256348,1
2018-02-15,NVDA,6.044575827374688,6.132976372293967,5.9638301163965,6.086800575256348,698900000,0.0210421152658639,5.678823709487915,5.795225811004639,5.791478259839618,5.713233098035884,61.068079343110355,0.1161235506219382,0.1170433550631858,-0.0009198044412475,0.0354019426759736,0.5619884174951438,-1.0,0.745313823223114,1.0,6.021115303039551,0
2018-02-16,NVDA,6.05963625055315,6.173223333825346,6.01197877048852,6.021115303039551,637656000,-0.0107914283382005,5.704306697845459,5.812177419662476,5.833230449512333,5.742555212798138,59.09661516922519,0.1270712288981039,0.1190489298301694,0.0080222990679345,0.0352495971413404,0.5595700071072013,0.0,0.861190676689148,1.0,6.150507926940918,1
2018-02-20,NVDA,6.043587527726283,6.219400953963212,6.0398832723629265,6.150507926940918,686240000,0.0214898100084626,5.791670083999634,5.8311787128448485,5.890917263590257,5.781407852240307,61.718365320684704,0.1445222832559141,0.1241436005153183,0.0203786827405957,0.0353811264011572,0.5616579693768221,0.5,0.8835605978965759,2.0,5.963581562042236,0
2018-02-21,NVDA,6.214955647828824,6.2218696291213735,5.959877778058272,5.963581562042236,892292000,-0.0303920208085405,5.831005859375,5.834388732910156,5.90412895421789,5.798757729364301,56.121943048274694,0.1416362792622143,0.1276421362646976,0.0139941429975167,0.0358876582575309,0.5696989133154026,0.0,0.0,0.0,5.983101844787598,1
2018-02-22,NVDA,5.997432767055689,6.069086435851359,5.917625143276872,5.983101844787598,534364000,0.0032732482221098,5.864342498779297,5.842414546012878,5.9184876615942,5.816314311785567,56.5648753574707,0.1393182499219118,0.1299773589961404,0.0093408909257714,0.0357335154591997,0.5672519722507466,0.0,0.9243954420089722,2.0,6.076498031616211,1
2018-02-23,NVDA,6.04289490180953,6.076498031616211,5.992243024770804,6.076498031616211,415300000,0.0156099944897276,5.934872388839722,5.854431176185608,5.94721681978002,5.8410937136742,58.712396146933614,0.1433648657707165,0.1326548603510556,0.0107100054196608,0.0358636461860839,0.56931773349833,0.0,0.0,0.0,6.092559337615967,1
2018-02-26,NVDA,6.122703332679039,6.12715073010271,6.030294359867452,6.092559337615967,469312000,0.0026431845968168,5.971055555343628,5.858633017539978,5.973642732113828,5.865042820716273,59.08701862072577,0.1461827474326291,0.1353604377673704,0.0108223096652587,0.0353019248306818,0.5604006834232814,0.0,0.0,0.0,6.0797119140625,0
2018-02-27,NVDA,6.065874883803376,6.150130385346816,6.0567331409142895,6.0797119140625,455436000,-0.0021087071691112,6.015954637527466,5.857846522331238,5.9929280379226775,5.885487496273056,58.6287661952806,0.1456997235232231,0.1374282949185409,0.0082714286046821,0.0351706974636833,0.5583175135535772,1.0,0.7526974380016327,2.0,5.979395389556885,0
2018-02-28,NVDA,6.090582207639398,6.130115361349495,5.967782295909265,5.979395389556885,523116000,-0.0165002101947595,6.03946328163147,5.857143235206604,5.990467556401624,5.8944311051572305,55.03932445603283,0.1356584324823773,0.1370743224313082,-0.0014158899489309,0.0351648054145273,0.5582239801729015,0.0,0.0,0.0,5.73750114440918,0
2018-03-01,NVDA,5.9771709264830095,6.031034996811385,5.636444334778007,5.73750114440918,1040120000,-0.0404546328496987,6.017077302932739,5.840542578697205,5.944473663312088,5.879485394609797,47.48928041592276,0.1069489520541786,0.1310492483558823,-0.0241002963017036,0.0361863323393069,0.5744402173760428,0.0,0.0,0.0,5.844487190246582,1
2018-03-02,NVDA,5.630019649725559,5.8509115742309685,5.4815231620254234,5.844487190246582,913428000,0.0186468016553953,5.992845964431763,5.8358348369598385,5.926294304572905,5.876152232289491,50.70978127267479,0.0917714772891526,0.1231936941425363,-0.0314222168533837,0.0361698966373202,0.574179308695564,0.0,0.0,0.0,5.822498321533203,0
2018-03-05,NVDA,5.794330841824251,5.862031477565013,5.671036558141132,5.822498321533203,620776000,-0.0037623264450086,5.972984266281128,5.838645482063294,5.907422307656596,5.871042336026988,50.03062176828257,0.0770803667663218,0.1139710286672934,-0.0368906619009716,0.0355450446439089,0.5642600908108293,0.0,0.0,0.0,5.983348369598389,1
2018-03-06,NVDA,5.907741202010256,6.002621052844354,5.8647489095100385,5.983348369598389,636808000,0.0276256066009186,5.956268310546875,5.873969197273254,5.921227046191467,5.881738148748074,54.79959975729027,0.0775231715668391,0.1066814572472026,-0.0291582856803634,0.0296351661375907,0.4704436779728863,-0.5,0.8927263617515564,2.0,5.9754414558410645,0
2018-03-07,NVDA,5.880561610998472,6.02757595760045,5.879326406215545,5.9754414558410645,581208000,-0.0013214864435271,5.9574542999267575,5.894230079650879,5.931084211582302,5.89066227323312,54.52412578364482,0.0763558925032201,0.1006163442984061,-0.0242604517951859,0.0273385237287434,0.4339856099873599,0.0,0.0,0.0,5.959132194519043,0
2018-03-08,NVDA,6.002865782290941,6.002865782290941,5.914904242221958,5.959132194519043,411912000,-0.0027293818276938,5.9550573348999025,5.9096999168396,5.936183844843527,5.897183218117494,53.92200832598578,0.0732701813079934,0.0951471117003236,-0.0218769303923301,0.0272622508511676,0.4327748155922919,-0.3333333333333333,0.9416313966115316,3.0,6.061674118041992,1
2018-03-09,NVDA,6.006574364726223,6.074521945773585,5.9905143444255415,6.061674118041992,505524000,0.017207526226262,5.95357494354248,5.944223666191101,5.959000258152339,5.912849018110303,57.12769583659154,0.0781975959938146,0.0917572085590218,-0.0135596125652072,0.0244561263739092,0.3882289705039894,0.0,0.0,0.0,6.171130657196045,1
2018-03-12,NVDA,6.102936137303769,6.251185216531933,6.094782183459162,6.171130657196045,605060000,0.0180571467588905,5.961432075500488,5.966243815422058,5.9975694216148305,5.937447269451802,60.302491845451264,0.0898985411531843,0.0913854750778543,-0.00148693392467,0.0201448042929722,0.319788854215625,0.0,0.8634392619132996,1.0,6.120480537414551,0
2018-03-13,NVDA,6.2138777857833105,6.288249764743565,6.0792178054767,6.120480537414551,619772000,-0.008207591541176,5.965508937835693,5.99073178768158,6.019916897214779,5.954879009257778,58.1563444366085,0.094000998134188,0.091908579689121,0.0020924184450669,0.0197309126138732,0.3132185274999353,-0.8,0.8254125356674195,5.0,6.145928859710693,1
2018-03-14,NVDA,6.163471502138722,6.190650721838629,6.083663883882365,6.145928859710693,505496000,0.0041578961227923,5.982162284851074,6.010812783241272,6.042828163123127,5.973074233110436,58.946902161891195,0.0981740029818549,0.0931616643476678,0.0050123386341871,0.0193773836377667,0.307606428987738,0.0,0.9470447301864624,1.0,6.16075325012207,1
2018-03-15,NVDA,6.159518045344583,6.241796067659434,6.118749218602539,6.16075325012207,401952000,0.0024120667111129,6.024487495422363,6.020782399177551,6.064269088032026,5.990948425206782,59.42778038145496,0.1015072316220244,0.0948307778025391,0.0066764538194852,0.0176244334352384,0.279779207208316,0.0,0.0,0.0,6.188921928405762,1
2018-03-16,NVDA,6.177061886639468,6.207947196072665,6.1395052448036775,6.188921928405762,399456000,0.0045722782815775,6.058930969238281,6.025888466835022,6.08693324082725,6.0098030445590656,60.37752124237614,0.105209032025165,0.0969064286470643,0.0083026033781007,0.0170533027235722,0.2707127882332361,0.0,0.0,0.0,5.954686641693115,0
2018-03-19,NVDA,6.1320919277643275,6.161000243993237,5.855853764205862,5.954686641693115,713772000,-0.0378475103454705,6.072149801254272,6.0225670337677,6.062888404621043,6.0045538633337365,49.914171210376864,0.0882249036912865,0.0951701236559088,-0.0069452199646222,0.0189978240052514,0.3015811066156101,0.5,0.8509678840637207,2.0,6.166683673858643,1
2018-03-20,NVDA,5.957651760642879,6.205475515716861,5.957651760642879,6.166683673858643,554696000,0.0356017108744532,6.090483331680298,6.023375821113587,6.081760271755152,6.019994797669442,57.15171297839201,0.0908242825917229,0.0943009554430716,-0.0034766728513487,0.0200839116157544,0.318822212932126,0.0,0.0,0.0,6.141481876373291,0
2018-03-21,NVDA,6.160259724929546,6.226478209071581,6.111090462200979,6.141481876373291,438688000,-0.0040867666996096,6.1070873737335205,6.032270836830139,6.092618745322086,6.031564995641237,56.1136325055329,0.0898153986534406,0.0934038440851454,-0.0035884454317047,0.0187858846332556,0.2982166733876653,0.3333333333333333,0.7690525054931641,3.0,5.975687503814697,0
2018-03-22,NVDA,6.078226922452298,6.124678344170441,5.938378292695647,5.975687503814697,551196000,-0.0269958254206392,6.108742904663086,6.031900119781494,6.07135851959347,6.026243329752996,49.715978972238155,0.0747756632993619,0.0896782079279887,-0.0149025446286268,0.019837203439109,0.3149058420412672,0.0,0.0,0.0,5.756279468536377,0
2018-03-23,NVDA,5.989277919871422,5.991748800671801,5.745160740570835,5.756279468536377,735620000,-0.0367167853302664,6.078203439712524,6.015889191627503,6.0140714194012705,6.000532485827604,42.76689609443964,0.0446376152555947,0.0806700893935099,-0.0360324741379152,0.0210981529882571,0.3349227955783358,1.0,0.9321762323379515,1.0,6.040670871734619,1
2018-03-26,NVDA,5.880561289586409,6.041906076450035,5.828674208637452,6.040670871734619,611424000,0.0494054197251394,6.065157461166382,6.013294768333435,6.018907683461879,6.0043551892473195,52.11060797316157,0.0432029873823536,0.0731766689912786,-0.029973681608925,0.0240777158025613,0.3822218889124035,0.0,0.9436983466148376,4.0,5.572204113006592,0
2018-03-27,NVDA,6.121468361736988,6.177062014118541,5.432108486023023,5.572204113006592,1409000000,-0.0775521078163796,6.010329818725586,5.9879193782806395,5.937688852470008,5.96319794389106,40.407919837456475,0.0042160818009993,0.0593845515532228,-0.0551684697522235,0.0296624148347093,0.4708762376296438,-0.25,0.8290069475769997,8.0,5.469170093536377,0
2018-03-28,NVDA,5.537858984553236,5.66782412342045,5.3616893596201365,5.469170093536377,945904000,-0.0184907116431204,5.942653942108154,5.962408113479614,5.852503623572984,5.916147672428709,38.367098462795624,-0.0345964991313154,0.0405883414163151,-0.0751848405476306,0.0297101316375604,0.4716337183918621,0.3333333333333333,0.7800856480995814,6.0,5.722182273864746,1
2018-03-29,NVDA,5.537364338975265,5.818791220491202,5.453109325727342,5.722182273864746,916628000,0.0462615307260942,5.898796844482422,5.961642169952393,5.82880883271694,5.897674777327379,45.6290137916652,-0.0444276464551531,0.0235851438420214,-0.0680127902971746,0.0304324912518621,0.4831008217714552,0.0,0.0,0.0,5.461757659912109,0
2018-04-02,NVDA,5.6517643203001615,5.79778995599427,5.374043499802319,5.461757659912109,922092000,-0.0455114153112684,5.826080417633056,5.942505693435669,5.762072255843334,5.856158861383068,40.358007151778914,-0.0723984274207039,0.0043884295894764,-0.0767868570101803,0.0317509920676375,0.5040313733433204,-1.0,0.9449347257614136,3.0,5.568001747131348,1
2018-04-03,NVDA,5.628537141413006,5.691542944931062,5.46916888314603,5.568001747131348,667432000,0.0194523620114166,5.78741192817688,5.9297808647155765,5.726786708804791,5.828715326692428,43.23879648568548,-0.0850124918472143,-0.0134917546978617,-0.0715207371493526,0.0321396122291958,0.5102005271550145,0.0,0.801638106505076,3.0,5.589992523193359,1
2018-04-04,NVDA,5.31251870810874,5.600369939066566,5.287563426422367,5.589992523193359,789168000,0.0039494915879545,5.729742813110351,5.910113072395324,5.701915038693621,5.805979821597278,43.84341372120876,-0.0921722525884254,-0.0292278542759744,-0.0629443983124509,0.0314294237079877,0.4989266338884792,-0.25,0.8764922022819519,4.0,5.469910621643066,0
2018-04-05,NVDA,5.648304155360375,5.661399398934045,5.3985039130729096,5.469910621643066,701240000,-0.0214815853602777,5.662585687637329,5.884836530685424,5.659732417411702,5.773973231125448,41.258959279454096,-0.1063105387334042,-0.0446443911674604,-0.0616661475659437,0.0316976310942899,0.503184294152156,-0.5,0.7588189393281937,4.0,5.293741703033447,0
2018-04-06,NVDA,5.367372361645052,5.475347468322936,5.264585964188444,5.293741703033447,662988000,-0.0322069099104769,5.594391107559204,5.851567006111145,5.5931886511611095,5.728236895116686,37.743788536528335,-0.1302293884656125,-0.0617613906270908,-0.0684679978385216,0.0323182551198421,0.5130363951278542,0.0,0.8533504605293274,1.0,5.322402477264404,1
2018-04-09,NVDA,5.3567469184188905,5.484488578032637,5.30238848463379,5.322402477264404,499524000,0.0054140862623752,5.551003408432007,5.814603424072265,5.543954801361708,5.689585998178374,38.65941717310855,-0.1451988028360622,-0.0784488730688851,-0.0667499297671771,0.0319899567268279,0.507824819705428,0.5,0.8349060714244843,2.0,5.631255149841309,1
2018-04-10,NVDA,5.55243580278532,5.6581869470897574,5.495359545124256,5.631255149841309,761676000,0.0580288082113713,5.510061836242675,5.787609648704529,5.559827591994362,5.68403067928913,47.60264284315529,-0.1306344692416923,-0.0888859923034465,-0.0417484769382457,0.0347048441876577,0.5509223220587266,0.0,0.719111368060112,4.0,5.589992523193359,0
2018-04-11,NVDA,5.616430427510846,5.657693144322585,5.557377652942625,5.589992523193359,460244000,-0.0073274297736468,5.511840677261352,5.761085247993469,5.565312124939634,5.675074664422866,46.62461384976258,-0.1210265602124156,-0.0953141058852403,-0.0257124543271752,0.0346997749684829,0.5508418506990599,0.0,0.8653032779693604,2.0,5.7965545654296875,1
2018-04-12,NVDA,5.682896854549457,5.814344627825064,5.638668880942705,5.7965545654296875,593920000,0.0369521142254276,5.544579124450683,5.743616533279419,5.607356205028735,5.6866441788044675,51.94714478338237,-0.0956418923875785,-0.095379663185708,-0.0002622292018705,0.035858463443997,0.569235460018302,0.0,0.0,0.0,5.7199578285217285,0
2018-04-13,NVDA,5.8600534187104,5.868454318867843,5.671776832869516,5.7199578285217285,503036000,-0.0132141837091946,5.5443566799163815,5.721576762199402,5.627829227482006,5.689816907348969,49.95773461188288,-0.0807739647865588,-0.0924585235058782,0.0116845587193193,0.0359203828816192,0.5702184006179166,0.0,0.8705638647079468,2.0,5.719712734222412,0
2018-04-16,NVDA,5.726631013940322,5.7530689276933895,5.62557417517804,5.719712734222412,350792000,-4.284896963646645e-05,5.5701521873474125,5.698116302490234,5.644535319616625,5.692664128955963,49.95114263457069,-0.0682243542194775,-0.087611689648598,0.0193873354291204,0.0358833760837943,0.5696309359147352,0.5,0.8983283638954163,2.0,5.869197368621826,1
2018-04-17,NVDA,5.771847090453658,5.890446571998541,5.716253436206854,5.869197368621826,447224000,0.026134989875455,5.60027174949646,5.69384183883667,5.685382964890297,5.70947681844795,53.94284458163971,-0.0456898525499367,-0.0792273222288658,0.033537469678929,0.0354931654600511,0.5634365342985767,0.0,0.0,0.0,5.840286731719971,0
2018-04-18,NVDA,5.818790588362269,5.9114464924525745,5.7513373842584405,5.840286731719971,391364000,-0.0049258246206574,5.625301170349121,5.677521991729736,5.713547286132056,5.721934905426237,53.06141313623227,-0.0298201957520127,-0.0693458969334952,0.0395257011814824,0.0344890194261644,0.5474962101846405,0.0,0.9296101927757264,1.0,5.659175395965576,0
2018-04-19,NVDA,5.726134706965807,5.75949088912319,5.603829176994369,5.659175395965576,471996000,-0.0310106924666448,5.644227647781372,5.65340666770935,5.703661487919969,5.715957809287127,47.792870828654166,-0.0314945005915729,-0.0617756176651107,0.0302811170735377,0.0350889286203641,0.557019473407081,-0.75,0.9462998360395432,4.0,5.651022434234619,0
2018-04-20,NVDA,5.65052806954587,5.734783081732713,5.6198901831966905,5.651022434234619,386200000,-0.0014406624924134,5.679955720901489,5.637173414230347,5.694090750886269,5.709773487853554,47.56391919534403,-0.0330977449134524,-0.0560400431147791,0.0229422982013266,0.0346506216686377,0.5500615662540089,0.0,0.6775558590888977,2.0,5.531681537628174,0
2018-04-23,NVDA,5.668812361040737,5.719958133507901,5.505737995704806,5.531681537628174,427508000,-0.0211184609502632,5.700883626937866,5.625943517684936,5.664561803021161,5.692812349736851,44.22427696112599,-0.0434967372605843,-0.0535313819439401,0.0100346446833558,0.0340026958582129,0.5397760628795846,0.0,0.8463202118873596,2.0,5.465463638305664,0
2018-04-24,NVDA,5.557378239507013,5.653245873112171,5.400233890919394,5.465463638305664,414596000,-0.0119706636891649,5.684304475784302,5.597183156013489,5.628362136709252,5.6711600915053095,42.44352062217211,-0.0564307461706956,-0.0541112547892912,-0.0023194913814043,0.031875775696237,0.5060122520371206,0.0,0.0,0.0,5.353288650512695,0
2018-04-25,NVDA,5.435814101385799,5.474853363683221,5.196144285664577,5.353288650512695,588492000,-0.020524331551082,5.660634088516235,5.586237382888794,5.578348775582605,5.640886620934585,39.538998194920175,-0.074869575583234,-0.0582629189480798,-0.0166066566351542,0.0272061987492281,0.4318850160591248,-1.0,0.9650905728340148,1.0,5.564789772033691,1
2018-04-26,NVDA,5.514879209123028,5.57294372515703,5.448908157916776,5.564789772033691,375824000,0.0395086339124903,5.637457609176636,5.5910183668136595,5.5758835022100754,5.633639301991643,46.91523065901536,-0.0715908530291811,-0.0609285057643,-0.010662347264881,0.0283827363049425,0.4505619707424131,-1.0,0.8382996320724487,1.0,5.592217445373535,1
2018-04-27,NVDA,5.670542920771416,5.69030949968004,5.549966459538119,5.592217445373535,400848000,0.0049287887707247,5.624683570861817,5.5845201253890995,5.578853310057977,5.6296943632661085,47.80454021905461,-0.0660182405847455,-0.0619464527283891,-0.0040717878563564,0.0263656363250594,0.4185415012444687,0.3333333333333333,0.8626106182734171,3.0,5.556882858276367,0
2018-04-30,NVDA,5.608522986965027,5.658186599813355,5.537610650652489,5.556882858276367,327844000,-0.0063185288201552,5.608400583267212,5.589276385307312,5.57485868246132,5.6227599342194665,46.718691233219474,-0.0637186025624148,-0.0623008826951943,-0.0014177198672204,0.0242399391715435,0.3847971050594234,0.0,0.754517525434494,2.0,5.6122307777404785,1
2018-05-01,NVDA,5.548730597497608,5.614948605436822,5.49017170794247,5.6122307777404785,253788000,0.0099602458564835,5.582703924179077,5.591487836837769,5.581653608875712,5.621757157411944,48.68490784377143,-0.056775535293509,-0.0611958132148572,0.0044202779213481,0.023953744126506,0.3802538995656547,0.0,0.8897343873977661,1.0,5.59172248840332,0
2018-05-02,NVDA,5.6087712360513065,5.653245676682889,5.565531528912585,5.59172248840332,268248000,-0.0036542134757714,5.557847499847412,5.591574335098267,5.583484314244368,5.618896712744456,47.97840309617235,-0.0523247844710512,-0.059421607466096,0.0070968229950448,0.0239592070262679,0.3803406204108988,0.0,0.0,0.0,5.756773471832275,1
2018-05-03,NVDA,5.62359615167403,5.782964431798426,5.57837992758132,5.756773471832275,443144000,0.0295170198040504,5.567607307434082,5.605917477607727,5.614991433805805,5.632027832657582,53.790411067151496,-0.0350749749266903,-0.0545522809582149,0.0194773060315246,0.02423303149292,0.3846874490607765,0.2857142857142857,0.741607802254813,7.0,5.906753063201904,1
2018-05-04,NVDA,5.7281125580347805,5.909965255686521,5.710816861998181,5.906753063201904,400660000,0.0260527172214566,5.593180370330811,5.6365680456161495,5.668039002786914,5.658192140328469,58.34461437124677,-0.0091962681382122,-0.0454810783942144,0.0362848102560021,0.0232820609236093,0.3695912592775502,0.0,0.9176134268442788,3.0,6.144445419311523,1
2018-05-07,NVDA,6.011268108792078,6.2015216788325995,6.00138458611721,6.144445419311523,687616000,0.0402407809445095,5.654456758499146,5.677670192718506,5.754658351245934,5.704501976422094,64.34250889708944,0.0301450863075247,-0.0303558454538665,0.0605009317613913,0.0245250298657448,0.3893227795271563,0.0,0.9366947710514067,2.0,6.186944007873535,1
2018-05-08,NVDA,6.144692559760127,6.189661835313137,6.095770252030358,6.186944007873535,506616000,0.006916586552863,5.726604795455932,5.705454635620117,5.833255743360043,5.750448836560326,65.30444339169273,0.0640147518547715,-0.0114817259921389,0.0754964778469105,0.0214518776833954,0.3405380010338438,-0.2,0.8380750417709351,5.0,6.319873809814453,1
2018-05-09,NVDA,6.206957436148472,6.322097743834752,6.17977821961558,6.319873809814453,596760000,0.0214855349865379,5.823263311386109,5.7419486999511715,5.9217317554426625,5.804679786394053,68.19464109215383,0.1004253885283317,0.0108996969119551,0.0895256916163765,0.0215524151355,0.342133983608146,-0.5,0.8426135778427124,2.0,6.427354335784912,1
2018-05-10,NVDA,6.372748961672507,6.436496075066098,6.3549589051653665,6.427354335784912,994080000,0.0170067519075376,5.90951976776123,5.773488688468933,6.013663133686707,5.863982124431278,70.34561306140577,0.1363817368425444,0.035996104898073,0.1003856319444713,0.0204987327645852,0.3254072945223846,0.3571428571428571,0.8522894935948508,14.0,6.288990020751953,0
2018-05-11,NVDA,6.245750776113595,6.418955643960541,6.190404542976496,6.288990020751953,1214456000,-0.0215274135833156,5.979197025299072,5.801940298080444,6.06372256769857,5.904459066938009,64.31545375124489,0.1519608480052667,0.0591890535195117,0.0927717944857549,0.02097431483419,0.3329569258274383,0.3571428571428571,0.8043402986867088,14.0,6.309496879577637,1
2018-05-14,NVDA,6.327039992585079,6.3868340850540735,6.285777271229011,6.309496879577637,523140000,0.0032607555041455,6.054458427429199,5.831429505348206,6.1084088062220365,5.943034096713212,64.7971019193312,0.1640708315518386,0.0801654091259771,0.0839054224258614,0.0209458235188239,0.3325046402175357,0.0,0.9357837438583374,1.0,6.067355632781982,0
2018-05-15,NVDA,6.245996110622868,6.2487144092462685,5.967040139842372,6.067355632781982,963528000,-0.0383772670653675,6.099970912933349,5.841337418556213,6.100944592869299,5.9548742430054755,55.304887064593046,0.152372846477256,0.0946068965962329,0.057765949881023,0.0224533445527602,0.3564357947295019,1.0,0.5491839647293091,1.0,6.078474521636963,1
2018-05-16,NVDA,6.028810902853696,6.140492072807018,5.991995581112506,6.078474521636963,553828000,0.0018325757591832,6.148646116256714,5.853246808052063,6.09685912537251,5.966645698113236,55.62633789180438,0.1423582926496784,0.104157175806922,0.0382011168427564,0.0223959855683609,0.355525249080447,0.0,0.8700374960899353,2.0,6.120480537414551,1
2018-05-17,NVDA,6.080206063835622,6.214124732554924,6.0641455695038795,6.120480537414551,519784000,0.0069106180552478,6.185016822814942,5.8763120651245115,6.101153927561971,5.981296635189552,56.88784309291645,0.1362407227596209,0.1105738851974618,0.0256668375621591,0.020994295977542,0.3332741166447593,0.0,0.7849075396855673,3.0,6.07674503326416,0
2018-05-18,NVDA,6.172366186643895,6.23561894338696,6.071803271734639,6.07674503326416,483716000,-0.0071457631280803,6.202016019821167,5.897598195075989,6.0967159467805505,5.990386958815705,55.13047460761202,0.1264062819419136,0.1137403645463522,0.0126659173955614,0.0211124595232624,0.3351499047808187,1.0,0.7643446326255798,1.0,6.034740924835205,0
2018-05-21,NVDA,6.174095676278785,6.177801761741882,5.942085018079283,6.034740924835205,640624000,-0.0069122709936033,6.191045570373535,5.92275116443634,6.085447760972306,5.994611146055657,53.42353443194917,0.113909953199327,0.1137742822769471,0.0001356709223798,0.0204570369399497,0.3247453938262128,0.0,0.9354808926582336,1.0,5.996690273284912,0
2018-05-22,NVDA,6.048083460402511,6.073285689316128,5.936154874773719,5.996690273284912,518264000,-0.006305266791769,6.172020196914673,5.949312496185303,6.0693100359382335,5.994809158172729,51.85717847665624,0.0997858835115304,0.1109766025238638,-0.0111907190123334,0.0202543153830573,0.3215272888766381,-1.0,0.9733798503875732,1.0,6.120062351226807,1
2018-05-23,NVDA,5.940569570593514,6.121298791763546,5.93982780058425,6.120062351226807,442956000,0.0205733616911172,6.152039051055908,5.9876511812210085,6.078537729627064,6.006738033701689,56.32812195332631,0.0974245031245866,0.1082661826440084,-0.0108416795194217,0.0196200983408489,0.3114594054511043,0.0,0.0,0.0,6.123767375946045,1
2018-05-24,NVDA,6.116350623043083,6.16604494237294,6.063195026608206,6.123767375946045,437372000,0.0006053900281743,6.121680355072021,6.015600061416626,6.086761301685061,6.0178836853440085,56.45889732915327,0.0947597255554431,0.1055648912262953,-0.0108051656708522,0.0180852696402122,0.2870947551692888,0.0,0.0,0.0,6.16308069229126,1
2018-05-25,NVDA,6.136379332146935,6.179398216355228,6.10077767580912,6.16308069229126,292112000,0.0064197925773006,6.109089422225952,6.044143223762513,6.100637554522551,6.031711971719937,57.89950128585404,0.0947281589569533,0.1033975447724269,-0.0086693858154736,0.0180882394938797,0.2871419001346956,0.0,0.0,0.0,6.146018981933594,0
2018-05-29,NVDA,6.145030112919082,6.214009031772578,6.0992917379431315,6.146018981933594,352684000,-0.0027683736769837,6.092741632461548,6.073600029945373,6.108888723142741,6.042598353645047,57.017796542334445,0.0922628559927725,0.101170607016496,-0.0089077510237235,0.0179881831075894,0.285553554243449,0.0,0.0,0.0,6.254805088043213,1
2018-05-30,NVDA,6.179645825724187,6.263458284830537,6.154922204233035,6.254805088043213,390996000,0.0177002554709639,6.111486577987671,6.10572874546051,6.135418971306462,6.062808518825825,61.08673885870084,0.0979580161977544,0.1005280888527477,-0.0025700726549932,0.0181781391096475,0.2885690122923878,0.0,0.7819607853889465,1.0,6.2350239753723145,0
2018-05-31,NVDA,6.222909504357917,6.309441911738726,6.212278572690008,6.2350239753723145,493868000,-0.0031625466169541,6.127141523361206,6.13789381980896,6.153528972045708,6.079209990877872,59.97494396135629,0.0997257251344887,0.1003676161090959,-0.0006418909746072,0.0181653053326004,0.2883652823976967,1.0,0.9469917416572572,1.0,6.3692731857299805,1
2018-06-01,NVDA,6.279774161543991,6.375454443154054,6.271120967026768,6.3692731857299805,421968000,0.0215314665810326,6.152020788192749,6.168518805503846,6.192755192715575,6.106835057054263,64.67406954800272,0.1106835454965367,0.1024308019865841,0.0082527435099525,0.0176939560016061,0.2808828437350116,0.0,0.0,0.0,6.548025608062744,1
2018-06-04,NVDA,6.40339274467173,6.570029246817029,6.371252370342508,6.548025608062744,642024000,0.0280648069442599,6.199148845672608,6.200582432746887,6.257349813687787,6.148853204769356,69.7642254176965,0.1322668339378312,0.1083980083768335,0.0238688255609976,0.017823902802637,0.2829456852501886,0.0,0.7226155201594034,3.0,6.553463935852051,1
2018-06-05,NVDA,6.551238626485291,6.591043794732279,6.5064891122517645,6.553463935852051,391712000,0.0008305294015054,6.251021146774292,6.221033358573914,6.31118874499038,6.187387560110565,69.90629830669513,0.1481033301307235,0.1163390727276115,0.0317642574031119,0.0158263218155463,0.2512350701568718,0.0,0.0,0.0,6.5554423332214355,1
2018-06-06,NVDA,6.463470886733961,6.558656512108603,6.4471533644287025,6.5554423332214355,371356000,0.0003018857490864,6.306896352767945,6.239458274841309,6.355598488305117,6.2224403956449335,69.96159508239532,0.1589808750277752,0.1248674331876442,0.0341134418401309,0.0158169122114011,0.2510856973218495,0.5,0.7973297238349915,2.0,6.499814987182617,0
2018-06-07,NVDA,6.551734163638174,6.5636015387033915,6.409573705424271,6.499814987182617,369448000,-0.0084856739196548,6.344871616363525,6.248455333709717,6.381819669919207,6.2488570234104275,66.27413149800654,0.1612539110890045,0.1321447287679163,0.0291091823210881,0.0153889657886578,0.2442922584676177,0.0,0.9304488897323608,1.0,6.484485626220703,0
2018-06-08,NVDA,6.427126967372603,6.52700983207383,6.4083370374966515,6.484485626220703,360456000,-0.0023584303541166,6.380943441390992,6.251311898231506,6.40048620742857,6.271297842725692,65.25344614255118,0.1599742733840141,0.1377106376911359,0.0222636356928782,0.0149665372159112,0.2375864127665647,0.0,0.0,0.0,6.443443775177002,0
2018-06-11,NVDA,6.471875766257849,6.513411098293093,6.430587533609372,6.443443775177002,265372000,-0.0063292377236128,6.408979749679565,6.259034585952759,6.408296674291921,6.28769269343534,62.47904170295297,0.1538746457725262,0.140943439307414,0.0129312064651122,0.0141501860949912,0.2246272404757868,0.0,0.0,0.0,6.491902828216553,1
2018-06-12,NVDA,6.4698991897504765,6.504017302235402,6.419710182965732,6.491902828216553,319160000,0.0075206760127615,6.443568134307862,6.268154883384705,6.423497793187308,6.307141277700217,64.40349066310463,0.151207857478675,0.1429963229416662,0.0082115345370088,0.0142130277014441,0.2256248200517594,0.0,0.5691850185394287,1.0,6.487453937530518,0
2018-06-13,NVDA,6.49338762597398,6.56829979417234,6.478306069604369,6.487453937530518,338208000,-0.0006852984099975,6.466833019256592,6.289159798622132,6.435126183067891,6.324313911969769,64.07854807650263,0.1470404297010885,0.1438051442935506,0.0032352854075378,0.0107116630875949,0.1700423799461198,0.0,0.9051690697669984,1.0,6.598956108093262,1
2018-06-14,NVDA,6.53245004787599,6.655573003442621,6.51761559322839,6.598956108093262,430016000,0.0171873544901326,6.503226232528687,6.315183877944946,6.464913442163413,6.350470311600578,68.3840146201459,0.1509944365903086,0.1452430027529022,0.0057514338374063,0.0111347913765398,0.1767593332974655,0.0,0.9020501971244812,2.0,6.558162212371826,0
2018-06-15,NVDA,6.541844689144236,6.613048469734068,6.510940281947076,6.558162212371826,432260000,-0.0061818710494837,6.5221151351928714,6.33706796169281,6.481867764019487,6.370250492626411,65.30027371712607,0.149117357011888,0.1460178736046994,0.0030994834071885,0.0113482892404962,0.1801485068182994,0.0,0.0,0.0,6.553958892822266,0
2018-06-18,NVDA,6.5141537228346875,6.571512382860502,6.486958168246381,6.553958892822266,356268000,-0.000640929488086,6.522708463668823,6.360928654670715,6.494975241983628,6.387746530740302,64.97514714190913,0.1456120599762718,0.1459367108790139,-0.0003246509027421,0.0111173841623122,0.1764830023382786,0.0,0.8003498911857605,1.0,6.432317733764648,0
2018-06-19,NVDA,6.450860089345643,6.518108371493578,6.304991766833154,6.432317733764648,594932000,-0.0185599514807509,6.510593843460083,6.380807495117187,6.483582967761995,6.3919914072188115,56.24721576892702,0.131502779696178,0.1430499246424467,-0.0115471449462686,0.0119820358434711,0.1902089222525204,0.0,0.8959810137748718,1.0,6.485227584838867,1
2018-06-20,NVDA,6.473360210722888,6.538135626390589,6.435038580049156,6.485227584838867,369780000,0.0082256277230341,6.5035723686218265,6.405234360694886,6.483881989048698,6.400871043182627,58.83727020640074,0.1231706219590496,0.1390740641057673,-0.0159034421467177,0.0118106465576049,0.1874882016858224,0.0,0.0,0.0,6.35666561126709,0
2018-06-21,NVDA,6.517121329739927,6.535416591080686,6.3490012845776205,6.35666561126709,359516000,-0.0198238183456088,6.489257431030273,6.417064523696899,6.460751738542951,6.396661002047813,50.94557441711472,0.104983268324986,0.1322559049496111,-0.027272636624625,0.0122705990370727,0.1947897209392982,0.0,0.0,0.0,6.204367637634277,0
2018-06-22,NVDA,6.377432479185783,6.3907833922434945,6.1890394577479775,6.204367637634277,434160000,-0.0239587832593972,6.4612456321716305,6.421094536781311,6.414136447468646,6.3783473482941435,43.50182748430891,0.0773884005632021,0.1212824040723293,-0.0438940035091271,0.0135744218115568,0.2154872658292226,0.0,0.0,0.0,5.91188907623291,0
2018-06-25,NVDA,6.098057271523718,6.101765649132433,5.8233789115244,5.91188907623291,665816000,-0.0471407528508238,6.4080901622772215,6.408534955978394,6.322818743607603,6.3339227509549785,33.406851690496154,0.031554947697157,0.1033369127972948,-0.0717819651001378,0.0171955481678813,0.272970864657879,1.0,0.5008499026298523,1.0,5.982844352722168,1
2018-06-26,NVDA,6.02512192579646,6.073332713500561,5.931419386754138,5.982844352722168,478884000,0.0120021325796713,6.357184314727784,6.400376224517823,6.261005217992069,6.300486713028044,37.21347224632831,0.0009461967363266,0.0828587695851012,-0.0819125728487745,0.0174728966923001,0.2773736359904963,-0.25,0.6658699065446854,4.0,5.827828407287598,0
2018-06-27,NVDA,6.026358153449965,6.092617101969401,5.8223889196307805,5.827828407287598,453892000,-0.0259100749234832,6.291221761703492,6.379027390480042,6.182245797863983,6.255471636290858,32.80197158044608,-0.0354117456378668,0.0592046665405076,-0.0946164121783744,0.0177099119451504,0.281136136486322,1.0,0.8494088649749756,1.0,5.9549078941345215,1
2018-06-28,NVDA,5.817939364650027,5.966775268239401,5.810275038522449,5.9549078941345215,338012000,0.0218056328988707,6.226816940307617,6.365021586418152,6.140911633549535,6.226846517990254,39.16844374324803,-0.0533563654060662,0.0366924601511928,-0.0900488255572591,0.0185843868663155,0.2950179955013157,0.0,0.5365329384803772,1.0,5.857001781463623,0
2018-06-29,NVDA,6.019929869712301,6.03253853996287,5.855765341438304,5.857001781463623,392300000,-0.0164412471882787,6.156700897216797,6.339408016204834,6.0892916604430045,6.191623209749623,36.31391497596625,-0.0746176649200709,0.01443043513694,-0.089048100057011,0.0179693332792957,0.2852543224959193,0.0,0.0,0.0,5.989026069641113,1
2018-07-02,NVDA,5.787529237669018,5.9927344469603625,5.767008669583508,5.989026069641113,357572000,0.0225412750590794,6.1002076148986815,6.311458039283752,6.071061553024479,6.172328244025003,42.40902119113246,-0.0798931824063995,-0.0044342883717278,-0.0754588940346717,0.0174860619038016,0.2775826272440391,0.0,0.5649425983428955,2.0,5.855520725250244,0
2018-07-03,NVDA,6.023640801148233,6.029574489720484,5.847114627142565,5.855520725250244,222732000,-0.0222916619227321,6.042527914047241,6.276560878753662,6.031872311610981,6.142156099379788,38.40618852389084,-0.0937659579678218,-0.0223006222909466,-0.0714653356768752,0.0178883926010298,0.283969429062077,0.0,0.0,0.0,6.001140594482422,1
2018-07-05,NVDA,5.910652225971076,6.006084940429795,5.871836398792618,6.001140594482422,306216000,0.0248688162957453,5.9941192150115965,6.248845791816711,6.026284726678516,6.128726051294325,44.55356082170336,-0.0919499839194415,-0.0362304946166456,-0.0557194893027959,0.0191069223297994,0.3033129888268571,0.0,0.9181188941001892,1.0,6.114869117736816,1
2018-07-06,NVDA,5.976664615349915,6.1232752139489,5.955402275391055,6.114869117736816,296352000,0.0189511512793016,5.969939565658569,6.229598498344421,6.042390979598206,6.1274063433364665,48.84747134375298,-0.0804069883350964,-0.0450657933603357,-0.0353411949747606,0.0197593221452555,0.3136695148293455,0.0,0.0,0.0,6.162339210510254,1
2018-07-09,NVDA,6.189041043467061,6.198683110054865,6.0837186662877025,6.162339210510254,303880000,0.0077630594963586,5.965736722946167,6.213491177558899,6.064199748854942,6.130733283067303,50.56823341575948,-0.0666602238430975,-0.0493846794568881,-0.0172755443862094,0.0199019711275941,0.3159339972216105,1.0,0.7123894095420837,1.0,6.261233806610107,1
2018-07-10,NVDA,6.174701362196853,6.283237449035854,6.134401984171053,6.261233806610107,360016000,0.0160482233647869,6.0006711959838865,6.204380679130554,6.100024122992244,6.143161904357094,54.03717952209976,-0.0472412784827902,-0.0489559992620685,0.0017147207792783,0.0202919772447663,0.3221251523966009,0.0,0.0,0.0,6.119814395904541,0
2018-07-11,NVDA,6.1685198661477685,6.2031326513136,6.109182989343728,6.119814395904541,367508000,-0.0225865085179005,6.014368200302124,6.185776257514954,6.1036223544308434,6.140938332123517,48.76685546609002,-0.0427699634165223,-0.0477187920929593,0.0049488286764369,0.0207203991234073,0.3289261388792198,0.0,0.0,0.0,6.211292266845703,1
2018-07-12,NVDA,6.165059669219156,6.259255975598076,6.155170030828851,6.211292266845703,345508000,0.0149478178623163,6.052714586257935,6.171968173980713,6.123198702142636,6.147638706858964,52.02627171344307,-0.0314820093332119,-0.0444714355410098,0.0129894262077978,0.0210935565467534,0.3348498293315273,-1.0,0.959822952747345,1.0,6.164068698883057,0
2018-07-13,NVDA,6.229833456417124,6.229833456417124,6.122038689961179,6.164068698883057,246988000,-0.0076028571726874,6.073630666732788,6.150223803520203,6.130629610640894,6.149203468004115,50.24904015610537,-0.0260465235574587,-0.0407864531442996,0.0147399295868409,0.0206325381328381,0.3275313888932806,-0.5,0.9186725616455078,2.0,6.136378765106201,0
2018-07-16,NVDA,6.136378765106201,6.189287281586046,6.124017191361547,6.136378765106201,197036000,-0.0044921520394269,6.101568365097046,6.129134631156921,6.131674911452768,6.147982067728123,49.18800846905522,-0.0237000092075723,-0.0373691643569541,0.0136691551493818,0.0206231394423664,0.3273821893074538,0.0,0.0,0.0,6.272110462188721,1
2018-07-17,NVDA,6.08717870889515,6.2871920150318585,6.0617133215949455,6.272110462188721,362136000,0.0221191849913733,6.129876804351807,6.115042209625244,6.157208647950213,6.159803819581514,54.28383273077547,-0.0107638866965764,-0.0320481088248786,0.0212842221283021,0.0213808747258757,0.3394108640261609,1.0,0.8175595998764038,1.0,6.2229108810424805,0
2018-07-18,NVDA,6.264693790411804,6.278538903205476,6.171980577328074,6.2229108810424805,277640000,-0.0078441828221679,6.16661581993103,6.104571866989136,6.1691545085124435,6.165814015911129,52.23877297628114,-0.0044308355136264,-0.0265246541626281,0.0220938186490017,0.0210755245505102,0.3345635802653191,0.0,0.0,0.0,6.231069564819336,1
2018-07-19,NVDA,6.20412110838301,6.2646939499617895,6.189040026518868,6.231069564819336,235752000,0.0013110719296511,6.189608716964722,6.091863965988159,6.180411791477333,6.172028830092863,52.557957813702174,0.0012322857488173,-0.020973266180339,0.0222055519291564,0.0209650300701435,0.3328095347675447,-0.5,0.9449993968009948,2.0,6.202884674072266,0
2018-07-20,NVDA,6.228597159860733,6.2674129879557,6.192006169603679,6.202884674072266,222352000,-0.0045232829538932,6.198410272598267,6.084174919128418,6.184497770130957,6.174967481900425,51.28292745960068,0.0034067936213491,-0.0160972542200014,0.0195040478413505,0.0205472019608688,0.3261767191600656,0.0,0.8957330584526062,1.0,6.166294097900391,0
2018-07-23,NVDA,6.176430833249131,6.178161472378731,6.014738681218389,6.166294097900391,301584000,-0.0058989612244158,6.1988057613372805,6.082271242141724,6.181188011543581,6.174141445328993,49.60061493363684,0.002152737660233,-0.0124472558439545,0.0145999935041875,0.0198718673572929,0.3154561146831567,0.0,0.8938367962837219,1.0,6.148987770080566,0
2018-07-24,NVDA,6.214257858821427,6.300790287758488,6.131433807610705,6.148987770080566,354620000,-0.0028066011035245,6.187581157684326,6.094126176834107,6.175333422186669,6.171745857210095,48.78545174052052,-0.000234879202738,-0.0100047805157112,0.0097699013129732,0.0165446820959222,0.2626386860785985,0.0,0.0,0.0,6.227114200592041,1
2018-07-25,NVDA,6.158382832475902,6.239723345249112,6.100529498278359,6.227114200592041,319112000,0.0127055758496736,6.198311138153076,6.1063396692276,6.184748109169464,6.17701903277028,52.57463752913144,0.0041294653380461,-0.0071779313449597,0.0113073966830059,0.0165675771348686,0.2630021335544542,0.0,0.0,0.0,6.300541877746582,1
2018-07-26,NVDA,6.207087376228404,6.337379965364397,6.190275185855378,6.300541877746582,325124000,0.0117916059974554,6.207236099243164,6.12997534275055,6.205801521638031,6.188783113244214,55.87869358873686,0.0133592426818935,-0.003070496539589,0.0164297392214826,0.0153056495908605,0.242969654830287,0.5,0.9389382600784302,2.0,6.2308220863342285,0
2018-07-27,NVDA,6.337133309027177,6.344055865179182,6.176924705176644,6.2308220863342285,295420000,-0.0110656817723254,6.213911437988282,6.143771052360535,6.210350715219158,6.192786824967072,52.162677411165824,0.0148766148735877,0.0005189257430462,0.0143576891305414,0.0150579691707262,0.2390378500525146,0.0,0.0,0.0,6.03575325012207,0
2018-07-30,NVDA,6.244914405227425,6.250848091806308,6.000892900416597,6.03575325012207,340340000,-0.0313070785057389,6.203848886489868,6.152708625793457,6.178605721565141,6.177831246410405,43.45524600267717,0.0003348584043028,0.0004821122752975,-0.0001472538709947,0.0163473479621508,0.2595061038197382,0.0,0.7477356195449829,1.0,6.053801536560059,1
2018-07-31,NVDA,6.025369543202064,6.12846658338702,5.986553716003607,6.053801536560059,283988000,0.0029902293367647,6.182017993927002,6.1559473991394045,6.155914051564217,6.166018893091325,44.38035135493623,-0.0096223223432945,-0.0015387746484208,-0.0080835476948736,0.0155985709313189,0.2476196369536261,0.0,0.8566277623176575,1.0,6.093605995178223,1
2018-08-01,NVDA,6.085200371609465,6.14033371720076,6.02981945505752,6.093605995178223,283556000,0.0065751178623509,6.169087505340576,6.167851662635803,6.144585314039491,6.15912242662341,46.460773172894015,-0.0141385917874758,-0.0040587380762318,-0.010079853711244,0.0146716536860764,0.2329052818525341,0.0,0.8726683259010315,1.0,6.196208477020264,1
2018-08-02,NVDA,6.022401883522834,6.200163953398901,5.963560164099082,6.196208477020264,269668000,0.0168377282553595,6.165601396560669,6.177605056762696,6.153971343672358,6.16265443142311,51.49697169632693,-0.009331042609193,-0.005113198982824,-0.0042178436263689,0.0141149476606537,0.2240678476726958,-1.0,0.9727425575256348,1.0,6.232800483703613,1
2018-08-03,NVDA,6.2206860091568945,6.256535233913246,6.203874287394923,6.232800483703613,214288000,0.0059055480168328,6.1685929775238035,6.1835016250610355,6.168303914587131,6.169335007830777,53.1881883220457,-0.0025390871060633,-0.0045983766074719,0.0020592895014086,0.0135663386262712,0.2153589492408199,-1.0,0.6647723913192749,1.0,6.280516147613525,1
2018-08-06,NVDA,6.220190883311782,6.2839774255396295,6.173710730714454,6.280516147613525,207508000,0.0076555737721222,6.180015182495117,6.189410471916199,6.188706138773748,6.179923687810087,55.3733525113417,0.0066175587664787,-0.0023551895326818,0.0089727482991605,0.0135635575401971,0.2153148008680604,0.0,0.0,0.0,6.352708339691162,1
2018-08-07,NVDA,6.329221165634741,6.371251168174037,6.3025198132827285,6.352708339691162,258132000,0.0114946272536959,6.200387239456177,6.193984198570251,6.218524720758732,6.196379368941618,58.527640293031,0.0194750765957003,0.0020108636929946,0.0174642129027057,0.0133346194170611,0.2116805208314214,0.0,0.0,0.0,6.389052391052246,1
2018-08-08,NVDA,6.353945411950338,6.434049476976423,6.319085060697001,6.389052391052246,262100000,0.0057210325766114,6.216581058502197,6.207446098327637,6.249529751721189,6.214729180571202,60.058241408867325,0.032225932820098,0.0080538775184153,0.0241720553016826,0.0121721555253997,0.1932269786388512,-1.0,0.7780532240867615,1.0,6.340595722198486,0
2018-08-09,NVDA,6.406854687899559,6.409574196651297,6.3329313948633015,6.340595722198486,204280000,-0.0075843279860441,6.220586442947388,6.2139112710952755,6.2660872008988795,6.226716470249991,57.0358143626499,0.0379831835395396,0.0140397387226401,0.0239434448168994,0.0119738008545352,0.1900781958558779,0.0,0.0,0.0,6.2993059158325195,0
2018-08-10,NVDA,6.25875945093944,6.331693856492725,6.24763384766644,6.2993059158325195,256396000,-0.0065119758734042,6.227434825897217,6.220673131942749,6.27212696725045,6.2336297507816605,54.51814740933952,0.0387672195379478,0.0189852348857017,0.0197819846522461,0.011934494738977,0.1894542306152525,0.0,0.943040132522583,1.0,6.332188606262207,1
2018-08-13,NVDA,6.307959659290421,6.452839613844387,6.306229020221007,6.332188606262207,375208000,0.005220049775173,6.257078361511231,6.230463624000549,6.283047265252587,6.2430163084464745,56.17719920272508,0.0415628216845052,0.0235007522454624,0.0180620694390427,0.0118901889277196,0.18875089766592,0.0,0.6441534161567688,1.0,6.463469982147217,1
2018-08-14,NVDA,6.437510398377402,6.477562664453501,6.354439258750255,6.463469982147217,466220000,0.0207323856012719,6.298045206069946,6.240031599998474,6.315851395597065,6.264011896417974,62.1183567248616,0.0537520462666858,0.029551011049707,0.0242010352169787,0.011767884991631,0.186809382870391,0.3333333333333333,0.8491113980611166,3.0,6.405371189117432,0
2018-08-15,NVDA,6.484238823873163,6.518110310173274,6.3267501822412875,6.405371189117432,591136000,-0.0089887928914746,6.329221725463867,6.2491546154022215,6.332127721691677,6.277474686198874,58.34830054564589,0.0580547880621242,0.0352517664521905,0.0228030216099337,0.0118187514076834,0.1876168621921503,0.1428571428571428,0.7620824745723179,7.0,6.364823818206787,0
2018-08-16,NVDA,6.4750909943011195,6.477563403260773,6.304745648022211,6.364823818206787,801260000,-0.0063302140833826,6.346083259582519,6.255842328071594,6.338072466512606,6.285793651152009,55.80285082556201,0.0575297409282189,0.0397073613473962,0.0178223795808227,0.0119484107674169,0.1896751407181895,0.1818181818181818,0.8045176701112227,11.0,6.052813529968262,0
2018-08-17,NVDA,6.253568622621382,6.2543103925105195,6.025864600772823,6.052813529968262,1143188000,-0.0490210408253579,6.328084564208984,6.248338770866394,6.286207205322724,6.2636050681821285,40.98582867382246,0.0315730600273198,0.0380805010833809,-0.006507441056061,0.0163783337663147,0.2599979882116845,0.0714285714285714,0.8411573725087302,14.0,6.127479076385498,1
2018-08-20,NVDA,6.012267537774206,6.259997008578247,5.902000346212003,6.127479076385498,854388000,0.0123356759707791,6.312780857086182,6.246398019790649,6.257347545515955,6.250640688011021,44.76547516455464,0.0168330480952008,0.0338310104857449,-0.0169979623905441,0.0166027889997575,0.2635611045806235,0.25,0.8337758406996727,8.0,6.262964248657227,1
2018-08-21,NVDA,6.143796757792996,6.267414396897227,6.124017954398875,6.262964248657227,673988000,0.0221110787295659,6.303806447982788,6.252096843719483,6.258368764268913,6.251814360453517,50.90944424540918,0.0159007100607126,0.0302449504007384,-0.0143442403400257,0.0173151501333912,0.2748694870002004,-0.125,0.8382175713777542,8.0,6.497837066650391,1
2018-08-22,NVDA,6.230328803129993,6.5027818850753185,6.226867524545311,6.497837066650391,749856000,0.0375018615256379,6.314684915542602,6.2656329870224,6.301908455611,6.275245094377029,59.3508623239812,0.0337253342888645,0.0309410271783637,0.0027843071105008,0.0189985521314452,0.3015926652606007,0.0,0.766943077246348,3.0,6.597224235534668,1
2018-08-23,NVDA,6.459266851111327,6.662494314777757,6.445421739946275,6.597224235534668,720684000,0.0152954233639335,6.340347766876221,6.280467104911804,6.355602233778939,6.30590977448728,62.30470179295592,0.055234482591846,0.0357997182610601,0.0194347643307858,0.0191065007823362,0.3033062969683371,0.3333333333333333,0.8596804936726888,3.0,6.7302374839782715,1
2018-08-24,NVDA,6.6056309993149815,6.744824366370064,6.601180851927682,6.7302374839782715,531512000,0.0201620020321808,6.383440923690796,6.3054378747940065,6.423717733815181,6.346321937295946,65.87837265763118,0.082067670082937,0.0450533086254355,0.0370143614575014,0.0192170712541986,0.3050615487937057,0.5,0.8574633598327637,2.0,6.821221828460693,1
2018-08-27,NVDA,6.759907203664735,6.895392228353461,6.7285085928127835,6.821221828460693,505776000,0.0135187420501898,6.432344245910644,6.3447113037109375,6.49599120556891,6.391550498359256,68.10576159434976,0.1094135889582252,0.0579253646919935,0.0514882242662317,0.017406300206025,0.2763164495452483,1.0,0.7947964668273926,1.0,6.783639430999756,0
2018-08-28,NVDA,6.815285601111715,6.83803147745245,6.6637302066621995,6.783639430999756,475384000,-0.0055096283929851,6.464361190795898,6.381203198432923,6.548290882919973,6.428892301467875,66.18390402587522,0.1265935496589803,0.0716590016853908,0.0549345479735894,0.0175936358610875,0.2792903108751917,0.0,0.0,0.0,6.8890204429626465,1
2018-08-29,NVDA,6.775971957096754,6.914004818889428,6.755192928225578,6.8890204429626465,420108000,0.0155345833213542,6.51272611618042,6.420973920822144,6.610241712018641,6.472714029229282,68.83917506057495,0.1470174337872789,0.0867306881057684,0.0602867456815104,0.0177264712854365,0.281399007863956,1.0,0.6417564749717712,1.0,6.872198581695557,0
2018-08-30,NVDA,6.857850955777092,6.968920613673174,6.835340342716159,6.872198581695557,346608000,-0.0024418364564839,6.563463592529297,6.454773426055908,6.6578702337780795,6.510760177083213,67.9223333702794,0.1600017251965511,0.101384895523925,0.058616829672626,0.0176475340225713,0.2801459176636512,0.5,0.8348323404788971,2.0,6.9431939125061035,1
2018-08-31,NVDA,6.852161580332045,6.95605718709204,6.842266535963625,6.9431939125061035,306592000,0.0103308031580529,6.652501630783081,6.490293097496033,6.709747266274084,6.551944342361584,69.75328683836037,0.1740146667904509,0.1159108497772302,0.0581038170132207,0.0176827041161081,0.2807042255901624,1.0,0.8019964098930359,1.0,7.017899990081787,1
2018-09-04,NVDA,6.930083120296011,7.055499932969545,6.901635574694479,7.017899990081787,391720000,0.0107596127253659,6.74154372215271,6.5271622896194454,6.7657750342391205,6.59632107071589,71.59085529498535,0.1889698532385422,0.1305226504694926,0.0584472027690495,0.0177156445653402,0.2812271390106189,0.0,0.0,0.0,6.887288570404053,0
2018-09-05,NVDA,7.000337059306588,7.03571095061915,6.80639850765602,6.887288570404053,393156000,-0.0186111828128534,6.803976154327392,6.55389130115509,6.787868404450926,6.624032261162381,64.24238574156615,0.188114232467301,0.1420409668690543,0.0460732655982467,0.0184621501524979,0.2930775478262563,0.5,0.7796477377414703,2.0,6.746286869049072,0
2018-09-06,NVDA,6.8709615062607785,6.873435267421616,6.713386742071153,6.746286869049072,322796000,-0.0204727448129429,6.828821134567261,6.571753025054932,6.780308125286952,6.63567555715159,57.39335878066572,0.1740521234077574,0.1484431981767949,0.0256089252309625,0.0192611980744918,0.305762040349569,0.0,0.0,0.0,6.725013732910156,0
2018-09-07,NVDA,6.654265481017739,6.850430552376574,6.6094914867958945,6.725013732910156,295420000,-0.0031533103397238,6.84160008430481,6.590973925590515,6.770254599400261,6.644183954842882,56.41611649185792,0.1593542992000785,0.1506254183814516,0.0087288808186268,0.0191594521234938,0.3041468734500782,0.0,0.0,0.0,6.796009063720703,1
2018-09-10,NVDA,6.747524661213974,6.825693728801579,6.703740075108271,6.796009063720703,220140000,0.0105569049566571,6.848177242279053,6.615809082984924,6.774937229276705,6.658643489021722,58.92947159270916,0.1516863516467541,0.1508376050345121,0.0008487466122419,0.0190877031367329,0.3030078935953373,1.0,0.9370335340499878,1.0,6.74826717376709,0
2018-09-11,NVDA,6.749751053228916,6.837320229812747,6.728972022545656,6.74826717376709,243112000,-0.0070249891526006,6.840881776809693,6.6366130113601685,6.770088128274956,6.66717907804509,56.567109744088455,0.1401416111839273,0.1486984062643952,-0.0085567950804678,0.0192414814570023,0.305449048750134,-0.5,0.7064372599124908,2.0,6.6344757080078125,0
2018-09-12,NVDA,6.708439423219944,6.727981806708105,6.479126993875945,6.6344757080078125,419092000,-0.0168623237386962,6.825965404510498,6.645163297653198,6.745431324590021,6.664064471374873,51.28950183502009,0.120422149322751,0.1430431548760664,-0.0226210055533153,0.019291739248459,0.3062468664559598,0.0,0.0,0.0,6.712151050567627,1
2018-09-13,NVDA,6.700277184038123,6.802688457167006,6.682961325274999,6.712151050567627,305536000,0.0117078343456831,6.8082784652709964,6.660502290725708,6.739380365676857,6.668644145583706,54.41590268811056,0.1097964199283358,0.1363938078865203,-0.0265973879581844,0.0192554308831734,0.3056704890256178,0.0,0.8948107957839966,1.0,6.838061332702637,1
2018-09-14,NVDA,6.802440210236953,6.904109292599834,6.765581971288428,6.838061332702637,386936000,0.0187585590947572,6.804864740371704,6.6841641664505005,6.757322359681544,6.684779115785509,59.00869243698523,0.1102643020838991,0.131167906725996,-0.0209036046420969,0.0194646574737944,0.3089918581842886,1.0,0.952158749103546,1.0,6.776219844818115,0
2018-09-17,NVDA,6.81258362066938,6.861562967081699,6.756925165241341,6.776219844818115,205528000,-0.0090437164681118,6.788167333602905,6.720334482192993,6.760758266070011,6.693487756645757,56.02307887668442,0.1044410790744336,0.1258225411956836,-0.0213814621212499,0.0153822676609241,0.244185928986219,0.0,0.0,0.0,6.704234600067139,0
2018-09-18,NVDA,6.780177613294013,6.882836117583296,6.697555963212411,6.704234600067139,299520000,-0.010623215657034,6.756800794601441,6.749172258377075,6.75048123588767,6.694511265543031,52.68170072097211,0.0929461004507077,0.1192472530466884,-0.0263011525959807,0.015719691600798,0.2495423679740545,0.0,0.0,0.0,6.727982521057129,1
2018-09-19,NVDA,6.685682284622454,6.74579332075343,6.63571352908889,6.727982521057129,224860000,0.0035422270261473,6.740870189666748,6.772423171997071,6.746390560463935,6.697699004163422,53.66355748678508,0.0847752692951289,0.1123528562963765,-0.0275775870012476,0.0151713449078028,0.2408376340825951,0.0,0.0,0.0,6.58698034286499,0
2018-09-20,NVDA,6.606027784289586,6.648328013817437,6.53305348337467,6.58698034286499,430584000,-0.0209575720137251,6.72493953704834,6.7768803358078005,6.717406884536853,6.687154369754047,47.37752923823919,0.066159484012096,0.1031141818395204,-0.0369546978274244,0.0138930960930851,0.2205460632181576,-1.0,0.8413392305374146,1.0,6.516974925994873,0
2018-09-21,NVDA,6.598854869429416,6.644371040128891,6.483827562009334,6.516974925994873,435128000,-0.0106278466347553,6.7041356563568115,6.772867870330811,6.680964710256493,6.670946803681745,44.585130587785386,0.0452360351196583,0.091538552495548,-0.0463025173758896,0.0136744825547733,0.2170756808845282,0.0,0.0,0.0,6.572633266448975,1
2018-09-24,NVDA,6.486053508190043,6.576096437906463,6.398979280763885,6.572633266448975,293912000,0.0085405178148056,6.681798076629638,6.764987659454346,6.661268084109671,6.661583609659576,47.24728427315769,0.0327674908085926,0.0797843401581569,-0.0470168493495643,0.0129784567727385,0.2060266141324082,0.0,0.9054474234580994,1.0,6.639671802520752,1
2018-09-25,NVDA,6.638682392191445,6.664656182667533,6.553092029111985,6.639671802520752,280388000,0.0101996465273646,6.670938539505005,6.755910158157349,6.65734148745714,6.65949677088445,50.341692957582694,0.0279730730343255,0.0694220867333906,-0.0414490136990651,0.0128016527602407,0.2032199374452039,-0.25,0.6737448424100876,4.0,6.60281229019165,0
2018-09-26,NVDA,6.644618053395329,6.684939465478431,6.586980784311211,6.60281229019165,268548000,-0.0055514057660361,6.667772197723389,6.7468688011169435,6.647427087954323,6.654098248913708,48.65186651411888,0.0209576213953637,0.0597291936657852,-0.0387715722704215,0.0128023843653807,0.203231551316754,0.0,0.0,0.0,6.614686012268066,1
2018-09-27,NVDA,6.637938801426124,6.659212770347407,6.583270235767039,6.614686012268066,214428000,0.0017982825430391,6.658025693893433,6.733152079582214,6.641474165102276,6.650344702566504,49.24292821949288,0.0161695431385089,0.05101726356033,-0.034847720421821,0.0122079605308482,0.1937953654794997,0.0,0.8946519494056702,1.0,6.951603889465332,1
2018-09-28,NVDA,6.746534150636501,6.973867266689335,6.71858107591866,6.951603889465332,709396000,0.0509348254130874,6.669379949569702,6.737122344970703,6.697861387713741,6.6790360536997255,62.45075196794736,0.0391105712534205,0.0486359250989481,-0.0095253538455275,0.0169933412430273,0.2697609292386452,0.5,0.6741882413625717,4.0,7.157912254333496,1
2018-10-01,NVDA,7.029279494349549,7.224701923867471,6.990689666354365,7.157912254333496,622060000,0.0296778079057136,6.70754919052124,6.747858262062072,6.781506999826423,6.724643310902942,67.9503987844837,0.0730962540536932,0.0535279908898971,0.019568263163796,0.0180854059279801,0.2870969186705321,-0.5,0.6728412806987761,2.0,7.086668491363525,0
2018-10-02,NVDA,7.130453070251148,7.242016718908083,7.06440511417852,7.086668491363525,383964000,-0.0099531484095574,6.745792579650879,6.7512966871261595,6.836990907378623,6.759121899518235,64.44040372462838,0.093206944625491,0.0614637816370159,0.0317431629884751,0.0181309392508013,0.2878197377618414,1.0,0.7569920420646667,1.0,7.092854022979736,1
2018-10-03,NVDA,7.156922699488836,7.164343983919293,6.98895840006214,7.092854022979736,320552000,0.0008728405489475,6.78227972984314,6.7615749597549435,6.883511473851552,6.790905911276473,64.61132403545857,0.1083944289958509,0.0708499111087829,0.037544517887068,0.0175563521791434,0.2786984507728821,1.0,0.8238654136657715,2.0,6.908810615539551,0
2018-10-04,NVDA,7.056738062634952,7.080980264928115,6.831878189445557,6.908810615539551,391220000,-0.025947722432171,6.814462757110595,6.769701147079468,6.8881113177948246,6.8021349307301,55.98825777146051,0.1043766656839997,0.0775552620238263,0.0268214036601734,0.0179570122062804,0.2850587315254165,0.0,0.0,0.0,6.675539493560791,0
2018-10-05,NVDA,6.88407290090465,6.946162752757861,6.618149457920154,6.675539493560791,426636000,-0.0337642953266192,6.830319213867187,6.767227435112,6.849461895206818,6.790078222428261,47.36055353938257,0.0814308452028029,0.0783303786596216,0.0031004665431813,0.0195905950039991,0.3109910544981972,0.3333333333333333,0.815291166305542,3.0,6.574365615844727,0
2018-10-08,NVDA,6.592423650802323,6.707698204267434,6.433611742656048,6.574365615844727,408612000,-0.0151559102921429,6.830492448806763,6.756145262718201,6.799444389868255,6.769534164658401,44.180591593905426,0.0544545130398681,0.0735552055356709,-0.0191006924958028,0.0196917659717944,0.3125970938223137,0.0,0.0,0.0,6.568676471710205,0
2018-10-09,NVDA,6.553833901990986,6.6483294254898,6.5008969131554855,6.568676471710205,273500000,-0.00086535256281,6.823392915725708,6.747165727615356,6.757486586566792,6.750404860568096,44.00168034827055,0.0322448109523083,0.0652931266189984,-0.03304831566669,0.0196484992947062,0.3119102566165246,0.0,0.8605605959892273,1.0,6.077645301818848,0
2018-10-10,NVDA,6.462800937723825,6.5085648156203355,6.075418775025503,6.077645301818848,684940000,-0.0747534411241164,6.770876216888428,6.719324207305908,6.633879080248984,6.686332521639597,31.968605607285085,-0.0246939926797322,0.0472957027592522,-0.0719896954389845,0.0254810300849395,0.4044988125270307,0.0,0.8597530921300253,3.0,5.816421031951904,0
2018-10-11,NVDA,5.990569459579847,6.1239024834928335,5.794899830998788,5.816421031951904,725436000,-0.042981164068388,6.691049718856812,6.674537706375122,6.485250344194969,6.603483808336007,27.638392428448952,-0.089861156737756,0.0198643308598506,-0.1097254875976067,0.0266092608032374,0.42240891993975,0.0,0.0,0.0,6.0986714363098145,1
2018-10-12,NVDA,6.073192591043174,6.1728828608288815,5.9282333853283555,6.0986714363098145,608236000,0.0485264740649613,6.60575647354126,6.637568211555481,6.414963270034032,6.555406439571607,37.490660611368355,-0.1173782911166281,-0.0075841935354451,-0.109794097581183,0.0288518697481542,0.4580092332770641,1.0,0.945903182029724,1.0,5.822606563568115,0
2018-10-15,NVDA,6.08531408934243,6.08531408934243,5.82161715333462,5.822606563568115,449760000,-0.0452663954149235,6.472225904464722,6.589887547492981,6.307262050676592,6.485615975190322,32.788373411456575,-0.1596219242405334,-0.0379917396764627,-0.1216301845640706,0.0302040358457751,0.4794742046304089,-1.0,0.3665614426136017,1.0,6.081108093261719,1
2018-10-16,NVDA,5.935159483401088,6.092239782889113,5.8859329088283365,6.081108093261719,408712000,0.0443961869776743,6.371669864654541,6.55873122215271,6.266143149328434,6.447091415006645,40.33483792117726,-0.1702785298835278,-0.0644490977178758,-0.105829432165652,0.0323007509193815,0.5127585245599474,1.0,0.8844581842422485,1.0,6.012587547302246,0
2018-10-17,NVDA,6.143199146203947,6.181294510431479,5.963608197714108,6.012587547302246,329668000,-0.0112677730618533,6.263643217086792,6.5229614734649655,6.220042130778217,6.405710094272893,39.08221409485178,-0.1821532527301217,-0.087989928720325,-0.0941633240097967,0.0322796468597037,0.5124235079985786,0.0,0.0,0.0,5.925265312194824,0
2018-10-18,NVDA,6.081851165619273,6.120193290794971,5.864907039094482,5.925265312194824,524020000,-0.0145232371953738,6.165288686752319,6.489875721931457,6.166446345581236,6.359953448360695,37.4845644996598,-0.1963468662768477,-0.1096613162316295,-0.0866855500452181,0.0321451435200615,0.5102883336753729,0.3333333333333333,0.87458203236262,3.0,5.668989658355713,0
2018-10-19,NVDA,5.980429307895091,5.9999712224305055,5.632626353675516,5.668989658355713,613608000,-0.0432513381825567,6.064633703231811,6.4474764585495,6.075999675176595,6.294147373122126,33.19562067820502,-0.225673289546755,-0.1328637108946546,-0.0928095786521003,0.0332654113446232,0.5280720340688395,0.0,0.0,0.0,5.719700813293457,1
2018-10-22,NVDA,5.721185164674777,5.8211226836767285,5.617042297973618,5.719700813293457,368844000,0.0089453602835558,5.979167222976685,6.404829835891723,6.011218063925115,6.239438176947967,34.78570990087516,-0.2420327223182097,-0.1546975131793656,-0.087335209138844,0.0332751136717666,0.5282260537373992,0.0,0.0,0.0,5.468372344970703,0
2018-10-23,NVDA,5.45278760002083,5.545799241394186,5.360765840725064,5.468372344970703,626436000,-0.0439408417549792,5.869136810302734,6.3462648630142215,5.9125188422970405,6.166003335807275,30.864671577201975,-0.2721407286883357,-0.1781861562811597,-0.093954572407176,0.0340471946474634,0.5404824592595869,0.0,0.0,0.0,4.932814598083496,0
2018-10-24,NVDA,5.430029305408423,5.47653488638788,4.918961911989338,4.932814598083496,884288000,-0.0979373226806259,5.754653739929199,6.262764978408813,5.734390797894577,6.0485567893573915,24.521614938183717,-0.3353508590298553,-0.2096190968308988,-0.1257317621989564,0.0393881416234663,0.6252673640441024,0.0,0.0,0.0,5.141348838806152,1
2018-10-25,NVDA,4.8353516351022865,5.1885966030005655,4.791072101912247,5.141348838806152,951720000,0.0422748993655015,5.687146520614624,6.189098119735718,5.626564987151227,5.962156032162035,30.510066968266617,-0.3644175931254789,-0.2405787960898148,-0.123838797035664,0.0412246792990212,0.6544214958216168,0.0,0.0,0.0,4.90510892868042,0
2018-10-26,NVDA,4.905603397827116,5.067136276704087,4.777218352825311,4.90510892868042,664784000,-0.0459490140685704,5.567790269851685,6.086773371696472,5.495391158338352,5.861484879449501,27.817476621956587,-0.4018831173058634,-0.2728396603330246,-0.1290434569728388,0.0391157239366572,0.6209428673319091,0.0,0.0,0.0,4.591691017150879,0
2018-10-29,NVDA,5.046110572330848,5.049573744027559,4.353967871259537,4.591691017150879,758016000,-0.0638962184299253,5.444698715209961,5.9584623098373415,5.331082041758811,5.740552130659156,24.702700839424892,-0.4516585822722723,-0.3086034447208741,-0.1430551375513981,0.0388918100681325,0.6173883448646205,-1.0,0.972908616065979,1.0,5.021620273590088,1
2018-10-30,NVDA,4.614696215400488,5.031515318709477,4.591690660137457,5.021620273590088,807192000,0.0936320093911671,5.338749933242798,5.85520989894867,5.274816265728134,5.672082429985911,35.38997261144661,-0.451212996393,-0.3371253550552993,-0.1140876413377007,0.0466040546794851,0.739816432615042,-0.2857142857142857,0.8062504487378257,7.0,5.215311527252197,1
2018-10-31,NVDA,5.186121805010123,5.2588488760364624,5.0466045956017425,5.215311527252197,745772000,0.0385714656045934,5.259022331237793,5.761332774162293,5.2639972223688725,5.628580439249367,39.552557285492426,-0.430270708059921,-0.3557544256562236,-0.0745162824036974,0.0480637329190108,0.762988106310788,0.0,0.0,0.0,5.395397186279297,1
2018-11-01,NVDA,5.251674635167855,5.404797289971184,5.125268412199563,5.395397186279297,566528000,0.0345301825377211,5.206035518646241,5.68566210269928,5.28788812489804,5.606372510395075,43.215631826667845,-0.3945937548502476,-0.3635222914950284,-0.0310714633552191,0.0491726016007176,0.7805908509213334,0.0,0.0,0.0,5.316487789154053,0
2018-11-02,NVDA,5.385998944865753,5.491626176770276,5.199976098731876,5.316487789154053,452960000,-0.0146253175439824,5.170785331726075,5.617709517478943,5.293088063853679,5.578764441705454,42.014202503369006,-0.3684396977774433,-0.3645057727515114,-0.0039339250259318,0.0488944545577251,0.776175403499336,0.5,0.9143096506595612,2.0,5.238564968109131,0
2018-11-05,NVDA,5.303375822452559,5.326629086762901,5.078021475818935,5.238564968109131,379332000,-0.0146568231011249,5.122671747207642,5.550919485092163,5.283174773718306,5.546364491839138,40.807721920602575,-0.3499659499231038,-0.36159780818583,0.0116318582627261,0.0488919069258507,0.7761349610971058,0.0,0.0,0.0,5.221002101898193,0
2018-11-06,NVDA,5.230649442131772,5.314755451588281,5.183896148686008,5.221002101898193,299012000,-0.0033526101743235,5.097934722900391,5.4835357666015625,5.271870651569194,5.515377597559048,40.525256432160496,-0.3329050262600566,-0.3558592518006753,0.0229542255406187,0.0488702007118486,0.7757903856321797,0.0,0.0,0.0,5.288532733917236,1
2018-11-07,NVDA,5.287543323842536,5.378080715270347,5.223969126281624,5.288532733917236,483812000,0.0129344196192702,5.133506536483765,5.444080138206482,5.274900121087019,5.493773324831256,42.18244848894316,-0.3103573572887983,-0.3467588728982999,0.0364015156095016,0.0466648758272886,0.7407819384042923,-1.0,0.4876856207847595,1.0,5.095584869384766,0
2018-11-08,NVDA,5.22941192102683,5.230154096652301,5.042152470746677,5.095584869384766,511352000,-0.0364841959462646,5.128930139541626,5.408038330078125,5.242297348050245,5.455850614788734,38.851471852932065,-0.3045468211368272,-0.3383164625460054,0.0337696414091782,0.0464150418018124,0.7368159462015786,-0.3333333333333333,0.747521718343099,3.0,5.087668418884277,0
2018-11-09,NVDA,5.006778356612328,5.1779585856268,4.973136051283547,5.087668418884277,413240000,-0.0015535901576385,5.1471860885620115,5.3574881792068485,5.214182997292796,5.4207856437502135,38.716386015160886,-0.2971552994492894,-0.3300842299266622,0.0329289304773727,0.04466092630799,0.7089702259963416,-1.0,0.8902467489242554,1.0,4.688659191131592,0
2018-11-12,NVDA,4.996387874034105,5.018404015671048,4.666890284037056,4.688659191131592,617116000,-0.0784267359625193,5.156882905960083,5.300790810585022,5.118633214354395,5.351059314929392,32.56955479193499,-0.3198076319712415,-0.328028910335578,0.0082212783643365,0.0466841682045785,0.741088195399341,0.5,0.6250524073839188,2.0,4.930341720581055,1
2018-11-13,NVDA,4.78637237013519,5.051553217455858,4.780187729744398,4.930341720581055,644712000,0.051546192546175,5.14775505065918,5.243252491950988,5.084398397304696,5.310990972610503,38.897496678046025,-0.3146311365041958,-0.3253493555693016,0.0107182190651058,0.0471455625187003,0.7484126030683748,0.25,0.7403213083744049,4.0,4.877897262573242,0
2018-11-14,NVDA,5.103251540849771,5.117599164823573,4.770044027789219,4.877897262573242,526580000,-0.0106370837925675,5.114013624191284,5.186517977714539,5.046852736444431,5.269743952606954,38.06276703014426,-0.3111735411331544,-0.3225141926820722,0.0113406515489177,0.0471444383235891,0.7483947570242385,0.0,0.7969557642936707,2.0,5.006531715393066,1
2018-11-15,NVDA,4.871962006307089,5.078516622728389,4.836093169949229,5.006531715393066,840708000,0.0263708819385763,5.075127077102661,5.1405812978744505,5.039521641707819,5.244676120491346,41.38532765209076,-0.294657023838214,-0.3169427589133006,0.0222857350750865,0.0477901922908672,0.7586457834575449,-0.1875,0.832613468170166,16.0,4.0675129890441895,0
2018-11-16,NVDA,4.040054850732546,4.221624597657671,3.9977541439452753,4.0675129890441895,1963520000,-0.1875587292220226,4.950229597091675,5.060507464408874,4.862792795768977,5.132565346067807,29.1093665793033,-0.3532662944544738,-0.3242074660215353,-0.0290588284329385,0.0622198934987534,0.9877101887917572,-0.2758620689655172,0.7509793700843022,29.0,3.5794501304626465,0
2018-11-19,NVDA,4.0022063338398715,4.0029480374640105,3.577718545029702,3.5794501304626465,1697820000,-0.1199904855611121,4.784318113327027,4.953494930267334,4.62945776571328,4.984649611248268,24.96443770498341,-0.4340932012406178,-0.3461846130653518,-0.0879085881752659,0.0662132025095374,1.0511020040963637,-0.5,0.8962876498699188,4.0,3.6877987384796143,1
2018-11-20,NVDA,3.3162483512074563,3.815936547258066,3.2976956142785774,3.6877987384796143,1692032000,0.0302696235644897,4.6309977769851685,4.8644662499427795,4.458247033488977,4.86114000431792,27.434713824189984,-0.4838290004906245,-0.3737134905504063,-0.1101155099402181,0.0669328776277321,1.0625264924213895,-0.2857142857142857,0.8103981571538108,7.0,3.579697370529175,0
2018-11-21,NVDA,3.8248415064939874,3.8416626558558136,3.5524867085536456,3.579697370529175,1025496000,-0.029313250428359,4.460114240646362,4.7968103885650635,4.298510731132649,4.739097848718992,26.49742264808637,-0.5259055449191186,-0.4041519014241488,-0.1217536434949697,0.0642852952331362,1.0204974248714676,-0.2,0.7700905323028564,5.0,3.5868723392486572,1
2018-11-23,NVDA,3.5450668048617975,3.7004153109840536,3.5322035272180106,3.5868723392486572,411968000,0.0020043506410771,4.309242987632752,4.719086563587188,4.169121932608286,4.629362085912294,26.676479485123167,-0.5523059107710102,-0.4337827032935211,-0.1185232074774891,0.0630548699074383,1.0009650283596732,0.0,0.0,0.0,3.7860052585601807,1
2018-11-26,NVDA,3.707836190930004,3.79639477338871,3.6254617760851735,3.7860052585601807,814832000,0.05551714710684,4.179076671600342,4.663131380081177,4.099464355508631,4.549042388069235,31.65289031196467,-0.550810626513071,-0.4571882879374311,-0.0936223385756399,0.0645676936230534,1.024980360333662,0.25,0.779448464512825,4.0,3.802826642990112,1
2018-11-27,NVDA,3.7600314644551864,3.883964182068924,3.7241628654717807,3.802826642990112,738060000,0.0044430430707664,4.0904934167861935,4.623688161373138,4.0455302259598085,4.477974221871223,32.07228534233167,-0.5420201865101548,-0.4741546676519759,-0.0678655188581789,0.0634052799872087,1.0065276159274494,-1.0,0.9251604080200196,1.0,3.959660053253174,1
2018-11-28,NVDA,3.9203280409724446,3.964854811718791,3.787984845599604,3.959660053253174,804524000,0.0412412726076163,3.9934252500534058,4.570590150356293,4.029917467285875,4.428610967717123,36.01455095574091,-0.5164452941050026,-0.4826127929425812,-0.0338325011624213,0.0600052727278724,0.9525541739433414,0.0,0.9383269548416138,1.0,3.896516799926758,0
2018-11-29,NVDA,3.961887935753284,3.999030540692202,3.866307468648602,3.896516799926758,549172000,-0.0159466349325969,3.895287203788757,4.504650413990021,4.005662800493308,4.37793533268947,35.13054177104486,-0.4955596374249538,-0.4852021618390558,-0.010357475585898,0.0589130090445416,0.9352150255101368,0.0,0.9174196720123292,2.0,4.046821117401123,1
2018-11-30,NVDA,3.906173895488522,4.057468510149171,3.8559074239718822,4.046821117401123,729564000,0.0385740201292577,3.799316143989563,4.437221610546112,4.013146130840183,4.346400645519151,38.970676935210456,-0.4615587399149961,-0.4804734774542439,0.0189147375392478,0.0590902527346074,0.9380286818623546,1.0,0.8350179394086202,3.0,4.2104949951171875,1
2018-12-03,NVDA,4.273885310426985,4.325389882579484,4.143638044077653,4.2104949951171875,890804000,0.0404450488340775,3.813614344596863,4.381921970844269,4.049027742526911,4.333457250242773,42.932436968194736,-0.4166033258097297,-0.467699447125341,0.0510961213156113,0.0602567173082634,0.956545732912718,0.0,0.9129860401153564,1.0,3.8903262615203857,0
2018-12-04,NVDA,4.165924821161724,4.17087729419902,3.875221360444782,3.8903262615203857,812112000,-0.0760406398696813,3.844701957702637,4.314510035514831,4.020172927798451,4.291254298935879,37.76763542347382,-0.4021747570305942,-0.4545945091063917,0.0524197520757974,0.0620573398279578,0.9851297292660016,1.0,0.641496479511261,1.0,3.919545412063598,1
2018-12-06,NVDA,3.7499269793302017,3.924497649233,3.734327113448237,3.919545412063598,692308000,0.0075107198160273,3.8678766250610352,4.249437201023102,4.0018770158466594,4.255853452567091,38.494834039218645,-0.3839562622796126,-0.4404668597410359,0.0565105974614232,0.0621917582110009,0.9872635549450068,0.0,0.0,0.0,3.6550889015197754,0
2018-12-07,NVDA,3.9237544176548105,3.933906845454352,3.6058130711508896,3.6550889015197754,681676000,-0.0674712199353213,3.8754157781600953,4.167765009403229,3.9388246314235897,4.198637781038775,34.55873564379566,-0.3864031887456769,-0.4296541255419642,0.0432509367962872,0.0630703846373321,1.001211317061418,0.0,0.0,0.0,3.7603273391723633,1
2018-12-10,NVDA,3.6102708275051967,3.785089236418504,3.60655647207419,3.7603273391723633,629472000,0.0287923058749213,3.8927612781524656,4.101002132892608,3.906370578287002,4.156893929432449,37.30596263933602,-0.3755217521898721,-0.4188276508715458,0.0433058986816736,0.0636558163112111,1.0105047567736414,0.0,0.0,0.0,3.669450521469116,0
2018-12-11,NVDA,3.851944832694204,3.860116223288564,3.590460333674671,3.669450521469116,671912000,-0.0241672624498825,3.8811058044433593,4.030091238021851,3.863294204320114,4.1104707477216555,35.904271322362746,-0.3699663927428216,-0.409055399245801,0.0390890065029794,0.0636424256816878,1.0102921871199375,-0.6666666666666666,0.9564077456792196,3.0,3.687031745910645,1
2018-12-12,NVDA,3.675145999944551,3.7831074053135567,3.586003613639559,3.687031745910645,654136000,0.0047912417237037,3.869526314735413,3.9800098657608034,3.8312464846093017,4.070143223739654,36.40212011826459,-0.3599952710810745,-0.3992433736128558,0.0392481025317812,0.0619152502357411,0.9828741269166252,0.25,0.7226477414369583,4.0,3.686784267425537,0
2018-12-13,NVDA,3.7338318181433574,3.797964834614252,3.6508797813853344,3.686784267425537,471384000,-6.7121332866793e-05,3.842238736152649,3.917831993103027,3.8049806269395257,4.0336328469478335,36.39783446598234,-0.3481003703867111,-0.3890147729676269,0.0409144025809157,0.0602695531399802,0.9567494954242778,0.25,0.8282361328601837,4.0,3.6263656616210938,0
2018-12-14,NVDA,3.6451844460507377,3.7288794023038903,3.6028418859003852,3.6263656616210938,471820000,-0.0163878874981294,3.8152236223220823,3.85525541305542,3.7725051786998103,3.9948454959643342,35.30502436015347,-0.3396337657998955,-0.3791385715340806,0.039504805734185,0.0602736061465594,0.9568138349091028,0.0,0.0,0.0,3.5552988052368164,0
2018-12-17,NVDA,3.5964034794123507,3.6684601640487577,3.4973561485793327,3.5552988052368164,662868000,-0.0195972670755183,3.766071391105652,3.7826937675476073,3.733013110797448,3.9529839063712378,34.01149592577755,-0.3347990668089724,-0.370270670589059,0.0354716037800866,0.0595716792282973,0.9456710905235224,0.0,0.0,0.0,3.6384990215301514,1
2018-12-18,NVDA,3.5991276605455687,3.7224414627810014,3.5718897650413535,3.6384990215301514,564372000,0.0234017506969552,3.708871793746949,3.7612430691719054,3.7158287309306663,3.923032964957801,36.92514830603129,-0.3205587689572531,-0.3603282902626978,0.0397695213054447,0.0441064187403705,0.7001676912521952,-1.0,0.9722239971160888,1.0,3.4297561645507812,0
2018-12-19,NVDA,3.604821999427664,3.658307614235883,3.378251585900969,3.4297561645507812,745364000,-0.0573705958814809,3.662814784049987,3.753758370876312,3.6638155370434142,3.876054222061894,32.98949388815531,-0.322400600895631,-0.3527427523892845,0.0303421514936534,0.0371595433564924,0.5898894633240086,-1.0,0.97318696975708,1.0,3.3453187942504883,0
2018-12-20,NVDA,3.421337549869546,3.511222851201115,3.2856428206917148,3.3453187942504883,749588000,-0.0246190592710406,3.6053921222686767,3.736634373664856,3.605907038353791,3.82550799084176,31.525740979571225,-0.3269052953340345,-0.3475752609782345,0.0206699656441999,0.0367164065432404,0.5828548844961533,1.0,0.6343543529510498,1.0,3.2083866596221924,0
2018-12-21,NVDA,3.37181451652954,3.4047478060595746,3.1809010440380523,3.2083866596221924,863740000,-0.0409324620612054,3.5607218980789184,3.718068838119507,3.5336306058571365,3.766734530725611,29.25849101059859,-0.3376325590343683,-0.3455867205894613,0.007954161555093,0.0372229001766926,0.5908952216646652,0.0,0.0,0.0,3.1467294692993164,0
2018-12-24,NVDA,3.132120004078285,3.2185386771140743,3.0828439351668155,3.1467294692993164,463840000,-0.0192175061375353,3.4993621110916138,3.69606169462204,3.4632849446648053,3.7076864296373926,28.272525460672753,-0.3471079681810773,-0.3458909701077845,-0.0012169980732928,0.0373212545928979,0.5924565496184113,0.0,0.0,0.0,3.295795440673828,1
2018-12-26,NVDA,3.19278626959552,3.2967858408120705,3.081853425117454,3.295795440673828,695100000,0.0473717149277863,3.461996603012085,3.6715512037277223,3.4328323075755365,3.668458716402767,34.058152021029,-0.3386847728652209,-0.3444497306592718,0.0057649577940508,0.0366547686854118,0.5818764138371861,0.0,0.0,0.0,3.248004674911499,0
2018-12-27,NVDA,3.243547638552544,3.277966519732493,3.0996815231709913,3.248004674911499,637044000,-0.0145005254793841,3.4180938959121705,3.643810105323792,3.399227283454802,3.62841547435598,33.13535404812755,-0.3320381165632944,-0.3419674078400763,0.0099292912767819,0.0366083031341999,0.5811387960789571,-1.0,0.8803373376528422,3.0,3.3094143867492676,1
2018-12-28,NVDA,3.268557427757804,3.4020236512278625,3.226710068592887,3.3094143867492676,628728000,0.0189069037714491,3.3803569078445435,3.611297821998596,3.382897665871978,3.598034418393436,35.55178397607983,-0.3181479317178795,-0.3372035126156369,0.0190555808977574,0.0353723331130695,0.5615183802559038,0.0,0.0,0.0,3.305700302124023,0
2018-12-31,NVDA,3.352747616905251,3.385185466316199,3.2749955349610382,3.305700302124023,465140000,-0.0011222785034462,3.348290371894836,3.5817569971084593,3.368861781554167,3.5701930739868253,35.468297253019074,-0.303935971063026,-0.3305500043051148,0.0266140332420887,0.0353595629381994,0.5613156600144729,0.5,0.5997757017612457,2.0,3.373051881790161,1
2019-01-02,NVDA,3.234881152570605,3.42901350076281,3.220271688741212,3.373051881790161,508752000,0.0203743756271137,3.330065679550171,3.5480685353279116,3.3696236179607113,3.5514177223490475,38.29796957422784,-0.2839648106784427,-0.3212329655797804,0.0372681549013377,0.0343282798162446,0.5449445479825279,-0.6666666666666666,0.9495472113291422,3.0,3.1692631244659424,0
2019-01-03,NVDA,3.312881563490466,3.346805254503346,3.161834649660386,3.1692631244659424,705552000,-0.0604167277783059,3.28314208984375,3.496006941795349,3.3331944373252984,3.51502204636018,33.50996926422275,-0.2813384769365736,-0.3132540678511391,0.0319155909145654,0.0341685220036171,0.5424084713292567,-1.0,0.972545862197876,1.0,3.37230920791626,1
2019-01-04,NVDA,3.242309633257826,3.410442208673466,3.2116051054063632,3.37230920791626,585620000,0.0640672848785737,3.277397394180298,3.4701060891151427,3.3403062137963824,3.5014303474607593,41.37436020912873,-0.259877263194781,-0.3025787069198675,0.0427014437250864,0.0350313996987329,0.5561062300881022,0.0,0.0,0.0,3.5508415699005127,1
2019-01-07,NVDA,3.429508826663818,3.5877366873539573,3.378251727789185,3.5508415699005127,709160000,0.05294068573699,3.2979496717453003,3.4516708970069887,3.3785853694516788,3.506136178169307,47.27907101789741,-0.2258594598690511,-0.2872348575097042,0.0613753976406531,0.0373838203595276,0.5934497503729398,0.3333333333333333,0.8224705457687378,3.0,3.46244215965271,0
2019-01-08,NVDA,3.632308061543531,3.634536816055823,3.389890036843315,3.46244215965271,786016000,-0.0248953405854938,3.323355221748352,3.442038559913635,3.3938320585791386,3.501974843072489,44.869291286642515,-0.2036852425838273,-0.2705249345245288,0.0668396919407015,0.03471165043439,0.5510303678760188,-0.6,0.7962330341339111,5.0,3.5305371284484863,1
2019-01-09,NVDA,3.513698909920698,3.5778321572029506,3.4631849627780333,3.5305371284484863,617260000,0.019666745509651,3.361735987663269,3.4305490493774413,3.41868752582811,3.5046950607273457,47.105781284575514,-0.1785590036947861,-0.2521317483585803,0.0735727446637941,0.0343417626450043,0.5451585812537357,0.0,0.0,0.0,3.596156358718872,1
2019-01-10,NVDA,3.511223514049248,3.6048229514252688,3.450804610950893,3.596156358718872,523156000,0.0185861889800385,3.3917720794677733,3.426884341239929,3.4509545863537032,3.5134056605360624,49.242627684510275,-0.151603761082717,-0.2320261509034076,0.0804223898206906,0.0342584007336947,0.5438352519368946,-0.5,0.9004902243614197,2.0,3.685298442840576,1
2019-01-11,NVDA,3.5738701643159874,3.7080792986049738,3.546137071809889,3.685298442840576,874764000,0.0247881558057339,3.435501456260681,3.4267976760864256,3.4935625602604072,3.5297764017079207,52.075081375784265,-0.1216462536238633,-0.2099501714474988,0.0883039178236354,0.0347083049474477,0.5509772599172374,0.0,0.0,0.0,3.725164890289306,1
2019-01-14,NVDA,3.633051063973084,3.750421983358888,3.609527289244213,3.725164890289306,730168000,0.0108176985031371,3.477076506614685,3.428716707229614,3.535672074811116,3.5483848291918623,53.329424293909796,-0.093608760477867,-0.1866818892535724,0.0930731287757054,0.0347833959485529,0.5521692926049769,0.0,0.0,0.0,3.7110507488250737,0
2019-01-15,NVDA,3.7578503426020897,3.797221699312551,3.692726929675171,3.7110507488250737,617012000,-0.0037888635483022,3.51761155128479,3.432950961589813,3.567559106450017,3.563876821537882,52.80250868102192,-0.0717012114862378,-0.1636857537001055,0.0919845422138677,0.0345635342508256,0.5486790963548869,0.0,0.0,0.0,3.6855461597442623,0
2019-01-16,NVDA,3.7382888658650337,3.771221915315453,3.680098722595817,3.6855461597442623,470104000,-0.0068726058485959,3.5488609790802004,3.4394633293151857,3.5890112979580615,3.5754643775575374,51.80640132896072,-0.0557546236674904,-0.1420995276935825,0.0863449040260921,0.0342662591314772,0.5439600001343099,-1.0,0.9254754781723022,1.0,3.75685977935791,1
2019-01-17,NVDA,3.6526127323510096,3.7967263343986897,3.6253746048394815,3.75685977935791,493436000,0.0193495391246425,3.607620644569397,3.4453813672065734,3.619529203667125,3.592740130109954,54.39690798066665,-0.0369366422030812,-0.1210669505954823,0.084130308392401,0.034147062807359,0.5420678171494505,1.0,0.9066213965415956,1.0,3.8858683109283447,1
2019-01-18,NVDA,3.8066306453246095,3.911868317546365,3.7551260682234338,3.8858683109283447,651336000,0.0343394587892986,3.6589765548706055,3.4681869745254517,3.667954495896437,3.6206570997117056,58.71974049089463,-0.0114810001646281,-0.0991497605093114,0.0876687603446833,0.0318103893455463,0.5049742758987253,1.0,0.9527711868286132,1.0,3.6838126182556152,0
2019-01-22,NVDA,3.8556595552286863,3.867297583177716,3.653603289208936,3.6838126182556152,661552000,-0.0519975656674936,3.672273659706115,3.485111665725708,3.670837790870833,3.6266719110016017,50.62542475389606,-0.0075246863002504,-0.0808247456674992,0.0733000593672487,0.0337603529557092,0.5359289885674265,-1.0,0.9720799922943116,1.0,3.696688652038574,1
2019-01-23,NVDA,3.7390314439548784,3.8276786281555033,3.665488923818359,3.696688652038574,591020000,0.0034953009605185,3.695698308944702,3.509526765346527,3.6755379474467857,3.633340172052742,51.08813164354065,-0.0033121107907696,-0.0653222186921533,0.0620101079013837,0.0319671576281502,0.507462895234121,-0.5,0.722660481929779,2.0,3.90840220451355,1
2019-01-24,NVDA,3.7811265808391865,3.92598286910089,3.7764218261033498,3.90840220451355,708972000,0.0572711343591849,3.7334848165512087,3.5476104021072388,3.7178769032771064,3.659536556096629,58.04944989865395,0.0169149153561525,-0.0488747918824921,0.0657897072386447,0.0331443594515855,0.5261503948405706,-0.4,0.8632537364959717,5.0,3.965601682662964,1
2019-01-25,NVDA,3.848973687391146,3.9836777833396,3.7464599562394896,3.965601682662964,1154572000,0.0146350030412321,3.7704293489456178,3.5811007142066957,3.762917772256353,3.6886856157696126,59.717546662323215,0.0371324592796922,-0.0316733416500553,0.0688058009297475,0.0320662039209971,0.5090352063890556,0.0,0.813910981019338,3.0,3.417375326156616,0
2019-01-28,NVDA,3.381223127206372,3.507260623513946,3.243795322037681,3.417375326156616,2511528000,-0.1382454417706936,3.743637037277222,3.5895692467689515,3.700091872965491,3.662846540568375,42.34004262347962,0.0088160967716497,-0.0235754539657143,0.032391550737364,0.0459367333949373,0.729223035634081,-1.0,0.907855835225847,9.0,3.258653163909912,0
2019-01-29,NVDA,3.371319346140535,3.419605021487195,3.2440436966893182,3.258653163909912,1153932000,-0.0464456335924952,3.696985864639282,3.5870311856269836,3.619830289500841,3.624351933267569,38.81810161917985,-0.0261311528571424,-0.0240865937439999,-0.0020445591131424,0.0470998640365143,0.7476871621534303,-0.2352941176470588,0.7782929048818701,17.0,3.4020233154296875,1
2019-01-30,NVDA,3.3346711511975444,3.4163850611148643,3.255185759523989,3.4020233154296875,974228000,0.0439967508993046,3.666083121299744,3.591847336292267,3.5802290214879036,3.603177779187771,43.39812270967032,-0.0417767505606625,-0.0276246251073324,-0.01415212545333,0.048096763732821,0.7635124542244515,0.0,0.808050811290741,3.0,3.5595080852508545,1
2019-01-31,NVDA,3.3988039917009822,3.5951650838160276,3.3770135380925757,3.5595080852508545,842852000,0.0462915022089658,3.653479313850403,3.6011701464653014,3.576461578535713,3.5990187607175885,48.00270053186634,-0.0409957215328353,-0.030298844392433,-0.0106968771404023,0.0489430250253392,0.7769464357695506,0.5,0.9430109858512878,2.0,3.5837748050689697,1
2019-02-01,NVDA,3.578079650274053,3.63478418856549,3.530537139421069,3.5837748050689697,625048000,0.0068174363526989,3.636170816421509,3.621895730495453,3.577791256087214,3.59756695541772,48.69528612138621,-0.037980809784428,-0.031835237470832,-0.006145572313596,0.0465446160856862,0.7388728741902145,0.0,0.0,0.0,3.693965435028076,1
2019-02-04,NVDA,3.599622847127747,3.731108041134815,3.5775849071350003,3.693965435028076,528592000,0.0307470853925448,3.616980528831482,3.637978541851043,3.5989138340764617,3.606747762999659,51.83264184311053,-0.0263957339758675,-0.0307473367718391,0.0043516027959715,0.0449733333314537,0.713929533747831,0.0,0.0,0.0,3.713031530380249,1
2019-02-05,NVDA,3.7058505391601377,3.749678932348677,3.672174573691517,3.713031530380249,542424000,0.0051614168263129,3.619902420043945,3.6460880398750306,3.619662506131696,3.6168700265597153,52.37531752949208,-0.0154973594655585,-0.027697341310583,0.0121999818450245,0.0435720336636188,0.6916845911476206,0.0,0.551880955696106,1.0,3.7885546684265137,1
2019-02-06,NVDA,3.746211880112754,3.852935391867206,3.740764443923303,3.7885546684265137,702464000,0.0203400206619119,3.629089021682739,3.662393665313721,3.650370172003481,3.633220944832744,54.55923451247018,-0.0007575010795397,-0.0223093732643743,0.0215518721848346,0.0432102060778813,0.6859407562915548,1.0,0.9495316743850708,1.0,3.6503846645355225,0
2019-02-07,NVDA,3.7422510193852423,3.744479538056981,3.6075469011987353,3.6503846645355225,637120000,-0.036470373528588,3.603287267684936,3.668386042118073,3.650372807009306,3.634855584804437,50.0383306551457,-0.0002226550637973,-0.0178920296242589,0.0176693745604616,0.0440530107250677,0.6993198652931427,-1.0,0.9693133533000946,2.0,3.668955802917481,1
2019-02-08,NVDA,3.5832798133270645,3.679603194977889,3.568918066455661,3.668955802917481,461604000,0.0050874469648041,3.5736226797103883,3.672026014328003,3.653751533538065,3.638103224624727,50.630472043195525,0.0016803795495334,-0.0139775477895004,0.0156579273390339,0.0438989913896047,0.6968748841407589,-1.0,0.9546284079551696,1.0,3.6263656616210938,0
2019-02-11,NVDA,3.624879825182458,3.6791081322542047,3.578079991863121,3.6263656616210938,495180000,-0.0116082459381278,3.594521713256836,3.669079375267029,3.648772284098615,3.636985361481524,49.190593766665245,-0.0002452926893008,-0.0112310967694605,0.0109858040801597,0.0436568392704015,0.6930308384196054,-0.7142857142857143,0.8247577803475517,7.0,3.74324107170105,1
2019-02-12,NVDA,3.664746308472057,3.758841173246999,3.650384325216861,3.74324107170105,591060000,0.0322293505359603,3.6429805040359495,3.669983184337616,3.6659484272990577,3.6471049529310022,53.12980536746403,0.007572179639236,-0.0074704414877212,0.0150426211269573,0.0441915708195443,0.7015194386028795,0.0,0.0,0.0,3.785583734512329,1
2019-02-13,NVDA,3.772707588115835,3.8586310580795686,3.7590885235415303,3.785583734512329,605372000,0.0113117648583711,3.681336545944214,3.6737098336219782,3.687700301337834,3.660293408319701,54.50593588998984,0.0169884495267189,-0.0025786632848331,0.0195671128115521,0.0442305317603158,0.7021379243636386,0.0,0.0,0.0,3.826440572738647,1
2019-02-14,NVDA,3.7845932163287506,3.85466910114593,3.7415075055631863,3.826440572738647,827264000,0.0107927445518731,3.708029794692993,3.680754554271698,3.712925805228891,3.676116947788171,55.85284070804982,0.0274315033480516,0.0034233700417437,0.0240081333063078,0.0442210035025894,0.7019866679614069,0.0,0.8670108233179364,7.0,3.8960211277008057,1
2019-02-15,NVDA,4.034934774498316,4.057715393110544,3.873240272941682,3.8960211277008057,1516748000,0.0181841462423022,3.739254426956177,3.687712621688843,3.746215863860148,3.697060203017946,58.12651919040439,0.040851358978863,0.0109089678291676,0.0299423911496954,0.0441988870479189,0.701635580127764,-0.0909090909090909,0.7795309018005024,11.0,3.8786888122558594,0
2019-02-19,NVDA,3.885374605031909,3.959164862996342,3.8663080993545185,3.8786888122558594,551892000,-0.0044487221390339,3.757726764678955,3.6873536467552186,3.7703018544775495,3.7143581658025098,57.33439207531559,0.0495173134805702,0.0186306369594481,0.030886676521122,0.0435887554085879,0.6919500406196712,0.0,0.8656708598136902,1.0,3.9259836673736577,1
2019-02-20,NVDA,3.907907562909728,3.993088129381964,3.896764969055961,3.9259836673736577,540988000,0.0121935162646604,3.779021978378296,3.699462199211121,3.798607638640478,3.734512975475952,58.97720389823626,0.0595153880599022,0.0268075871795389,0.0327078008803632,0.0418194529330678,0.6638632345540086,0.0,0.0,0.0,3.8571455478668217,0
2019-02-21,NVDA,3.9386119879459383,3.963125928417421,3.8425360819180625,3.8571455478668217,448548000,-0.0175339801025933,3.7858810663223266,3.707485044002533,3.809250894863449,3.7461922680846063,55.62027024295123,0.0611790393729658,0.0336818776182243,0.0274971617547415,0.042098019838918,0.6682853470922426,0.0,0.0,0.0,3.94183087348938,1
2019-02-22,NVDA,3.908897822960406,3.960649894447038,3.895278757349428,3.94183087348938,401740000,0.0219554394750265,3.815025687217712,3.709156477451325,3.833356345522709,3.764824516218394,58.73222637345146,0.0685407974100944,0.0406536615765983,0.027887135833496,0.0404092868920039,0.6414775426422269,0.3333333333333333,0.77205491065979,3.0,3.929450273513794,0
2019-02-25,NVDA,4.025278463314607,4.0926304027463685,3.9207834448772534,3.929450273513794,656020000,-0.0031408247519829,3.841075134277344,3.707348906993866,3.850827968793815,3.780503159770337,58.09090579704934,0.0725398386387374,0.0470308969890261,0.0255089416497112,0.0402947073146005,0.6396586482394098,1.0,0.8310375809669495,1.0,3.8900787830352783,0
2019-02-26,NVDA,3.924745387991044,3.9807070143369634,3.856650296415104,3.8900787830352783,488464000,-0.0100195924971736,3.867446446418762,3.730984079837799,3.857964480474081,3.790938933414617,55.99685508512603,0.0717055800915105,0.051965833609523,0.0197397464819874,0.0239776012632199,0.3806326198700882,0.0,0.0,0.0,3.848231792449951,0
2019-02-27,NVDA,3.875717408161542,3.902212387421229,3.791279524269908,3.848231792449951,500256000,-0.0107573632615932,3.877945518493653,3.760463011264801,3.85619490083333,3.796395396179886,53.77789296996342,0.0668965796435259,0.0549519828163236,0.0119445968272022,0.0209448610042914,0.3324893607730187,0.0,0.0,0.0,3.8236916065216064,0
2019-02-28,NVDA,3.8420343108237702,3.8643429349671288,3.801383218768535,3.8236916065216064,324944000,-0.0063770030631967,3.88175630569458,3.781546425819397,3.850285210958471,3.7989950352600506,52.46492654392898,0.0604088683963364,0.0560433599323261,0.0043655084640102,0.019432984438988,0.308489064344102,0.0,0.0,0.0,3.8779759407043457,1
2019-03-01,NVDA,3.8735140741506697,3.920114163022685,3.8152639630606497,3.8779759407043457,357188000,0.0141968390155087,3.88690984249115,3.797469818592071,3.855319889094084,3.8065170262547454,55.07765120149843,0.0589678578281147,0.0566282595114839,0.0023395983166308,0.0171216730179102,0.2717981330085309,0.0,0.0,0.0,3.886155366897583,1
2019-03-04,NVDA,3.9163958269743024,3.939200158721884,3.8296401297034097,3.886155366897583,409992000,0.002109199829577,3.885923266410827,3.8125888466835023,3.860926339603811,3.814101630125492,55.47476837420317,0.0578193524031496,0.056866478089817,0.0009528743133325,0.0171195313303535,0.2717641347725649,0.0,0.0,0.0,3.8797121047973633,0
2019-03-05,NVDA,3.870540632171086,3.917884417795232,3.816256426001872,3.8797121047973633,362924000,-0.0016580042463314,3.886025595664978,3.8218761801719663,3.864341933275366,3.820350246760908,55.06184014196951,0.0557466237983512,0.0566425072315238,-0.0008958834331726,0.015969378502448,0.2535060246584323,0.0,0.0,0.0,3.768911600112915,0
2019-03-06,NVDA,3.8707875372597664,3.8792150871425233,3.766185074620006,3.768911600112915,403524000,-0.028558950172473,3.870318388938904,3.8246701836586,3.8469909636094655,3.815451328032528,48.391219134403045,0.0446486152722047,0.05424372883966,-0.0095951135674553,0.0173983380793691,0.2761900547030151,-1.0,0.9749202728271484,1.0,3.6997551918029785,0
2019-03-07,NVDA,3.74536386312148,3.7550310443588217,3.653650810029538,3.6997551918029785,450104000,-0.018349172293631,3.854579353332519,3.820230209827423,3.820220823281013,3.8044326483916184,44.74738514808296,0.0299280276982525,0.0493805886113785,-0.019452560913126,0.0172725017186859,0.274192464405473,-1.0,0.9655991792678832,1.0,3.733961343765259,1
2019-03-08,NVDA,3.610520473182792,3.744619944571655,3.58920327157,3.733961343765259,422416000,0.0092455176596726,3.833792400360107,3.82440904378891,3.804537281550876,3.797721095570061,46.87808471660934,0.0207824395538476,0.0436609587998723,-0.0228785192460247,0.0152431396455981,0.241977340212491,0.0,0.8985994458198547,1.0,3.994228839874267,1
2019-03-11,NVDA,3.7575099518581614,4.017032939864419,3.7104139112950953,3.994228839874267,859728000,0.0697027826877711,3.840270256996155,3.840672695636749,3.839026655791492,3.816436118837128,59.63341677897268,0.0341423352607574,0.0417572340920494,-0.0076148988312919,0.0216162169748476,0.3431468064087592,0.2727272727272727,0.8037009726871144,11.0,4.028434753417969,1
2019-03-12,NVDA,4.021989809263708,4.074786629138914,3.945892710249232,4.028434753417969,579576000,0.0085638342005407,3.854105854034424,3.860776150226593,3.8734644917235785,3.836626464987684,60.960175183898976,0.0469490804390506,0.0427956033614496,0.004153477077601,0.0212945751117995,0.3380409001236421,-0.25,0.8898522555828094,4.0,4.179636478424072,1
2019-03-13,NVDA,4.06586280575644,4.20888551449857,4.058426441866489,4.179636478424072,768900000,0.037533616469229,3.887246322631836,3.882595920562744,3.9291321256691223,3.869294085314959,66.24202953624638,0.068509498964536,0.0479383824820669,0.0205711164824691,0.0216748671369227,0.3440778488679847,0.0,0.0,0.0,4.103787899017334,0
2019-03-14,NVDA,4.188808493413833,4.200706488078726,4.096103797162113,4.103787899017334,519384000,-0.018147171362457,3.915255951881409,3.8985061287879943,3.960887720823343,3.89162682947709,61.73021015737561,0.0785702308028883,0.0540647521462312,0.0245054786566571,0.0222696251317215,0.353519339335016,-0.6666666666666666,0.7447183529535929,3.0,4.209134578704834,1
2019-03-15,NVDA,4.146918075590544,4.251768511099473,4.143447866293532,4.209134578704834,661484000,0.0256705956252576,3.948371815681458,3.917640829086304,4.006023513165432,3.921865662736875,65.26854653857515,0.093960907052419,0.0620439831274687,0.0319169239249502,0.022742298202127,0.3610227917093965,1.0,0.9534470438957214,1.0,4.187816619873047,0
2019-03-18,NVDA,4.240613433612085,4.294402140783058,4.16079816141345,4.187816619873047,486992000,-0.0050646892925781,3.978537940979004,3.932230603694916,4.039076805294089,3.947194325321272,63.979428028843145,0.103247771705186,0.0702847408430122,0.0329630308621738,0.0226277998056642,0.3592051860140594,0.0,0.0,0.0,4.355380058288574,1
2019-03-19,NVDA,4.282257440795719,4.39974957567434,4.265402338243507,4.355380058288574,854972000,0.0400121241270128,4.026104736328125,3.9560651659965513,4.096586487656722,3.986069157032444,69.13903613586757,0.1227140764582483,0.0807706079660594,0.0419434684921889,0.0239163081196768,0.3796596213807577,0.0,0.742366261780262,8.0,4.322908401489258,0
2019-03-20,NVDA,4.3843807498112275,4.437673521455852,4.2882058347189105,4.322908401489258,719148000,-0.0074555277300131,4.0815044164657595,3.975911402702331,4.137735926535365,4.01814908507595,67.13222267151913,0.1339766722157369,0.0914118208159949,0.0425648513997419,0.0240550810001953,0.3818625725641914,0.3333333333333333,0.6748426953951517,3.0,4.559380531311035,1
2019-03-21,NVDA,4.345962111633588,4.5856553200813,4.341004532955315,4.559380531311035,824312000,0.0547020912449387,4.167466950416565,4.011023151874542,4.214398581949123,4.0696949370983395,73.2268065616671,0.1601377171714526,0.1051570000870865,0.0549807170843661,0.0258354936373424,0.4101257469779984,1.0,0.741974949836731,1.0,4.399747848510742,0
2019-03-22,NVDA,4.532112191981738,4.5806951113483825,4.385867014405987,4.399747848510742,747644000,-0.0350119235944518,4.234045600891113,4.033919000625611,4.248098448596689,4.1011285477090444,64.52819790269868,0.1660751000082836,0.1173406200713259,0.0487344799369576,0.02739158174291,0.4348278798506222,-0.6666666666666666,0.9290967981020608,3.0,4.307539463043213,0
2019-03-25,NVDA,4.35909712121291,4.423295984166942,4.241357285926929,4.307539463043213,525212000,-0.0209576522660817,4.2653766632080075,4.052823460102081,4.258905905768784,4.120786730121822,60.08801515423013,0.1614786472647065,0.126168225510002,0.0353104217547044,0.0279830488771043,0.4442171295251004,0.0,0.0,0.0,4.384133338928223,1
2019-03-26,NVDA,4.4490759014802626,4.505095202851292,4.3278658277383935,4.384133338928223,703508000,0.0177813521018557,4.300946521759033,4.077526187896728,4.281674529979591,4.145867359531956,62.40232051877214,0.1621472781229336,0.1333640360325884,0.0287832420903452,0.0278896552676858,0.4427345519377165,0.4,0.8420029163360596,5.0,4.374962329864502,0
2019-03-27,NVDA,4.409664902880499,4.456016791288849,4.305558129393823,4.374962329864502,474372000,-0.0020918636261101,4.320479106903076,4.103862714767456,4.298635948140483,4.167685928135056,61.9392035309644,0.1600917115124964,0.13870957112857,0.0213821403839264,0.0276762455423174,0.4393467775735911,0.0,0.0,0.0,4.393550395965576,1
2019-03-28,NVDA,4.400986285715743,4.4592366102540515,4.340505383364534,4.393550395965576,480264000,0.0042487374060773,4.3494553565979,4.132355654239655,4.315893120472318,4.1891968298332,62.54592699870945,0.1581396265749184,0.1425955822178397,0.0155440443570787,0.0275116345087389,0.4367336584261556,0.0,0.0,0.0,4.450809955596924,1
2019-03-29,NVDA,4.460229161411316,4.475101890242775,4.409911133261652,4.450809955596924,456896000,0.0130326397721365,4.373622894287109,4.160997354984284,4.340423454131337,4.214112365620221,64.42710795887933,0.1593757684710546,0.1459516194684827,0.0134241490025719,0.0274975544896439,0.4365101450522729,0.0,0.0,0.0,4.518232822418213,1
2019-04-01,NVDA,4.542524289975378,4.548473288345791,4.470889045273274,4.518232822418213,483824000,0.0151484488203106,4.406664514541626,4.192601227760315,4.372752430183496,4.243076218648602,66.55710629816333,0.1639064699484036,0.1495425895644669,0.0143638803839367,0.0275234351029108,0.4369209870511651,1.0,0.6787490844726562,2.0,4.5360798835754395,1
2019-04-02,NVDA,4.542277092500362,4.58044940319599,4.499394940844247,4.5360798835754395,440920000,0.0039500091869268,4.424734497070313,4.225419616699218,4.402448330800213,4.270981329594015,67.11835812285307,0.1670119820249835,0.1530364680565702,0.0139755139684133,0.0274492163929418,0.435742801555929,0.0,0.0,0.0,4.675382614135742,1
2019-04-03,NVDA,4.585652666769136,4.73437663159882,4.580695090959375,4.675382614135742,783504000,0.0307099376853348,4.459981918334961,4.27074316740036,4.452072745952127,4.309495737645608,71.18347573520064,0.1786542736165737,0.1581600291685709,0.0204942444480027,0.0264533699535401,0.4199342294199334,0.2,0.8328961253166198,5.0,4.666460990905762,0
2019-04-04,NVDA,4.660016045538845,4.708847191535176,4.603749006002984,4.666460990905762,457376000,-0.0019082124322844,4.470689964294434,4.3190784573554994,4.491052426852788,4.343492428432289,70.58163680308806,0.185028084564669,0.1635336402477905,0.0214944443168784,0.0257337251392755,0.4085102221548838,0.0,0.0,0.0,4.733137607574463,1
2019-04-05,NVDA,4.709589828632286,4.750489125131369,4.673152634601856,4.733137607574463,481744000,0.0142884761704091,4.504028940200806,4.3690372705459595,4.535067914256729,4.380601493112496,72.45595437530125,0.1932321613145022,0.1694733444611329,0.0237588168533693,0.0257301943017501,0.4084541718468125,0.0,0.0,0.0,4.753961563110352,1
2019-04-08,NVDA,4.702651615687372,4.7789967212804925,4.678607878714948,4.753961563110352,424192000,0.0043996091519848,4.54867115020752,4.407023906707764,4.574866759502842,4.416159595017054,73.03380905324127,0.1991189511035358,0.1754024657896135,0.0237164853139223,0.021914290963997,0.3478785842942763,0.0,0.0,0.0,4.691247940063477,0
2019-04-09,NVDA,4.720496982792374,4.73165129477477,4.649109480661156,4.691247940063477,439972000,-0.0131918658185035,4.579382610321045,4.440164566040039,4.59602697415023,4.442358485021475,68.38105548196572,0.1964591503692272,0.1796138027055362,0.0168453476636909,0.0224684741286854,0.3566759693015429,-1.0,0.7889972925186157,1.0,4.761642932891846,1
2019-04-10,NVDA,4.6905036497578685,4.7874217629055575,4.686042020097901,4.761642932891846,444772000,0.015005600583843,4.618050670623779,4.469264888763428,4.626138966648705,4.472766527675796,70.64193823271937,0.1977519651720269,0.1832414351988344,0.0145105299731925,0.0214451389234314,0.3404310265357866,0.0,0.0,0.0,4.747763156890869,0
2019-04-11,NVDA,4.764122784482669,4.795602881676551,4.698436537073652,4.747763156890869,374600000,-0.0029149132340645,4.653471946716309,4.5014636516571045,4.648252455783644,4.498956682839137,69.58542646956265,0.1954040520154869,0.1856739585621649,0.0097300934533219,0.0207741516131722,0.3297794332008302,0.0,0.7434057593345642,1.0,4.709838390350342,0
2019-04-12,NVDA,4.786431210547088,4.79039736695356,4.701162866442991,4.709838390350342,471708000,-0.0079879230044328,4.67937479019165,4.52649884223938,4.659449898432134,4.519040654983061,66.65216270012684,0.188312354610229,0.1862016377717777,0.0021107168384512,0.0205886921024368,0.3268353547387642,-1.0,0.6799594163894653,1.0,4.578217506408691,0
2019-04-15,NVDA,4.702154097545933,4.707111674658761,4.538557835067221,4.578217506408691,440092000,-0.0279459448569019,4.685373258590698,4.546018886566162,4.64468037260969,4.5246765455950255,57.58035684641636,0.1701105000368592,0.182983410224794,-0.0128729101879348,0.0218248401889022,0.34645859726138,0.0,0.0,0.0,4.665221214294434,1
2019-04-16,NVDA,4.617381963527399,4.684059630158757,4.584662709190543,4.665221214294434,394964000,0.0190038388879409,4.698287391662598,4.561510944366455,4.6484150710978245,4.538061752137827,61.327335656374416,0.1608516732932026,0.1785570628384758,-0.0177053895452732,0.020500761468353,0.3254394991963056,0.0,0.0,0.0,4.642416954040527,0
2019-04-17,NVDA,4.700171357591933,4.7209926145799885,4.6201083293303,4.642416954040527,351004000,-0.0048881412491293,4.694990825653076,4.577486371994018,4.6473245043601334,4.548000342795227,59.8354494641313,0.1499453959861156,0.1728347294680038,-0.0228893334818881,0.0204355608747226,0.3244044718598267,0.0,0.7028120756149292,1.0,4.617876052856445,0
2019-04-18,NVDA,4.649108402834741,4.683066804946289,4.590114384236148,4.617876052856445,380988000,-0.0052862337500131,4.690132331848145,4.580411148071289,4.641970240450371,4.554655172324867,58.19476628031815,0.1377341336597686,0.1658146103063567,-0.0280804766465881,0.0166108273967852,0.2636887101774726,0.0,0.9364830851554872,1.0,4.671666145324707,1
2019-04-22,NVDA,4.594329640256938,4.687282088559057,4.56285001675358,4.671666145324707,279936000,0.0116482321856579,4.683985185623169,4.594007062911987,4.647369495882068,4.565799074515327,60.73606907294752,0.130888233131925,0.1588293348714704,-0.0279411017395454,0.0144580669348188,0.2295146972895392,0.0,0.0,0.0,4.726197719573975,1
2019-04-23,NVDA,4.684802944457456,4.757430076453827,4.675136000252518,4.726197719573975,346856000,0.0116728320374179,4.681208801269531,4.614939975738525,4.661701900189687,4.581075135949484,63.179741660524414,0.1283831291470099,0.1527400937265783,-0.0243569645795684,0.0134027092267338,0.2127614130506909,1.0,0.6252274513244629,1.0,4.738590717315674,1
2019-04-24,NVDA,4.736607403242486,4.779241800499194,4.675878751823912,4.738590717315674,318204000,0.00262219197694,4.685943078994751,4.632662844657898,4.675681685121685,4.596076619889121,63.73217987352268,0.1259460004413917,0.147381275069541,-0.0214352746281492,0.0130500006967516,0.2071623387169462,1.0,0.948883056640625,1.0,4.632997035980225,0
2019-04-25,NVDA,4.698435532353966,4.720744153643242,4.553429966754181,4.632997035980225,499296000,-0.0222837733061838,4.673078489303589,4.645564579963684,4.667920839823237,4.599592849993036,56.01985828996673,0.114177859492095,0.1407405919540518,-0.0265627324619567,0.0142683118434579,0.2265024285990438,-0.6,0.8479730367660523,5.0,4.414373397827148,0
2019-04-26,NVDA,4.479315954390358,4.483778057349987,4.295642123758112,4.414373397827148,868988000,-0.0471883829096431,4.639739513397217,4.646605730056763,4.6218213049148575,4.581952902167713,44.11646177939999,0.086216571551037,0.1298357878734488,-0.0436192163224118,0.0181364068534992,0.2879065332638784,0.0,0.927881121635437,2.0,4.4451093673706055,1
2019-04-29,NVDA,4.422304799143129,4.472871039316649,4.350173621257163,4.4451093673706055,391920000,0.0069627026926597,4.6132666110992435,4.646320700645447,4.589691861724993,4.568920184567989,45.8582512354869,0.0657789267567965,0.1170244156501184,-0.0512454888933218,0.0179637502692801,0.2851656949595094,0.0,0.0,0.0,4.486504077911377,1
2019-04-30,NVDA,4.412885533510473,4.51203469825504,4.393799384304464,4.486504077911377,362920000,0.0093124166628226,4.6040952682495115,4.644734263420105,4.5709304464861535,4.561071031553073,48.19991662474116,0.0523190517416924,0.1040833428684332,-0.0517642911267407,0.0177524392669277,0.2818112367904116,0.5,0.9204497039318084,2.0,4.473366737365723,0
2019-05-01,NVDA,4.538805230617688,4.580943682956027,4.473118527608206,4.473366737365723,354280000,-0.0029281909293995,4.584909820556641,4.6415986061096195,4.553191590282439,4.552718241630468,47.497793489018875,0.0401293441308698,0.0912925431209205,-0.0511631989900506,0.0177344066776348,0.2815249783098304,1.0,0.9463768005371094,1.0,4.54079008102417,1
2019-05-02,NVDA,4.483035663531513,4.582432605052308,4.439905771422172,4.54079008102417,394684000,0.0150721699375249,4.574747133255005,4.6348689794540405,4.550936770417299,4.55158222633463,51.409830230522054,0.0355001892959325,0.0801340723559229,-0.0446338830599903,0.0165918112821316,0.2633868387158157,0.0,0.9370271563529968,1.0,4.536326885223389,0
2019-05-03,NVDA,4.54921630099399,4.559130981628011,4.474854068726424,4.536326885223389,336824000,-0.0009829117226609,4.566592216491699,4.6283622741699215,4.5482804276547695,4.5501293367049875,51.138191886361504,0.0311127596115641,0.0703298098070512,-0.039217050195487,0.0165913947182644,0.2633802259694305,0.0,0.0,0.0,4.458000183105469,0
2019-05-06,NVDA,4.350174987888833,4.470145918397513,4.312994098026153,4.458000183105469,422176000,-0.0172665471646368,4.545225620269775,4.614605402946472,4.5318658377367145,4.541355131600271,46.49516418012961,0.0210724694094288,0.0604783417275267,-0.0394058723180978,0.016533199838516,0.2624564108930805,-1.0,0.9351484775543212,2.0,4.290933609008789,0
2019-05-07,NVDA,4.409664906665212,4.409664906665212,4.2428461427667425,4.290933609008789,555220000,-0.0374756768135213,4.501699209213257,4.591454005241394,4.488059977968001,4.517505462782035,38.47170343646384,-0.0003612450006338,0.0483104243818946,-0.0486716693825284,0.0181392261816701,0.2879512887111056,-1.0,0.9682064056396484,1.0,4.311010360717773,1
2019-05-08,NVDA,4.263418850487332,4.391073385860817,4.251520854734579,4.311010360717773,419168000,0.0046788772650392,4.458941173553467,4.572442126274109,4.455869138467959,4.497839262585439,39.81578344768295,-0.0155483601998165,0.0355386674655523,-0.0510870276653689,0.0181521206055734,0.2881559813447907,0.0,0.8600612282752991,1.0,4.218553066253662,0
2019-05-09,NVDA,4.2421013189180234,4.2517682624256565,4.099822273281469,4.218553066253662,660248000,-0.0214467808536459,4.41749677658081,4.5452876329422,4.412720761701722,4.471240577220508,35.923849062363715,-0.0346454185587088,0.0215018502607001,-0.0561472688194089,0.017966290885404,0.285206025990153,0.0,0.8315958380699158,3.0,4.184594631195068,0
2019-05-10,NVDA,4.187817103269643,4.253255601624408,4.065119682464196,4.184594631195068,569500000,-0.0080497825973185,4.394518899917602,4.51712920665741,4.371243283427785,4.443940963313323,34.58660894100365,-0.0519216167242397,0.0068171568637121,-0.0587387735879519,0.0179583598042243,0.2850801239795776,-1.0,0.9634299278259276,2.0,3.927550792694092,0
2019-05-13,NVDA,4.052726782997496,4.075779091969789,3.911686876259981,3.927550792694092,656912000,-0.0614262219295463,4.342763042449951,4.478014826774597,4.290571921476204,4.394760947063872,26.534898055947934,-0.0853703218713937,-0.011620338883309,-0.0737499829880846,0.0218103664562743,0.3462288338789226,-0.5,0.7630300000309944,4.0,4.016537666320801,1
2019-05-14,NVDA,3.967210571591715,4.05173571178523,3.9285425526597297,4.016537666320801,524880000,0.0226570904677387,4.295766401290893,4.4499308347702025,4.240747511447949,4.358739682231199,32.401923370893925,-0.103505023200265,-0.0299972757467002,-0.0735077474535647,0.02240075891838,0.3556010236628757,0.5,0.7215715497732161,2.0,3.955559968948364,0
2019-05-15,NVDA,3.961013019664122,3.991997164948317,3.90177149084388,3.955559968948364,502320000,-0.015181657048493,4.243985724449158,4.414447772502899,4.188895230993478,4.3203416142995,30.598621265712225,-0.1213978958471795,-0.048277399766796,-0.0731204960803834,0.0216620538198178,0.3438744437648093,-0.5,0.7076095938682555,2.0,3.970680713653565,1
2019-05-16,NVDA,3.95010742830043,4.013315124991478,3.9077212267914367,3.970680713653565,781088000,0.0038226559131704,4.1869747877120975,4.380860960483551,4.149219864204403,4.287040576142744,31.61497653494176,-0.1328268632054898,-0.0651872924545348,-0.067639570750955,0.0218147113586486,0.3462978070658415,0.1,0.8563093066215515,10.0,3.8799588680267334,0
2019-05-17,NVDA,3.928790009448616,4.057931913926064,3.84054717033936,3.8799588680267334,1022068000,-0.022847932676852,4.121337985992431,4.343965101242065,4.100263319444826,4.2482708896555055,28.88204492844376,-0.1475045562204888,-0.0816507452077256,-0.0658538110127632,0.0220705982069405,0.3503598848519564,-0.3,0.8340469896793365,10.0,3.761475563049317,0
2019-05-20,NVDA,3.78130539858697,3.836333274940559,3.7366881504321063,3.761475563049317,572064000,-0.030537257998736,4.051685523986817,4.2984555721282955,4.038665545554733,4.201909429978725,25.751188556465465,-0.166774869307698,-0.0986755700277201,-0.0680992992799779,0.0220664170216392,0.3502935105930003,-1.0,0.9635376632213593,2.0,3.8435218334198,1
2019-05-21,NVDA,3.8222048643592137,3.8593857507899374,3.783536610092687,3.8435218334198,361848000,0.0218122566517409,4.006944346427917,4.2543217778205875,4.003184870621109,4.167777277925494,31.30447434309204,-0.1734271230153288,-0.1136258806252418,-0.0598012423900869,0.022710698877673,0.3605211679847797,1.0,0.7851943671703339,2.0,3.772629737854004,0
2019-05-22,NVDA,3.804853278528092,3.830879848078157,3.761723163231834,3.772629737854004,325868000,-0.0184445668941911,3.953106284141541,4.206023728847503,3.961265755572544,4.130144178871067,29.267569108260503,-0.1823178351332188,-0.1273642715268372,-0.0549535636063815,0.022580988861391,0.3584620853109622,0.0,0.0,0.0,3.651668071746826,0
2019-05-23,NVDA,3.7104138991528792,3.7104138991528792,3.591930587012482,3.651668071746826,591844000,-0.0320629572771127,3.8964177846908568,4.156957280635834,3.904975267604231,4.084575025811615,26.141943800894865,-0.1968551603266317,-0.1412624492867961,-0.0555927110398355,0.0229392332853016,0.3641490392364205,-1.0,0.972236692905426,1.0,3.597879648208618,0
2019-05-24,NVDA,3.6705063155751345,3.70570435978127,3.5911869657846496,3.597879648208618,357584000,-0.0147298227772595,3.837746286392212,4.116132593154907,3.849139700441393,4.0382230850875205,24.87004495965965,-0.2102922533350413,-0.1550684100964452,-0.055223843238596,0.0213824684570751,0.3394361637246229,0.0,0.0,0.0,3.5527660846710205,0
2019-05-28,NVDA,3.615478059102354,3.6481973089986552,3.550783006705381,3.5527660846710205,428356000,-0.0125389306893741,3.800267815589905,4.071515429019928,3.795253588483143,3.991989085047854,23.823118197947764,-0.222022200181267,-0.1684591681134096,-0.0535630320678574,0.0210119206467913,0.3335538995954005,1.0,0.9005460143089294,1.0,3.478652000427246,0
2019-05-29,NVDA,3.5051742789553133,3.540124343200313,3.4439496731796475,3.478652000427246,559800000,-0.0208609524177658,3.7464792490005494,4.021122825145722,3.73768966338207,3.9430998388935103,22.171841710087293,-0.2345943965938386,-0.1816862138094954,-0.0529081827843432,0.020560528697696,0.3263882745486622,-1.0,0.9715542197227478,1.0,3.4520998001098633,0
2019-05-30,NVDA,3.4818785056992767,3.5176129997385956,3.413883688106398,3.4520998001098633,394300000,-0.007632899270787,3.6961332321166993,3.970059478282928,3.685764233696214,3.896337930437925,21.59434996651052,-0.2438890918530085,-0.194126789418198,-0.0497623024348105,0.0204727392966316,0.3249946610108805,0.0,0.8518767058849335,2.0,3.361522674560547,0
2019-05-31,NVDA,3.4032129575069305,3.470463243115982,3.3597855892986193,3.361522674560547,389720000,-0.0262382696892,3.6352174282073975,3.911096107959747,3.6268112229442746,3.845403144163889,19.708527166195807,-0.255617423318081,-0.2064249161981746,-0.0491925071199063,0.0195912137728233,0.3110008771487641,-1.0,0.9552136659622192,1.0,3.3198323249816895,0
2019-06-03,NVDA,3.372689410740046,3.411401795892144,3.2905498980071615,3.3198323249816895,478644000,-0.0124022217355138,3.579204773902893,3.8502713799476624,3.570996877860168,3.795348780432251,18.89079213704167,-0.2652189938247211,-0.2181837317234839,-0.0470352621012371,0.0193339620281294,0.3069171323039791,0.0,0.0,0.0,3.5486321449279785,1
2019-06-04,NVDA,3.383856373826162,3.5538434001141703,3.3617705442284787,3.5486321449279785,641836000,0.0689190891433202,3.5579204320907594,3.804802978038788,3.566930562781588,3.771851958003273,34.863769567980626,-0.2514673156353511,-0.2248404485058573,-0.0266268671294936,0.0269710449651907,0.4281520654646126,1.0,0.9424027800559998,1.0,3.5059497356414795,0
2019-06-05,NVDA,3.622334922105004,3.627794434381841,3.469718964759109,3.5059497356414795,511616000,-0.0120278483492588,3.5241632223129273,3.7655537843704225,3.5558431396652046,3.746527936825959,33.53693429306951,-0.2412323489555894,-0.2281188285958038,-0.0131135203597856,0.0262467920335186,0.4166549066035301,0.0,0.9054509003957112,3.0,3.567988872528076,1
2019-06-06,NVDA,3.5101685439330685,3.592556323518667,3.507686925854797,3.567988872528076,408140000,0.0176953868607718,3.5036991357803347,3.7284027099609376,3.558051454731181,3.7295242164166367,37.27368354160922,-0.2255154228428217,-0.2275981474452074,0.0020827246023856,0.0267787934987635,0.4251001680484897,0.5,0.659034788608551,2.0,3.610671043395996,1
2019-06-07,NVDA,3.5739440019215474,3.644916467249988,3.5548358302361285,3.610671043395996,348856000,0.0119625291425524,3.4995994329452516,3.6980086088180544,3.5676186526702383,3.7182048666051473,39.7821276513724,-0.2072267699747758,-0.2235238719511211,0.0162971019763452,0.0270075541639589,0.4287316310276537,0.0,0.0,0.0,3.683381319046021,1
2019-06-10,NVDA,3.666754762775281,3.751872412500521,3.666754762775281,3.683381319046021,402780000,0.020137607324548,3.508149600028992,3.672947943210602,3.5886664101931074,3.714888338266183,43.89804472629115,-0.184736244798672,-0.2157663465206313,0.0310301017219593,0.0276987928581627,0.439704705116344,1.0,0.9257490038871764,1.0,3.740952491760254,1
2019-06-11,NVDA,3.743185852715754,3.7809056791999582,3.701495817119599,3.740952491760254,383872000,0.015629979013181,3.526968240737915,3.66361802816391,3.6163547886598617,3.7173706385989513,46.987712092835515,-0.1604176344322283,-0.2046966041029507,0.0442789696707223,0.0247891825801182,0.3935160738694037,1.0,0.8925164341926575,3.0,3.6280417442321777,0
2019-06-12,NVDA,3.697525378127192,3.7037294219232217,3.6129042560259834,3.6280417442321777,358892000,-0.0301823526967452,3.541907215118408,3.6441932320594783,3.6184796896730096,3.708863124849735,42.091673715047556,-0.1485435960911605,-0.1934660025005927,0.0449224064094321,0.0248226151908834,0.3940468001119898,-1.0,0.9709856510162354,1.0,3.6791625022888184,1
2019-06-13,NVDA,3.650128093826062,3.6975259065653265,3.632508985583392,3.6791625022888184,308080000,0.0140904547578351,3.5646134853363036,3.6303733587265015,3.629512928330429,3.706034494129648,44.89146750844175,-0.1334697608953079,-0.1814667541795357,0.0479969932842278,0.0250393959733465,0.3974880883484818,0.5,0.6162540912628174,2.0,3.589329481124878,0
2019-06-14,NVDA,3.5861035675727653,3.610422757405874,3.5446615476228303,3.589329481124878,394428000,-0.024416703830846,3.5873941659927366,3.611305797100067,3.622206847020329,3.694919730986336,41.12833456601203,-0.1273049200695233,-0.1706343873575332,0.0433294672880099,0.0254087988876441,0.4033521778173658,-1.0,0.9663527309894562,2.0,3.5990078449249268,1
2019-06-17,NVDA,3.5875925454851405,3.6359831440619303,3.5647621832656573,3.5990078449249268,276040000,0.00269642668664,3.6153117179870606,3.597258245944977,3.6179888466393466,3.6857852656471546,41.695407789732585,-0.120252085044537,-0.160557926894934,0.040305841850397,0.025090356094629,0.3982970551946537,0.0,0.8562144239743551,3.0,3.793810606002808,1
2019-06-18,NVDA,3.6603025933790496,3.8491493120688105,3.649383806036995,3.793810606002808,581920000,0.0541267953479398,3.6398295640945433,3.5988749980926515,3.649956439250885,3.696073393300074,51.76617143483984,-0.0978161440695224,-0.1480095703298517,0.0501934262603292,0.0273236649763152,0.433749734605054,0.5,0.8606953471899033,4.0,3.799766778945923,1
2019-06-19,NVDA,3.8290492102307088,3.840464274972169,3.773710261901939,3.799766778945923,331644000,0.0015699710822913,3.669211268424988,3.5966872453689573,3.677194682831801,3.705948953837774,52.03894685088999,-0.078648277440422,-0.1341373117519657,0.0554890343115437,0.0268746758026795,0.4266222524362519,0.0,0.0,0.0,3.82408595085144,1
2019-06-20,NVDA,3.890343687227134,3.9042403700145063,3.8096929917731086,3.82408595085144,350168000,0.0064001748844868,3.694820976257324,3.5992600560188293,3.703902186108099,3.717200096410504,53.202646625576946,-0.0607944505284026,-0.1194687395072531,0.0586742889788505,0.0265610647194151,0.4216438308279839,1.0,0.9484878778457642,1.0,3.766016960144043,0
2019-06-21,NVDA,3.8091963060582503,3.858331203483976,3.759564895734803,3.766016960144043,434428000,-0.01518506420978,3.7103555679321287,3.6049775004386904,3.7151957813873615,3.721849321527984,50.07814570409836,-0.0507458794084261,-0.1057241674874877,0.0549782880790616,0.025709550137353,0.4081264558966954,0.0,0.0,0.0,3.78835129737854,1
2019-06-24,NVDA,3.787358744837825,3.817881983735955,3.740208949252056,3.78835129737854,282948000,0.0059304930038452,3.720852565765381,3.614501082897186,3.728496784294848,3.728182843037561,51.263678683757874,-0.0405131101258242,-0.092681956015155,0.0521688458893307,0.0254217357122797,0.4035575435418096,0.0,0.8929986357688904,1.0,3.759069204330444,0
2019-06-25,NVDA,3.793314873315135,3.868258040037424,3.756339566268819,3.759069204330444,311868000,-0.0077295083664385,3.7226642370224,3.6248162388801575,3.7340554061195017,3.7311244012559306,49.60056000363744,-0.0343701887928551,-0.081019602570695,0.0466494137778399,0.0252905792472777,0.4014754992064086,0.0,0.0,0.0,3.952133893966675,1
2019-06-26,NVDA,3.8863726800215015,4.0131806021573935,3.873468551676168,3.952133893966675,584072000,0.0513597061245429,3.7550734519958495,3.648490333557129,3.773706040273533,3.7521729243712394,59.036690330169584,-0.0137645038026774,-0.0675685828170915,0.053804079014414,0.0267967461783746,0.425385158002198,1.0,0.9531263709068298,1.0,4.050652503967285,1
2019-06-27,NVDA,4.037748373830597,4.069760442698096,4.001765621336326,4.050652503967285,445440000,0.0249279535167086,3.792222452163697,3.67841796875,3.824059942763306,3.780599550999434,62.85817057356391,0.0103954462472559,-0.051975777004222,0.062371223251478,0.0268668949941852,0.4264987359306011,0.0,0.7389299670855204,3.0,4.075467109680176,1
2019-06-28,NVDA,4.094575043244307,4.103756980405827,4.028813837951612,4.075467109680176,397668000,0.0061260761540484,3.840836215019226,3.7141151905059817,3.869770336748191,3.808682175635695,63.77485632980412,0.0311852281239044,-0.0353435759785967,0.0665288041025012,0.0256188041802318,0.4066859084865325,0.0,0.0,0.0,4.123610019683838,1
2019-07-01,NVDA,4.282429770761454,4.316675433416628,4.086138206588349,4.123610019683838,709756000,0.0118128569579942,3.893296432495118,3.754304075241089,3.915923006372854,3.83867530364028,65.55125422029315,0.0509585916101871,-0.0180831424608399,0.0690417340710271,0.0250716303818834,0.3979997937203691,0.6666666666666666,0.9059181014696756,3.0,4.02583646774292,0
2019-07-02,NVDA,4.106983432433489,4.1280769479164805,4.012684318865418,4.02583646774292,400228000,-0.0237106689221825,3.916499018669128,3.778164291381836,3.935907272076502,3.85650017641196,59.20176850000373,0.0580702187838091,-0.0028524702119101,0.0609226889957192,0.0222426208743463,0.3530906600388864,0.0,0.8580255508422852,1.0,4.038740158081055,1
2019-07-03,NVDA,4.049162668133274,4.05487043601337,3.9789347351642497,4.038740158081055,246636000,0.0032052196957144,3.9403963565826414,3.8048038125038146,3.954604160440966,3.87385636514235,59.7558045417963,0.0640095917954286,0.0105199421895576,0.053489649605871,0.0218295693729826,0.3465336707312653,0.0,0.0,0.0,3.976205825805664,0
2019-07-05,NVDA,3.980424529216406,3.98489125243947,3.91292574796479,3.976205825805664,396552000,-0.0154836235627258,3.955608344078064,3.825214660167694,3.95853173596182,3.8836039328245704,55.80097529198099,0.0629449989387413,0.0210049535393943,0.041940045399347,0.0222563334383651,0.353308340244271,-1.0,0.9519752860069276,1.0,3.9012627601623535,0
2019-07-08,NVDA,3.916648509604952,3.935508429997795,3.8712360307581113,3.9012627601623535,329788000,-0.0188478838688199,3.969132924079895,3.839744246006012,3.9481191949073713,3.8852857259043594,51.40970311305805,0.0554152300801753,0.0278870088475505,0.0275282212326247,0.0228556155809917,0.3628216493315829,0.0,0.9390413165092468,1.0,3.903743743896485,1
2019-07-09,NVDA,3.8590755684712126,3.9317853634338737,3.846419695875436,3.903743743896485,342860000,0.0006359437665839,3.9806721687316897,3.850762367248535,3.94005093108721,3.8870436323798,51.545646634220304,0.0490822391631646,0.0321260549106733,0.0169561842524912,0.0225503835885877,0.3579762416670933,0.3333333333333333,0.813093900680542,3.0,3.971987009048462,1
2019-07-10,NVDA,3.9471713022370607,4.029310823195761,3.9332746200195334,3.971987009048462,452076000,0.0174814920315082,4.001963949203491,3.8623140931129454,3.945857490716528,3.8951334777768154,55.25402076683163,0.0490050595774804,0.0355018558440348,0.0135032037334456,0.0226080501309061,0.3588916696467531,0.0,0.0,0.0,4.126340389251709,1
2019-07-11,NVDA,4.044944921060779,4.1670378866870355,4.007721594463587,4.126340389251709,682560000,0.0388604947225705,4.019384598731994,3.887229025363922,3.97867256317747,3.917153183631567,62.2848644712784,0.0606992191823745,0.0405413285117027,0.0201578906706717,0.0225069829654803,0.357287278134169,0.3333333333333333,0.6587608853975931,3.0,4.159343719482422,1
2019-07-12,NVDA,4.154132464844888,4.230316653100433,4.154132464844888,4.159343719482422,506392000,0.0079982083680445,4.0302537202835085,3.9112380862236025,4.011521864323824,3.940218948950696,63.60178572866605,0.0718023253392869,0.0467935278772196,0.0250087974620673,0.0224427237037012,0.3562671939775676,1.0,0.7902195155620575,4.0,4.150907516479492,0
2019-07-15,NVDA,4.180438441294544,4.1965682493733905,4.1226181107263224,4.150907516479492,289840000,-0.0020282533908929,4.03779776096344,3.939316987991333,4.036864710170309,3.9602845268105815,62.99625966680576,0.0790101065578388,0.0532368436133434,0.0257732629444953,0.0213574665578114,0.3390392708780874,0.0,0.0,0.0,4.146193027496338,0
2019-07-16,NVDA,4.136018534400481,4.1732418624865195,4.090605818542554,4.146193027496338,341444000,-0.0011357730723793,4.04005606174469,3.966676247119904,4.056742586047768,3.977990098304463,62.63736311640456,0.083380743929184,0.0592656236765115,0.0241151202526724,0.0214199985384502,0.3400319352966375,0.0,0.566024661064148,1.0,4.211457252502441,1
2019-07-17,NVDA,4.147929163474818,4.21840559286607,4.118646736708043,4.211457252502441,348204000,0.0157407589500271,4.058618140220642,3.987558579444886,4.0848725254031635,4.0002250653709375,65.56228387507036,0.0910610875234123,0.0656247164458917,0.0254363710775206,0.0185295515525526,0.29414751188163,0.0,0.0,0.0,4.223121166229248,1
2019-07-18,NVDA,4.22188059377172,4.285904734954432,4.165300833974736,4.223121166229248,442192000,0.0027695671658249,4.077056241035462,4.0087262988090515,4.1100086419169966,4.021453265452681,66.07345929426064,0.0969711722033834,0.07189400759739,0.0250771646059933,0.0185184516889066,0.2939713070088658,0.0,0.0,0.0,4.179941177368164,0
2019-07-19,NVDA,4.261336629200927,4.2677884566092805,4.173985389511124,4.179941177368164,344896000,-0.0102246625567787,4.097429776191712,4.026519060134888,4.122723648362663,4.036547352301775,62.38184157304891,0.0970519383289332,0.0769255937436987,0.0201263445852345,0.0188441168252497,0.2991410807775522,0.0,0.0,0.0,4.251410961151123,1
2019-07-22,NVDA,4.201283504432008,4.264315091724775,4.193838649874808,4.251410961151123,315940000,0.0170982750116017,4.132444596290588,4.050788760185242,4.1461213415969285,4.05701055314457,65.78891255597088,0.1017105049304527,0.0818825759810495,0.0198279289494032,0.0184361437443124,0.2926647088949397,1.0,0.9125322699546814,1.0,4.359109878540039,1
2019-07-23,NVDA,4.290619028595652,4.361094983373158,4.274984789744258,4.359109878540039,428176000,0.0253325115762874,4.177981209754944,4.079326689243317,4.184846530132039,4.085781917467949,70.17289060141391,0.1127926516044857,0.0880645911057367,0.0247280604987489,0.0189230695658282,0.3003944166789398,0.0,0.936866283416748,1.0,4.43355655670166,1
2019-07-24,NVDA,4.402289025354331,4.439264324799109,4.326353321613568,4.43355655670166,366236000,0.0170784128494037,4.224138164520264,4.113051056861877,4.230066534962879,4.1189033116806835,72.77042345333582,0.1261286251585218,0.0956773979162938,0.030451227242228,0.0187040971380811,0.2969183371521464,1.0,0.9542261958122252,1.0,4.3025312423706055,0
2019-07-25,NVDA,4.392115629259536,4.4047717408104745,4.279204597934952,4.3025312423706055,392700000,-0.0295530941480829,4.241757249832153,4.130570924282074,4.2432419363097384,4.136391686032105,62.46061274197666,0.1246875124105333,0.1014794208151417,0.0232080915953916,0.0176555381960271,0.2802729799781391,-1.0,0.9655558466911316,1.0,4.344468116760254,1
2019-07-26,NVDA,4.329578885751874,4.3911213876879325,4.329578885751874,4.344468116760254,274160000,0.0097470237930317,4.260269689559936,4.145261704921722,4.26164669639165,4.156208488958595,64.20845320472657,0.1254828868480588,0.1062801140217251,0.0192027728263337,0.0170424246801492,0.270540104647347,0.0,0.7161337733268738,2.0,4.338265895843506,0
2019-07-29,NVDA,4.33727334318946,4.3543961781025615,4.2501705763030255,4.338265895843506,248160000,-0.0014276134040024,4.279005527496338,4.158401644229889,4.275577459928351,4.173547289614301,63.73580939868134,0.1241812749883966,0.1098603462150594,0.0143209287733371,0.0170682306821633,0.2709497622293195,-1.0,0.9726277589797974,1.0,4.3538994789123535,1
2019-07-30,NVDA,4.291860444144905,4.366059076714903,4.277467247976056,4.3538994789123535,197772000,0.0036036479653831,4.299776172637939,4.169916117191315,4.289817827016351,4.190723688595067,64.44624259346443,0.1229934458276185,0.1124869661375712,0.0105064796900472,0.0169502136684832,0.2690763002172873,1.0,0.8690767884254456,1.0,4.186890602111816,0
2019-07-31,NVDA,4.322383745983711,4.32337677198391,4.144704036634304,4.186890602111816,359416000,-0.0383584594934786,4.297319507598877,4.17796882390976,4.271103786124617,4.190358632739519,52.59296121369329,0.1073385302921776,0.1114572789684925,-0.0041187486763148,0.0184119959189387,0.2922813740510886,-0.5,0.9490508437156676,4.0,4.092588901519775,0
2019-08-01,NVDA,4.197310479964325,4.287639343606359,4.040475895321675,4.092588901519775,421212000,-0.0225230868330966,4.2842662811279295,4.180661261081696,4.238646534378282,4.18104722976621,47.302541582515154,0.0863274091810897,0.106431305011012,-0.0201038958299222,0.0192138576842813,0.3050105349527751,0.0,0.8484058380126953,2.0,4.000027656555176,0
2019-08-02,NVDA,4.000027656555176,4.0692635084057995,3.9526300865301978,4.000027656555176,428348000,-0.0226167951856164,4.266274929046631,4.181852352619171,4.19526128386499,4.163807270412778,42.75625790554462,0.0614981134509404,0.0974446666989977,-0.0359465532480572,0.0195951993336554,0.311064145965545,0.0,0.868718147277832,1.0,3.74194598197937,0
2019-08-05,NVDA,3.8166408797478337,3.817881688657887,3.6950444464837857,3.74194598197937,589156000,-0.0645199725439062,4.215328431129455,4.173886513710022,4.112840319885786,4.1236300048476915,33.180594323405685,0.0207564163919169,0.0821070166375815,-0.0613506002456646,0.0241080217394811,0.3827029807464359,-1.0,0.9676406979560852,1.0,3.780658006668091,1
2019-08-06,NVDA,3.816640753892801,3.862053222534789,3.7330121767256927,3.780658006668091,361272000,0.0103454258493178,4.157483243942261,4.167732226848602,4.052443535664386,4.090966005021063,35.5135737177131,-0.0083121182676704,0.0640231896565311,-0.0723353079242015,0.0242570028401706,0.3850679824012744,0.0,0.0,0.0,3.8188743591308594,1
2019-08-07,NVDA,3.7198600296538338,3.8307859357073792,3.702489177696499,3.8188743591308594,372560000,0.0101083865283146,4.0960150241851805,4.160076594352722,4.00997641265829,4.065052514936282,37.82157498328789,-0.0279432883228221,0.0456298940606605,-0.0735731823834826,0.024011056167455,0.3811637000105389,0.0,0.0,0.0,3.927318572998047,1
2019-08-08,NVDA,3.87644659037663,3.928559381922972,3.819122543341664,3.927318572998047,309300000,0.0283969053885995,4.058493757247925,4.150125503540039,3.9949477145382457,4.05193499665645,43.9517341030273,-0.0343545721507263,0.0296330008183831,-0.0639875729691095,0.0231807427701447,0.3679828834533696,1.0,0.9338998794555664,1.0,3.826070547103882,0
2019-08-09,NVDA,3.886372482917003,3.889846652936848,3.775694845156045,3.826070547103882,341816000,-0.0257804463814795,4.006654000282287,4.133461844921112,3.964242775004725,4.030424096699062,39.987816787400334,-0.0470629182735389,0.0142938169999987,-0.0613567352735376,0.0236242566344884,0.3750234477817447,-0.5,0.9167984426021576,2.0,3.758324146270752,0
2019-08-12,NVDA,3.7739579119890703,3.826070701043557,3.736486336224464,3.758324146270752,279200000,-0.0177065216124699,3.948659825325012,4.113832676410675,3.92680302432582,4.00450981570589,37.54767021758057,-0.0618875414473478,-0.0009424546894705,-0.0609450867578772,0.0238182962000256,0.3781037303912557,-0.5,0.7646340727806091,2.0,3.8724756240844727,1
2019-08-13,NVDA,3.7568349859916856,3.918384604310459,3.717874582569377,3.8724756240844727,351956000,0.0303729729983479,3.900517439842224,4.100146806240081,3.9169253151910297,3.9919351307895647,43.77365515893167,-0.0636909027813188,-0.0134921443078402,-0.0501987584734786,0.0250741040039601,0.3980390612534851,1.0,0.8859087824821472,1.0,3.724078893661499,0
2019-08-14,NVDA,3.784380838530552,3.795547882888534,3.6804035054272526,3.724078893661499,419880000,-0.0383208946494162,3.854236268997192,4.075777888298035,3.881862329458387,3.966425012967844,38.41248812903584,-0.0762158862786406,-0.0260368927020003,-0.0501789935766403,0.0258378302790839,0.4101628400157042,-1.0,0.9062648415565492,2.0,3.691817998886109,0
2019-08-15,NVDA,3.742938233229948,3.762790700872974,3.657572575032915,3.691817998886109,477200000,-0.008662784999077,3.8141591787338256,4.049212729930877,3.8473088148088816,3.940271964007679,37.341762740302315,-0.087733869100179,-0.038376287981636,-0.0493575811185429,0.0257644135913808,0.4089973862292373,0.3333333333333333,0.7750107149283091,6.0,3.9595792293548584,1
2019-08-16,NVDA,3.954367973426272,4.00871389430151,3.893073237992671,3.9595792293548584,1007960000,0.0725282856710536,3.810114336013794,4.038194632530212,3.8677216174536047,3.942110751183601,49.839317963023504,-0.0743982433064389,-0.0455806790465966,-0.0288175642598423,0.0311884913536827,0.495101951334797,0.4117647058823529,0.8072758141685935,17.0,4.238009452819824,1
2019-08-19,NVDA,4.072737880593051,4.2538917113035914,4.056607602337402,4.238009452819824,815112000,0.0703181341595053,3.859720683097839,4.037524557113647,3.935046678429281,3.9702915799108607,58.99752277614145,-0.0408913022137804,-0.0446428036800334,0.0037515014662529,0.0349669933638159,0.5550838112178178,0.25,0.7265135794878006,4.0,4.165795803070068,0
2019-08-20,NVDA,4.232549557576048,4.233046070367216,4.14470229254729,4.165795803070068,463188000,-0.0170395206885882,3.898234462738037,4.027858853340149,3.9770010647276055,3.9889110297355472,56.13487897482821,-0.0199340605717774,-0.0397010550583822,0.0197669944866047,0.0346603012652921,0.5502152250872424,0.5,0.7790238857269287,2.0,4.249176979064941,1
2019-08-21,NVDA,4.2318061266537566,4.304267667180546,4.210216571039822,4.249176979064941,427244000,0.0200156656582695,3.9412647247314454,4.018639874458313,4.026487594607121,4.013698263005013,58.630871669483035,0.0033640893475794,-0.0310880261771898,0.0344521155247693,0.0347501655437617,0.5516417762827155,0.6666666666666666,0.931067963441213,3.0,4.255382061004639,1
2019-08-22,NVDA,4.2588562321403165,4.301290818629002,4.216173152484569,4.255382061004639,303488000,0.0014603020703229,3.974071073532104,4.016282415390014,4.0681047703157605,4.036715767576406,58.818668625779786,0.0220742807001279,-0.0204555648017263,0.0425298455018542,0.0341212457336588,0.5416579838099095,0.0,0.0,0.0,4.03104829788208,0
2019-08-23,NVDA,4.17894952717665,4.233295688950268,4.011195825179209,4.03104829788208,568056000,-0.0527176549382727,3.994568848609924,4.000611424446106,4.061367229873273,4.036176008557899,49.98426403111383,0.018586132927246,-0.0126472252559318,0.0312333581831779,0.0359894816225752,0.5713153091247803,-1.0,0.8025155464808146,3.0,4.105742931365967,1
2019-08-26,NVDA,4.109713614737591,4.133784788125039,4.067527056360016,4.105742931365967,318208000,0.0185298284625197,4.029310727119446,3.988985276222229,4.069435539235581,4.042801429777715,52.54029757165032,0.0215999920961849,-0.0057977817855084,0.0273977738816933,0.03631426891414,0.5764711475396286,1.0,0.9267500638961792,2.0,4.015166282653809,0
2019-08-27,NVDA,4.143959091471172,4.146688729399361,3.985883851569135,4.015166282653809,290968000,-0.0220609644164992,4.043579792976379,3.972048616409302,4.059568401675259,4.0401695110040095,49.25324773729351,0.0164896363672193,-0.0013402981549629,0.0178299345221822,0.0365537219505147,0.5802723466491899,0.0,0.0,0.0,4.004732131958008,0
2019-08-28,NVDA,3.988834627878395,4.0573932656811085,3.9495869243870976,4.004732131958008,255612000,-0.0025986845777417,4.07164511680603,3.9629406929016113,4.049598170817577,4.036794522523438,48.87391837618953,0.0114655264230112,0.0012208667606319,0.0102446596623793,0.0356169342258932,0.56540130254555,0.0,0.0,0.0,4.148308753967285,1
2019-08-29,NVDA,4.096144148403475,4.180600767858281,4.092666539618465,4.148308753967285,357976000,0.0358517417091464,4.117294192314148,3.965726685523987,4.067545549572069,4.0474149255180905,54.111131481038505,0.0188520024227569,0.0047470938930569,0.0141049085297,0.0362011793496733,0.5746759063588961,0.5,0.8323334753513336,2.0,4.160976886749268,1
2019-08-30,NVDA,4.194511174284586,4.244191705549204,4.142843573381755,4.160976886749268,290616000,0.0030538066314054,4.137433958053589,3.973774147033691,4.084533065422468,4.05823035039725,54.553487415833416,0.0254348531581829,0.0088846457460821,0.0165502074121008,0.0357611550884121,0.5676907377621042,1.0,0.9408848881721495,1.0,4.078010559082031,0
2019-09-03,NVDA,4.088195119488883,4.1212324007118895,4.055157838265876,4.078010559082031,296140000,-0.0199391464853949,4.121434068679809,3.990577375888825,4.0833471551787515,4.060114179795801,51.08057201054341,0.023684104910111,0.0118445375788879,0.0118395673312231,0.032609163271815,0.517654418874743,-0.3333333333333333,0.8443236947059631,3.0,4.1920294761657715,1
2019-09-04,NVDA,4.138623040614361,4.199481702215595,4.138623040614361,4.1920294761657715,227728000,0.0279594462622985,4.12405743598938,4.0111459493637085,4.103107577176392,4.072677541354846,55.29277354333066,0.031138057874454,0.0157032416380011,0.0154348162364528,0.0330020859348142,0.5238918727794063,-0.5,0.8321225047111511,2.0,4.464774131774902,1
2019-09-05,NVDA,4.294122028961083,4.470984081943929,4.292383223962203,4.464774131774902,695676000,0.0650626760045103,4.145617151260376,4.043440937995911,4.168865132557939,4.110020073775804,63.40918224759573,0.0583806082754572,0.0242387149654923,0.0341418933099648,0.0355767375283439,0.5647631997541004,0.0,0.8710117141405741,3.0,4.437697410583496,0
2019-09-06,NVDA,4.441423285392116,4.498307311494924,4.399691971411544,4.437697410583496,376976000,-0.0060645220547007,4.1638486862182615,4.068959879875183,4.217743728562586,4.14122743918606,62.20188493877261,0.0768992143547011,0.0347708148433341,0.042128399511367,0.0353931598724601,0.5618489948116799,0.0,0.0,0.0,4.4836506843566895,1
2019-09-09,NVDA,4.4687467143896855,4.570094847258105,4.467256175256386,4.4836506843566895,417524000,0.0103552066582095,4.209108924865722,4.1018388867378235,4.266090447797877,4.173839176821358,63.47298949819325,0.0941975376596095,0.0466561594065892,0.0475413782530203,0.0345596248143589,0.5486170359749433,0.0,0.0,0.0,4.5502238273620605,1
2019-09-10,NVDA,4.4508627401693195,4.576802430183679,4.441175181042548,4.5502238273620605,352812000,0.0148479771712908,4.253557014465332,4.141433870792389,4.317751062264092,4.2096853340157105,65.29388261018059,0.1119875569255972,0.0597224389103908,0.0522651180152064,0.034021833024259,0.5400798559725231,0.0,0.6148396730422974,1.0,4.578789234161377,1
2019-09-11,NVDA,4.564878797911657,4.626979230477164,4.535815651439235,4.578789234161377,361512000,0.0062778025616108,4.309919309616089,4.1767495512962345,4.365212548063598,4.244838086410536,66.07535153902492,0.1269281166430476,0.0731635744569221,0.0537645421861254,0.0336929617591567,0.5348591864876279,1.0,0.9442262649536132,1.0,4.577299118041992,0
2019-09-12,NVDA,4.625240853510472,4.679889068655952,4.569350364277171,4.577299118041992,327840000,-0.0003254388973109,4.3671760082244875,4.219410562515259,4.403773742605123,4.276501041804008,65.99187574869322,0.13706833944756,0.0859445274550497,0.0511238119925102,0.0319118488116283,0.506584894991164,0.0,0.0,0.0,4.519421100616455,0
2019-09-13,NVDA,4.510727078038128,4.5477389772095895,4.475702248659228,4.519421100616455,324592000,-0.0126445783709882,4.404287242889405,4.260790717601776,4.42480053497082,4.299636285500432,62.67960720441708,0.1388338762724483,0.0965223972185294,0.0423114790539188,0.032052055216964,0.5088106026755833,0.0,0.0,0.0,4.476449012756348,0
2019-09-16,NVDA,4.444405251157067,4.510976849319995,4.433972420580039,4.476449012756348,231832000,-0.0095083168625835,4.435834455490112,4.286634206771851,4.434191167295461,4.316475592858138,60.26119514287128,0.1352070063626795,0.1042593190473595,0.03094768731532,0.0287998742880234,0.4571838309362008,0.0,0.0,0.0,4.497811317443848,1
2019-09-17,NVDA,4.483155607982486,4.502034197165476,4.436704404833392,4.497811317443848,223048000,0.0047721541397265,4.477814531326294,4.299624300003051,4.445758467322441,4.333745661866301,61.06543518478648,0.1325287365068765,0.1099132025392629,0.0226155339676136,0.0245808063890631,0.3902082043853316,0.0,0.0,0.0,4.470735549926758,0
2019-09-18,NVDA,4.490856414807801,4.506505660522714,4.384291826669806,4.470735549926758,258152000,-0.0060197650826485,4.505685138702392,4.314871287345886,4.45029975506868,4.346792317872058,59.423902939985474,0.1267601876554467,0.1132825995624997,0.013477588092947,0.0242226295126791,0.384522322743616,0.0,0.7464848756790161,1.0,4.395220756530762,0
2019-09-19,NVDA,4.476696313128326,4.495078369144471,4.384539189107596,4.395220756530762,245476000,-0.0168909103552844,4.498729801177978,4.322173476219177,4.440285391698149,4.3514045501252685,54.98444682523208,0.1147721366587148,0.1135805069817427,0.0011916296769721,0.0243290772851165,0.3862121287445338,-1.0,0.8447116017341614,1.0,4.28964900970459,0
2019-09-20,NVDA,4.394226488423062,4.4178244808776475,4.279464922170481,4.28964900970459,350244000,-0.0240196687889465,4.4839249610900875,4.323886823654175,4.41289695860841,4.345523070085203,49.42518359635777,0.0956501666248996,0.1099944389103741,-0.0143442722854744,0.0250146484668925,0.3970952338626047,0.0,0.0,0.0,4.343056678771973,1
2019-09-23,NVDA,4.289898995536494,4.388514346249962,4.286172646537439,4.343056678771973,249712000,0.0124503587464981,4.469865560531616,4.339487242698669,4.400198725910876,4.34528817567442,52.06555880656408,0.0838389766194529,0.1047633464521899,-0.0209243698327369,0.0217179486675466,0.3447617469647697,1.0,0.705869197845459,1.0,4.285675048828125,0
2019-09-24,NVDA,4.374354552305497,4.4039142288683895,4.250153689139878,4.285675048828125,317268000,-0.0132122682681803,4.4434106826782225,4.348483848571777,4.379376239168558,4.339610735022392,49.099612168006274,0.0690523133818361,0.0976211398381191,-0.028568826456283,0.0217565393962621,0.3453743557913334,-0.5,0.8852891325950623,2.0,4.427263259887695,1
2019-09-25,NVDA,4.285177369719696,4.4468871106773715,4.240464990214558,4.427263259887695,308432000,0.0330375517150527,4.428258085250855,4.3690886974334715,4.3880829702084005,4.347958594533373,55.7916180851983,0.0679751859339621,0.0916919490572877,-0.0237167631233256,0.0219876999670524,0.3490439160907425,1.0,0.9542284607887268,1.0,4.405158042907715,0
2019-09-26,NVDA,4.417578419175627,4.426272445668712,4.354235684681547,4.405158042907715,234564000,-0.0049929754980374,4.411043977737426,4.389109992980957,4.3911875288810025,4.353406161045215,54.58502424617608,0.0645932575369796,0.0862722107532261,-0.0216789532162464,0.022038409619592,0.3498489068688851,0.0,0.0,0.0,4.266548156738281,0
2019-09-27,NVDA,4.363424677428959,4.414098746594768,4.205937791199742,4.266548156738281,362056000,-0.0314653605658019,4.3857566833496096,4.395021963119507,4.368525824855053,4.34513397015884,47.62918684581878,0.0501502941407903,0.0790478274307389,-0.0288975332899486,0.0222187635416454,0.3527119366232555,-1.0,0.97090482711792,1.0,4.323929786682129,1
2019-09-30,NVDA,4.2923830327616175,4.3341143508758595,4.261084070387128,4.323929786682129,186184000,0.0134491930797084,4.370504760742188,4.4031696081161495,4.360417454278157,4.343114524113439,50.444527134414656,0.04284052071604,0.0718063660877992,-0.0289658453717591,0.022374702799391,0.3551873955970169,0.0,0.0,0.0,4.322190761566162,0
2019-10-01,NVDA,4.347031033659114,4.49607219242804,4.317471351500781,4.322190761566162,366008000,-0.0004021862522659,4.352942705154419,4.415378618240356,4.353467146512339,4.341121784823222,50.35617603084472,0.0364865535424856,0.0647424035787365,-0.0282558500362508,0.0217777831812873,0.3457115904238287,1.0,0.827101469039917,1.0,4.298344135284424,0
2019-10-02,NVDA,4.300331205271614,4.312254572772239,4.226059134377036,4.298344135284424,293372000,-0.0055172544659036,4.335703563690186,4.420694351196289,4.343444780834536,4.337047722962384,49.08657738846219,0.0291902779789925,0.0576319784587877,-0.0284417004797951,0.0210433466192274,0.3340527714420455,-1.0,0.970182716846466,1.0,4.503772258758545,1
2019-10-03,NVDA,4.302815239189767,4.509982207751677,4.272510290120743,4.503772258758545,450588000,0.0477923863256537,4.346558713912964,4.422644257545471,4.372595231366174,4.352926250181066,58.73782503141607,0.0395285986781352,0.0540113025026572,-0.0144827038245219,0.0184962086470324,0.2936182096656615,1.0,0.9301742613315582,2.0,4.520166397094727,1
2019-10-04,NVDA,4.506007221819678,4.5494778087583105,4.440926184733962,4.520166397094727,265524000,0.0036400904384763,4.369610452651978,4.426767706871033,4.399426352407729,4.368853883220463,59.39927700017639,0.0484857487378631,0.0529061917496984,-0.0044204430118352,0.0184394892414815,0.2927178170160674,0.0,0.0,0.0,4.578789234161377,1
2019-10-07,NVDA,4.584999182660187,4.678398096787563,4.576305160004113,4.578789234161377,480984000,0.0129691767772817,4.393183708190918,4.431524634361267,4.432037785453846,4.388847726167216,61.75990769258989,0.059627380388405,0.0542504294774397,0.0053769509109653,0.0185177804417542,0.2939606512906653,0.3,0.8203606545925141,10.0,4.402424335479736,0
2019-10-08,NVDA,4.487129238036931,4.487129238036931,4.38429101816831,4.402424335479736,444436000,-0.0385178023408064,4.404858636856079,4.424134659767151,4.42665352182219,4.390140736577933,51.97003023376195,0.0536080699019647,0.0541219575623447,-0.0005138876603799,0.0202164170005028,0.3209256707046535,-0.5,0.8659195303916931,2.0,4.488866806030273,1
2019-10-09,NVDA,4.479179249870258,4.538299069169074,4.450364846633418,4.488866806030273,292412000,0.0196351973284096,4.411018991470337,4.419638538360596,4.437965028041841,4.399543219382918,55.678421405315355,0.0551768633835489,0.0543329387265856,0.0008439246569633,0.0207002201210163,0.3286058071470271,0.0,0.7774563431739807,4.0,4.546496391296387,1
2019-10-10,NVDA,4.486631772251904,4.597418723099208,4.481415359062825,4.546496391296387,309124000,0.0128383371029621,4.425152826309204,4.418098402023316,4.457698003179031,4.413538759565153,58.00630023646111,0.06037441079481,0.0555412331402305,0.0048331776545795,0.0209237911821103,0.3321548877150618,1.0,0.9482880234718324,1.0,4.620024681091309,1
2019-10-11,NVDA,4.630457509788729,4.703239045355618,4.611578922491844,4.620024681091309,446404000,0.0161725169155926,4.460500478744507,4.423128581047058,4.487211944617627,4.433204085424787,60.832875131677866,0.0696240404505799,0.0583577946023003,0.0112662458482795,0.0210087087032259,0.3335029115720054,1.0,0.8479927778244019,1.0,4.633437633514404,1
2019-10-14,NVDA,4.611329704263812,4.6543032887412705,4.580279486712769,4.633437633514404,200040000,0.0029032209455486,4.491451263427734,4.430978012084961,4.51379843350795,4.452273947147608,61.34402423295183,0.0771474440442583,0.0621157244906919,0.0150317195535663,0.020855061320223,0.3310638349818759,1.0,0.3966570496559143,1.0,4.877864837646484,1
2019-10-15,NVDA,4.723607756181353,4.950398575300106,4.709696845354287,4.877864837646484,664124000,0.0527528853230048,4.547018671035767,4.449980688095093,4.579992325169502,4.492806412909406,69.22577753418474,0.1016611418442092,0.0700248079613954,0.0316363338828138,0.0237568969001494,0.3771290467223803,0.7142857142857143,0.8606843437467303,7.0,4.824209690093994,0
2019-10-16,NVDA,4.843833543487717,4.948659289241143,4.81278332846536,4.824209690093994,428944000,-0.0109997200288104,4.599605226516724,4.467654395103454,4.6243954824285005,4.524368629784129,66.04248787221982,0.1154283161921858,0.0791055096075535,0.0363228065846323,0.0238967701997091,0.379349466516538,0.0,0.839547723531723,2.0,4.826198577880859,1
2019-10-17,NVDA,4.868675166363097,4.913635829593668,4.7717981463333325,4.826198577880859,263436000,0.0004122722507169,4.631847858428955,4.48920328617096,4.661086954328929,4.553114339126674,66.10470805264671,0.1250577992091583,0.0882959675278745,0.0367618316812838,0.0234057130191448,0.3715541754408247,-1.0,0.4397926330566406,1.0,4.731804370880127,0
2019-10-18,NVDA,4.826693821535992,4.859234576136827,4.657532308727944,4.731804370880127,307440000,-0.0195587076406996,4.653011655807495,4.511311054229736,4.673944666429146,4.570132437388907,60.44402876564138,0.1236470836445153,0.0953661907512026,0.0282808928933127,0.0231348378238735,0.3672541650226799,0.0,0.0,0.0,4.868922710418701,1
2019-10-21,NVDA,4.793160100078846,4.882336617314803,4.774281513819235,4.868922710418701,261868000,0.0289780237708918,4.682025003433227,4.537604355812073,4.7093952198817925,4.598588653867935,65.11692186371988,0.1320709537078341,0.1027071433425289,0.0293638103653051,0.0236969635185982,0.376177633785487,-0.5,0.6611461639404297,2.0,4.858987331390381,0
2019-10-22,NVDA,4.925807185318741,5.030881219658988,4.8512868422431765,4.858987331390381,328720000,-0.0020405702902328,4.727681303024292,4.566269969940185,4.736593785610626,4.623388527917692,64.52214214832688,0.1363732039636422,0.1094403554667516,0.0269328484968906,0.0233494845304592,0.3706615758548696,0.6666666666666666,0.8586489160855612,3.0,4.846070289611816,0
2019-10-23,NVDA,4.7770146283676835,4.860228993304525,4.745219137599581,4.846070289611816,279916000,-0.0026583814481501,4.763401651382447,4.587210321426392,4.756498604519933,4.644596314745704,63.707408722508056,0.1371593829798607,0.1149841609693734,0.0221752220104872,0.0225698588084287,0.3582854011976583,-1.0,0.9723096489906312,2.0,4.890037536621094,1
2019-10-24,NVDA,4.887304722909807,4.923571359238547,4.853273895856996,4.890037536621094,232020000,0.0090727629567253,4.797755765914917,4.61145429611206,4.780778410356508,4.667971669210027,65.31296250807148,0.1397196240448188,0.1199312535844625,0.0197883704603563,0.0224685644959466,0.3566774038373415,1.0,0.929229974746704,2.0,5.080810070037842,1
2019-10-25,NVDA,4.970519620279404,5.101675728362133,4.962819131070851,5.080810070037842,423092000,0.0390124885520954,4.843834304809571,4.652167391777039,4.835329621207659,4.707289612146009,71.25505741178463,0.1553515862452554,0.1270153201166211,0.0283362661286343,0.021889696561969,0.3474881602658143,1.0,0.9462972283363342,1.0,5.136699676513672,1
2019-10-28,NVDA,5.124527570807019,5.189112078588046,5.095216158575196,5.136699676513672,330792000,0.0110001369280496,4.894160509109497,4.692805886268616,4.890124176717843,4.748185808752453,72.72897668168824,0.1702868917764872,0.1356696344485943,0.0346172573278928,0.0218703195289991,0.3471805594035054,0.25,0.8164834380149841,4.0,5.0405683517456055,0
2019-10-29,NVDA,5.122789176999456,5.12924786518978,5.021193234752128,5.0405683517456055,211236000,-0.0187146087608749,4.910430860519409,4.728724765777588,4.917477663086527,4.776031765227991,66.42038792065259,0.1723791549117486,0.1430115385412252,0.0293676163705233,0.0226486110120089,0.3595355536728878,0.0,0.0,0.0,5.042555809020996,1
2019-10-30,NVDA,5.067396081111445,5.073109500042547,4.974493681436007,5.042555809020996,205960000,0.0003942922973561,4.9322654724121096,4.765935349464416,4.940219144165521,4.801415007493992,66.48511411060655,0.172212501197392,0.1488517310724586,0.0233607701249334,0.022501584209108,0.3572015755336674,0.5,0.7368660569190979,2.0,4.993371486663818,0
2019-10-31,NVDA,5.021689363981352,5.0425550187031005,4.9136347421803634,4.993371486663818,209732000,-0.0097538478937978,4.948982763290405,4.7904153108596805,4.9498832064379386,4.819696576938737,63.23658792774656,0.1661958607351739,0.1523205570050016,0.0138753037301722,0.0207941637673822,0.330097116300261,0.0,0.9233683943748474,1.0,5.032371520996094,1
2019-11-01,NVDA,4.958098972971242,5.064663541790093,4.933010436546448,5.032371520996094,283640000,0.0078103610829749,4.979039478302002,4.816025567054749,4.964881081812148,4.839951333515629,64.70906355837332,0.1626991125621053,0.1543962681164224,0.0083028444456829,0.0207967399459314,0.3301380118669045,0.0,0.0,0.0,5.228855609893799,1
2019-11-04,NVDA,5.1133487811724025,5.241275979201212,5.090247794459039,5.228855609893799,376716000,0.0390440348209453,5.015032768249512,4.84852888584137,5.012876450554266,4.876989836027835,71.00907642313389,0.1737793185202063,0.1582728781971792,0.0155064403230271,0.0220627675656635,0.3502355772754064,0.0,0.8778603076934814,2.0,5.2067484855651855,0
2019-11-05,NVDA,5.228607673617465,5.254689740121096,5.158806757220602,5.2067484855651855,300868000,-0.0042279087391098,5.0498088836669925,4.8887450933456424,5.048125911465342,4.908395421698059,69.50563057105805,0.1787164691845824,0.1623615963946598,0.0163548727899225,0.0195361429490805,0.3101266549240511,0.0,0.8658499717712402,3.0,5.157567024230957,0
2019-11-06,NVDA,5.182655565940564,5.208240638379528,5.070129289399921,5.157567024230957,269012000,-0.0094457148200216,5.080958557128906,4.922180104255676,5.068024295604545,4.932126050510716,66.15012139189903,0.1766246447931481,0.1652142060743575,0.0114104387187905,0.019752888773047,0.3135673882116139,0.0,0.0,0.0,5.175203323364258,1
2019-11-07,NVDA,5.244010732256229,5.258666443133301,5.130490920852668,5.175203323364258,280340000,0.0034194997467686,5.109475135803223,4.95361545085907,5.087511391560856,4.955276266972958,66.76965378705836,0.174379818835642,0.1670473286266144,0.0073324902090275,0.0197223780948784,0.3130830462110168,-0.4,0.8940966963768006,5.0,5.161291599273682,0
2019-11-08,NVDA,5.158310994282021,5.192838822826329,5.120802086957309,5.161291599273682,189100000,-0.0026881502467293,5.117523288726806,4.9806787967681885,5.1009259747813696,4.974896774811122,65.74743489904657,0.1695240504932122,0.167542672999934,0.0019813774932782,0.0196954296381968,0.3126552527234383,0.0,0.0,0.0,5.171228408813477,1
2019-11-11,NVDA,5.16054684051113,5.194329402705062,5.074351393267429,5.171228408813477,243436000,0.0019252563721052,5.120976161956787,5.007568335533142,5.11370823551448,4.99359502566849,66.14611447862347,0.1645804555387204,0.1669502295076913,-0.0023697739689708,0.019704043916785,0.3127920001566497,1.0,0.8343214273452759,5.0,5.2067484855651855,1
2019-11-12,NVDA,5.209480824848137,5.262638966493447,5.17445599712278,5.2067484855651855,283504000,0.006868788988545,5.137594175338745,5.024012517929077,5.130624644614608,5.013895355182461,67.59794223884353,0.1616652182578306,0.1658932272577191,-0.0042280089998885,0.0163153841839062,0.2589986945705553,0.5,0.7553660422563553,4.0,5.180914878845215,0
2019-11-13,NVDA,5.175449726285449,5.203022332992698,5.11459156882538,5.180914878845215,300188000,-0.0049615622478385,5.151430082321167,5.041847777366638,5.139768323565627,5.029801976483675,65.40115584357484,0.1554780612394966,0.1638101940540746,-0.008332132814578,0.016089347024139,0.2554104658997346,0.0,0.8684729337692261,1.0,5.2112202644348145,1
2019-11-14,NVDA,5.189857604309165,5.213456073459919,5.129992976686992,5.2112202644348145,518080000,0.0058494274270637,5.173214960098266,5.061098861694336,5.152759585541842,5.047079908669498,66.76561776085816,0.1512762674261321,0.1613034087284861,-0.010027141302354,0.0160769008211212,0.255212888552021,0.2,0.7890966773033142,10.0,5.072116374969482,0
2019-11-15,NVDA,5.20898543716974,5.260653055682012,4.983933378230681,5.072116374969482,1053628000,-0.026693151010077,5.177189445495605,5.078114461898804,5.138097183619594,5.049464334031401,55.87355205311861,0.135163711091633,0.1560754692011155,-0.0209117581094825,0.016693677856835,0.265003920457267,0.5483870967741935,0.8658749691901668,31.0,5.273071765899658,1
2019-11-18,NVDA,5.064662552633288,5.299650362796563,5.061681948100534,5.273071765899658,574588000,0.0396196333195104,5.181611061096191,5.098321914672852,5.162638016761424,5.070760279923616,64.80600964152758,0.1370302156776484,0.1522664184964221,-0.0152362028187737,0.0176849668318333,0.2807401450887416,0.6666666666666666,0.88148432970047,3.0,5.166508197784424,0
2019-11-19,NVDA,5.242022545733795,5.2656205425735925,5.108382371167746,5.166508197784424,414564000,-0.0202090115299337,5.177587032318115,5.113697957992554,5.163341686038333,5.079879129243693,58.09061217511087,0.1284301814645907,0.1474991710900558,-0.0190689896254651,0.0184685121141058,0.2931785408358474,0.0,0.5051148533821106,1.0,5.245748996734619,1
2019-11-20,NVDA,5.143656035633732,5.329460373239897,5.130987396550761,5.245748996734619,472588000,0.0153373992485246,5.186405229568481,5.133681893348694,5.1783248334376575,5.095676259480924,61.301842829148406,0.126549874445093,0.1433093117610633,-0.0167594373159702,0.0186042450355686,0.2953332341653352,0.5,0.9315715730190276,2.0,5.220906734466553,0
2019-11-21,NVDA,5.241275855376303,5.296917592435317,5.19929581354972,5.220906734466553,288388000,-0.0047356940416954,5.190975570678711,5.150225353240967,5.186066997261093,5.107602971384317,59.755988387525775,0.1216528166911103,0.1389780127470727,-0.0173251960559623,0.0186673930605934,0.2963356779853384,1.0,0.9544935822486876,1.0,5.238544464111328,1
2019-11-22,NVDA,5.243512138827063,5.28996333238739,5.214945995609535,5.238544464111328,224100000,0.0033782885889031,5.198700857162476,5.1581120729446415,5.1956083548702265,5.12007358973927,60.51725817475602,0.117836732021435,0.1347497566019452,-0.0169130245805101,0.0166895111816424,0.2649377765391463,0.0,0.0,0.0,5.494894981384277,1
2019-11-25,NVDA,5.366471232090203,5.499863129910593,5.3535543301950135,5.494894981384277,506476000,0.0489354474375807,5.231067514419555,5.176021838188172,5.250024105145508,5.155770865134033,69.5368732869322,0.1339536672675771,0.1345905387350716,-0.0006368714674944,0.0196923241770281,0.3126059550556871,0.4,0.7723907887935638,10.0,5.390317440032959,0
2019-11-26,NVDA,5.477257661816818,5.481977544592898,5.383858752821202,5.390317440032959,385244000,-0.0190317634287112,5.249424409866333,5.193509292602539,5.275531984215953,5.178108634172026,63.1945385311914,0.1367119902470133,0.1350148290374599,0.0016971612095533,0.019711321954629,0.3129075354256559,0.5,0.6933832764625549,2.0,5.425119400024414,1
2019-11-27,NVDA,5.435808848094439,5.470113228547502,5.398769637902279,5.425119400024414,215784000,0.0064563841329616,5.273844861984253,5.21263747215271,5.302729696181127,5.2016334690151105,64.3595420505509,0.1400913228342428,0.1360301277968165,0.0040611950374263,0.0197069835684062,0.3128386656794346,0.0,0.5021400451660156,1.0,5.387831687927246,0
2019-11-29,NVDA,5.39429514122711,5.422633439116357,5.363967359032828,5.387831687927246,141556000,-0.0068731597127613,5.291506004333496,5.232360482215881,5.318202785589512,5.219366632721028,62.09178849700668,0.1381679474252131,0.1364576917224958,0.0017102557027172,0.0196126635364879,0.3113413815907905,0.0,0.4961232542991638,1.0,5.201642036437988,0
2019-12-02,NVDA,5.380872026274394,5.394295831529911,5.186478617538699,5.201642036437988,372036000,-0.0345574365113262,5.304458570480347,5.240824007987976,5.297009922107416,5.217678575932167,52.20089844072605,0.1202337301349469,0.1332128994049861,-0.0129791692700391,0.0213861016678986,0.3394938391584214,-1.0,0.9725496172904968,1.0,5.1621174812316895,0
2019-12-03,NVDA,5.018186615594766,5.166094553868876,4.980898951860107,5.1621174812316895,465232000,-0.0075984765828608,5.29336314201355,5.237487101554871,5.272484023766375,5.212387043103551,50.36672234032723,0.1016595642627553,0.1269022323765399,-0.0252426681137845,0.0195864588216766,0.3109253946393812,-0.6666666666666666,0.7654200792312622,3.0,5.205867767333984,1
2019-12-04,NVDA,5.245641335802909,5.2680140273339715,5.17728054463059,5.205867767333984,273424000,0.0084752596703505,5.297299098968506,5.23744306564331,5.260371977142304,5.211766159696925,52.36205213130441,0.0894386928637827,0.1194095244739885,-0.0299708316102058,0.0196637145748092,0.3121517917002088,0.5,0.824073314666748,2.0,5.188964366912842,0
2019-12-05,NVDA,5.227743668078507,5.243404457640698,5.15838813326808,5.188964366912842,184884000,-0.0032469899691284,5.2916206359863285,5.239012932777404,5.247388775282402,5.209594560384155,51.50059856550855,0.0774962722997809,0.111026874039147,-0.033530601739366,0.0195526552391002,0.3103887794018597,0.0,0.0,0.0,5.274229049682617,1
2019-12-06,NVDA,5.258071361957496,5.307042744570594,5.24812773184507,5.274229049682617,232236000,0.0164319268240615,5.296952867507935,5.243964219093323,5.25226882517335,5.215750226031628,55.479431466185225,0.074058267665177,0.103633152764353,-0.0295748850991759,0.0198694241238784,0.3154173295550989,0.0,0.9469159245491028,1.0,5.274229049682617,0
2019-12-09,NVDA,5.251359459045446,5.3289180670241985,5.242659019766264,5.274229049682617,211880000,0.0,5.300521326065064,5.24961109161377,5.256261593265943,5.2213196378079125,55.479431466185225,0.0705207054282066,0.0970106632971237,-0.0264899578689171,0.0198512911571696,0.3151294776324394,0.0,0.0,0.0,5.319222450256348,1
2019-12-10,NVDA,5.304307007637459,5.370928180069909,5.251607009810298,5.319222450256348,256388000,0.0085308014024225,5.28295407295227,5.257010793685913,5.267709021809653,5.230643715183954,57.60783477400459,0.0705346734600711,0.0917154653297132,-0.0211807918696421,0.0199176318457047,0.3161826034144512,0.0,0.6383211761713028,2.0,5.402749061584473,1
2019-12-11,NVDA,5.32966535155232,5.408218249304863,5.327179443340962,5.402749061584473,233796000,0.0157027859070078,5.284197235107422,5.266810822486877,5.292261756314165,5.2470347005554325,61.30608758085298,0.0764048946341739,0.0886533511906054,-0.0122484565564314,0.0201373921232457,0.319671189668995,0.0,0.0,0.0,5.5700459480285645,1
2019-12-12,NVDA,5.373912424173228,5.5881926480198985,5.364963535514475,5.5700459480285645,404348000,0.0309651409934312,5.298689889907837,5.286267375946045,5.34276797298951,5.277797676505255,67.43412522193705,0.0934789802888076,0.0896184770102458,0.0038605032785617,0.021061121400444,0.3343349373462915,0.5,0.7987793684005737,2.0,5.568056583404541,0
2019-12-13,NVDA,5.573028398203756,5.692100660056325,5.514113388523606,5.568056583404541,454704000,-0.0003571540778272,5.316712379455566,5.304109191894531,5.383729538519515,5.3054413819242345,67.29763868272451,0.1056321296460618,0.092821207537409,0.0128109221086527,0.0210756268075178,0.3345652035449899,0.0,0.7275647819042206,2.0,5.5968918800354,1
2019-12-16,NVDA,5.615535947211582,5.669230215850863,5.587445622206423,5.5968918800354,320976000,0.0051787003596195,5.356237363815308,5.330347967147827,5.422486327886039,5.333198572220536,68.2991943870371,0.1162502944902907,0.0975070249279854,0.0187432695623053,0.0198390495308712,0.3149351478394676,0.0,0.0,0.0,5.674947261810303,1
2019-12-17,NVDA,5.615535365278752,5.6975683989039565,5.606089108428681,5.674947261810303,321196000,0.0139462014718083,5.407520341873169,5.350441741943359,5.468388315872269,5.365746066467181,70.89749546775374,0.1294712199714851,0.1038998639366853,0.0255713560347997,0.018256788301836,0.2898175295124685,1.0,0.9217942357063292,1.0,5.705275058746338,1
2019-12-18,NVDA,5.709749502030859,5.7656812284331656,5.701297512416588,5.705275058746338,343548000,0.0053441548505881,5.4574610710144045,5.377380084991455,5.511458632758463,5.398082160969958,71.86249575599669,0.1407733508593809,0.1112745613212244,0.0294987895381564,0.0173574459903996,0.2755409129149965,0.6666666666666666,0.5889028112093607,3.0,5.853183269500732,1
2019-12-19,NVDA,5.739828646095502,5.866607074155543,5.734856831472361,5.853183269500732,445360000,0.0259248168110048,5.523882961273193,5.407751798629761,5.5735903848934205,5.441425123687175,76.03593151479926,0.1598229875883179,0.1209842465746431,0.0388387410136747,0.0178403789569535,0.2832072360914937,0.5,0.815889984369278,2.0,5.950378894805908,1
2019-12-20,NVDA,5.919554219903856,5.975734385172872,5.9004132593766325,5.950378894805908,603044000,0.016605600889286,5.591497945785522,5.444225406646728,5.64209738669569,5.489896911412768,78.31238638338885,0.1806800692368915,0.1329234111070928,0.0477566581297986,0.0178251336205033,0.2829652238780893,0.6,0.7913413107395172,5.0,5.936707496643066,0
2019-12-23,NVDA,5.97896696941142,6.011034365228068,5.926018522750285,5.936707496643066,355060000,-0.0022975676683001,5.657745790481568,5.479133558273316,5.695662861231576,5.532450300482321,77.20148616923677,0.1938714596296282,0.1451130208115999,0.0487584388180283,0.0179258759845968,0.2845644593293706,0.5,0.5511738210916519,2.0,5.931735515594482,0
2019-12-24,NVDA,5.92129499046584,5.948887942345335,5.886990136964135,5.931735515594482,138864000,-0.0008374980662927,5.7189970970153805,5.500975584983825,5.738585162024831,5.570477463826336,76.77494073433903,0.2016006079205796,0.1564105382333959,0.0451900696871837,0.0149161067568185,0.2367858540469924,0.0,0.0,0.0,5.945905685424805,1
2019-12-26,NVDA,5.935216236710832,5.973995536815829,5.91632372070032,5.945905685424805,182852000,0.0023888741824493,5.773312759399414,5.528754997253418,5.776279802643008,5.60623253255,77.16221960578358,0.2064891495262157,0.1664262604919598,0.0400628890342558,0.0139154560942383,0.2209010172323568,-1.0,0.948387324810028,1.0,5.888233661651611,0
2019-12-27,NVDA,5.961068893221164,5.974492697227238,5.861883424733075,5.888233661651611,254644000,-0.0096994514922368,5.805131530761718,5.551910710334778,5.796635049735481,5.63308978294063,71.90675085468754,0.203365433508539,0.1738140950952757,0.0295513384132633,0.01429087920731,0.226860674394037,0.0,0.0,0.0,5.775128364562988,0
2019-12-30,NVDA,5.866359228302341,5.871579491951401,5.743806782668627,5.775128364562988,258056000,-0.0192086971387099,5.825838708877564,5.571275544166565,5.792724743340481,5.646617266904664,62.86380651470933,0.1895778780744184,0.1769668516911042,0.0126110263833141,0.0150405277564581,0.2387609761845158,0.0,0.9385439157485962,1.0,5.84920597076416,1
2019-12-31,NVDA,5.73982842397939,5.858652228527245,5.720687459973178,5.84920597076416,231004000,0.0128270060031432,5.85107011795044,5.603653740882874,5.802994057417513,5.6659114291769965,65.88944897238699,0.1825245553306915,0.1780783924190217,0.0044461629116698,0.0121752113470804,0.19327548830416,0.3333333333333333,0.8114405473073324,3.0,5.963803291320801,1
2020-01-02,NVDA,5.934967621143992,5.963803291320801,5.884505079799994,5.963803291320801,237536000,0.0195919448091634,5.879955720901489,5.643738031387329,5.832232099945384,5.694282082714501,69.96610513309113,0.1840600624524526,0.1792747264257079,0.0047853360267447,0.0121001305691766,0.1920836179047109,0.0,0.7477127313613892,1.0,5.86834716796875,0
2020-01-03,NVDA,5.844234388573591,5.912098283248919,5.819375789570351,5.86834716796875,205384000,-0.0160059141271425,5.89626293182373,5.676862001419067,5.838798475949632,5.710859709881572,63.19144310218427,0.175550811041675,0.1785299433489013,-0.0029791323072263,0.0131675815759491,0.2090288773087048,0.0,0.6696949005126953,1.0,5.8929572105407715,1
2020-01-06,NVDA,5.775128136185318,5.898177473983396,5.749026818972195,5.8929572105407715,262636000,0.0041936923408947,5.900240325927735,5.712061643600464,5.8486455186025665,5.728202328991972,64.15509595970325,0.1688466338618637,0.1765932814514938,-0.0077466475896301,0.0129938825640586,0.2062714909780642,0.0,0.6348817944526672,1.0,5.964300632476807,1
2020-01-07,NVDA,5.921295338837738,6.010040281790685,5.876301509096684,5.964300632476807,314856000,0.0121065569267027,5.901632499694824,5.746565222740173,5.869673721125156,5.750687881704813,66.8634496063746,0.1673611083755766,0.1747468468363104,-0.0073857384607338,0.0128544452847087,0.2040579927901578,0.0,0.844065248966217,1.0,5.97548770904541,1
2020-01-08,NVDA,5.960075367023141,6.016752920110511,5.920053346777654,5.97548770904541,277108000,0.001875672816975,5.905510520935058,5.781628155708313,5.888912628019747,5.772097389070584,67.28092067409622,0.1651824023974848,0.1728339579485453,-0.0076515555510604,0.0128132612156621,0.2034042159621076,0.0,0.0,0.0,6.041112422943115,1
2020-01-09,NVDA,6.0617450225777345,6.113450745883059,5.987418163860891,6.041112422943115,255112000,0.0109823192838913,5.9164482116699215,5.817722654342651,5.916585318005813,5.797717868487016,69.69303058965318,0.166828038396261,0.1716327740380884,-0.0048047356418274,0.0128470160008965,0.2039400565658386,0.0,0.6795796155929565,1.0,6.073430061340332,1
2020-01-10,NVDA,6.148254313226695,6.178581626426708,6.0592609099923775,6.073430061340332,316296000,0.0053496171126496,5.929200649261475,5.851256704330444,5.945102544066635,5.823976172568284,70.83338267357709,0.1687942253512488,0.1710650643007205,-0.0022708389494716,0.0126623004088089,0.2010077874461998,0.3333333333333333,0.7704358299573263,6.0,6.263844013214111,1
2020-01-13,NVDA,6.1564555042636675,6.288951053261675,6.133833896654857,6.263844013214111,319840000,0.0313519625566836,5.966761684417724,5.885946607589721,6.003055538457085,5.865868347867886,76.45476696431064,0.1836008212591755,0.1735722156924115,0.0100286055667639,0.0127027618128401,0.2016500923227789,0.6,0.8237729489803314,10.0,6.1470112800598145,0
2020-01-14,NVDA,6.221089234322224,6.246445205302498,6.133835923434662,6.1470112800598145,359088000,-0.0186519225108141,6.003949975967407,5.914894342422485,6.02922930965758,5.892643865219498,67.81797456668703,0.1837891234281858,0.1756155972395664,0.0081735261886194,0.0137937050166928,0.2189682787941192,0.0,0.0,0.0,6.1045026779174805,0
2020-01-15,NVDA,6.15968858757517,6.182061279281712,6.078649810796071,6.1045026779174805,263104000,-0.0069153284751936,6.02947964668274,5.940274882316589,6.042915376613926,5.912820895000259,64.94335990838442,0.1784511910714332,0.1761827160059398,0.0022684750654934,0.0140503940251459,0.2230430904780244,1.0,0.8859640657901764,2.0,6.188027381896973,1
2020-01-16,NVDA,6.157948519655376,6.193993464647111,6.134581559774977,6.188027381896973,284192000,0.0136824747872805,6.0519020557403564,5.9659288883209225,6.069299377574479,5.939031036609469,67.8288781915198,0.178898357877796,0.176725844380311,0.002172513497485,0.0140411271272348,0.2228959830342372,0.5,0.7823419868946075,2.0,6.196728229522705,1
2020-01-17,NVDA,6.207168756490065,6.214626478954624,6.149248487016599,6.196728229522705,253792000,0.0014060777512372,6.084740161895752,5.990501546859742,6.092468259746884,5.96357362641073,68.12322492449037,0.1779040592275365,0.1769614873497561,0.0009425718777803,0.0140552444739896,0.2231200889663484,0.3333333333333333,0.9071738918622336,3.0,6.163416385650635,0
2020-01-21,NVDA,6.160184659407499,6.196975416132284,6.129359984155334,6.163416385650635,217916000,-0.005375714835026,6.1117860794067385,6.006013202667236,6.105367919002111,5.982606270147864,65.64678240553292,0.1724402985604438,0.1760572495918937,-0.0036169510314498,0.0132313153443807,0.210040619517026,0.0,0.8439033031463623,1.0,6.217360496520996,1
2020-01-22,NVDA,6.20866005785512,6.303867986192193,6.189767541283975,6.217360496520996,239240000,0.0087523067557062,6.137092065811157,6.019362282752991,6.125730205823726,6.004963815516733,67.6948082213352,0.170497676699127,0.1749453350133404,-0.0044476583142133,0.0129085291867832,0.2049165481190833,0.0,0.0,0.0,6.285721302032471,1
2020-01-23,NVDA,6.25738300125643,6.294173292221765,6.168638052545545,6.285721302032471,244516000,0.0109951490748729,6.168115425109863,6.036812973022461,6.154819496043498,6.031702623756328,70.12543051817889,0.1724859696782239,0.1744534619463171,-0.0019674922680931,0.0130025268470279,0.2064087147160598,0.6666666666666666,0.8957761327425638,3.0,6.22655725479126,0
2020-01-24,NVDA,6.401063843902919,6.450781034287568,6.17236562158241,6.22655725479126,373512000,-0.009412451554618,6.186659908294677,6.0515540599822994,6.167862724906727,6.050260207664416,65.53005433492818,0.1673584579055305,0.1730344611381598,-0.0056760032326292,0.0132722371238383,0.2106902326269325,0.0,0.6669952273368835,2.0,5.971012592315674,0
2020-01-27,NVDA,5.922289664238681,6.021972504994483,5.772890101483585,5.971012592315674,470536000,-0.0410410845060402,6.176418161392212,6.052809405326843,6.132071791708354,6.042712815726441,50.22164449951102,0.1410486285082965,0.1666372946121871,-0.0255886661038905,0.0164627425138436,0.2613379355383239,-0.5,0.8237718939781189,2.0,6.164164066314697,1
2020-01-28,NVDA,6.036888255320021,6.196479916088812,5.98369087701763,6.164164066314697,310976000,0.0323481940479573,6.166450166702271,6.066605925559998,6.137906750727689,6.054279601496751,58.17486155994709,0.1342362173222566,0.160157079154201,-0.0259208618319443,0.0177478417963236,0.281738254207141,1.0,0.9212190210819244,2.0,6.103756904602051,0
2020-01-29,NVDA,6.149745001380459,6.185789943729785,6.0639828644708,6.103756904602051,258848000,-0.0097997329504504,6.162124729156494,6.08303735256195,6.1316976877957545,6.058991725602018,55.204223875578265,0.122550295745607,0.1526357224724822,-0.0300854267268751,0.0172617643007488,0.2740220131799652,0.0,0.0,0.0,6.11046838760376,1
2020-01-30,NVDA,6.006062657393327,6.123892191463495,5.9511256737179945,6.11046838760376,290504000,0.0010995659077852,6.162721300125122,6.096100473403931,6.1278378150335735,6.063894264840279,55.47625634797621,0.1125334635732047,0.1446152706926267,-0.032081807119422,0.0171057500061872,0.2715453630336785,-0.3333333333333333,0.8209746479988098,3.0,5.8772969245910645,0
2020-01-31,NVDA,6.064730001738358,6.076662168956458,5.835534813466124,5.8772969245910645,370420000,-0.0381593436414346,6.131648254394531,6.0917751550674435,6.082284925862208,6.046123089578449,45.20522788901794,0.0848025129576521,0.1326527191456318,-0.0478502061879796,0.0188257856720971,0.2988500827426315,-1.0,0.8965484201908112,2.0,5.974245071411133,1
2020-02-03,NVDA,5.859149875876774,5.993634486380616,5.8529353441116,5.974245071411133,255564000,0.0164953631004127,6.109399938583374,6.097070050239563,6.062641315962012,6.039277564038705,49.399979742065995,0.0698433295954137,0.1200908412355882,-0.0502475116401744,0.0188251575813159,0.2988401121105848,0.0,0.0,0.0,6.143280982971191,1
2020-02-04,NVDA,6.115936955202383,6.1624224187891,6.065971316764821,6.143280982971191,271544000,0.0282941040314792,6.1073863983154295,6.109586238861084,6.077303073600045,6.049182651556085,55.759333212317976,0.070811582531836,0.1102349894948377,-0.0394234069630017,0.0197830051586634,0.3140454710119879,0.0,0.8180848598480225,5.0,6.233519077301025,1
2020-02-05,NVDA,6.26409483893888,6.274286917530958,6.150242834852348,6.233519077301025,208220000,0.0146889088387733,6.109002256393433,6.123047161102295,6.105705983363859,6.066738501627031,58.74047169945568,0.0779616961176596,0.1037803308194021,-0.0258186347017424,0.0198588715077404,0.3152498119672058,0.0,0.0,0.0,6.320272922515869,1
2020-02-06,NVDA,6.267821855909948,6.320272922515869,6.186783099381971,6.320272922515869,218284000,0.0139173144637918,6.112457418441773,6.1402864217758175,6.144718154118769,6.090884636949778,61.43125947474663,0.0895957192448584,0.1009434085044934,-0.011347689259635,0.0200240448965232,0.3178718582267552,0.0,0.9082632660865784,1.0,6.254151821136475,0
2020-02-07,NVDA,6.2802531394695045,6.302377384992771,6.228795848351484,6.254151821136475,189752000,-0.0104617478058327,6.115216875076294,6.150938391685486,6.1646151844856245,6.106433892586606,58.30997009162605,0.092415043018013,0.0992377354071973,-0.0068226923891843,0.0201478882534075,0.3198378105698158,1.0,0.7399052977561951,1.0,6.537040710449219,1
2020-02-10,NVDA,6.276771965769414,6.537786055878757,6.2718001514092725,6.537040710449219,529608000,0.0452321749460407,6.171819686889648,6.17411892414093,6.2323289164790046,6.147444065716379,66.21832704923679,0.1161373870815518,0.1026176657420682,0.0135197213394835,0.0223569240404853,0.3549051665489138,0.75,0.9078858196735382,4.0,6.659344673156738,1
2020-02-11,NVDA,6.645175522806371,6.7739424891195545,6.58327770993193,6.659344673156738,638556000,0.0187093775493889,6.221337747573853,6.193893957138061,6.309968144965865,6.1961965045202225,68.95982276105582,0.1431562076654762,0.1107253741267498,0.0324308335387263,0.021709916320854,0.3446342374140129,0.4,0.8880127191543579,5.0,6.774937152862549,1
2020-02-12,NVDA,6.712045068202593,6.781400607181102,6.673265764706395,6.774937152862549,374644000,0.0173579361602582,6.288455772399902,6.225290250778198,6.394507964583443,6.251314661505206,71.32812057739534,0.1719144420292364,0.1229631877072471,0.0489512543219892,0.0212834244440302,0.3378638887604238,0.25,0.7607232630252838,4.0,6.7311859130859375,0
2020-02-13,NVDA,6.717016762163457,6.798303991866709,6.689672254333135,6.7311859130859375,528016000,-0.0064578074732583,6.35052752494812,6.256624412536621,6.455722137038442,6.297016685465276,69.17673789820518,0.1889965558986732,0.1361698613455324,0.0528266945531408,0.0212700825536574,0.3376520928167483,0.4545454545454545,0.8125549012964423,11.0,7.203746795654297,1
2020-02-14,NVDA,7.1408547082051,7.332513775197744,7.109533125809277,7.203746795654297,1041924000,0.0702046992417286,6.483172512054443,6.307410383224488,6.591726620423143,6.383371934054706,77.1821500339099,0.2379233359625319,0.1565205562689323,0.0814027796935995,0.0257514482007445,0.4087915670335906,0.5806451612903226,0.8496271631410045,31.0,7.372285842895508,1
2020-02-18,NVDA,7.10058231335741,7.390681460600546,7.081192901778724,7.372285842895508,620164000,0.0233960259878767,6.622976589202881,6.366188263893127,6.733646479054482,6.477554211087163,79.25186963655261,0.2869896165792411,0.1826143683309941,0.104375248248247,0.0259266557302241,0.4115729003385654,0.2857142857142857,0.7794361965996879,7.0,7.822970867156982,1
2020-02-19,NVDA,7.494590248906968,7.840620666335648,7.494590248906968,7.822970867156982,694332000,0.0611323317985275,6.79094557762146,6.449165987968445,6.931705458709481,6.60568913071286,83.54906152278029,0.3581134039940545,0.2177141754636062,0.1403992285304483,0.0281503311559015,0.4468726533757736,0.3333333333333333,0.7321864565213522,9.0,7.673820972442627,0
2020-02-20,NVDA,7.774994988942748,7.863242571008195,7.366818273153728,7.673820972442627,810052000,-0.0190656334079586,6.9349757671356205,6.521989011764527,7.066635552115507,6.7074159727823615,77.80587800240187,0.3978581073305083,0.2537429618369866,0.1441151454935216,0.0290122467494426,0.4605551392456031,-0.25,0.7954240441322327,4.0,7.310140132904053,0
2020-02-21,NVDA,7.561708450077723,7.5868154972700355,7.225372733301837,7.310140132904053,768180000,-0.0473924060575018,7.0339624881744385,6.573209953308106,7.110909112258878,6.764818273746332,65.90888430805819,0.3954515474476672,0.2820846789591227,0.1133668684885444,0.0318124780903733,0.505007433694913,-1.0,0.9719906449317932,1.0,6.793331623077393,0
2020-02-24,NVDA,6.716518843394687,7.006866456625877,6.662078754814775,6.793331623077393,856916000,-0.0706974832808506,7.08788046836853,6.601548671722412,7.053167750589517,6.767533830825481,53.41069796676666,0.3478326060439105,0.2952342643760803,0.0525983416678302,0.0362285169677904,0.575109877592744,-0.6666666666666666,0.8637365102767944,3.0,6.5141706466674805,0
2020-02-25,NVDA,6.86840412228699,6.930301930876322,6.412499271487127,6.5141706466674805,1055496000,-0.0410933827316164,7.0855934619903564,6.628706574440002,6.955168277149146,6.743404003762814,48.10433463447532,0.2842911625975111,0.2930456440203665,-0.0087544814228553,0.0362320159980775,0.5751654229765618,0.0,0.746748648583889,4.0,6.653378009796143,1
2020-02-26,NVDA,6.514418977708999,6.847274499035752,6.512927812738994,6.653378009796143,747732000,0.0213699288335158,7.0849967956542965,6.653167271614075,6.900297319448599,6.734830099575512,50.73289499954631,0.242373055957775,0.2829111264078482,-0.0405380704500731,0.0358771069586346,0.5695314166380735,0.3333333333333333,0.7074556748072306,3.0,6.28301477432251,0
2020-02-27,NVDA,6.3402234247130185,6.641191518128375,6.190734478134659,6.28301477432251,906416000,-0.0556654431671139,7.035804557800293,6.6621301651000975,6.788064129425673,6.6918000685990355,44.303433482322475,0.1772245028437566,0.2617738016950299,-0.0845492988512732,0.0382242301882869,0.6067908428105697,-0.6666666666666666,0.8993513584136963,3.0,6.717552661895752,1
2020-02-28,NVDA,6.0307988288926,6.777000110355166,6.0141338073688475,6.717552661895752,1133252000,0.0691607298695391,7.034441232681274,6.692484378814697,6.775243862602051,6.694252696532057,51.99104870292873,0.1588265277278617,0.2411843469015963,-0.0823578191737345,0.0410513876923913,0.6516705768489913,1.0,0.958878457546234,1.0,6.87574577331543,1
2020-03-02,NVDA,6.887436477672803,6.904599164176833,6.491949845703625,6.87574577331543,890744000,0.0235492179044614,7.001641130447387,6.742406821250915,6.79351693727721,6.711537751463807,54.45562659637813,0.1552215643431562,0.2239917903899083,-0.068770226046752,0.0398961757691112,0.6333321560855374,0.0,0.8758819103240967,2.0,6.613581657409668,0
2020-03-03,NVDA,6.931463350129404,6.991159391430268,6.528265881212004,6.613581657409668,652792000,-0.038128826246487,6.925770711898804,6.774373650550842,6.7608014318467475,6.7022085996491265,49.88514533063638,0.1297148793473503,0.2051364081813967,-0.0754215288340463,0.041178770163071,0.6536927108818352,0.0,0.8113926649093628,3.0,7.076723575592041,1
2020-03-04,NVDA,6.720785660126154,7.086175484127031,6.646165254678037,7.076723575592041,597408000,0.0700289105319327,6.85114598274231,6.821045780181885,6.818241821618619,6.737876692596071,56.78553807704646,0.1451985711361549,0.1931488407723484,-0.0479502696361934,0.0433722285281415,0.6885127829527408,1.0,0.9302982091903688,1.0,6.797644138336182,0
2020-03-05,NVDA,6.877487452109259,7.044139068065729,6.753120588691652,6.797644138336182,540328000,-0.039436249596977,6.763528299331665,6.849252033233642,6.814496788294539,6.743568830285605,52.12779901340098,0.1334122369886126,0.1812015200156012,-0.0477892830269886,0.0446033211798069,0.708055772935856,-1.0,0.9722214937210084,1.0,6.617311000823975,0
2020-03-06,NVDA,6.618305863455207,6.675763568811054,6.4173289048687,6.617311000823975,515412000,-0.0265287699447511,6.694245386123657,6.864103937149048,6.7786448269362545,6.731544275098783,49.31309916094341,0.1082720128037966,0.1666156185732403,-0.0583436057694437,0.0451053215636917,0.716024781978765,-0.5,0.8399835526943207,2.0,6.104921817779541,0
2020-03-09,NVDA,5.967123096403663,6.45215413856938,5.924341142174752,6.104921817779541,614160000,-0.0774316309118057,6.625404405593872,6.856642436981201,6.656149734362306,6.671865945830284,42.32072169225689,0.046467036087888,0.1425859020761699,-0.0961188659882818,0.0485332258810777,0.7704410760303325,-0.5,0.9555343389511108,2.0,6.493941783905029,1
2020-03-10,NVDA,6.381016524824535,6.493941783905029,6.118602773114098,6.493941783905029,580648000,0.0637223502179067,6.623381519317627,6.854487490653992,6.62665737973371,6.6549207875516885,48.31310558733106,0.0285477264305873,0.1197782669470533,-0.091230540516466,0.0496062112204921,0.7874741902413849,-1.0,0.9097289443016052,1.0,6.1305389404296875,0
2020-03-11,NVDA,6.354150563740544,6.382506283374491,6.033532955638366,6.1305389404296875,499964000,-0.0559602866129814,6.5710976123809814,6.828047204017639,6.5364540271329785,6.604979659254355,43.741444338913254,-0.01480634957736,0.0928613436421707,-0.1076676932195307,0.0509811285303382,0.8093003258921685,0.0,0.9488100409507751,2.0,5.380359649658203,0
2020-03-12,NVDA,5.607950774664352,5.8731009372494505,5.367674080920537,5.380359649658203,816540000,-0.1223675924842758,6.480832099914551,6.758318328857422,6.326255049410292,6.4883491821499595,36.13909541669372,-0.1084478471428243,0.0525995054851717,-0.161047352627996,0.0572479793071417,0.9087834978460132,-1.0,0.9736692905426024,1.0,5.990501880645752,1
2020-03-13,NVDA,5.733311155875088,5.994978999609034,5.462440477167129,5.990501880645752,634836000,0.1134017557778519,6.408127021789551,6.721284127235412,6.265209018725829,6.440935153435273,44.576338990780414,-0.1319055051892057,0.0156985033502962,-0.1476040085395019,0.0635520469132223,1.0088574686489782,-1.0,0.9645132422447203,1.0,4.885129451751709,0
2020-03-16,NVDA,5.283352042146694,5.623868804393567,4.825433423913696,4.885129451751709,726972000,-0.1845208383066041,6.209065389633179,6.605353260040284,6.014285461094171,6.292763181846362,35.440848709938166,-0.2369586731408617,-0.0348329319479353,-0.2021257411929263,0.0727763576061846,1.1552888613064116,-0.5,0.8783591091632843,2.0,5.404237747192383,1
2020-03-17,NVDA,4.997309431523579,5.493533447583742,4.7508144907275,5.404237747192383,833632000,0.1062629558884118,6.08813099861145,6.506950855255127,5.903367694930209,6.208141711879316,41.503864037638365,-0.2751545541146596,-0.0828972563812802,-0.1922572977333793,0.0773876820195393,1.2284913669806743,0.5,0.874815821647644,2.0,5.044817924499512,0
2020-03-18,NVDA,4.977162502437145,5.22191633177499,4.494121689883863,5.044817924499512,874268000,-0.0665070338327726,5.884940433502197,6.368043208122254,5.747267736670081,6.097348970224097,38.787713870919205,-0.3306161042193203,-0.1324410259488882,-0.198175078270432,0.0762520051132386,1.2104630549979298,-0.6666666666666666,0.7482648889223734,3.0,5.2972822189331055,1
2020-03-19,NVDA,5.023425962403423,5.390805960383329,4.810261552941919,5.2972822189331055,765512000,0.0500442827098939,5.73490424156189,6.2492162704467775,5.665452187990631,6.021152136767812,41.675081029529615,-0.3501615789138048,-0.1759851365418715,-0.1741764423719332,0.0777927866611683,1.234922203800925,0.3333333333333333,0.7452568411827087,3.0,5.117696285247803,0
2020-03-20,NVDA,5.447268167132194,5.728834719934263,5.102274726874198,5.117696285247803,804636000,-0.0339015227550916,5.584942770004273,6.139594078063965,5.565860205673753,5.935108722337335,40.2216955330716,-0.375810483097613,-0.2159502058530198,-0.1598602772445931,0.0775590042444376,1.2312110229875095,0.0,0.7889892856280009,3.0,5.290318012237549,1
2020-03-23,NVDA,5.11670186259857,5.384588507711456,4.937862326875791,5.290318012237549,643876000,0.0337303578345089,5.503482389450073,6.0644433975219725,5.515761625048989,5.873700083280212,42.3045260768296,-0.3778526436743759,-0.248330693417291,-0.1295219502570848,0.0771070360398713,1.2240362501687665,1.0,0.9390535950660706,1.0,6.197946548461914,1
2020-03-24,NVDA,5.6960019972439735,6.284506249716404,5.6723724650335825,6.197946548461914,1101644000,0.1715640787803003,5.473882865905762,6.048632192611694,5.639795247487703,5.904580699011803,51.81166123117305,-0.3027431980038066,-0.2592131943345942,-0.0435300036692124,0.0866010419875713,1.3747489222690588,0.6,0.8013897478580475,10.0,6.109397888183594,0
2020-03-25,NVDA,6.312861800383095,6.512346261387869,6.060645815672692,6.109397888183594,793432000,-0.0142867737864397,5.471768760681153,6.021433186531067,5.725177545796046,5.924087097980546,50.9299233851176,-0.2475104120675419,-0.2568726378811838,0.0093622258136418,0.0865292039073357,1.3736085280992538,0.5,0.8001645803451538,2.0,6.398426532745361,1
2020-03-26,NVDA,6.316343948572078,6.52229572585307,6.218343085472186,6.398426532745361,696108000,0.0473088592119343,5.573575448989868,6.027203774452209,5.847586452514103,5.969262282243862,53.69966750707315,-0.1783598142656259,-0.2411700731580722,0.0628102588924462,0.0861469707979173,1.367540765596997,1.0,0.9521655440330504,1.0,6.286247253417969,0
2020-03-27,NVDA,6.21834277196547,6.544681468954972,6.185509929720243,6.286247253417969,638828000,-0.0175323227911253,5.6031499862670895,6.005638504028321,5.927342961769352,5.999451327117586,52.461943731550924,-0.1310981794182684,-0.2191556944101115,0.0880575149918431,0.084893361475383,1.3476403345450498,-1.0,0.9656879901885986,1.0,6.606118679046631,1
2020-03-30,NVDA,6.3516639125853,6.615321989617182,6.307638034053594,6.606118679046631,602252000,0.050884321397753,5.775248908996582,5.99215714931488,6.0507567285470385,6.057229170158448,55.60419936068386,-0.0670590277991829,-0.1887363610879258,0.1216773332887428,0.0855077193652676,1.3573929637008002,1.0,0.9509713649749756,1.0,6.556619167327881,0
2020-03-31,NVDA,6.646162958741727,6.850124950303092,6.411109735344976,6.556619167327881,949960000,-0.0074929794821508,5.8904870510101315,5.989309024810791,6.142731717416282,6.104790122269822,54.99835655215149,-0.0200703768637984,-0.1550031642431003,0.1349327873793019,0.085033205070832,1.349860282801069,0.6666666666666666,0.8630936940511068,3.0,6.045971870422363,0
2020-04-01,NVDA,6.358879299861873,6.505134601171152,6.001448785113921,6.045971870422363,656912000,-0.0778827142271906,5.990602445602417,5.937771439552307,6.125139017962843,6.099188383998635,49.05977501988777,-0.023762581418409,-0.1287550476781621,0.104992466259753,0.085332798201931,1.3546161763174158,-1.0,0.9179160892963408,2.0,6.354400157928467,1
2020-04-02,NVDA,6.075071934994346,6.367582918996632,6.027066607171821,6.354400157928467,675764000,0.0510138475858568,6.096314239501953,5.915609240531921,6.166822861592956,6.123494267230048,52.40274708714832,-0.0017805696710402,-0.1033601520767377,0.1015795824056974,0.0857709485995261,1.3615715982507,0.0,0.0,0.0,6.066864967346191,0
2020-04-03,NVDA,6.316842172617156,6.358380662536107,5.929563928559885,6.066864967346191,663212000,-0.0452497770735312,6.191231107711792,5.888086938858033,6.148648699002635,6.118101000574442,49.1635553470676,-0.0074751845630434,-0.0841831585739988,0.0767079740109554,0.0861789112601256,1.3680478047155789,0.0,0.90839084982872,2.0,6.676014423370361,1
2020-04-06,NVDA,6.348680785913567,6.712827199705411,6.2912230611282824,6.676014423370361,727884000,0.100405969030596,6.329800748825074,5.916641569137573,6.244533376160403,6.1712356122692915,55.44673753745637,0.0367415288603982,-0.0599982210871194,0.0967397499475177,0.0870220799771155,1.3814326931461272,1.0,0.9447356462478638,1.0,6.442950248718262,0
2020-04-07,NVDA,6.897386723143072,6.921016732850142,6.3999192267850225,6.442950248718262,784520000,-0.0349106757223628,6.354301118850708,5.914091992378235,6.280609171170923,6.197113196693003,52.75988008025445,0.0523735322385929,-0.0375238704219769,0.0898974026605699,0.0864991440975398,1.3731313434121852,1.0,0.7776332795619965,2.0,6.639946937561035,1
2020-04-08,NVDA,6.551895173160466,6.664820405786756,6.482000959912944,6.639946937561035,542444000,0.0305755408994448,6.407356023788452,5.939562392234802,6.3459433105145795,6.2392878386804345,54.75560862246306,0.0797388145395805,-0.0140713334296654,0.093810147969246,0.0855431442613917,1.3579553164929872,1.0,0.9515264630317688,1.0,6.5404534339904785,0
2020-04-09,NVDA,6.76555762990454,6.7884408976976,6.477523735926655,6.5404534339904785,525564000,-0.0149840811238624,6.4215587139129635,5.997567081451416,6.381308787510197,6.26797027632901,53.52569870503377,0.0923333423875512,0.0072096017337778,0.0851237406537733,0.0801618581600931,1.2725300479466408,0.0,0.8393083810806274,1.0,6.712079048156738,1
2020-04-13,NVDA,6.4807566311857645,6.7207846897053765,6.392456281522787,6.712079048156738,398408000,0.0262406293230876,6.464141893386841,6.0336459398269655,6.441448834900477,6.310266349836413,55.38725305794187,0.1148395503228707,0.0287355914515964,0.0861039588712743,0.0767049692984509,1.217653638519274,0.0,0.0,0.0,7.062795639038086,1
2020-04-14,NVDA,6.840178797054481,7.096871949799696,6.81256933291032,7.062795639038086,530948000,0.0522515584761567,6.509809589385986,6.142529249191284,6.554420981107315,6.3819358059508575,59.00128500171271,0.1591412982590503,0.0548167328130872,0.1043245654459631,0.0622496863060517,0.988183134945576,1.0,0.9501413702964784,1.0,6.985437393188477,0
2020-04-15,NVDA,6.894898243400246,7.068265763838534,6.849628905717081,6.985437393188477,366148000,-0.0109529214496917,6.552691411972046,6.221589231491089,6.632787601485708,6.439412147592535,57.887370569977,0.1858660407252159,0.0810265943955129,0.1048394463297029,0.0591801752424124,0.93945615741987,0.0,0.9087029099464417,2.0,7.330183029174805,1
2020-04-16,NVDA,7.1406481386780065,7.4371386115629985,7.127465375917318,7.330183029174805,745620000,0.0493520472064485,6.68111252784729,6.335857486724853,6.759586770156452,6.52424746964799,61.38610381977442,0.2321871741238252,0.1112587103411754,0.1209284637826498,0.0564387125703097,0.8959367866661674,0.4,0.8797861218452454,5.0,7.270983695983887,0
2020-04-17,NVDA,7.412264162275912,7.433655370807423,7.137164937154515,7.270983695983887,539120000,-0.0080761057336903,6.772770881652832,6.434542560577393,6.852568029397803,6.595365205489504,60.45724534102525,0.2611101987927045,0.1412290080314812,0.1198811907612232,0.0563232457569598,0.8941038078293376,1.0,0.862109899520874,1.0,7.139900207519531,0
2020-04-20,NVDA,7.144626397895936,7.300333543679682,7.095625738085958,7.139900207519531,449388000,-0.0180283018014136,6.880074405670166,6.535652756690979,6.904810243601753,6.647225681873316,58.351773678239894,0.2703382709060067,0.1670508606063863,0.1032874102996203,0.0556703084444393,0.883738749325474,0.0,0.0,0.0,6.703622817993164,0
2020-04-21,NVDA,7.022002163547339,7.083190258887159,6.64392677965587,6.703622817993164,735160000,-0.0611041298682147,6.882835245132446,6.60631799697876,6.868230711672918,6.6525968376942535,51.876327904372985,0.2396847091988716,0.1815776303248834,0.0581070788739882,0.0582562836173149,0.9247898325495694,-0.5,0.9519270658493042,2.0,7.117515563964844,1
2020-04-22,NVDA,6.8956450294305265,7.160297985277611,6.850127091236819,7.117515563964844,483356000,0.0617416518215721,6.950291776657105,6.652296447753907,6.91355523027145,6.696874811624786,56.77684456871413,0.2459540213953088,0.1944529085389685,0.0515011128563403,0.0465731600718722,0.739325995923462,1.0,0.9532290101051332,1.0,7.064286231994629,0
2020-04-23,NVDA,7.159551578055297,7.291380147551621,7.039164167732887,7.064286231994629,424160000,-0.007478639349903,6.9927257061004635,6.700040864944458,6.940960866948391,6.731866375469533,55.98722135091659,0.2438167663334081,0.2043256800978564,0.0394910862355516,0.0464266203767212,0.73699975038005,0.6666666666666666,0.8584069808324178,3.0,7.203080654144287,1
2020-04-24,NVDA,7.054089379164619,7.205070379941824,6.979468968693204,7.203080654144287,352328000,0.0196473383993203,7.058988428115844,6.740273571014404,6.988619010074917,6.77674392581951,57.64144957844011,0.2504356598172661,0.2135476760417384,0.0368879837755277,0.0456083035625918,0.7240093736769557,1.0,0.8958556652069092,1.0,7.389381408691406,1
2020-04-27,NVDA,7.337396152234377,7.54906850647414,7.312771282405198,7.389381408691406,479388000,0.0258640383875101,7.126718664169312,6.795430278778076,7.06148490073246,6.83509035275969,59.82422086234464,0.2676290335953606,0.2243639475524628,0.0432650860428977,0.0454155897845478,0.7209501372914348,0.4,0.7925840735435485,5.0,7.247106075286865,0
2020-04-28,NVDA,7.536632034839591,7.566480291999541,7.241634092483355,7.247106075286865,442904000,-0.0192540248683328,7.1451497077941895,6.827479648590088,7.095234205196897,6.874329945381326,57.39191847454696,0.2667001228240426,0.2328311826067788,0.0338689402172638,0.0447211863865763,0.7099268250878893,1.0,0.9060762524604796,1.0,7.423706531524658,1
2020-04-29,NVDA,7.381670378607925,7.47643805187387,7.306552786236492,7.423706531524658,379160000,0.0243684105632195,7.188976621627807,6.870834016799927,7.1549564463473985,6.926651525014024,59.5882364252215,0.2770208117734718,0.2416691084401174,0.0353517033333543,0.0447982615465896,0.7111503553218248,0.0,0.9583788812160492,2.0,7.269989013671875,0
2020-04-30,NVDA,7.369730999567452,7.423706453585619,7.25605998667929,7.269989013671875,375916000,-0.0207063031384692,7.1829572200775145,6.932034873962403,7.175871458588212,6.959350333457628,56.841693054345065,0.269687523209714,0.2472727913940367,0.0224147318156772,0.0407235021797316,0.6464655556990004,0.0,0.8849902153015137,1.0,7.033693313598633,0
2020-05-01,NVDA,7.072744411880323,7.185918254969449,6.985438902892825,7.033693313598633,342096000,-0.0325028964457672,7.159228181838989,6.9659995317459105,7.150020886771924,6.966430617280581,52.811967964305914,0.2420189076828682,0.246222014651803,-0.0042031069689348,0.0405821178847484,0.6442211495961063,-1.0,0.9740463495254515,1.0,7.245364665985107,1
2020-05-04,NVDA,6.986432764934915,7.259045096885763,6.986432764934915,7.245364665985107,317556000,0.0300939126784556,7.1697746276855465,7.024924516677856,7.167356119356139,6.992995764776251,55.83262196369084,0.2344686312333159,0.2438713379681056,-0.0094027067347897,0.0390563036537406,0.619999599583327,0.5,0.9279924035072328,2.0,7.306305408477783,1
2020-05-05,NVDA,7.349336431311147,7.468728519073253,7.245365430153509,7.306305408477783,368896000,0.0084109972792363,7.230042886734009,7.056439065933228,7.192619626469165,7.022834778462111,56.69216170809764,0.2307425350544987,0.2412455773853843,-0.0105030423308855,0.0327028356305121,0.5191414214697445,0.0,0.0,0.0,7.407040596008301,1
2020-05-06,NVDA,7.385649862422182,7.511757839211143,7.347842234207468,7.407040596008301,323464000,0.0137874318001587,7.258995389938354,7.1046435832977295,7.231605257294462,7.059425808704606,58.142262648994475,0.2332295397880068,0.2396423698659088,-0.0064128300779019,0.03135798938442,0.4977926491570737,0.0,0.0,0.0,7.583145618438721,1
2020-05-07,NVDA,7.546084248410527,7.646323918023772,7.494845252172032,7.583145618438721,373732000,0.0237753553727413,7.310881328582764,7.151803517341614,7.295521686593418,7.109303885822141,60.6244447788751,0.2465684251743729,0.2410275809276016,0.0055408442467712,0.0311302258898203,0.4941770157703739,1.0,0.8369351029396057,2.0,7.772929668426514,1
2020-05-08,NVDA,7.654781042582035,7.779147917276859,7.620953332367935,7.772929668426514,339216000,0.0250270876410871,7.367866230010987,7.213427329063416,7.382323137835798,7.172506341308272,63.15987489179981,0.269348690645061,0.2466918028710935,0.0226568877739675,0.0309197374348639,0.4908356151363859,1.0,0.9571877717971802,1.0,8.02464771270752,1
2020-05-11,NVDA,7.7679541359634445,8.071409584799568,7.739349814452519,8.02464771270752,469060000,0.0323839343746386,7.431392860412598,7.279055762290954,7.499109424176111,7.253662662393914,66.26281320024096,0.3042070481428593,0.2581948519254467,0.0460121962174126,0.0311285498347964,0.4941504092217129,0.25,0.7628929764032364,4.0,7.762978553771973,0
2020-05-12,NVDA,8.08235272343663,8.131104316123853,7.753278049532233,7.762978553771973,493060000,-0.032608180234651,7.482980108261108,7.314064908027649,7.547085629557176,7.302168937763253,60.55313597860827,0.3071770870862433,0.267991298957606,0.0391857881286373,0.0307658503361182,0.4883927331768115,0.0,0.8183007836341858,4.0,7.740594863891602,0
2020-05-13,NVDA,7.87739824289948,8.037582561321718,7.556282865827379,7.740594863891602,625852000,-0.0028833893750093,7.514668941497803,7.351822781562805,7.58226912670889,7.343923787870715,60.076256781683966,0.3042178535946052,0.2752366098850058,0.0289812437095993,0.0305954856293831,0.4856882772995897,1.0,0.8594294786453247,2.0,7.989824771881104,1
2020-05-14,NVDA,7.802030552114325,7.99529675418394,7.648561706335305,7.989824771881104,602312000,0.0321977719247539,7.586652517318726,7.38480486869812,7.656370153103837,7.405438167300276,63.52107949657303,0.3183140837915488,0.2838521046663144,0.0344619791252343,0.0295258601434829,0.468708499109578,0.3333333333333333,0.8564916650454203,3.0,8.44774341583252,1
2020-05-15,NVDA,7.849787261647808,8.457443446163204,7.834117106027025,8.44774341583252,987660000,0.0573127267525297,7.728057527542115,7.443642854690552,7.800256200872688,7.5047053338271565,68.84086234193039,0.3622597504571692,0.2995336338244854,0.0627261166326837,0.0315815967837779,0.5013423065771628,-0.3333333333333333,0.8063898285230001,3.0,8.705930709838867,1
2020-05-18,NVDA,8.716128885688486,8.871338897702698,8.636534153708487,8.705930709838867,774460000,0.0305628712068195,7.87411413192749,7.521944379806518,7.964924293411993,7.619107750590176,71.37552775166597,0.4131579372474681,0.3222584945090819,0.0908994427383861,0.0313418215315559,0.4975359924495992,0.4285714285714285,0.769747929913657,7.0,8.760899543762207,1
2020-05-19,NVDA,8.74572658115145,9.041470783714418,8.71836571880114,8.760899543762207,717320000,0.0063139526094799,8.019573545455932,7.624808216094971,8.10964706620294,7.727849826130369,71.89962711589894,0.4527120596639795,0.3483492075400615,0.104362852123918,0.0264934882870115,0.4205710882202114,0.1666666666666666,0.9006994465986887,6.0,8.924567222595215,1
2020-05-20,NVDA,8.945460766522393,8.997197432107013,8.843728564013752,8.924567222595215,587536000,0.0186816066107662,8.171326208114625,7.715160799026489,8.257814367365173,7.841822911507974,73.4578965925608,0.4915987560548895,0.3769991172430271,0.1145996388118624,0.024027556513365,0.3814256348814851,0.5,0.7171816229820251,2.0,8.730804443359375,0
2020-05-21,NVDA,9.005655143771433,9.006649532311567,8.693245401400757,8.730804443359375,761068000,-0.0217111681051906,8.28609209060669,7.798486709594727,8.343812563000482,7.926487819303345,68.60732329211956,0.5010064160682139,0.4018005770080645,0.0992058390601494,0.0248215439973967,0.3940297954425597,0.1111111111111111,0.8177830179532369,9.0,8.980530738830566,1
2020-05-22,NVDA,8.780548617812489,9.046943165034367,8.669116398399483,8.980530738830566,1038764000,0.0286028964560227,8.406852197647094,7.887359213829041,8.459579504060496,8.026872859258319,71.24291452724248,0.5225888010043525,0.4259582218073221,0.0966305791970303,0.0250664973019455,0.3979183086025166,0.75,0.7957756608724594,20.0,8.67359447479248,0
2020-05-26,NVDA,9.110371082978151,9.135245028089948,8.628076531061675,8.67359447479248,770780000,-0.0341779648624703,8.47174687385559,7.951569867134094,8.498491316920857,8.088465394071097,64.11772497131795,0.5090577048800062,0.4425781184218589,0.0664795864581472,0.0267782785303945,0.4250919931790647,0.75,0.8482521921396255,4.0,8.482068061828613,0
2020-05-27,NVDA,8.581312372243556,8.589022676430485,7.956244482923498,8.482068061828613,1175892000,-0.0220815503330814,8.543655824661254,8.013317966461182,8.495505270540448,8.125951362428955,60.0798859571903,0.4773767310432442,0.449537840946136,0.0278388900971081,0.0269388547481151,0.4276410616104248,-1.0,0.8937060236930847,2.0,8.444013595581055,0
2020-05-28,NVDA,8.369641310493597,8.71612780265419,8.336808463910437,8.444013595581055,734896000,-0.0044864608454172,8.6139976978302,8.064333319664001,8.486143147820558,8.156243003681537,59.281066658720064,0.4440795806608681,0.4484461888890825,-0.0043666082282143,0.0268020816890481,0.4254698566083558,1.0,0.547185480594635,1.0,8.830544471740723,1
2020-05-29,NVDA,8.511170268712194,8.830544471740723,8.442022323211523,8.830544471740723,745256000,0.0457757287792559,8.698069667816162,8.142361092567445,8.548761570351497,8.220462191115745,64.45126121001937,0.4437657056029582,0.4475100922318576,-0.0037443866288994,0.027328649663106,0.4338288640547258,0.0,0.0,0.0,8.761645317077637,0
2020-06-01,NVDA,8.788508985175579,8.795970693494391,8.645486899720394,8.761645317077637,389876000,-0.0078023676664078,8.729459857940673,8.228758692741394,8.587467706119885,8.272003441207353,62.917711713812835,0.4329664041958256,0.4446013546246513,-0.0116349504288256,0.0258172285282836,0.4098357973605632,0.0,0.0,0.0,8.780548095703125,1
2020-06-02,NVDA,8.7516956542315,8.792487396907989,8.614145567728748,8.780548095703125,391320000,0.0021574462262976,8.7369215965271,8.305517864227294,8.622573231498656,8.320436265445046,63.17658478764647,0.4210792369530018,0.4398969310903214,-0.0188176941373195,0.0255040681873191,0.4048645310644826,-0.5,0.7634970843791962,2.0,8.725079536437988,0
2020-06-03,NVDA,8.777562925778758,8.821339725699485,8.655931605904515,8.725079536437988,365440000,-0.0063172092061406,8.733339595794678,8.376456570625304,8.641210741487624,8.358973719825327,61.81292642408711,0.4025424631666414,0.4324260375055854,-0.029883574338944,0.0257625304725611,0.4089674926447204,0.0,0.0,0.0,8.726075172424316,1
2020-06-04,NVDA,8.687751926750261,8.902009351339903,8.637484882877722,8.726075172424316,424280000,0.0001141119667928,8.713490390777588,8.442408299446106,8.656640638021567,8.393935762929992,61.82885302245937,0.3835113952569582,0.42264310905586,-0.0391317137989018,0.0258164680682292,0.4098237254314479,0.0,0.0,0.0,8.878868103027344,1
2020-06-05,NVDA,8.753947082988638,8.955512705887044,8.667845785384223,8.878868103027344,481748000,0.0175099260072701,8.728296756744385,8.507194423675537,8.69704563165898,8.440119795320216,64.29024552529172,0.3764191240338661,0.4133983120514612,-0.0369791880175951,0.0256594237257148,0.4073307237808311,0.0,0.0,0.0,8.764399528503418,0
2020-06-08,NVDA,8.836315791447598,8.84875796278578,8.645699106542606,8.764399528503418,387736000,-0.0128922485609281,8.70668363571167,8.556767916679382,8.709291794721604,8.471003579432901,61.11093958363363,0.357441428395246,0.4022069353202182,-0.0447655069249721,0.0257536107579473,0.4088258965649179,-0.3333333333333333,0.9100030064582824,3.0,9.004287719726562,1
2020-06-09,NVDA,8.759422705552621,9.067744029316774,8.710897571535652,9.004287719726562,468488000,0.02737075032271,8.739752960205077,8.605749917030334,8.762927417449779,8.521792545175154,65.0154841487186,0.3576358367714451,0.3932927156104636,-0.0356568788390184,0.0255099528949869,0.4049579479026466,1.0,0.9570684432983398,1.0,9.323559761047363,1
