Price,Close,High,Low,Open,Volume
Ticker,META,META,META,META,META
Date,,,,,
2021-07-30,353.1983337402344,357.58979280263065,349.867597652045,350.91836774547977,15976200
2021-08-02,348.8862609863281,356.2713900270993,347.6867723455861,354.9827187252499,13180400
2021-08-03,348.182373046875,350.69034766045326,344.6732112647218,349.6594228581962,12406100
2021-08-04,355.7955627441406,357.3419802981205,348.450064236777,349.3521461852516,14180600
2021-08-05,359.810302734375,360.73219970957473,353.79313557019657,356.5093041046294,10247200
2021-08-06,360.3455810546875,361.9712887894924,358.2539333036659,358.2539333036659,8925000
2021-08-09,358.46209716796875,362.59580978398236,357.6095981631221,360.59340518391826,7798900
2021-08-10,357.9862976074219,360.93044438701185,355.91449509614256,358.6801858194568,7469900
2021-08-11,356.82647705078125,359.2055785824935,354.6951992255373,358.9478624990702,8400300
2021-08-12,359.49310302734375,359.84006230584646,354.0013206031575,355.32968244107315,7170700
2021-08-13,360.0184631347656,361.48559043105394,358.3332800092168,359.810299682887,7195700
2021-08-16,363.36907958984375,363.75569914673264,354.2689990806307,359.36423946467784,11222100
2021-08-17,355.3296203613281,361.49547500530264,351.9790392177138,359.82018443349546,12328700
2021-08-18,352.3557434082031,356.72732678810877,352.05833682157106,353.14876713538985,10042400
2021-08-19,352.0285949707031,354.45727926547977,347.9444653459799,348.2914245669359,12004500
2021-08-20,356.2416076660156,356.85620560210634,350.23436359428507,351.51314235764846,8697700
2021-08-23,360.18701171875,362.50663817869156,355.97400834984796,356.31104498912975,10942000
2021-08-24,362.3282775878906,364.75693240429536,358.6902113011476,360.4943756232256,9235100
2021-08-25,365.18316650390625,367.63163602444916,362.21917398865673,362.4174450823312,9684500
2021-08-26,361.2080383300781,366.2239880737597,360.96021460656846,365.17321790623237,7888700
2021-08-27,369.38616943359375,370.4864920908366,360.91058112633107,361.9217211377598,11219100
2021-08-30,377.3463134765625,378.1690749179181,367.2945688504509,369.31681888061235,13547300
2021-08-31,376.07745361328125,379.4280351230296,375.5024856460896,376.6424989511328,12345400
2021-09-01,378.7242126464844,380.984363857357,375.5124267815391,376.28563561020815,11567200
2021-09-02,372.01312255859375,378.42680131818895,370.8037416560267,378.1789776107114,14832900
2021-09-03,372.98468017578125,373.87683965839403,369.8620766087509,371.4878149898031,7509600
2021-09-07,378.85308837890625,379.6262972127844,369.9016963878122,372.6079424323459,10793800
2021-09-08,374.2832336425781,377.554494807856,371.5274349497435,376.8506838787292,11067200
2021-09-09,374.7095031738281,376.5235596799351,373.2919586101133,374.35265150125184,9098900
2021-09-10,375.3934631347656,380.4490731082647,374.9672135938655,378.04020354167477,11549600
2021-09-13,373.2324523925781,378.4268279867525,371.0912517788471,378.35743008330803,13026300
2021-09-14,373.2522277832031,375.2942926398303,371.84457586409377,374.1146494141582,8711600
2021-09-15,370.66497802734375,374.2732754958761,364.46938530837144,373.71815280840957,17940300
2021-09-16,369.8124694824219,370.30811692774245,366.4916255483903,369.5448307526397,11934200
2021-09-17,361.5450439453125,368.1768086376163,358.4422863528636,368.1768086376163,26299000
2021-09-20,352.6036071777344,357.88719567110746,346.7549430803481,356.17224460756535,19822800
2021-09-21,354.3680725097656,356.90578475265596,352.0979989695533,355.37918230513225,11751900
2021-09-22,340.2223205566406,346.7946107075454,337.7242682523536,344.207345490811,43692900
2021-09-23,342.9483642578125,346.6260900015658,340.0141399174007,342.3535812862905,21806300
2021-09-24,349.887451171875,351.2653656500242,339.38964145891316,340.2520632105395,18801900
2021-09-27,350.5020446777344,352.05838496337213,344.05862769451767,346.76487371815995,15205800
2021-09-28,337.6846008300781,346.55670226470806,335.96968001839247,344.9408867412506,21710300
2021-09-29,336.65362548828125,342.22472789071014,335.9299996176052,340.1628176861306,14452200
2021-09-30,336.43560791015625,339.81589707106764,335.2063815997219,337.4863781379668,16547100
2021-10-01,340.0240173339844,342.0164991835544,335.6920641746836,338.6361805009996,14905300
2021-10-04,323.3901672363281,333.01563287337103,319.8908972208889,332.6091983075989,42885000
2021-10-05,330.0615539550781,332.2622299266424,323.320760480119,325.71967728805225,35377900
2021-10-06,330.73565673828125,331.46920530979725,322.96387782374825,326.86958228902955,26443000
2021-10-07,326.3540954589844,335.89034718472595,326.1161943728777,334.0663682700986,28307500
2021-10-08,327.1768493652344,330.4976931247865,325.84851791179705,328.6241616109095,15946100
2021-10-11,322.61688232421875,327.5832483555272,322.47808654095144,324.77789757746996,14708200
2021-10-12,320.9515075683594,321.55621312935887,314.60722687772926,320.217959094543,31658700
2021-10-13,321.71490478515625,324.15348214358755,319.85126524628583,324.12374450209177,14761500
2021-10-14,325.6700744628906,327.64274140416654,324.252530180988,325.50154103861985,14302200
2021-10-15,321.93292236328125,326.2054007094238,319.70250897020327,325.8187812003698,21596400
2021-10-18,332.4207763671875,332.9660066284294,324.6490291917283,326.08641867364844,21585000
2021-10-19,337.03033447265625,339.4788340210917,334.34393383511576,336.6932978457845,18786300
2021-10-20,337.8134765625,340.9856323597062,336.4950676495125,340.4602472700604,13639500
2021-10-21,338.9039001464844,339.33014968660194,334.8594000743426,337.3178222799958,16354400
2021-10-22,321.78424072265625,326.7605607564553,318.31470838122334,323.5091145151321,35224500
2021-10-25,325.82867431640625,326.69109590997294,316.9367591846728,317.5116968297456,38409000
2021-10-26,313.0608215332031,327.3354612031208,306.9048890368602,325.4024544129807,65654000
2021-10-27,309.5020751953125,316.47087668883006,309.3434643911741,311.4549272341347,29971800
2021-10-28,314.1611633300781,322.6862744629049,305.42782825462723,310.2653517497801,50806800
2021-10-29,320.7532653808594,323.1621044820293,316.817823818655,317.4026841198495,37059400
2021-11-01,327.1075134277344,330.5473080610597,323.16214869712104,323.20180896504496,31518900
2021-11-02,325.2239990234375,331.875609206315,320.9812583023062,328.4952901589308,28353000
2021-11-03,328.7331848144531,329.25856986128804,320.38649933440297,324.6391323495334,20786500
2021-11-04,332.9264221191406,334.33404403713143,329.75426611061545,331.10244300241123,22495300
2021-11-05,338.1604309082031,343.77116361985196,336.6834112016594,337.34756183736033,26872800
2021-11-08,335.6722717285156,341.78857452736924,335.39471036863415,341.4218002573743,18342500
2021-11-09,332.45050048828125,338.33879345813114,331.5583413038614,337.0401998142938,17556700
2021-11-10,324.7878723144531,330.2895468537602,322.67640935822544,329.59562832992003,21872600
2021-11-11,324.8869934082031,329.5659067272054,324.15344483445233,326.94890382100857,12376600
2021-11-12,337.9225158691406,338.88404283160503,326.9092143568686,327.30572624640484,25414300
2021-11-15,344.5343933105469,350.5713745750115,340.212362816545,341.3424230756894,25076600
2021-11-16,339.9745178222656,343.632398718103,337.90271494458875,340.83693961443635,18181100
2021-11-17,337.8035583496094,344.2767129547134,337.1394076955589,341.2433529254867,13602800
2021-11-18,335.74169921875,339.4788704029074,332.38119471540324,336.76273183814124,17487200
2021-11-19,342.29412841796875,349.0349521165506,336.94114182774706,339.2211383258241,26488500
2021-11-22,338.0414733886719,350.74985063397304,337.5458259535409,346.01146236419726,27116800
2021-11-23,334.314208984375,338.42807681771274,330.59685306534936,335.9795771756377,17225000
2021-11-24,338.091064453125,338.8047980509013,329.91288084406926,333.07511425972456,13566200
2021-11-26,330.22015380859375,334.8098540575957,329.0107728148004,332.8768168926907,14750700
2021-11-29,335.0873718261719,337.70440455498925,332.3910488261399,333.95731151284855,16650900
2021-11-30,321.6355285644531,332.8867315122885,320.61449604727216,332.08378507896754,25390000
2021-12-01,307.8962097167969,327.62297267144055,307.588910710239,327.41480920775433,30329600
2021-12-02,307.68798828125,311.8613306581349,304.5257556465427,308.68917539543384,24396200
2021-12-03,304.1689758300781,311.0188283980967,296.89287364216716,310.9990133873777,27471000
2021-12-06,315.1029052734375,317.3135037928877,303.6732762774191,305.4477026203686,21758300
2021-12-07,319.9998779296875,323.6974184932654,318.20563672841274,318.7706820353999,18794000
2021-12-08,327.6824951171875,329.8534337353291,320.25770474167234,322.17089696162867,19937700
2021-12-09,326.9488525390625,333.20392019867387,325.1446887738211,326.67129120994196,16879200
2021-12-10,326.8794860839844,332.1135218307641,323.5289045553866,329.66502227155183,14528000
2021-12-13,331.5782165527344,338.120768847072,326.72087766442525,328.0690544396318,22948700
2021-12-14,330.8347473144531,332.7777070826221,324.7977650571663,325.19427696326966,20461000
2021-12-15,338.685791015625,339.1318555324003,321.1597059007008,329.59560422727736,24681300
2021-12-16,331.98468017578125,341.46145769089816,330.8347743776726,336.0291806038767,22635000
2021-12-17,330.8843078613281,334.17538368642465,327.8707631250314,329.9029054140039,40012600
2021-12-20,322.61688232421875,327.0281257262868,319.7222883986814,326.9091751988659,17901800
2021-12-21,331.2908020019531,333.0751209060378,320.9317571230052,323.5686054604087,16116800
2021-12-22,327.5733947753906,331.5980494399973,325.40245663710306,330.89420831620754,16764600
2021-12-23,332.32171630859375,333.73929110820535,325.5016020696293,327.226475890015,13987700
2021-12-27,343.16644287109375,344.841733582663,335.06758091224634,335.90026495348917,17795000
2021-12-28,343.2061462402344,349.63964092460617,342.19503626000375,343.6125808087769,16637600
2021-12-29,339.95465087890625,346.64589097074906,338.6659797027257,343.8900925578149,10747000
2021-12-30,341.3622741699219,344.2073157522339,340.2322137913024,341.0054225509634,10593300
2021-12-31,333.4220886230469,340.45036673933066,333.3427680797524,340.0340095168431,12870500
2022-01-03,335.59295654296875,338.11082360220985,334.2547024867432,335.35502521507095,14537900
2022-01-04,333.6004638671875,340.103355842502,328.9810261084693,336.9907056585959,15998000
2022-01-05,321.3480529785156,332.8371562358702,321.0209087490122,330.12098787578486,20564500
2022-01-06,329.5658874511719,336.2174978797131,319.9106849971609,320.0098205355799,27962800
2022-01-07,328.9017639160156,334.0664021975525,326.0170919463344,329.8434759787728,14722000
2022-01-10,325.2141418457031,325.4817805917903,312.6841591437298,322.4781581002386,24942400
2022-01-11,331.4592590332031,331.71700537861085,322.4483923442952,323.9353346411827,16226800
2022-01-12,330.3589172363281,333.4418295668102,327.15702411733304,332.2621863257024,14104900
2022-01-13,323.6379089355469,332.7082495131672,322.9241755317914,332.06391399981203,14797100
2022-01-14,329.0107421875,329.8335338228713,318.4137982227158,318.98876615498534,16868500
2022-01-18,315.3804931640625,321.38773834799343,314.8749532934416,320.4757639036312,22645600
2022-01-19,316.80792236328125,324.25255648211686,316.5501760176956,316.7979997340146,20814700
2022-01-20,313.8043212890625,324.96631190525255,313.2293835392829,321.08042246053043,16925000
2022-01-21,300.5308532714844,315.5390405849981,300.40198010913116,312.0695088375882,28710700
2022-01-24,306.0225830078125,306.83545193460026,286.49409527277817,295.247214295692,38878100
2022-01-25,297.53717041015625,303.56426059087903,294.9895351520155,297.33892957316243,25108500
2022-01-26,292.065185546875,304.8330671393812,288.3180924927191,304.3374197499325,28348800
2022-01-27,292.07513427734375,299.08356599902004,291.69843738739166,295.15804679430795,21629900
2022-01-28,299.08355712890625,299.27190556829635,290.4791251947652,293.0465751951822,21871600
2022-01-31,310.5329895019531,311.0583744864284,296.71433887037983,298.06248515057547,21579500
2022-02-01,316.2230529785156,316.8773112011151,309.40293966017686,311.821701482423,18023800
2022-02-02,320.1883239746094,325.1447995779315,314.1116800446282,324.9663737166742,58458300
2022-02-03,235.69024658203125,245.84111079571545,233.697749476169,242.5202671599868,188119900
2022-02-04,235.02609252929688,240.49804434059385,228.10685870647143,232.92455228605658,89342200
2022-02-07,222.95211791992188,236.2255547358029,222.0599435210588,235.63077180322753,88613800
2022-02-08,218.2633056640625,223.8046556975706,214.26838839341522,218.92748656351395,94729700
2022-02-09,229.9803924560547,231.33846148499288,220.2756230677488,222.2482900293233,86563300
2022-02-10,226.0846405029297,232.9543070635339,224.72655617184256,226.28289646247256,49310400
2022-02-11,217.6387939453125,228.41416445140362,216.86558514893198,226.471234956997,46156900
2022-02-14,215.80490112304688,219.07617738521267,212.91032177090045,217.40088654976037,38184000
2022-02-15,219.07615661621094,219.22484478977512,213.18786292773044,218.55077156833923,42685500
2022-02-16,214.65499877929688,215.56700343123342,210.51139320740756,210.5609609793981,45817500
2022-02-17,205.90185546875,215.60662518366414,205.3566402879214,212.15692341599396,38747500
2022-02-18,204.36534118652344,208.9153807236556,203.39386138428333,207.5672191801396,37128400
2022-02-22,200.32089233398438,205.6738792012657,198.31847222951438,200.57862358467415,39852400
2022-02-23,196.72244262695312,205.1385406073783,196.32593077226764,202.38274237722837,44481400
2022-02-24,205.79281616210938,206.53628729690607,188.56410689144704,189.3967909321892,49957200
2022-02-25,208.64773559570312,209.48043476464565,201.4112801723448,203.15596878731102,37627600
2022-02-28,209.1929473876953,211.29448759324586,205.02951211449042,205.87210364692402,34239800
2022-03-01,201.7185821533203,209.90667166894585,200.4596335354331,208.04303262444745,27094900
2022-03-02,206.29837036132812,207.32931034252405,200.2613883982864,202.99735671935014,29452100
2022-03-03,201.20310974121094,207.25992166380965,199.66659975329932,207.20044639508353,27263500
2022-03-04,198.31846618652344,204.09771758664783,197.05951735897975,200.60835511137336,32130900
2022-03-07,185.8380584716797,199.14123438340457,185.64971001813566,199.04209884176245,38560600
2022-03-08,188.63351440429688,194.9877188332705,184.48990866339375,186.21476736768085,37508100
2022-03-09,196.7720184326172,197.3668013649127,192.2318864189058,194.03605022116608,31894700
2022-03-10,193.5106658935547,194.57134347134718,189.40670599838367,193.14387652938188,24853000
2022-03-11,185.97683715820312,191.87503879956054,185.04501753022495,190.96304930488995,34694500
2022-03-14,185.00537109375,190.61608870370827,184.20242464895531,185.40188300136523,31010500
2022-03-15,190.3583526611328,190.60617637861344,184.29163289751435,189.1390642063968,31721700
2022-03-16,201.8573760986328,201.95649650852528,192.8266793674669,193.0051051808488,40640300
2022-03-17,206.03076171875,206.22901770563317,199.35935019767493,199.94421065306705,29499700
2022-03-18,214.6054229736328,214.91272195046668,204.20673477217082,204.90063812727288,52128000
2022-03-21,209.64895629882812,212.8409269719916,205.82255751754292,212.63274839506389,30142300
2022-03-22,214.76400756835938,217.54955859989062,208.3503291456667,209.52997235144798,31998800
2022-03-23,211.601806640625,214.91272782980164,210.3131203024904,211.47293346902381,23717300
2022-03-24,217.65859985351562,218.7490150246612,212.92019693825017,213.12837549531818,31502300
2022-03-25,219.88905334472656,223.53701150483215,216.9845512720911,218.59044425279404,40039000
2022-03-28,221.6436309814453,222.0897106771945,217.628883467782,220.1963488462626,26224100
2022-03-29,227.85902404785156,228.88005648497796,223.3287995371799,224.10202339948714,31417900
2022-03-30,225.8665313720703,229.1377921857716,224.7364558793833,226.91730146383702,25588000
2022-03-31,220.42431640625,226.50095848284667,220.3251808740348,226.46129821957717,24192300
2022-04-01,222.8926544189453,225.30149365853208,220.7613614029989,222.59526293695754,19544800
2022-04-04,231.85397338867188,232.3099757174328,223.89387621416836,224.01282676690582,28054800
2022-04-05,229.82176208496094,234.7980657676506,229.00890828773225,232.042267682143,29727200
2022-04-06,221.3561553955078,226.99662582724713,219.4826086293868,224.9347306089512,28995100
2022-04-07,221.0092010498047,223.55683627381228,216.6574169233372,221.9806658434369,21037200
2022-04-08,220.39459228515625,223.17022097182485,218.11461103803705,220.44416005430307,18375700
2022-04-11,214.57569885253906,218.6895666015548,213.34648774183083,216.51862836918798,20516600
2022-04-12,212.27586364746094,220.09717885895486,211.27466136470724,218.32276785764725,20128800
2022-04-13,213.11851501464844,214.72440805564824,209.4903717266493,209.97611171634134,19231800
2022-04-14,208.35035705566406,213.1184982815987,208.1719312322115,213.01936274015176,18379500
2022-04-18,208.93521118164062,211.52249123883075,206.48671179270767,208.17190994324702,16580800
2022-04-19,215.41827392578125,216.5285192787811,207.18061642952617,208.687388784282,20089900
2022-04-20,198.67532348632812,212.29572095663042,197.18838112552498,211.7505057324773,43036500
2022-04-21,186.432861328125,201.20315104850755,183.9645312875298,199.84508171391923,49954100
2022-04-22,182.50729370117188,191.04234288346137,181.67460966532872,188.71279395775377,36426800
2022-04-25,185.3622283935547,185.55056170817895,180.07862505796282,181.139302675937,29281100
2022-04-26,179.37481689453125,185.56050278364089,177.93744225250256,185.00538003576446,31747400
2022-04-27,173.42703247070312,179.6325479655742,167.52883108777505,172.91155490901065,71062900
2022-04-28,203.93910217285156,206.71473100829363,191.22078637719784,201.15356583343285,100890600
2022-04-29,198.72488403320312,210.6303299905901,198.15983869617668,202.68015601451035,49193400
2022-05-02,209.29208374023438,210.03555486785692,199.24035469981607,199.41878050998523,49915300
2022-05-03,210.18423461914062,213.02924584651242,206.27853069841137,208.61798702460686,41556300
2022-05-04,221.4652099609375,222.34746186757863,205.15841094441203,208.81627662972593,41375900
2022-05-05,206.4668731689453,218.25336736113462,204.3653331000741,216.83582310266792,41129200
2022-05-06,201.99615478515625,207.55731947021067,199.27009396161898,205.53506951603146,34747200
2022-05-09,194.5019989013672,200.80663571599845,193.87747821010933,198.10038947118863,36303200
2022-05-10,195.92942810058594,201.19321664925386,192.49955626673494,197.77323719295447,34452500
2022-05-11,187.0970001220703,198.92314071841457,186.6310903208202,194.62092459185249,31153400
2022-05-12,189.5752716064453,196.32598850524704,183.17149890102877,185.4316504144788,38262200
2022-05-13,196.8909912109375,198.14993998847334,189.61489016381347,190.90357657872764,24549800
2022-05-16,198.2986297607422,203.58223351596016,194.22440702177838,195.33466762129902,27112600
2022-05-17,200.8561553955078,203.67144423340272,196.6332448276037,200.36050797611236,24872700
2022-05-18,190.56654357910156,199.25028175657994,189.96185306425463,198.25898682246762,23960000
2022-05-19,189.6248016357422,193.58998137940185,187.94952589985266,189.5355887217403,24446900
2022-05-20,191.85519409179688,196.18716276985003,186.23455423988324,193.2727535593855,31465600
2022-05-23,194.52178955078125,195.27518333819546,189.57523779332573,193.49084953374,25059200
2022-05-24,179.70193481445312,182.08103647842762,174.57694209488812,178.97829378660447,50406300
2022-05-25,182.229736328125,183.8356291645361,177.75900194507628,178.82958708537754,28030200
2022-05-26,189.9618377685547,191.15138856851496,180.67339469817318,181.28800779348728,23056500
2022-05-27,193.43138122558594,193.62963718300583,188.1477775238642,189.69419516808324,22562700
2022-05-31,191.95433044433594,195.87986462999697,190.3385150297135,193.19344898292155,26131100
2022-06-01,186.9978790283203,197.79308044410078,183.38956601023835,194.79936545558363,36623500
2022-06-02,197.12889099121094,199.19078605787604,186.09577466544653,186.80950815490593,31951600
2022-06-03,189.1192626953125,194.89851447671586,188.12796767536602,194.27399377384188,19465000
2022-06-06,192.55905151367188,195.20580731781783,186.7599697806363,192.30132026201116,30574200
2022-06-07,193.9468231201172,194.81916739139774,189.8230482148781,190.25920522456,18828700
2022-06-08,194.92823791503906,200.27131707822286,192.71765441688768,192.97538565794966,22267200
2022-06-09,182.3982391357422,197.71374042928548,182.08101754635067,192.58874824259723,23501600
2022-06-10,174.0416717529297,181.50612195042973,173.49645647353194,181.44663154416335,27450800
2022-06-13,162.8301239013672,171.077706202403,162.6021302689285,169.10502355384233,31749300
2022-06-14,162.30471801757812,165.2984330034951,159.9553538250922,164.58469942902533,27244300
2022-06-15,167.8757781982422,170.6613141290513,162.55251490737075,165.74448533100573,30008300
2022-06-16,159.46958923339844,163.64294698629192,158.22056323389432,162.29478545665458,26944100
2022-06-17,162.3146209716797,164.45580630957073,158.5080373272939,160.27254091529267,31374200
2022-06-21,155.682861328125,166.2996208450085,154.61226106049688,164.4855494298019,50724900
2022-06-22,154.49330139160156,159.390285021925,154.086866891369,157.00127603788218,47267800
2022-06-23,157.36805725097656,158.3593520998016,152.90723043126386,154.90965026115896,40499200
2022-06-24,168.67874145507812,168.76795436460003,159.8958681588776,160.32211769945533,68736000
2022-06-27,168.01458740234375,170.25490855575194,166.54745997795482,169.82865898547666,29174600
2022-06-28,159.28123474121094,169.8087953757403,159.21185197352423,168.42097363647179,27744500
2022-06-29,162.51290893554688,164.88210344196253,158.92442578277348,162.1461346163408,28595200
2022-06-30,159.84629821777344,163.79164757572488,157.11032981455412,160.7384575527912,35250600
2022-07-01,158.63693237304688,159.2217927733983,153.6507198986701,158.9144937537547,31423900
2022-07-05,166.72589111328125,166.7853663869358,155.65312893111812,156.76337437522923,28618600
2022-07-06,168.29212951660156,170.09627826306044,164.01965116887757,166.7357893546175,23085900
2022-07-07,170.69107055664062,171.21645564142614,166.31945643519762,167.97491709634667,24083400
2022-07-08,169.39248657226562,170.89924401158672,166.6862404572748,168.5003120381291,19249200
2022-07-11,161.4621124267578,166.0319823587457,160.50055519777845,165.61564033062461,21885600
2022-07-12,161.84872436523438,164.46574232541377,160.68891113440077,163.3654043690906,16639700
2022-07-13,162.06678771972656,163.5438072493945,158.22055916405765,158.76577431384956,16555100
2022-07-14,156.6741485595703,161.1746203649273,155.91084731663682,159.8165513084792,23765200
2022-07-15,163.26625061035156,163.54381194440333,158.42874226976485,159.1424606102135,23342800
2022-07-18,165.7742462158203,170.19542824056563,164.1980909139379,165.29842888667773,23574300
2022-07-19,174.24981689453125,174.9536429313068,168.03439361548112,168.8869078373699,25933700
2022-07-20,181.4961700439453,182.00174009691054,175.16179657187416,175.9449279721321,24784300
2022-07-21,181.5754852294922,182.24957362777684,177.31291412933265,179.05760283598016,27195800
2022-07-22,167.79647827148438,174.07137629177012,166.94396412198364,171.5634016094168,42583900
2022-07-25,165.1992950439453,169.08518450414397,163.37531599182617,167.52884419406948,26166300
2022-07-26,157.7645721435547,164.55494803766118,156.57502132751043,164.49547276575285,28468400
2022-07-27,168.10379028320312,169.38255404365438,160.60960328940018,161.17463351463593,43846600
2022-07-28,159.32090759277344,160.1040238594666,153.50201173331402,159.65794420750422,73214300
2022-07-29,157.71502685546875,158.74596691052585,153.81922997825376,156.3172973966075,42065400
2022-08-01,158.5377655029297,163.7519856802314,153.87868310332334,155.8811027764834,40596700
2022-08-02,158.79551696777344,160.8276743398196,156.63448643098596,156.9318778971807,27374500
2022-08-03,167.33058166503906,168.06413020831988,160.16352379387357,161.2737692383806,31721900
2022-08-04,169.0851593017578,170.65139175643768,165.3479737145772,166.83491589703567,23938200
2022-08-05,165.6552734375,170.1161000053061,164.35667967902532,165.53632290266512,25832700
2022-08-08,168.7679443359375,175.96473933628346,165.67510931528614,166.5375309746696,27299100
2022-08-09,167.0629425048828,168.05423748924738,165.14975044552054,167.4792845832006,18655100
2022-08-10,176.78753662109375,178.90890719547573,172.4357524234894,174.4580025790822,30262100
2022-08-11,175.94493103027344,181.50609582783787,174.8346704958459,178.14560684060112,24079100
2022-08-12,178.92872619628906,179.8803759384062,177.35257096418084,179.23602518954743,21274000
2022-08-15,179.31532287597656,179.86053806278343,176.64873733810558,177.4021310965874,15878700
2022-08-16,177.90769958496094,179.41447209085894,175.49884507628477,177.8779619475911,21156700
2022-08-17,173.32791137695312,176.5892647931606,172.65382301032733,175.2212730535076,20118100
2022-08-18,173.13955688476562,174.22997211114853,170.36392836368074,172.82233528191773,18844500
2022-08-19,166.49790954589844,170.81995621310926,165.59582749443462,168.718400594473,26240800
2022-08-22,161.63063049316406,164.0493923798729,160.84749908058643,164.0493923798729,19499700
2022-08-23,159.70750427246094,163.6132081664498,159.30106977820242,161.06557329488396,18111800
2022-08-24,161.83877563476562,164.01963618816083,158.37916663370757,159.2019430923144,20891500
2022-08-25,167.31076049804688,167.409896043459,162.59220198006366,163.74209262665752,15550500
2022-08-26,160.37167358398438,169.43210756676726,160.2626305495521,167.01334580369445,24023600
2022-08-29,157.78440856933594,161.6306376497114,157.62579775394812,159.2614434264603,20052700
2022-08-30,155.7919158935547,160.25274310903546,154.5527972225878,158.95414916201582,19567900
2022-08-31,161.51168823242188,166.37895034709413,160.7285718323034,165.61566408238514,40953000
2022-09-01,163.92051696777344,165.9031066673711,158.95413521562654,162.15601334520824,30145700
2022-09-02,158.9243621826172,166.46809978843146,157.8339320403289,165.99228260177642,22634200
2022-09-06,157.1598663330078,160.28245393711506,156.3172748532642,158.70629888151421,19339800
2022-09-07,158.99378967285156,159.55883503081463,155.44495208745863,156.38667922477052,16831200
2022-09-08,160.64926147460938,160.8177798055024,156.3668750415445,157.32843237884535,22530800
2022-09-09,167.67752075195312,168.06412514515839,161.60089350110928,161.82888708531772,22086800
2022-09-12,167.48919677734375,169.89803617879264,165.8238134418822,165.93285648840623,23220400
2022-09-13,151.79701232910156,160.22302005883935,151.34100996124553,160.13379201067593,44444100
2022-09-14,150.15139770507812,152.2033697084969,147.75246653334455,151.99520630827243,43064200
2022-09-15,148.2481689453125,152.8576846035777,147.40556215248668,148.49599269308936,34606300
2022-09-16,145.0165252685547,147.28659907579265,143.03393545484252,146.7612139852357,40122800
2022-09-19,146.73147583007812,147.28659855580412,143.83689652739272,143.9756772088242,22169500
2022-09-20,144.81829833984375,147.54435988011144,143.95587643832175,144.51099927727674,23217400
2022-09-21,140.88282775878906,148.29772457574842,140.76387720990476,145.11566125945427,38338600
2022-09-22,141.57675170898438,143.32142537181252,139.64371445995508,140.3178028899763,34418500
2022-09-23,139.18771362304688,141.37846677265173,137.68094121464907,140.188915976952,31710700
2022-09-26,135.18287658691406,141.00178775969545,135.0044507707675,138.90023234956038,30497000
2022-09-27,133.23001098632812,138.20631496508062,132.9524496609116,136.71937281065303,30826500
2022-09-28,140.37728881835938,140.79363091292262,133.1011869794441,133.44813116193265,32658500
2022-09-29,135.22254943847656,138.6226838987271,134.02307587866284,138.14686655208894,38985400
2022-09-30,134.49888610839844,139.76267478552438,134.32046028508566,134.8656755106968,33166400
2022-10-03,137.40338134765625,138.40458371235383,134.9152366908158,135.94617669127948,27723100
2022-10-04,139.05885314941406,141.15048608050412,138.12703348447909,139.26703174250054,34670700
2022-10-05,137.77015686035156,138.9894604417,133.60672142963895,137.03660833682997,27979300
2022-10-06,137.85940551757812,140.2186773765416,135.41090561119663,136.5211511918853,36231100
2022-10-07,132.28829956054688,137.08616318033515,131.28709717066118,135.56948321426967,33214800
2022-10-10,132.62533569335938,134.92514708155127,130.72205133380032,132.3874346021392,24024000
2022-10-11,127.4210433959961,131.50518878521092,125.88454079530821,130.47423358950223,38481400
2022-10-12,126.39009857177734,128.5412066696093,125.15097995832855,127.20296764266038,34605200
2022-10-13,129.15582275390625,129.99842957946888,121.46337876939296,122.45467379901403,34325700
2022-10-14,125.65653991699219,130.6427443431372,125.41862370269885,129.8596280507722,23559400
2022-10-17,132.8731689453125,133.61664016062548,129.04676981879663,129.16573549889992,29612200
2022-10-18,131.6439666748047,136.6400863506628,130.25614472942863,135.89661517041276,25445000
2022-10-19,132.07020568847656,135.80739142500235,131.06900335762276,131.73316907721394,30691000
2022-10-20,130.38502502441406,135.57941606596407,130.1669389228935,131.7728319195805,26356300
2022-10-21,128.87823486328125,128.987277899163,124.3480253746499,125.21044703283174,46348600
2022-10-24,128.59075927734375,132.31802218177478,123.48558967928369,126.14225997579203,63563400
2022-10-25,136.31295776367188,137.1456569846256,129.45319879479754,129.74068278951964,38433200
2022-10-26,128.68991088867188,134.37002641761245,127.411132000014,130.53370487759855,82791500
2022-10-27,97.08741760253906,101.60771958540467,95.54099253236453,97.12707030310553,232316600
2022-10-28,98.33644104003906,99.97207897105858,96.66115797247939,98.71313790398267,95928300
2022-10-31,92.34902954101562,98.45540173117791,91.79389929610683,97.36497893611102,121361400
2022-11-01,94.37126922607422,96.64133540102044,92.73563873008625,93.50884752374887,110189600
2022-11-02,89.75183868408203,94.37126885823125,89.69236341187202,93.38988905186778,71821100
2022-11-03,88.13602447509766,89.67252688039356,87.64037707410301,89.29583757831013,60664000
2022-11-04,89.9996566772461,90.59443205045059,87.32315615335703,89.56348454083917,55638100
2022-11-07,95.87804412841797,96.0366473799833,92.28955386062118,93.95492959844655,81987300
2022-11-08,95.6302261352539,96.94865024901628,93.96485029760152,95.08501088129792,52088300
2022-11-09,100.5866928100586,103.98683455524989,99.86304421903829,100.83451653036997,107677300
2022-11-10,110.89615631103516,111.76849304628479,103.69935366554259,106.18750582793226,80671000
2022-11-11,112.03614044189453,113.89977959725059,107.86279003756002,108.27913962176521,59961700
2022-11-14,113.2256851196289,115.25783477563078,109.83545896266646,110.02379981828977,53395000
2022-11-15,116.06080627441406,117.70635184117295,113.41405076200675,115.05959632876564,50670500
2022-11-16,112.24432373046875,115.0695126545756,111.67928594564738,113.50326491314802,33287800
2022-11-17,110.47980499267578,111.35214927717924,108.84417458519039,109.44886503222872,35093800
2022-11-18,111.0745849609375,113.32482082103698,109.65703309957749,112.80935085462384,33357700
2022-11-21,108.90365600585938,111.39180826964389,108.23949025208182,110.54920157215746,24351100
2022-11-22,110.46990203857422,110.64833541657183,107.37705934094218,108.90365433870404,29029000
2022-11-23,111.26293182373047,111.68918891166292,109.76608204588022,110.74746182954631,21343100
2022-11-25,110.4401626586914,111.74867155568367,110.05355070998553,110.33111962036043,12007600
2022-11-28,107.83305358886719,111.06467694794803,107.4365341325355,109.81564330754605,23309400
2022-11-29,108.50714874267578,109.97426865619343,107.59515916661431,108.5864541570239,23899200
2022-11-30,117.07191467285156,117.13139750383256,108.42782278422197,108.55669594886484,43348600
2022-12-01,119.39156341552734,120.14494211462276,117.36932085710157,118.16235226083045,36551400
2022-12-02,122.41499328613281,122.96020845378193,116.58618255853281,116.80426862559247,39950500
2022-12-05,121.3642349243164,123.58473338295278,120.29363461707071,120.69015408971502,35474900
2022-12-06,113.12657165527344,119.5005978799502,112.74987476980014,118.8661697773399,43689200
2022-12-07,112.93822479248047,114.87124676294755,111.89736215424148,112.7697064797689,29461100
2022-12-08,114.32603454589844,116.3185317086247,113.59247092643747,115.3768046454245,30619400
2022-12-09,114.89108276367188,116.51680582776,112.8787552857445,114.29630732414842,26033400
2022-12-12,113.71142578125,114.71263564847612,112.15509324529451,114.17733554806748,24747100
2022-12-13,119.10408020019531,122.22666055478824,117.6072228281434,121.06683980846766,44701100
2022-12-14,120.53153991699219,123.05934486705796,118.35069422268502,118.35069422268502,36922000
2022-12-15,115.13890838623047,117.59731559346363,113.01753782717437,117.2999316503039,34531000
2022-12-16,118.39034271240234,122.23656395816606,117.78565225665622,119.1833816073748,67064000
2022-12-19,113.48344421386719,116.77454300063903,113.33474846530926,115.81298573134167,29769900
2022-12-20,116.07071685791016,116.30863308058215,111.48102416799355,112.27406311760701,28742500
2022-12-21,118.71747589111328,119.29242116853779,114.61351572943319,115.68410844245172,20392800
2022-12-22,116.10045623779297,117.58739852154194,113.38430288746622,116.17975407839512,23618100
2022-12-23,117.01244354248047,117.15122421471159,114.53420644838265,115.01993880119159,17796600
2022-12-27,115.86254119873047,117.56756957808179,115.03977220793341,116.9034038330725,21392300
2022-12-28,114.613525390625,117.12150041606034,114.50448234056431,115.23803848944327,19612500
2022-12-29,119.213134765625,119.97642856196946,114.76221492156402,115.38673559064442,22366200
2022-12-30,119.29241943359375,119.37172483725053,116.71505431858502,117.13140390629331,19583800
2023-01-03,123.65413665771484,125.26995235423395,121.21555185589816,121.75085206551363,35528500
2023-01-04,126.26123046875,127.92660615490277,124.75445802924148,126.27113797211675,32397100
2023-01-05,125.8349838256836,127.40123166743142,123.45587442453174,125.0320297704694,25447100
2023-01-06,128.88816833496094,129.1954673366725,124.94281126846515,127.84730565506447,27584500
2023-01-09,128.3429412841797,131.79264301521917,128.15459284862445,130.01823194659175,26649100
2023-01-10,131.8323211669922,132.27840087038675,126.04315471213991,126.16210526612231,28684400
2023-01-11,131.73318481445312,132.6848346183648,129.20537967608695,129.81999282847258,25423000
2023-01-12,135.51992797851562,136.48147008401705,130.6130062840878,132.27838952682893,30757700
2023-01-13,135.78759765625,136.19403227476784,133.6662267614502,133.795099963898,22423800
2023-01-17,134.1816864013672,135.55958579083892,133.08134839064078,134.99454040313262,21147600
2023-01-18,131.86204528808594,136.05521827168238,131.6439592108342,134.6277512663834,20215500
2023-01-19,134.96478271484375,136.25346899669938,130.98969596078695,131.33665519565676,28625200
2023-01-20,138.1567840576172,138.72182948749708,133.4382251408043,134.70708157433316,28688600
2023-01-23,142.02281188964844,142.5085366667069,137.4529422032484,138.07744764888903,27470100
2023-01-24,141.89395141601562,143.73776053550952,140.1294477036565,140.45657683585247,21970200
2023-01-25,140.26824951171875,141.92371042935645,139.08860598259702,139.99068810792093,26622000
2023-01-26,146.01771545410156,146.2258788750121,142.0525365694061,143.14295168712312,25482100
2023-01-27,150.41908264160156,151.85645711696716,146.10694408954603,146.94955074370452,35771900
2023-01-30,145.77984619140625,149.8045016344574,145.67080313194597,148.109395586257,28040100
2023-01-31,147.67318725585938,148.57526915219435,146.23581282407054,146.66206232671513,29842100
2023-02-01,151.7870635986328,152.24306588807985,145.77981918793483,146.7413764088904,55661000
2023-02-02,187.12673950195312,195.4437029742972,178.591689945036,181.78366068183163,150475700
2023-02-03,184.90623474121094,195.05709986672147,181.29792194431568,181.87287479600266,76809700
2023-02-06,184.44032287597656,189.03993051222616,183.90503029642124,184.90623267945966,42483800
2023-02-07,189.95193481445312,192.0931355517408,182.7947840150465,183.96451992977168,47080700
2023-02-08,181.83322143554688,189.16881298045985,181.3276664674653,188.34603637486495,36139100
2023-02-09,176.3711700439453,185.02516946385683,175.726834470518,184.50970705549832,37118800
2023-02-10,172.6339874267578,177.33273033452983,171.84096366888724,174.8148481387777,33433600
2023-02-13,177.86805725097656,179.42439768472548,174.28949676835344,176.6685987535674,31463200
2023-02-14,177.91758728027344,179.9299145233757,174.34893505957058,175.61779119928158,24034600
2023-02-15,175.61776733398438,176.63879963381342,173.8036962731151,174.88420383297984,25308900
2023-02-16,170.93890380859375,174.31922322248573,170.29455301472416,171.24620282331836,25827500
2023-02-17,171.3750457763672,171.67242210850705,168.22272052206372,168.73819804103596,24171300
2023-02-21,170.58204650878906,176.619029467264,170.3837905327102,172.79263013769287,34592600
2023-02-22,169.63038635253906,171.25610945926005,168.2128418399416,169.58083370599772,22433200
2023-02-23,170.5423583984375,172.17800396749618,167.9055256077023,170.50271326007802,20017800
2023-02-24,168.90673828125,169.2338674150604,166.20050742549483,167.17197219726032,19791300
2023-02-27,168.0641632080078,171.61300145176014,167.58834579921432,170.38380521854677,19277000
2023-02-28,173.41709899902344,176.00437879733283,170.37381697866283,170.40355460988826,46051100
2023-03-01,171.91033935546875,176.30178310717199,171.54356512627285,173.0701524358075,30998400
2023-03-02,173.0106658935547,173.48648312284723,169.93764621788537,170.8793883005936,17352000
2023-03-03,183.6373748779297,184.99544401107892,175.50875995980698,177.36247652852418,45877700
2023-03-06,183.29042053222656,188.00899392583824,183.03268930417306,186.36344076544492,33209400
2023-03-07,182.90382385253906,188.70290529933874,182.40817638275996,187.35474357650114,36701500
2023-03-08,183.35983276367188,183.6473016510427,179.76142716356793,181.27810726547136,19432400
2023-03-09,180.10838317871094,187.28534898762197,178.73048379335697,184.72782130910593,26582800
2023-03-10,177.9473419189453,183.16156276961232,177.2435310110156,179.4342842678197,25665000
2023-03-13,179.32522583007812,182.1801597351484,173.29816667086516,176.41083178227044,24728000
2023-03-14,192.33102416992188,192.62841563950278,184.93595819735492,185.94708314354665,41642600
2023-03-15,196.028564453125,196.05830208974152,189.1787131345453,191.2703459570102,42123600
2023-03-16,203.1460418701172,203.96881839258782,194.38299921959626,196.53410718154342,50447100
2023-03-17,193.90721130371094,200.1424500615832,193.7287703421233,198.81411842093698,50141100
2023-03-20,196.0880126953125,197.62452258784626,191.95431538990016,196.7521783647907,25186300
2023-03-21,200.40016174316406,201.77806091937316,196.226803951734,201.43110168666132,31827000
2023-03-22,198.07061767578125,205.56480417472733,197.93183700453997,200.73720319016448,28477800
2023-03-23,202.50173950195312,206.07040751906615,200.39027633133117,201.07427229510793,27389700
2023-03-24,204.21665954589844,205.77299981949574,201.77808253088455,203.39388295313782,27716400
2023-03-27,201.0742645263672,204.06797951805956,199.60715223199819,203.02711679278647,18527200
2023-03-28,198.9330596923828,199.28001896896532,196.17726099151233,198.40767458850203,19127300
2023-03-29,203.56240844726562,203.9291827103764,200.7768571452326,201.78798215208548,18851100
2023-03-30,206.03076171875,206.27858548384452,201.05447140634482,201.6095942200026,22608300
2023-03-31,210.09503173828125,210.3230253172204,204.9700392079461,205.43594899488193,25440300
2023-04-03,211.21519470214844,211.63153671171784,206.3875786397987,207.02200671999375,17924600
2023-04-04,212.85084533691406,214.35761784282738,210.68981455693785,211.5324212849849,21026400
2023-04-05,209.6390380859375,213.31674876543607,208.11245061815816,212.2857936142951,19396600
2023-04-06,214.2188262939453,215.0515103499927,206.8336674517872,207.4284504209406,26104400
2023-04-10,212.8805694580078,213.78265140351988,208.82617714372924,212.84092431935147,16106100
2023-04-11,211.98843383789062,214.13954209197752,211.55226163411987,213.6042343415459,16710100
2023-04-12,212.1371307373047,214.95240491685877,210.72949364752768,212.96981490996805,18972200
2023-04-13,218.43182373046875,219.224847500562,213.81238615247736,213.85203129059846,23310400
2023-04-14,219.56190490722656,220.17650288269624,215.656200722299,215.98332984258553,21591200
2023-04-17,216.95480346679688,219.0563438246389,215.23986751678353,217.87670046778837,15481900
2023-04-18,215.9932403564453,218.52104532046772,214.32787222191163,217.99566024521894,12281000
2023-04-19,213.8223114013672,215.43812696265397,211.07642023535394,211.61172796314864,15898100
2023-04-20,211.21519470214844,214.86315238178037,210.91780323075358,211.62161408289757,16475400
2023-04-21,211.03675842285156,211.55223597623976,207.7555749142046,208.3800955053103,17717200
2023-04-24,210.93763732910156,212.05780541816344,208.87575722630933,211.8198891943213,15750900
2023-04-25,205.7432403564453,209.42093562235263,205.32689835234027,208.98477861278425,19198200
2023-04-26,207.5771484375,212.24615412653236,207.06168597416203,210.65016871382687,41992700
2023-04-27,236.48329162597656,239.58604927632857,234.70888054019042,237.80171556165394,71196500
2023-04-28,238.22796630859375,238.33699421233845,233.69774195072233,236.92935745451584,39554000
2023-05-01,241.06307983398438,241.87594888989452,234.4015922066699,236.54277763553986,29143900
2023-05-02,237.15737915039062,242.78792649051843,236.90955544437884,241.06306805133124,24350100
2023-05-03,234.96664428710938,239.6455577308559,230.7239030480112,237.3854064212788,34463900
2023-05-04,231.48719787597656,236.126450919723,230.9023223675368,234.00508036001702,17889400
2023-05-05,230.75360107421875,232.6370551335535,227.84911458653457,230.2183085405626,27000500
2023-05-08,231.2393798828125,233.56891396654385,228.2654949985898,229.40547815382422,16400500
2023-05-09,231.33847045898438,233.82663017174102,229.06841194563827,229.44510882268386,16865600
2023-05-10,231.05101013183594,234.6890604898904,228.71155363342422,234.1141076501327,19119000
2023-05-11,233.73741149902344,236.13635840303854,230.2778020721307,231.02127322703902,20449000
2023-05-12,231.774658203125,234.89724621443213,229.43520163353872,234.67916012630428,16161400
2023-05-15,236.7806854248047,238.16849214653735,233.28141585947415,234.85757102043314,20653200
2023-05-16,236.7410430908203,237.55389700147478,233.46976706403657,233.73740578256724,18163800
2023-05-17,240.3791046142578,241.71734364737938,236.06696576918233,236.37426476658152,21193100
2023-05-18,244.7011260986328,244.93902716872478,239.09039393093843,239.1994369633833,22943300
2023-05-19,243.50167846679688,246.52513093495048,241.29109507655596,245.31574994768903,21733600
2023-05-22,246.1583709716797,251.36266949569668,242.9862150086532,243.2736990167083,27738500
2023-05-23,244.5921173095703,249.41971879486397,244.50288926983555,244.66150008940815,17748100
2023-05-24,247.04058837890625,247.41727012429223,242.81766277139562,243.1447918766224,17724300
2023-05-25,250.49029541015625,253.3947820293933,247.00093333989307,251.19410627565514,22371400
2023-05-26,259.7589416503906,260.02658040081684,250.51015779219784,250.7282287690767,25727200
2023-05-30,260.2347106933594,266.31135290723864,259.0154374005094,262.940956499197,23816500
2023-05-31,262.4155578613281,262.6931191922848,256.20015042244955,257.7366452452606,25473700
2023-06-01,270.23687744140625,271.6147918186333,263.5754050196668,263.5852973969688,25609500
2023-06-02,270.23687744140625,272.9530459308971,268.7598577796487,270.2864603355899,19416900
2023-06-05,269.0275573730469,273.17116310172264,267.21347063050644,267.94701923026497,20742900
2023-06-06,268.7597961425781,274.1623639948797,267.3422520774042,267.7883467631581,19419000
2023-06-07,261.3053283691406,271.8626124655505,260.5122743384185,269.30508506477685,26163600
2023-06-08,262.27679443359375,265.320077073053,256.6264315879081,258.3512750536968,20899400
2023-06-09,262.6435852050781,265.61746978448156,259.42187691072445,260.1950856912926,16949800
2023-06-12,268.6904602050781,269.38437870914413,263.0202523851898,264.8442615526915,15442500
2023-06-13,268.9581604003906,273.3198522484866,266.74756171115075,272.48716809809827,16164000
2023-06-14,270.970458984375,272.59616684149415,265.9842469943128,269.5231769435399,19175100
2023-06-15,279.3766174316406,281.5178179621432,269.05726454784934,269.9295786141267,25973500
2023-06-16,278.5538330078125,285.3442082969982,277.69141139005217,282.2711884305146,43127700
2023-06-20,281.8548889160156,282.3207987676239,273.8155011330665,276.30366121845566,20701600
2023-06-21,279.18829345703125,281.52773476017416,275.93681733767835,281.06182497496616,20556200
2023-06-22,282.4000549316406,282.7767517792298,275.37177874177934,276.6505271956497,17563100
2023-06-23,286.21661376953125,287.1484334816398,276.52174996331246,279.05946272124834,51092000
2023-06-26,276.0458984375,287.26736422711815,275.183476694736,286.18685639120184,24232700
2023-06-27,284.55120849609375,286.83120507390686,278.2069267505543,279.55510363818735,26108300
2023-06-28,282.8065185546875,287.02941407913994,281.5872149884615,282.3406087612761,16722100
2023-06-29,279.0792236328125,284.0753578917488,278.2465396316425,282.0233703967676,15395700
2023-06-30,284.4818420410156,286.5337996422137,281.9441293320843,282.2811659924353,19694900
2023-07-03,283.5301818847656,286.88076378814935,282.3703836886234,284.2042854687981,8629300
2023-07-05,291.8074645996094,295.52482034373986,283.8671830495328,285.14596189605084,33865500
2023-07-06,289.4481506347656,295.52479242405417,288.7740774506401,293.31422444494905,47600500
2023-07-07,288.0009460449219,293.6216022185909,286.1472291650395,289.63657680646963,25586000
2023-07-10,291.5398254394531,295.5347425297434,284.5511784998187,292.9771848405433,37058300
2023-07-11,295.6933288574219,297.5668602635445,289.35894068243334,291.3415302455222,27585900
2023-07-12,306.64715576171875,306.75621392994793,297.48760071490796,299.1232312229929,36677100
2023-07-13,310.6817932128906,313.4871449654396,307.5889574179352,310.8899567081867,30281000
2023-07-14,306.18121337890625,312.1389046779914,304.68434858283683,309.07580744281717,23054100
2023-07-17,307.9159851074219,308.9964928062854,302.05742922495097,304.86281044247795,25323100
2023-07-18,309.3335876464844,311.46489606355357,304.9421581279669,308.17378945631805,20731900
2023-07-19,313.2591552734375,315.9058960891806,307.8169249324872,310.30508516352205,21763700
2023-07-20,299.8865051269531,312.7931833489161,299.5891287747079,310.7709333978952,23836900
2023-07-21,291.698486328125,302.8009725555887,288.66512594483504,301.9187357065024,42139300
2023-07-24,289.0715026855469,294.93005940617286,285.7903188571034,293.2052158926609,24915700
2023-07-25,291.9065856933594,295.7032315280009,289.3192904924628,292.6203191709946,19585600
2023-07-26,295.970947265625,299.1430730271776,289.3589964867336,298.56813525384524,47256900
2023-07-27,308.99652099609375,322.51779778619095,307.14280439627186,322.28978907131307,64229200
2023-07-28,322.6466979980469,323.3604315871249,311.51444458487873,314.12155519848204,39220300
2023-07-31,315.8265686035156,322.8251083416329,314.8253510504006,320.87225613271846,25799600
2023-08-01,319.9007568359375,321.31833148178566,311.92084528786495,314.7757793342165,22817900
2023-08-02,311.57391357421875,315.61841391466794,307.94577042396213,315.2317943629233,20461100
2023-08-03,310.4636535644531,313.1996371815222,307.23202249512775,307.23202249512775,15180200
2023-08-04,308.02508544921875,315.63822327487594,307.49970034475876,312.2182436549531,17612800
2023-08-07,313.8043212890625,314.30989138505396,307.75741615279827,310.50332247597623,16236500
2023-08-08,309.91845703125,315.1227553397813,307.4104518521526,311.66311551194724,15183500
2023-08-09,302.5530700683594,310.8997853919067,300.21362891825964,310.156314310015,19955800
2023-08-10,303.0784606933594,309.6210123853604,301.224744268541,305.2593213413318,14358900
2023-08-11,299.0142517089844,302.0674271348413,297.74536501032554,299.93614883979996,14046300
2023-08-14,303.5246276855469,303.5444426954563,295.653742726423,298.3599890492802,15641900
2023-08-15,299.3215026855469,304.5555384693023,297.4182031951271,303.4750306746695,11623600
2023-08-16,291.72821044921875,298.45908163543555,291.718287818725,297.58676745772937,18547700
2023-08-17,282.6083068847656,293.4728923433171,282.46954130645327,290.49900714374854,23950100
2023-08-18,280.7842712402344,283.20303313726754,271.9914906051631,276.60100568899685,35347900
2023-08-21,287.3763732910156,287.97115625621416,279.396461784683,280.9825396079064,20181500
2023-08-22,285.096435546875,290.35028671568716,284.2538287834448,290.0033274305193,12980200
2023-08-23,291.6785888671875,294.81108424364885,285.1658046520825,285.9885660720524,18287000
2023-08-24,284.2537841796875,296.8531326295478,284.1447562725001,295.9014980911481,18360900
2023-08-25,283.0146789550781,285.8795355852113,273.6271155393811,283.6391995492964,23701400
2023-08-28,287.73321533203125,288.9128584699036,283.3120190960079,285.49287958247294,14239300
2023-08-29,295.3959655761719,296.54587132156684,285.67136476377044,286.0678766841328,20844500
2023-08-30,292.5311584472656,295.6933918946849,290.87568249832157,294.58314634297454,17717000
2023-08-31,293.3142395019531,298.47887705578745,293.0862308021256,293.22499634625575,17229900
2023-09-01,293.7999267578125,299.1132518059535,291.9065502587576,296.7638882174032,12842300
2023-09-05,297.53717041015625,298.76639670796936,292.9375776161612,294.4344124053595,14956000
2023-09-06,296.5657653808594,300.6597886908691,293.0863099344053,299.0836331280282,15418100
2023-09-07,296.070068359375,304.3770944136162,289.6762039967024,295.40588744923144,33748700
2023-09-08,295.29681396484375,302.59272896122013,294.196461037625,296.61522269992525,17548000
2023-09-11,304.88262939453125,306.3497566042671,298.6572991967648,298.78617236239313,19489300
2023-09-12,299.0339660644531,305.97302903945666,297.61642188859025,303.6632954224195,13480400
2023-09-13,302.4044189453125,304.5059592872475,298.69698571008445,299.7279106218778,13210900
2023-09-14,309.00640869140625,310.14639163307857,302.3746442218173,304.06974981772856,19343100
2023-09-15,297.6957702636719,309.2840101140606,296.14935263325515,308.89739058049656,28131100
2023-09-18,299.9162292480469,300.9571069378391,295.2075789541885,295.5941984466041,14234200
2023-09-19,302.4143371582031,303.50476757967397,297.2001163940275,299.84688704196486,15924400
2023-09-20,297.06134033203125,305.3782883735429,296.8234089972703,302.39448120124234,19379500
2023-09-21,293.1556396484375,297.64620415124955,290.7170325130372,293.1259020127335,21319600
2023-09-22,296.4764404296875,302.72161592524503,295.67349404841707,296.69452649941013,25369600
2023-09-25,298.21124267578125,298.3302234798701,291.1433351844772,293.06644978298425,18987000
2023-09-26,296.3574523925781,297.6857836484757,293.43315120486403,295.06878139486184,19417200
2023-09-27,295.1481018066406,298.67710884740836,284.29344198108106,297.83453247540683,36429800
2023-09-28,301.3139953613281,303.6633594810206,294.1172148146599,296.3377057544672,22167100
2023-09-29,297.59661865234375,307.93584693640213,296.75401197888146,304.704216042569,25373700
2023-10-02,304.1490783691406,304.5059299768926,299.00425592730016,300.104578636452,16265600
2023-10-03,298.3202819824219,304.0995177904984,297.03161074620874,301.61138822655596,17362300
2023-10-04,302.91986083984375,304.2283772759008,295.9015067543039,296.1295154558936,16880500
2023-10-05,302.1368103027344,303.54443225598413,296.8928513033326,301.978199473143,19130000
2023-10-06,312.6841125488281,313.55645681605097,298.290522895401,298.8159079310807,21803900
2023-10-09,315.588623046875,317.5414751678971,309.10557632186953,309.7796495788927,22503700
2023-10-10,319.0383605957031,321.83381959341597,315.3904024685447,316.34203714260326,19038000
2023-10-11,324.96624755859375,325.97735729844595,320.1386470354326,320.1981222994289,22036300
2023-10-12,321.3381652832031,327.662631720703,319.8809605389769,325.1447341503426,20530500
2023-10-13,311.95062255859375,322.2204241253581,309.6508109232836,320.7136666325285,21341000
2023-10-16,318.3544006347656,319.0185816319864,312.7734046388065,315.86627061980687,16536100
2023-10-17,321.1795959472656,321.5761079165688,314.5379070167223,315.4102515003437,16387800
2023-10-18,314.2107849121094,323.10270248590285,312.8130552982843,318.59232222826523,16851000
2023-10-19,310.08697509765625,319.08795030688776,309.03620485654955,317.09543774973184,18709200
2023-10-20,305.963134765625,312.55523915239206,303.80211935646275,311.40536380308697,22312300
2023-10-23,311.2764892578125,314.5973026301898,304.5852493700825,306.8057400373974,17796800
2023-10-24,309.8292236328125,315.5787524774694,307.9259542753489,314.02241214997355,19525500
2023-10-25,296.922607421875,308.1738123771197,296.2386114119102,307.3014678860385,42192500
2023-10-26,285.83990478515625,292.4320101500182,276.9678028849212,292.4320101500182,66684100
2023-10-27,294.14697265625,296.70450041423834,290.419693821055,291.9165589334296,29596300
2023-10-30,300.0252990722656,306.70661659471585,296.44670897879655,296.48636924282346,28435100
2023-10-31,298.64739990234375,301.0364242117363,294.2757858177128,300.6696499436243,19434200
2023-11-01,309.13531494140625,310.0175516552152,299.222366123352,299.222366123352,20434600
2023-11-02,308.16387939453125,316.04468693927066,305.64598156201987,314.5378991409536,21631800
2023-11-03,311.8613586425781,312.8030705771321,308.31250622063965,309.82918609596044,16764300
2023-11-06,313.0509033203125,315.5588780950848,311.7126794666905,313.2293593857912,12887700
2023-11-07,316.0445861816406,318.20560138541873,312.3767836599217,314.2998978143044,14055600
2023-11-08,316.9962158203125,318.5327104941957,312.1388778734192,315.3705082542599,13609700
2023-11-09,317.7595520019531,321.35795714702647,316.0247860148068,316.63941423329265,16103100
2023-11-10,325.90802001953125,326.2351642842686,316.67906673273416,317.1548991851157,19096200
2023-11-13,326.32440185546875,329.4370524090673,322.86479200320247,323.36043950075,16908900
2023-11-14,333.3824157714844,335.1568422746801,330.4283458096643,331.6278345293252,17179400
2023-11-15,329.8136901855469,335.45416011600383,327.14710470691955,334.9882503418072,14531200
2023-11-16,331.2807922363281,331.66738145469753,323.5387827217606,326.50274431961327,18932600
2023-11-17,332.12347412109375,332.57946133524786,326.48300334029153,327.3850853902392,14494400
2023-11-20,337.0105285644531,338.89398282519466,331.2808452491062,331.97476378028864,16960500
2023-11-21,334.0465393066406,336.94110323972745,332.97592396005564,335.38476311199616,12027900
2023-11-22,338.5173034667969,339.9348782395706,335.6326315263406,336.2571521863876,10702700
2023-11-24,335.28570556640625,338.8840808634013,333.83839314189083,337.1691599420157,5467500
2023-11-27,331.7864074707031,336.9411226805428,331.2907600321463,333.25350452760324,15684500
2023-11-28,336.0389709472656,336.42559038999514,330.497637364864,330.497637364864,12637200
2023-11-29,329.3081970214844,336.94115004399055,327.90054487082136,336.7329865734287,16024500
2023-11-30,324.3021240234375,330.5968527575102,319.5934731970562,329.0008824720162,23146400
2023-12-01,321.9924011230469,324.0146208399716,317.96774644363103,322.64665935567007,15276400
2023-12-04,317.23419189453125,318.0668760036283,310.92957067483053,314.52797610294596,19037100
2023-12-05,315.519287109375,319.0780324511932,312.6445377227283,316.2032830645465,16952100
2023-12-06,314.6865539550781,319.4447570091409,314.2801194470397,319.12753540502547,11294300
2023-12-07,323.74700927734375,325.38263987014375,315.0037806878623,315.0037806878623,15905100
2023-12-08,329.8533630371094,330.26972018709864,320.18823819980867,320.27745110653814,14087400
2023-12-11,322.4483947753906,327.0182798666103,317.2143590609615,326.5325248079935,25802500
2023-12-12,331.310546875,331.55837057321145,321.7346355458796,321.77429580813003,18485500
2023-12-13,331.8260192871094,335.4244243340028,329.74432436086573,331.02307290083434,16353300
2023-12-14,330.26971435546875,331.7863942469266,325.77914995119795,330.9437875845794,19607300
2023-12-15,332.0045166015625,335.7119500187242,328.3367132008549,329.0999994185291,31776900
2023-12-18,341.6200866699219,344.5344964635308,334.0862384296534,334.54225592253124,18993900
2023-12-19,347.3100891113281,350.52190536641285,342.11571317990683,342.57170039286814,17729400
2023-12-20,346.23944091796875,351.8699880301821,344.7624213705391,345.6149203637917,16369900
2023-12-21,351.0075988769531,353.30741024884486,346.17007504363573,349.90727608593943,15289600
2023-12-22,350.3136901855469,354.09052102123616,348.1625671200634,352.48459800477934,11772800
2023-12-26,351.7411804199219,353.8724888040851,350.3732187747808,351.8997912451386,9898600
2023-12-27,354.7150573730469,355.8748857712245,352.2170049987148,352.9703988386223,13207900
2023-12-28,355.2007751464844,358.7495973710055,354.6952050963075,356.5687668691386,11798800
2023-12-29,350.8787536621094,356.8661836584728,348.7573981902497,355.8649660737051,14987100
2024-01-02,343.2755432128906,350.0857348081717,337.05021201896517,348.2617556958284,19042200
2024-01-03,341.4713439941406,344.92106102147176,340.192565145366,341.97691405684844,15451100
2024-01-04,344.0982666015625,345.11929909621364,340.41064851615806,341.5010789113967,12099900
2024-01-05,348.8862609863281,350.4227560194501,343.2457904424102,343.96941637649724,13920700
2024-01-08,355.537841796875,355.85506343366256,348.9853666048785,351.61232236037006,13890200
2024-01-09,354.3185729980469,357.50065180494664,352.2665850388887,353.29754033389315,13463900
2024-01-10,367.2450256347656,369.6935252666552,355.95416211609205,357.03470018708344,22117200
2024-01-11,366.4520263671875,369.53493921555446,359.77067767079683,368.8906035328076,17205400
2024-01-12,371.23004150390625,373.7776768226446,366.3231495817238,366.93774761928864,19310000
2024-01-16,364.2612609863281,372.34030938016446,364.03328249207794,370.39737960399464,15306900
2024-01-17,365.16326904296875,365.3318024736922,355.48822189160364,363.1112814992652,12724800
2024-01-18,372.8558044433594,373.5695380749773,367.7209034488459,368.2561809836166,16354300
2024-01-19,380.11199951171875,381.0140511493726,374.67969316917856,375.7007255933001,21670800
2024-01-22,378.45654296875,386.9519470116833,377.8419450079911,384.5728454450382,17680500
2024-01-23,381.8468322753906,384.99914300079473,378.75396657575783,381.2718642551316,15506100
2024-01-24,387.29888916015625,392.70142765086376,384.434032676857,386.60497070171994,15698500
2024-01-25,389.7572937011719,392.04718233656905,382.3027674759573,386.7735168364553,15091100
2024-01-26,390.708984375,393.3359097959545,388.18116424199445,390.91714783237995,13163700
2024-01-29,397.5290222167969,399.42239887888377,389.6779844917402,391.55151589697937,18742400
2024-01-30,396.577392578125,402.8225376750017,396.0916678100326,400.0766619883151,18614700
2024-01-31,386.7438049316406,394.53536828693876,383.7302599797155,385.6137142301989,20180800
2024-02-01,391.3434143066406,397.01362256052823,389.6284631736777,390.5107301891786,29727100
2024-02-02,470.85516357421875,481.7296700383125,449.0665206306807,455.5991505122071,84707600
2024-02-05,455.4107666015625,467.7920294868746,455.2224181615912,465.7896247984481,40832400
2024-02-06,450.7616271972656,463.0536781539214,449.056598724922,459.9608428440702,21655200
2024-02-07,465.5021057128906,467.4152973515391,452.20883926554103,454.01300300080743,23066000
2024-02-08,465.9085693359375,466.4934296544483,460.98183282884037,464.2432012847288,18815100
2024-02-09,464.0350341796875,469.4673410411531,463.4006211841716,468.8329280456372,18413100
2024-02-12,464.8182373046875,474.9790114449935,462.51842555588337,464.1144262981903,19382000
2024-02-13,456.11456298828125,463.81694302069843,451.12835130568254,452.892854856831,20916600
2024-02-14,469.1600341796875,469.982795609744,462.03262165462274,463.85660058253393,16858400
2024-02-15,479.8164367675781,484.366476420445,468.10924721096126,471.1426069795392,24212300
2024-02-16,469.1996765136719,474.7905636276594,465.1254390286169,473.94795697120554,23324600
2024-02-20,467.6433410644531,472.03476994795795,462.49851842146023,465.63101374806274,18015500
2024-02-21,464.447998046875,465.41057550181085,458.25576468630754,462.92970889465835,12921800
2024-02-22,482.4095153808594,486.2399591800924,472.41657665178604,476.56457866928184,21625800
2024-02-23,480.3255615234375,490.57648938610384,478.65842637192833,484.31478426826664,18374300
2024-02-26,478.0530090332031,482.41935800485226,476.921749733467,479.76977943723847,12101400
2024-02-27,483.3224792480469,483.5407967474676,476.2470722599557,476.30661064306867,10809600
2024-02-28,480.31561279296875,487.29180850441577,479.0553434545367,481.2881234084936,12715500
2024-02-29,486.3788757324219,487.93686726454155,478.91640943030325,484.70180744595217,17732000
2024-03-01,498.4557189941406,500.39080710945973,488.0857144887077,488.3437040291378,16273600
2024-03-04,494.377197265625,500.5595280134549,492.62075453598,499.1503823962354,12324100
2024-03-05,486.46820068359375,491.7871644614326,484.15604619661946,491.21161670016596,15325300
2024-03-06,492.2932434082031,499.120593170195,490.50703156108455,493.8214657207925,11757900
2024-03-07,508.27001953125,515.8713680175964,497.542754953555,499.4282074814689,18586400
2024-03-08,502.077880859375,519.5630268140114,495.52838585361917,510.25480888657324,18597100
2024-03-11,479.8890075683594,493.51394066463445,472.35709864216057,493.2063155651313,20428300
2024-03-12,495.9252624511719,498.4656675759742,481.02022594568126,489.48494207040557,15448200
2024-03-13,491.7772521972656,497.14585137802413,487.27198978393096,491.59863706276775,12090700
2024-03-14,488.06585693359375,497.5130167599525,484.4239615573876,496.4313625069967,12620000
2024-03-15,480.3950500488281,488.06587076219864,477.6164610806942,485.2674760460602,29153600
2024-03-18,493.17645263671875,493.6130875886428,483.0842738072249,488.1452478161507,11755300
2024-03-19,492.44207763671875,492.82910735533255,477.59658066238825,484.4338634191074,10903100
2024-03-20,501.65106201171875,504.3105740199144,491.3802985259637,495.6771461475813,11711100
2024-03-21,503.8739318847656,511.09818381772453,502.13732529141583,510.7707530405325,9712500
2024-03-22,505.679931640625,506.06696132381046,500.48004551216826,503.11969091713655,8120600
2024-03-25,499.170166015625,503.33803376728696,496.41144373322453,501.9189854253503,8380600
2024-03-26,492.0948181152344,506.09681547367757,491.41999934541593,501.2640919046953,11205400
2024-03-27,490.08026123046875,496.0641401044297,484.3345964098226,495.47862897974267,9989700
2024-03-28,481.86370849609375,489.11779090352536,481.4370066733091,489.06815539695725,15212800
2024-04-01,487.58953857421875,493.62299295598973,478.0927737479156,483.4713059825083,9247000
2024-04-02,493.5634765625,493.7222556696209,480.94082524456064,481.3873933760893,11081000
2024-04-03,502.86175537109375,503.35792871942033,494.9329149557214,495.1115300929547,12099200
2024-04-04,507.0097961425781,525.943758109554,506.67237161008114,512.4676727823381,26476300
2024-04-05,523.3040771484375,526.6383471527769,510.4729824465434,512.9042437043852,19263300
2024-04-08,515.2760009765625,527.4223143515474,514.9187707168354,525.2292670059732,13260600
2024-04-09,512.9439697265625,521.845289446962,502.86169458913326,518.2331333714253,10863800
2024-04-10,515.8515625,518.5606494016819,501.928910292975,505.3922206037786,11418500
2024-04-11,519.1561279296875,519.8507828068974,513.3310570289301,517.1218290927488,10369500
2024-04-12,507.98223876953125,516.2088008915841,505.43190063751956,513.787472668167,11984500
2024-04-15,496.40155029296875,514.5615112314049,493.4741157112928,512.7653057412805,13512900
2024-04-16,495.9351806640625,500.90681687935023,493.3054377657289,494.2977844340761,9847900
2024-04-17,490.3879699707031,499.30915689281545,483.41177405310106,499.2496185150052,12193700
2024-04-18,497.9595642089844,508.28992732102284,495.22070789767196,495.99473711582823,14808700
2024-04-19,477.3882141113281,498.95188761147057,472.08908659081203,498.95188761147057,25215400
2024-04-22,478.0431823730469,488.24450514549414,469.7769174777012,485.97202274350616,17271100
2024-04-23,492.30316162109375,494.9428072503399,485.2277254126733,487.4902744828821,15079200
2024-04-24,489.7230529785156,506.0967720750617,480.8713078752949,504.17161722523144,37772700
2024-04-25,438.0019836425781,442.35836983181287,411.32769996695043,418.17488602057387,82890700
2024-04-26,439.8973388671875,443.02322464354364,428.65403477490287,438.0813276050655,32691400
2024-04-29,429.3090515136719,436.3944219336963,425.2801260809591,436.1959404676039,21502600
2024-04-30,426.8778076171875,436.2554660770885,426.4312394735651,427.751047303974,18429500
2024-05-01,435.8287353515625,446.51629805901524,423.84117064830116,425.31978777610783,20344900
2024-05-02,438.2996520996094,440.562201203768,428.9715998380439,435.48139130558843,15221300
2024-05-03,448.5010070800781,450.69411509659585,440.4530898609674,442.5171576767287,16489100
2024-05-06,462.1159973144531,462.59233462582085,449.87044284737243,452.0932897323867,15094600
2024-05-07,464.6563720703125,467.9212009325345,457.7794172557727,462.7213143300044,13406800
2024-05-08,468.9830017089844,471.94017514787424,459.456468444689,459.95264173674593,11683900
2024-05-09,471.7814636230469,472.4363857703792,464.05107464244514,466.4029313871889,9437700
2024-05-10,472.5555114746094,473.8455500732435,466.00601718642696,473.4386842914545,10750000
2024-05-13,464.42816162109375,469.7272890553807,459.30764931420595,469.13187501336745,14668800
2024-05-14,468.2387390136719,468.9234605753996,456.55880040566063,459.8236291276941,10478600
2024-05-15,477.8546447753906,478.8072891405804,467.59378339452235,471.3448527592267,13100500
2024-05-16,469.60821533203125,474.0340729044409,469.1318780385458,471.36465799748123,16608200
2024-05-17,468.2983093261719,469.18148209338233,464.8350292226781,467.22655798949256,10807300
2024-05-20,465.2518005371094,469.5784476860999,463.4655886777014,466.3533210681569,11745100
2024-05-21,461.07403564453125,467.0975871671568,458.73208176825443,463.5449691486391,11742200
2024-05-22,464.199951171875,470.0944931584009,462.0862477959769,464.28925874330497,10078600
2024-05-23,462.2152099609375,470.72953068178265,458.0076699601858,469.26087705798136,11747900
2024-05-24,474.5600280761719,476.17755800168163,462.73124238654253,464.0411472655585,12024300
2024-05-28,476.2469482421875,477.17972609606187,471.2058110352255,472.93248426390323,10175800
2024-05-29,470.7295227050781,476.17752617925936,470.07460059335506,471.0272448580583,9226200
2024-05-30,463.4754943847656,468.1196997588506,461.1534068397315,468.06016138210737,10719600
2024-05-31,463.2572021484375,465.52968459800337,450.98187816881347,462.23508624663583,16919800
2024-06-03,473.8355712890625,475.9294383757683,464.65636518199324,467.2563084447153,11279400
2024-06-04,473.3393859863281,475.2248687174636,469.6081834348504,473.34931914302285,7088700
2024-06-05,491.27117919921875,492.84900689624556,480.20651900327624,480.7423947273293,15690500
2024-06-06,489.9811096191406,498.9717681761462,487.13307947431673,489.20708041502814,10667300
2024-06-07,489.1872253417969,495.091700375797,486.41859982731586,492.11466024786785,9380700
2024-06-10,498.75341796875,498.8129563433123,489.6337500954303,490.0802879046476,11220900
2024-06-11,503.5861511230469,503.71516103182034,494.4565499121785,496.332099600009,9673700
2024-06-12,504.9456787109375,510.07612434807345,500.60912858458613,510.0562580327931,11983200
2024-06-13,500.241943359375,505.4616660517263,497.52289299395886,501.83960690092306,9954600
2024-06-14,500.7982177734375,503.76827047428316,497.41095233353604,499.29827689365226,10243300
2024-06-17,503.25177001953125,507.3442927979167,492.70258957460356,498.3248520419291,11266600
2024-06-18,496.1593933105469,502.625994361436,491.71919803712245,501.1955938495888,13060400
2024-06-20,498.35467529296875,500.31154054069196,493.45752550637565,498.6526627665969,11801200
2024-06-21,491.4807434082031,500.09294409403304,489.1066959926516,500.09294409403304,22359200
2024-06-24,495.5832214355469,504.4139262555408,490.9940329117928,495.8712961742398,13525300
2024-06-25,507.1953125,507.3045644664891,492.19599361461826,493.7356460502404,12063200
2024-06-26,509.698486328125,510.383887800089,501.3147622286422,503.27162738652333,8882300
2024-06-27,516.0955810546875,519.3934506311559,510.4733485069415,510.8209904621114,10121200
2024-06-28,500.8578186035156,518.4000638324243,500.48034762615777,513.7016232829023,15855100
2024-07-01,501.31475830078125,503.2020829318588,489.8815282371348,501.58297732671764,10328200
2024-07-02,506.1026306152344,507.0959625693369,496.11965660213826,497.4209190368857,7739500
2024-07-03,506.5595703125,507.87077580738145,502.6458398685603,502.9935121259422,6005600
2024-07-05,536.3097534179688,537.2633737862543,508.18856248198745,508.18856248198745,21354100
2024-07-08,525.79052734375,539.1905669814913,523.1383477493558,538.7336124129018,14917500
2024-07-09,526.4659423828125,533.8960460931625,524.6680139481037,530.1909372581625,8753200
2024-07-10,531.1246948242188,535.2867583710278,524.8368862253591,527.2506757341519,10983300
2024-07-11,509.28125,531.8894925345625,504.9801061273009,527.3499587191284,16458300
2024-07-12,495.54345703125,504.7019779354112,490.93441299316135,494.44087322434433,19750500
2024-07-15,492.8515930175781,503.3014344107721,490.0801883381436,495.3051241917836,12539200
2024-07-16,486.5240478515625,500.58963142634576,482.55072018571695,498.1559561053816,14075800
2024-07-17,458.909423828125,475.9748899890231,456.0585659449274,475.9748899890231,28076600
2024-07-18,472.677001953125,476.04438141112735,461.4424203212603,471.83266375516723,19267200
2024-07-19,473.6107482910156,483.46458424586564,472.5379328105717,472.88560505542085,15149400
2024-07-22,484.1499328613281,488.77886287445193,480.67327142055154,483.3353934769665,12023100
2024-07-23,485.4313659667969,491.9178220255653,484.4678328165319,486.5736915826986,9455500
2024-07-24,458.1941833496094,473.1239602274661,457.5087819303117,469.16057574428834,17649700
2024-07-25,450.3866271972656,460.45899705158166,439.69836609184694,460.1709526223855,18240500
2024-07-26,462.5946960449219,466.63753399730916,456.3565726815499,461.1046981366571,14222400
2024-07-29,462.6046447753906,470.7996339090199,461.91924325908735,466.74685262113263,11339600
2024-07-30,460.1014404296875,469.57783596951856,453.6547256053789,463.88603283345884,11390400
2024-07-31,471.66375732421875,473.32263488120134,463.6376491727193,467.8791653340308,24285800
2024-08-01,494.4210510253906,523.6548039805784,488.8186744101764,517.5259626274621,43083100
2024-08-02,484.88507080078125,497.8082988081169,472.97500015148046,485.7393217238086,24044700
2024-08-05,472.55780029296875,480.2561225927905,447.79401274658,448.34036348534045,21396200
2024-08-06,490.7953186035156,499.20884038800506,475.45827277454725,475.8059449766994,20955000
2024-08-07,485.6598205566406,506.74823629276204,483.6135290604077,499.7750576315179,20105300
2024-08-08,506.2317810058594,506.5595672205357,491.42119757011926,494.1826592575275,16156800
2024-08-09,514.3175659179688,514.883772473947,502.32804054292995,504.3246173925069,13696600
2024-08-12,512.5097045898438,514.5659092940476,505.70537370217875,513.4136101164537,9767400
2024-08-13,525.0156860351562,527.9559706517589,514.6950123852472,516.5425953987603,13743800
2024-08-14,523.2474975585938,530.4392104871642,519.6416980752537,524.538816844259,11444200
2024-08-15,533.7470703125,536.1708026803833,523.1879469001557,528.2439725420813,13482100
2024-08-16,523.9031372070312,530.1015190770014,521.1615312349661,528.3533057155574,14776700
2024-08-19,525.750732421875,528.1148065447744,519.2741890909025,523.3567686125551,9879700
2024-08-20,523.2177124023438,527.5486857302659,522.3734045061494,524.8269052919596,7944400
2024-08-21,531.5914916992188,535.8032700316064,523.4163892745524,523.6349538269176,13423300
2024-08-22,528.3829956054688,540.6009650477762,525.0653012290355,533.4191952832433,15708300
2024-08-23,524.4793090820312,536.2701553658752,521.5589105040611,533.3398137671492,11323900
2024-08-26,517.6451416015625,524.479270276633,511.5163004380435,524.081913244852,9584000
2024-08-27,515.6385498046875,520.5158432413665,511.87384384105246,515.5193548304624,6282700
2024-08-28,513.3341064453125,517.615364659823,509.0329621910887,514.2181257900095,9106100
2024-08-29,514.7645263671875,523.6846897588916,512.2414846857666,515.5890089774397,8317400
2024-08-30,517.8339233398438,520.0490343879956,511.7646791262931,517.8736347952997,9157500
2024-09-03,508.3475646972656,521.9859928695383,505.22848784642304,516.1750252560046,12459100
2024-09-04,509.32098388671875,513.1453480424364,500.70881337108693,502.6954771522908,8335200
2024-09-05,513.4136352539062,518.1518489620257,507.7417172232884,508.30792381838677,8640900
2024-09-06,496.93414306640625,521.0820696565472,494.9276235238455,518.4000613773472,14744500
2024-09-09,501.4240417480469,507.9204108518389,498.7320903469637,502.78490166446124,11047800
2024-09-10,501.4240417480469,510.751412962104,496.69577198232815,504.77156555740726,9899000
2024-09-11,508.4170837402344,509.6984904565573,492.29532543071457,503.6292467318183,10782500
2024-09-12,522.0953369140625,523.1979816423429,511.7845446800634,513.602359431701,11970500
2024-09-13,521.121826171875,524.0621107021185,513.6618931917054,516.8703967615143,10321400
2024-09-16,530.2294921875,531.0447481141917,514.4403261539426,521.5394368849483,9527600
2024-09-17,533.2520751953125,538.9989800805172,527.5349671432173,534.5247216049645,11690800
2024-09-18,534.8726806640625,541.0869276726933,530.845860739671,533.9977098303668,10323500
2024-09-19,555.9016723632812,558.8547141847413,543.3936793129712,546.8537527288971,15647000
2024-09-20,558.1387939453125,561.2707987619654,553.1176944195414,556.7965408444652,22066800
2024-09-23,561.1812744140625,570.6965366558616,559.1927153838685,566.2421838477487,12830700
2024-09-24,560.1075439453125,564.5022427843289,551.0198138385321,563.4383563302257,12993000
2024-09-25,565.0589599609375,573.5799422527921,560.4951905177006,560.8233197330189,16543400
2024-09-26,564.5917358398438,574.0970460697704,559.1330900425771,572.436555499505,14400800
2024-09-27,564.114501953125,567.5746364892888,561.2808291532298,566.8388185533927,9398400
2024-09-30,569.1654052734375,571.392581823153,561.5690947166503,564.4525297734127,12792300
2024-10-01,573.1722412109375,579.7046644318758,566.8386860157418,574.6736128791929,15259300
2024-10-02,569.5332641601562,572.705018338464,566.0831432657689,571.5715250916941,6524700
2024-10-03,579.4362182617188,580.0228091163762,565.476496817631,566.8884172422595,11581000
2024-10-04,592.5309448242188,593.4357124935896,578.1039391514795,580.3907699305325,14169500
2024-10-07,581.4347534179688,599.5007936445444,580.698935664524,594.7978106805275,12014200
2024-10-08,589.4984130859375,590.1645633879729,582.6179549512773,586.3167064096679,7857400
2024-10-09,587.1318969726562,590.989705628623,578.2827866596821,590.5919696221545,9529700
2024-10-10,580.4901733398438,586.8535252444071,579.187669721319,584.2087686773417,7740400
2024-10-11,586.5752563476562,587.82805834101,579.376681824714,581.4845497009563,8587100
2024-10-14,587.0425415039062,596.6671607014488,586.5852117292404,590.8207918278077,8252000
2024-10-15,582.9163208007812,587.2314602827565,576.821381994876,586.7840223253323,9564200
2024-10-16,573.490478515625,578.7502561624128,570.7463179400054,578.074153352245,11268400
2024-10-17,573.6296997070312,581.6236855285798,571.9096154864388,579.9931131702996,8701200
2024-10-18,573.1722412109375,580.6293370312779,571.9592494201094,577.7757598855744,7694300
2024-10-21,571.8697509765625,573.9378692579733,565.8543723443174,572.7348299431258,8171900
2024-10-22,578.6806640625,580.1919884331684,568.8472245196812,571.0047942012734,8544500
2024-10-23,560.4654541015625,581.6535493433651,559.2822589840049,576.6522939692993,14248400
2024-10-24,564.5320434570312,565.6257266322763,558.3078440792799,563.885737507838,7184700
2024-10-25,569.970703125,577.9646881740268,568.4494264147659,570.6468058786587,11337900
2024-10-28,574.8526611328125,580.410710743533,570.8357934356153,578.67072146079,10925100
2024-10-29,589.88623046875,590.2739533915471,572.1085063582906,576.8313344603039,13019100
2024-10-30,588.41455078125,597.7608016379978,586.0084115680872,597.5420286080739,26864900
2024-10-31,564.3331909179688,586.5255172425846,559.7893261973286,581.6535232859577,26838400
2024-11-01,563.91552734375,570.3882965161611,559.3418659763402,564.3629652502584,15303200
2024-11-04,557.4727172851562,565.4369071400736,554.698698856843,560.8731367595427,12064600
2024-11-05,569.1554565429688,570.1994379718212,563.4283964137084,564.0547974082218,9775400
2024-11-06,568.777587890625,569.7221655728422,551.9941447200907,559.5308004818795,18305400
2024-11-07,588.315185546875,591.39742768716,571.9195264894807,573.5899087480227,14653700
2024-11-08,585.9686889648438,589.7071287920577,581.1762546419226,588.156055247851,9415700
2024-11-11,579.833984375,583.6420920185832,573.2121093173138,583.0057385461188,10209100
2024-11-12,581.474609375,596.2296848177605,577.0600054748132,585.1733003985561,16287700
2024-11-13,576.68212890625,582.2898800347385,571.8797417717248,579.2771839216865,10757600
2024-11-14,573.8582763671875,577.437718647261,569.7320532359627,573.6992183637616,11053700
2024-11-15,550.9104614257812,569.2946816423462,548.3452030486293,567.9523677618081,17712900
2024-11-18,551.2284545898438,556.6969906048779,546.9431133400475,553.8533057557071,14327300
2024-11-19,557.8803100585938,558.2183311036446,547.4502671516217,548.7030690284671,9522400
2024-11-20,562.2850341796875,563.110242576314,551.0297815177419,559.709823243458,9797300
2024-11-21,559.868896484375,566.7393414481576,545.9091728138703,566.2621066854078,11154700
2024-11-22,555.9414672851562,560.6046406773982,551.4175075908335,560.32621328156,9164000
2024-11-25,561.8773803710938,569.3146337097819,553.2072906140769,558.884588798054,13599800
2024-11-26,570.259033203125,574.1964018053228,561.9667762936829,562.7621877433986,10356600
2024-11-27,565.9439697265625,571.6908743519631,560.8731072719025,571.601423170664,7200200
2024-11-29,571.0346069335938,575.1509386081322,563.6570700717043,565.7450327371056,7130500
2024-12-02,589.4387817382812,591.0992116485587,572.2775064388576,574.196458750282,12522400
2024-12-03,610.1395874023438,610.6864289434953,587.867704227812,591.5962520347538,14907200
2024-12-04,610.2689819335938,614.2461004633882,601.6385813202486,609.4536653526643,14697000
2024-12-05,605.4466552734375,616.353933785045,603.5774048146206,613.5500580968196,8081200
2024-12-06,620.2017822265625,626.1873039273537,605.0489714012239,606.6099369109293,16935500
2024-12-09,610.0601196289062,622.8167434326103,602.7024265777296,620.350888846341,11426000
2024-12-10,615.7772827148438,622.0114355661352,609.2349055981941,614.0273408137083,10938900
2024-12-11,629.0608520507812,634.7481632992731,617.9746701821156,619.8041107841092,10837200
2024-12-12,627.1814575195312,633.0178725252729,623.6219810940237,627.8874177141971,7474700
2024-12-13,616.80126953125,627.469929936179,613.3611012669363,623.6319649076017,8453300
2024-12-16,621.1697387695312,628.0457867533739,615.5376035416824,626.8814975325155,10885600
2024-12-17,616.3933715820312,629.2597698587709,613.5076105410767,623.0902515630854,12897800
2024-12-18,594.2528076171875,624.2744037203172,593.387091448316,617.945699059959,17075500
2024-12-19,592.6407470703125,608.512310503509,592.0735432784724,607.3878634532757,14958100
2024-12-20,582.3714599609375,600.143601343373,577.1472819775203,587.6752614717944,48989400
2024-12-23,596.899658203125,598.1336103729398,583.3665730831542,586.7000720639313,10205800
2024-12-24,604.7607421875,604.999552014334,596.3324315849031,599.7554534161252,4726100
2024-12-26,600.3824462890625,603.3179490935831,595.994163249834,602.5019749107529,6081400
2024-12-27,596.85986328125,598.8898077827639,586.8990872280444,596.4618063664631,8084200
2024-12-30,588.3319091796875,594.0038852291777,582.6997752560201,585.8541662451341,7025900
2024-12-31,582.6301879882812,591.048538740922,580.9783186606066,589.3569487521584,6019500
2025-01-02,596.2926635742188,601.9347590067932,584.9288491785778,586.8194676993116,12682300
2025-01-03,601.6561889648438,606.5022314682295,593.4765866809927,601.7855544308446,11436800
2025-01-06,627.1004028320312,627.8864953892827,602.641281410124,608.8207596792694,14560800
2025-01-07,614.8510131835938,628.9910845111622,605.2384904660217,628.5930882935072,12071500
2025-01-08,607.7162475585938,613.4081462857669,599.8252572139608,610.3831198774918,10085800
2025-01-10,612.8308715820312,626.8117543633127,594.4020036952091,607.0295902270824,19256600
2025-01-13,605.3380126953125,605.9748187670136,595.5066015316934,604.1140210154849,10785000
2025-01-14,591.3272094726562,602.5119163465189,585.6552325061541,602.0939991024484,13598000
2025-01-15,614.0846557617188,619.3984173951854,603.516895686969,607.2086697081857,15524300
2025-01-16,608.2933349609375,613.2190007447427,606.7111893194766,608.4923634164871,8355300
2025-01-17,609.756103515625,621.896049094774,600.7008255237737,620.9805911305821,17280600
2025-01-21,613.4281005859375,618.443290603313,606.014729605485,614.7913576871184,11674000
2025-01-22,620.4332885742188,630.583131584813,616.3832997551551,620.2342601357851,12274000
2025-01-23,633.3197021484375,633.4689279487995,618.0949656788501,624.27438359991,9910200
2025-01-24,644.3053588867188,648.7931865048288,631.0807466276091,633.2699382382675,19065300
2025-01-27,656.634521484375,660.6048877765638,622.0255505721228,623.5281336668538,28399200
2025-01-28,671.013427734375,679.2228513674787,656.2264682196907,662.7243805632816,20950100
2025-01-29,673.1626586914062,677.7002277973523,662.3958698215398,671.6799970081955,21377800
2025-01-30,683.6210327148438,707.294001197109,672.774619401076,693.3927409364592,29322900
2025-01-31,685.790283203125,701.8309926464267,682.2080139805101,687.6013388802664,19303900
2025-02-03,694.0296020507812,700.5374135449807,671.9288188867163,672.5855459885331,21415700
2025-02-04,700.7264404296875,704.2291467274541,688.2082982161528,699.0447502736523,13826300
2025-02-05,701.4031372070312,714.6078889974233,695.5719738179728,700.0896222542642,17778200
2025-02-06,708.4880981445312,715.3641456188349,700.0398655613205,702.4081644926629,13080700
2025-02-07,711.0057373046875,721.4441337624995,708.2493417869568,713.2744918121093,16427100
2025-02-10,713.87158203125,717.6528800590577,707.8314292796238,715.0258499928055,12904300
2025-02-11,716.2596435546875,720.1006435254067,706.5476385055467,709.8115349418778,12998000
2025-02-12,721.812255859375,723.523766963731,709.0950845634602,711.7818168815365,12016500
2025-02-13,724.9766235351562,725.4144618537392,714.5083460221898,717.9712711727863,12569100
2025-02-14,733.0466918945312,737.2658278537506,722.0510531620941,722.5685149916063,16901200
2025-02-18,712.8466186523438,733.375157429416,702.9654654069245,732.3800758046814,21938700
2025-02-19,700.30859375,703.5226878675882,691.9698051227019,700.6369269472729,17535500
2025-02-20,691.4225463867188,702.1594553078776,690.2284362839436,693.8505479928752,12587400
2025-02-21,680.18798828125,700.4080528713276,679.0038387952945,693.1539301625503,15660400
2025-02-24,664.8438720703125,683.8897484077801,659.1918158891808,682.9046273446285,15677000
2025-02-25,654.26611328125,664.7144694629277,638.703023401866,662.6944247816905,20579700
2025-02-26,670.3864135742188,679.650619839028,654.7636219966097,656.4055307530449,14488700
2025-02-27,655.0025024414062,685.2629678985895,654.3358147754243,679.0934498337167,12500000
2025-02-28,664.9135131835938,666.3364725318584,639.4393887052988,654.8034504822056,17534200
2025-03-03,651.828125,677.8992724698688,647.638870751695,670.3664982200642,10843800
2025-03-04,636.852294921875,646.5543416023255,620.5827332440298,642.3352048660629,21495200
2025-03-05,653.2410888671875,656.2562148067185,634.5236092639633,637.8472080229061,13770000
2025-03-06,624.841552734375,647.3602531536812,621.040333910999,644.812846805576,13446500
2025-03-07,622.5827026367188,631.6678021460568,597.6559216844704,622.294150848658,21375700
2025-03-10,595.048828125,607.109212093194,583.9835257431913,605.0792675215534,21999900
2025-03-11,602.7308959960938,611.9055191678449,590.4117809661785,592.1232921602733,17401500
2025-03-12,616.5126953125,630.2149870827395,606.352891273559,626.8018648059933,15747000
2025-03-13,587.7349853515625,617.4481060645986,583.6252936627146,617.1993356753703,16480300
2025-03-14,605.1494140625,606.4043419789234,592.381172955088,600.3687854957838,12364500
2025-03-17,602.4603881835938,610.6272679434014,595.5881924170304,605.01006095703,15473900
2025-03-18,580.01123046875,597.8290917063831,572.34227369431,597.6298861819188,20297700
2025-03-19,581.704345703125,589.931040899336,572.4518363503504,581.9234900014606,20537500
2025-03-20,583.6365356445312,607.7389439842362,577.172720940167,580.4096129893901,24336500
2025-03-21,593.8452758789062,595.1300513212973,578.6069941650959,581.0670032780688,25015900
2025-03-24,616.3540649414062,620.0291850741187,609.7309218178737,612.4897086743648,15741300
2025-03-25,623.7839965820312,631.3234729455945,618.674681768664,624.2321938231848,15312500
2025-03-26,608.515869140625,624.222287432859,604.1634984216441,622.3698034907068,12609800
2025-03-27,600.149658203125,611.7725730959737,597.6796193390965,599.5719804701281,10436500
2025-03-28,574.4139404296875,599.3230823357646,571.605306475786,597.8888875675808,17602800
2025-03-31,574.0354614257812,576.3660506926756,551.0684674021583,561.2273418254761,21124700
2025-04-01,583.6365356445312,587.5307390242879,567.70106709451,568.537705940541,12836600
2025-04-02,581.574951171875,590.2697228543149,571.0475736256388,572.5913101802249,13470800
2025-04-03,529.4759521484375,550.3315027907909,528.1612684622463,544.0170454965238,34777500
2025-04-04,502.6943664550781,515.9108358048159,492.2068365877987,504.5767280238223,38589800
2025-04-07,514.1679077148438,537.1946573822175,479.95643891438516,483.14354512484755,36606100
2025-04-08,508.3912658691406,545.2220987278512,500.83185110030036,541.0589647931961,28034200
2025-04-09,583.407470703125,585.5189153793327,500.08485719899596,507.2159828753818,39216600
2025-04-10,544.086669921875,578.9554765876964,533.1410047447706,573.1689120321386,28173500
2025-04-11,541.3777465820312,545.1923169106578,526.4581815568449,533.3502556297472,17642300
2025-04-14,529.3363647460938,555.520368316845,526.1493199223331,553.9267851159813,14130900
2025-04-15,519.4166259765625,535.7703838427552,515.4128199804695,529.9638803667925,15558700
2025-04-16,500.2840881347656,511.29947867102186,493.6310371089192,506.459094542153,18735100
2025-04-17,499.45745849609375,505.25396236597624,496.0014523688267,503.21224251554713,14593500
2025-04-21,482.7052917480469,491.50963495584347,477.8648771062618,489.3483735420339,16166000
2025-04-22,498.2622985839844,504.8356859267328,484.3984265448332,489.886213659528,17399400
2025-04-23,518.1716918945312,533.1809196011152,514.4368162114096,526.398387792126,18173900
2025-04-24,530.9998168945312,531.746792125581,515.4129094243589,516.6379293508005,13910000
2025-04-25,545.0628051757812,547.6423253119987,534.0872308807745,544.5946691393716,17098900
2025-04-28,547.5227661132812,556.2374754096683,538.409706579595,553.3989944115831,15179000
2025-04-29,552.2039184570312,554.3253329246786,541.9255322333729,543.7979549633997,11835000
2025-04-30,546.7858276367188,546.8854000110363,527.3644731031741,536.2286028212618,29244000
2025-05-01,569.9022216796875,590.5585647326062,568.1990964565776,589.6920784232152,31159000
2025-05-02,594.6121826171875,601.9026676753685,575.9975586829169,581.1068737819331,24739300
2025-05-05,596.8530883789062,600.7772002962906,585.6783084359005,588.8355064073843,13887700
2025-05-06,584.9413452148438,593.6262086030198,584.2143087960085,590.1403242884969,10600700
2025-05-07,594.4030151367188,600.6477471780503,584.3038959778277,587.9790163444538,13139100
2025-05-08,595.5982055664062,608.8345844494372,594.2137969163823,603.8447803031055,14622800
2025-05-09,590.1004028320312,604.5219836999701,589.3235802814015,601.2850913628599,10427300
2025-05-12,636.8511352539062,637.8072854035049,618.52537997075,628.3754468402599,21965100
2025-05-13,653.3841552734375,658.254386921773,640.2373808266427,642.9364120582926,18570800
2025-05-14,656.7007446289062,659.9973927569988,651.6711237576287,658.543319934739,12348200
2025-05-15,641.2831420898438,654.6589696292252,636.0045299274248,651.6412216753015,14341800
2025-05-16,637.7574462890625,637.8570186595293,623.6246741050281,635.3870402976211,18519000
2025-05-19,637.8471069335938,640.4067492915384,625.2680394833011,625.7162367689098,9592400
2025-05-20,634.5304565429688,636.7713819580241,629.7100110253076,633.4448867170665,6743500
2025-05-21,632.93701171875,644.0021902060153,627.628490728576,629.2419523626777,11464600
2025-05-22,634.002685546875,640.655737445567,628.1663338378576,631.4928293927045,8228400
2025-05-23,624.5310668945312,629.8993436337141,620.1388791554737,621.4834102948378,8454100
2025-05-27,639.7294311523438,640.4863756807556,630.1980211513535,632.8472662118028,9508400
2025-05-28,640.984375,648.2549209907568,639.958499945528,640.0082861312126,9042900
2025-05-29,642.448486328125,650.6851526800369,636.9208817638153,649.0219048494392,8858800
2025-05-30,644.8786010742188,646.790840509364,630.227966818394,639.9087359485001,16241000
2025-06-02,668.1942138671875,670.5446811489596,641.6616412070963,641.791121766507,15766300
2025-06-03,664.1605224609375,672.8553550898889,662.3479161440031,668.7420068089284,11585000
2025-06-04,685.1754150390625,686.2211680866209,665.8735723856402,666.6205475323237,14031900
2025-06-05,681.8588256835938,691.5794719470881,679.4983890924821,688.8704104821669,13083100
2025-06-06,694.8960571289062,699.9754637799698,689.0795839414949,693.3622292653906,11728000
2025-06-09,691.2607421875,702.3458579741853,691.1412310298801,695.6430205968694,12773200
2025-06-10,699.5671997070312,700.3938084952954,688.7708913806538,698.5213857937134,10850100
2025-06-11,691.3404541015625,706.0110265671628,689.1991010267074,700.871864292101,9582500
2025-06-12,690.5635986328125,692.5754712333077,684.229263706634,690.5038430500748,7322700
2025-06-13,680.1158447265625,691.7686684593297,678.2633610655403,685.175373097979,9274400
2025-06-16,699.8262329101562,704.8398295585073,691.2443755981594,697.0453694874415,13720300
2025-06-17,694.9522705078125,703.6637089538638,693.7861096962511,699.7067073456836,10066100
2025-06-18,693.4970703125,699.2980647722242,692.6299173050131,695.8991705300261,10068300
2025-06-20,680.120849609375,699.5272759324512,676.4528788689065,698.4607641474819,22538600
2025-06-23,696.2481079101562,696.7663678330139,676.5326949790629,681.4565596787132,11080100
2025-06-24,709.8733520507812,710.8601081222891,699.8162879347926,702.5872352556954,13823200
2025-06-25,706.3649291992188,714.2391463968028,703.0757215627262,710.989786190386,9320400
2025-06-26,723.7180786132812,725.8410644855094,708.7271714667934,712.026356119824,13964800
2025-06-27,731.2333984375,733.0275060697373,723.4887618360168,724.1466398304902,18775700
2025-06-30,735.6788330078125,745.4567832484664,731.851350759088,742.1176905331245,15402100
2025-07-01,716.8704223632812,735.3399177465482,713.0330238804761,734.4727647300622,13431200
2025-07-02,711.2389526367188,717.9469479430355,710.4714485666279,712.9932128907722,9336700
2025-07-03,716.6611328125,726.6484187341657,712.0861007528597,724.23628063908,8601700
2025-07-07,716.0032348632812,724.6250009558648,711.1790804792781,715.2556849998467,9457100
2025-07-08,718.3157348632812,720.5484076114845,712.4748926138262,719.2128191233631,7770700
2025-07-09,730.3861694335938,735.1206520424314,720.3589752323313,720.3589752323313,11418000
2025-07-10,724.8641967773438,733.3962299961528,717.2491410105094,729.1601141641413,9913600
2025-07-11,715.1660766601562,722.791049443565,707.3815924903404,720.1397657932962,10873900
2025-07-14,718.5648803710938,725.6217684499236,714.2091611608587,715.2557188520466,8939400
2025-07-15,708.0693359375,722.1032960553172,707.501190694441,721.5352116480268,11529500
2025-07-16,700.6136474609375,711.6375132851348,696.985585155631,711.0394977501286,13067600
2025-07-17,699.1185913085938,703.5939743779064,694.8326508122145,702.0888975460598,11803300
2025-07-18,701.9791870117188,702.4077749261983,689.3904436272979,699.8959881535893,12779800
2025-07-21,710.6409301757812,714.6577946803866,703.4545218308364,704.4911025889082,9404400
2025-07-22,702.5075073242188,714.258969568067,699.1185901916039,713.8503357336546,8921100
2025-07-23,711.2488403320312,712.2953979460707,702.627074466955,704.0623726003058,8771600
2025-07-24,712.46484375,721.2560374369583,711.6674693968201,714.7074933384354,10920800
2025-07-25,710.351806640625,718.2958018452817,709.5743863825453,714.5779456568456,8271700
2025-07-28,715.2855834960938,722.3723412768968,710.3517424558249,712.8635293495823,8715700
2025-07-29,697.7132568359375,722.1032896273051,697.6235240780348,717.6479213169642,13267000
2025-07-30,692.9388427734375,706.1854038178556,688.9419332947481,705.7767700131621,27077300
2025-07-31,770.913330078125,782.1863801577031,763.0092430876867,772.667590247117,38831100
2025-08-01,747.559814453125,763.4975672525204,742.8751566383397,758.2447642610286,19028700
2025-08-04,773.8338012695312,774.3122137700193,755.9324499017634,757.5172825632864,15801700
2025-08-05,760.9659423828125,780.571667176634,760.507423214992,773.913496774336,11640300
2025-08-06,769.468017578125,771.1126516160077,757.9757159507556,767.4845283360178,9733900
2025-08-07,759.3412475585938,772.4682063669705,757.0686667309535,770.9631295472946,9019700
2025-08-08,766.786865234375,767.3849416766147,756.101914160301,760.2582747146965,7320800
2025-08-11,763.3680419921875,770.9332736584846,762.171949999175,767.5643106154529,7612000
2025-08-12,787.4192504882812,791.077244402737,769.9066403638383,770.4747856043563,14563100
2025-08-13,777.5316162109375,792.8613769942957,775.6876233736197,788.5654595317508,8811800
2025-08-14,779.5748901367188,785.2363270315518,769.986322264654,775.3387743217048,8116200
2025-08-15,782.664794921875,793.6488143059948,778.269228256533,781.5883668624648,13375400
2025-08-18,764.8631591796875,773.2755899130946,754.0884756033142,772.5579712024165,16513700
2025-08-19,749.0250244140625,764.6637703117248,746.9119549568848,764.613945820292,12286700
2025-08-20,745.2772827148438,747.7492222984731,728.6119336256934,745.1278092436016,11898200
2025-08-21,736.6854858398438,743.0646026719377,730.7150636889187,742.2772053426181,8876300
2025-08-22,752.3242797851562,754.42743321116,731.9909576644918,736.8151126028864,10612700
2025-08-25,750.839111328125,756.40089964729,747.6794841015795,752.354165267511,6861200
2025-08-26,751.636474609375,752.4039786334924,745.4966249237331,748.3472672479323,7601800
2025-08-27,744.9384765625,751.6863799088018,740.4133296583533,749.8423869559551,8315400
2025-08-28,748.65625,750.5899148175357,738.3799332684189,741.5694916361576,7468000
2025-08-29,736.2868041992188,744.6992345800578,732.9477115811937,742.8453254860702,9070500
2025-09-02,732.7085571289062,733.595664312695,719.3722615167949,723.6681793458474,9350900
2025-09-03,734.6421508789062,737.8317091036498,731.5921498947655,733.5955932459119,7699300
2025-09-04,746.2042846679688,758.673365064992,743.3835128663812,746.1245289832817,11439100
2025-09-05,749.9918823242188,755.4739147328357,742.596139272426,750.1613099282893,9663400
2025-09-08,749.8423461914062,764.0059463353695,749.5632925404257,753.5302710608411,13087800
2025-09-09,763.1986083984375,763.7966239723705,750.9686728075005,755.0154070864886,10999000
2025-09-10,749.5234375,763.1986490989516,748.5466583985636,762.6305038555339,12478300
2025-09-11,748.4469604492188,754.6266574243845,745.9251963321232,752.1847098305358,7923300
2025-09-12,753.1216430664062,755.095155276553,741.330272625368,746.2840072815898,8248600
2025-09-15,762.201904296875,771.5412896866574,749.5334031898147,754.995481759339,10533800
2025-09-16,776.4552001953125,778.8074760600178,762.6005837137456,764.4944012192615,11782500
2025-09-17,773.1859130859375,780.731191338524,763.8066796606671,777.4419836717854,9400900
2025-09-18,777.7010498046875,786.2032128794,770.8335437165625,778.1994163857863,10955000
2025-09-19,775.8372192382812,788.2166289656076,766.6772383880447,783.8509325355676,23696800
2025-09-22,763.175048828125,783.6916948825968,762.4868363426395,779.8217552362186,11706900
2025-09-23,753.4404907226562,768.6010126974617,749.1217058463387,767.2545389947088,10872600
2025-09-24,758.6867065429688,759.1355513505183,750.5778529948334,755.5349308449814,8828200
2025-09-25,746.9672241210938,754.8068807440363,742.6185490172081,751.4954858581857,10591100
2025-09-26,741.8206787109375,749.9794521140951,735.4372562509625,748.0544659269957,9696300
2025-09-29,741.4716186523438,748.832479543402,737.2326433015477,746.7777648139662,9246800
2025-09-30,732.4749755859375,741.0426584785586,724.4159185837501,740.3245554260684,16226800
2025-10-01,715.4791870117188,719.9774365591268,708.3576941566364,719.618385039583,20419600
2025-10-02,725.1640014648438,725.8821654223162,716.2771410193245,720.7056259804448,11415300
2025-10-03,708.7167358398438,729.1037149276121,708.3377167266436,727.7372737109582,16154300
2025-10-06,713.8035278320312,715.0203947681905,688.718804278428,703.3607165744016,21654700
2025-10-07,711.230224609375,716.636147605649,703.9192222306009,715.8581417735932,12062900
2025-10-08,715.9779663085938,717.783268775081,705.9739546774089,711.5993392573523,10790600
2025-10-09,731.6072387695312,731.6072387695312,710.5918883665408,716.4167658258609,12717200
2025-10-10,703.4703979492188,733.3626856542741,702.6824691715568,729.0239332852144,16980100
2025-10-13,713.8433837890625,718.072374881022,705.8042950194317,711.1603595995662,9251800
2025-10-14,706.8117065429688,713.6937706407739,697.5158763660478,705.9439682909708,8829800
2025-10-15,715.6885986328125,722.0221626881838,707.6694770310874,715.1998794771447,10246800
2025-10-16,710.2228393554688,723.6080097298942,702.0540824517458,715.6886043056783,9017000
2025-10-17,715.0602416992188,716.6760344343375,704.2882698394852,705.2458014471516,12232400
2025-10-20,730.2706298828125,731.866515781436,718.3117433877071,719.3191330444083,8900200
2025-10-21,731.367919921875,736.5843338414116,726.859625303898,734.1107864324557,7647300
2025-10-22,731.5075073242188,738.6788588958609,722.1518950553793,731.9264616753367,8734500
2025-10-23,732.095947265625,740.4841042897723,731.1982575844598,732.7941435868839,9856000
2025-10-24,736.444580078125,739.2872233202683,729.2533227506186,734.8786455644157,9151300
2025-10-27,748.872314453125,753.7895182960361,746.069606274355,747.7851152228061,11321100
2025-10-28,749.4906616210938,756.4326283200122,743.5860359773924,750.677577029167,12193800
2025-10-29,749.7200317382812,757.1905917498632,740.5838210171188,752.7920587752158,26818600
2025-10-30,664.7410888671875,679.1935516668058,648.4833846789722,667.414190282622,88440100
2025-10-31,646.6681518554688,673.139345897249,643.8953948481166,672.7603267493847,56953200
2025-11-03,636.0557250976562,657.619635334369,634.5296648817072,654.298256711345,33003600
2025-11-04,625.6926879882812,640.0752642850032,624.3860886703497,626.410791028598,27356600
2025-11-05,634.30029296875,640.5639703518489,624.9146693781357,630.6697208898194,20219900
2025-11-06,617.3344116210938,634.3501538797125,616.3968476378337,634.2005186436334,23628800
2025-11-07,620.0972900390625,620.516183502649,599.6404837711106,614.8907991985972,29946800
2025-11-10,630.1212158203125,633.3528014765299,616.5065997528014,629.4529708548182,19245000
2025-11-11,625.4533081054688,627.9268552540688,617.7832543081277,626.3709044869131,13302200
2025-11-12,607.43017578125,627.3583261459861,606.1934022078184,626.5005716840028,24493300
2025-11-13,608.3079223632812,616.0478021853295,601.4357808374693,611.4796659420805,20973800
2025-11-14,607.8790283203125,612.088052043071,593.6560102918138,600.2288811530552,20724100
2025-11-17,600.4483642578125,610.1032465254069,593.855525554584,607.4600964135232,16501300
2025-11-18,596.1395874023438,602.0940719298206,582.2656968950795,590.065358149623,25500600
2025-11-19,588.7886962890625,593.7857099116716,579.7422168855177,592.1798400423816,24744700
2025-11-20,587.6217041015625,605.1460720070379,581.8367012414765,601.9344542639864,20603000
2025-11-21,592.70849609375,596.5684523172222,580.3506215479276,586.9734117815261,21052600
2025-11-24,611.4596557617188,615.1002115339802,596.0796743085915,597.1668126146857,23554900
2025-11-25,634.5695190429688,635.3973829418613,616.6960233021972,622.3812488080194,25213000
2025-11-26,631.9663696289062,636.7040478933542,629.9915253276793,636.0358029520913,15209500
2025-11-28,646.2691650390625,646.3688812783262,633.8514494094911,634.4299618769652,11033200
2025-12-01,639.2074584960938,643.6459265392308,636.1055410281542,637.8908755177382,13029900
2025-12-02,645.4213256835938,646.1893476978298,636.4147821721649,640.6737247939117,11640900
2025-12-03,637.9407958984375,647.1668005690203,635.8961259576193,642.7383158920676,11134300
2025-12-04,659.81396484375,674.3461154685141,658.3377626918029,674.2463992276428,29874600
2025-12-05,671.673095703125,672.9398207362489,660.6717397649775,662.2775487290173,21207900
2025-12-08,665.0702514648438,674.9545781663558,663.344758713728,667.603701448277,13161000
2025-12-09,655.2557983398438,662.7562492699393,651.6451938720459,662.0481300460407,12997100
2025-12-10,648.4435424804688,652.812185461044,641.7310198416047,648.2640167126568,16910900
2025-12-11,651.016845703125,653.5801862453618,639.1377070000864,641.6212380225077,13056700
2025-12-12,642.5587158203125,709.1555202318053,636.9533001226623,648.1142734035774,14016900
2025-12-15,646.3570556640625,651.8372704406642,637.5627451568915,644.5502809809109,15549100
2025-12-16,655.9798583984375,661.3602142938313,642.054686531657,642.3541401459643,14309100
2025-12-17,648.343505859375,660.0526000253047,648.0440522221027,654.4426118233187,15598500
2025-12-18,663.2669067382812,669.366012780715,655.2911433094866,655.8601356908653,20260300
2025-12-19,657.5969848632812,669.8051880946751,657.0080086354003,665.2333263832898,49977100
2025-12-22,660.3220825195312,672.380589007267,655.4807431709672,660.4718397886508,15659400
2025-12-23,663.7559814453125,664.8140915262984,657.0778915122911,658.8746741689592,8486800
2025-12-24,666.3613891601562,666.9902722948509,661.0209394131572,661.3503688947783,5627500
2025-12-26,662.10888671875,667.7588423243637,660.1424238558649,666.8704124858896,7133800
2025-12-29,657.5171508789062,659.0743707339258,653.2248195668056,656.8383689858442,8506500
2025-12-30,664.7642211914062,671.0230153954109,656.6686764849229,657.5171386037911,9187500
2025-12-31,658.9146728515625,663.8159033150052,658.2658058687088,663.5663484641349,7940400
2026-01-02,649.2518920898438,663.2070415689074,642.3542224297569,661.5499631466852,13726500
2026-01-05,657.616943359375,663.3567049684374,646.5966230035071,649.8508280292294,12213700
2026-01-06,659.4437255859375,664.3350252422523,650.7392812609531,658.3956073528642,11074400
2026-01-07,647.5349731445312,657.9763704555172,643.6618768302103,654.4726104611178,12846300
2026-01-08,644.9096069335938,645.9477331499952,634.5879917891143,644.7299347572825,11921700
2026-01-09,651.8970947265625,653.7837438291153,641.7052537227476,644.2906685217797,11634900
2026-01-12,640.826904296875,652.8055375702352,640.0882316599212,651.3681600668523,14797200
2026-01-13,629.96630859375,641.1263941859123,622.9887038024194,641.1263941859123,18030400
2026-01-14,614.4240112304688,627.3309804807691,613.7252454803604,625.3844405077801,15527900
2026-01-15,619.694580078125,623.0585745209008,613.1362714280776,617.378703801015,13076100
2026-01-16,619.1455688476562,627.9598630097294,618.9758886129073,623.0685636897582,17012500
2026-01-20,603.0443115234375,610.3113781504126,598.9316523845154,606.7976262932837,15169600
2026-01-21,611.8685913085938,617.169133937088,599.0115204374271,605.659634898437,14494700
2026-01-22,646.476806640625,659.3937675491238,625.4343255489129,628.2293275614567,21394700
2026-01-23,657.5870361328125,665.3032527677875,643.3025186421843,643.6219561683764,22797700
2026-01-26,671.1627807617188,674.0776252750454,660.1124846991261,663.9456740004919,16327400
2026-01-27,671.7716674804688,675.6148486525956,663.4764668627315,673.3888389297905,13297400
2026-01-28,667.5392456054688,676.4733214975852,664.9139236867763,673.2989910894674,25709600
2026-01-29,736.995361328125,742.6752321400184,711.2812198864386,736.1169233837337,59852900
2026-01-30,715.2241821289062,730.8662626744616,712.3193905555435,726.2045952530067,23744600
2026-02-02,705.152099609375,720.0156002559207,702.2672920108814,713.3275184694113,14365200
2026-02-03,690.4683227539062,715.7232596178901,685.1877035052055,706.1104025957663,13760700
2026-02-04,667.7987670898438,687.603466213174,666.2715231343633,686.5053883494637,16882800
2026-02-05,669.0166015625,680.2864759062725,652.3363345630947,662.3984025060512,17131800
2026-02-06,660.2822265625,670.7934451675868,645.3488423980709,664.3050190645899,18159300
2026-02-09,676.0140991210938,682.0932819515241,657.6069922476072,661.9991209626965,14837500
2026-02-10,669.5256958007812,679.4380681924739,668.597359057372,676.3934502400131,10455800
2026-02-11,667.4993286132812,678.0605068549233,655.9299390360635,672.7998711552045,14323800
2026-02-12,648.6529541015625,674.7963229561075,644.1310518439949,668.7770306530766,14960100
2026-02-13,638.630859375,650.2700710327099,633.4401061931457,643.9513250294082,12336400
2026-02-17,638.151611328125,641.4557148619026,627.6803003409905,638.3612593202278,12674700
2026-02-18,642.0746459960938,643.8515057528024,627.0315334227189,632.67143641335,14649200
2026-02-19,643.6318969726562,646.0375787806976,635.5861905818066,637.432932921519,10035700
2026-02-20,654.4924926757812,662.1688021543367,637.6426055733327,638.5509584025834,14183500
2026-02-23,636.1152954101562,656.5288937722072,634.8675211939732,651.3780476889771,8605900
2026-02-24,638.16162109375,639.9683956881865,627.8599900449855,631.9527259539814,10135600
2026-02-25,652.5260620117188,652.7157261405878,640.9966397738364,641.3859599741169,11330700
2026-02-26,655.8401489257812,659.823034651462,646.3470725216666,649.3916295582877,10637700
2026-02-27,647.02587890625,648.2836451675449,636.983793627941,642.3043203814821,15703000
2026-03-02,652.396240234375,658.764884603327,633.3701817354564,636.0254184162494,9816100
2026-03-03,653.91357421875,657.866484005116,637.7025010942567,647.1356255764312,12263800
2026-03-04,666.541015625,671.5720803574089,656.4989309709863,656.788453587829,10810100
2026-03-05,659.393798828125,669.5057662619517,649.1520579976961,660.751362594833,13341400
2026-03-06,643.7117309570312,648.3135076492586,634.9773114336934,646.7463568472266,13159400
2026-03-09,646.2373046875,646.596649067328,625.6640164348609,633.6497720389343,13489700
2026-03-10,652.9053344726562,659.1242214972237,647.8443550809549,652.3962328583322,9859300
2026-03-11,653.6939086914062,657.9463328691638,647.2054829186618,653.5941111270305,8977200
2026-03-12,637.0436401367188,652.336368433984,635.7659510050273,647.5948263527883,11617500
2026-03-13,612.6171875,628.0496188589474,608.4645611002024,622.7790526456299,18957600
2026-03-16,626.8690185546875,634.1622468505053,622.5230098937741,631.4147932406764,15134900
2026-03-17,622.0834350585938,635.9605885584036,621.1243629754691,627.4085169382369,10348800
2026-03-18,615.1099243164062,622.0735023862151,614.04090772979,615.769347359454,11726300
2026-03-19,606.1382446289062,612.4323990135786,601.7023533616688,611.5832104537112,13247700
2026-03-20,593.1102905273438,603.400802317344,586.7062525156723,602.9712077810872,21214900
2026-03-23,603.5006713867188,608.0764476338709,598.4553596033379,605.2290499891692,13638000
2026-03-24,592.3709716796875,600.443507118967,590.4527665679026,598.5452420228083,10739700
2026-03-25,594.3391723632812,603.1110107561809,592.850561795072,598.1855830392399,12585000
2026-03-26,547.032958984375,582.460145169462,542.8468364624507,581.9506076701073,35780100
2026-03-27,525.233154296875,543.0966023049141,519.7782492802263,539.599843303006,30133000
2026-03-30,535.8833618164062,539.0504095872608,528.0505941707193,535.8833618164062,22795200
2026-03-31,571.6002197265625,573.1587727471259,546.2637174010383,549.4707059552647,32898300
2026-04-01,578.6936645507812,592.0013387220274,573.2887005646345,579.5928556215499,23608100
2026-04-02,573.9281005859375,577.9643377947169,559.1817578546791,565.5158531822124,13518500
2026-04-06,572.4894409179688,582.2503530791108,571.4703658572956,577.1550997330287,9515700
2026-04-07,574.5175170898438,574.6973431004155,564.2370671243236,571.9498894780604,9580800
2026-04-08,611.8529052734375,629.3667024291958,591.2820049792073,605.4388670235439,32036600
2026-04-09,627.8081665039062,636.9097166035551,622.4231426572783,626.3894374266143,19012900
2026-04-10,629.2767333984375,637.9886903650855,623.7518859014353,633.882449891805,13294800
2026-04-13,633.9425048828125,634.4120404303904,623.8218795800174,628.9171329935918,9538900
2026-04-14,661.8765258789062,665.6430543798978,638.7779398291946,642.624350345733,17818000
2026-04-15,670.9581909179688,677.8717665104965,663.6049593103575,666.3824145357423,14952600
2026-04-16,676.2432250976562,676.9525896021297,667.131674939706,675.3640350842893,9544800
2026-04-17,687.9124145507812,690.8796961433965,674.5048580761284,677.9716157075654,16283500
2026-04-20,670.2887573242188,682.7472426832454,667.381478611767,680.7290935491282,12534000
2026-04-21,668.220703125,675.5738733736962,666.7120915784461,670.3786762058809,8660100
2026-04-22,674.09521484375,677.7518600207422,669.1298460769134,673.7355628200382,9215600
2026-04-23,658.5396728515625,668.9400066983026,652.4452846667049,663.0854475032797,11667000
2026-04-24,674.4049682617188,680.0396994180859,653.2345872360809,659.7085674039201,13348300
2026-04-27,677.9916381835938,681.8680504402118,670.2188736545023,670.3786986745525,12805200
2026-04-28,670.7183837890625,677.5520159823654,665.0136491453696,673.6156618787633,10606800
2026-04-29,668.5004272460938,673.6256820299297,663.1953464496755,668.290599742094,18947500
2026-04-30,611.3433837890625,620.2751083620838,599.4444385151393,618.7465567527638,52765000
2026-05-01,608.1863403320312,618.3069655430758,605.548770151405,614.120842749119,21404000
2026-05-04,609.8447875976562,613.4314904063681,602.1919069095087,607.3771038685389,16203900
2026-05-05,604.3998413085938,613.7811000159977,599.8040642277598,612.7420849871345,17171300
2026-05-06,612.3125,619.3759607512419,597.5461564796674,600.4934370812971,19915500
2026-05-07,616.2388305664062,624.4012480600104,612.9718390781961,614.150739078972,12307400
2026-05-08,609.0654907226562,616.1988937552933,605.4987892063378,614.6303402495529,13557000
2026-05-11,598.3054809570312,604.3498668649182,597.5262348938886,604.010215830275,15940600
2026-05-12,602.441650390625,603.1909559259367,592.0512559095129,594.2692320029287,11351600
2026-05-13,616.0590209960938,619.3260125714435,596.1074810052941,598.275515544453,14634400
2026-05-14,617.8573608398438,623.152441138389,614.4305441468357,615.429618202359,10651200
2026-05-15,613.6612548828125,620.6248329546977,608.7458274653094,613.421486859321,13272600
2026-05-18,610.64404296875,615.0199919776213,603.1309869574205,608.5459509764945,13772400
2026-05-19,602.052001953125,613.361527578881,599.9939118379299,608.3561568042173,11749900
2026-05-20,604.499755859375,607.4370360716302,597.2564688338498,600.2037495434126,11329700
2026-05-21,606.8175659179688,609.0354809096541,594.2591985256718,599.4443949814065,13476100
2026-05-22,609.6949462890625,614.2407210713809,606.3880135859368,607.3171451453314,11688600
2026-05-26,611.7730102539062,613.9009818092591,604.7394901495815,608.3261927003538,12234200
2026-05-27,634.6718139648438,637.908804248614,608.4361186960156,608.8357727220844,23143600
2026-05-28,634.7017211914062,642.4046039468743,628.7272779804616,638.9078448274123,16772400
2026-05-29,631.92431640625,633.9124639439917,622.7727642602187,632.9133899267435,19806500
2026-06-01,599.9139404296875,635.1613007084701,598.974869401479,629.8162791560948,29138800
2026-06-02,597.0765991210938,608.3161816139932,596.1274666259658,602.68138962268,18252000
2026-06-03,622.4031372070312,623.5720977596394,599.7142043737263,602.4416570391962,23020100
2026-06-04,626.9888916015625,641.8051764288737,621.8536364911718,623.0924785224576,21469200
2026-06-05,592.450927734375,628.567480013855,582.3702434655938,622.8827460758752,30091600
2026-06-08,584.8479614257812,591.4518261333767,578.6836307521693,591.4518261333767,19512400
2026-06-09,584.0487060546875,597.0766092757164,580.4720040020986,590.4527436689563,16977400
2026-06-10,570.4512939453125,590.7724873942649,570.0716409197756,580.192266144374,17064000
2026-06-11,567.9036254882812,571.6401524850257,556.4942175026772,565.3060574843756,17628000
2026-06-12,566.4549560546875,575.5365655300229,560.3806300495169,572.4194595335534,14326400
2026-06-15,593.47998046875,601.27001953125,579.2999877929688,579.9000244140625,17653300
2026-06-16,600.2100219726562,605.8099975585938,592.0,593.6500244140625,11344400
2026-06-17,567.5800170898438,593.8099975585938,566.1900024414062,592.0,20478300
2026-06-18,577.219970703125,580.219970703125,563.0999755859375,572.8200073242188,28824600
2026-06-22,563.8499755859375,575.8099975585938,559.8099975585938,572.02001953125,15405500
2026-06-23,562.2000122070312,572.2000122070312,561.02001953125,562.25,13103300
2026-06-24,557.6699829101562,569.0399780273438,555.5499877929688,561.8900146484375,13963600
2026-06-25,542.8699951171875,556.3400268554688,540.1799926757812,555.5499877929688,16968600
2026-06-26,550.25,556.8499755859375,540.4000244140625,543.3400268554688,18867700
2026-06-29,562.5999755859375,570.9000244140625,558.0,560.0,15011400
2026-06-30,563.2899780273438,565.5399780273438,551.4299926757812,560.9400024414062,18111100
2026-07-01,612.9099731445312,628.280029296875,595.0999755859375,607.9099731445312,45536300
2026-07-02,582.9000244140625,610.0,580.4199829101562,607.9000244140625,21705900
2026-07-06,600.2899780273438,603.5800170898438,581.760009765625,594.8400268554688,17674100
2026-07-07,615.5800170898438,625.3699951171875,603.6599731445312,607.5900268554688,18560800
2026-07-08,603.1199951171875,616.0,598.010009765625,614.3900146484375,13606500
2026-07-09,631.47998046875,633.27001953125,577.0700073242188,583.989990234375,26579700
2026-07-10,669.2100219726562,677.8599853515625,658.010009765625,660.3400268554688,40608900
2026-07-13,656.72998046875,676.6199951171875,654.2000122070312,661.3800048828125,19840700
2026-07-14,661.0399780273438,666.5,649.0499877929688,652.0,16748200
2026-07-15,681.3099975585938,686.0800170898438,656.6599731445312,663.5999755859375,19003400
2026-07-16,664.5399780273438,681.9000244140625,660.1599731445312,677.280029296875,15816000
2026-07-17,646.010009765625,652.2000122070312,626.0,647.7000122070312,22267900
2026-07-20,645.8499755859375,653.2999877929688,636.010009765625,646.7000122070312,10225200
2026-07-21,643.8099975585938,655.8800048828125,643.2000122070312,654.1799926757812,9140500
2026-07-22,627.1699829101562,649.0,624.0,647.7000122070312,11019600
2026-07-23,606.0999755859375,614.6500244140625,597.219970703125,608.4099731445312,15494800
2026-07-24,595.1900024414062,609.97998046875,594.4500122070312,605.2999877929688,11503500
2026-07-27,593.8699951171875,611.260009765625,593.1300048828125,607.219970703125,11195300
2026-07-28,593.4099731445312,601.0,587.0,596.8200073242188,11946000
