Date,Open,High,Low,Close,Volume
2011-03-03,0.4860170038422278,0.48876417534059224,0.46335300272375696,0.47777554392814636,1593704000
2011-03-04,0.47823348131734145,0.48304097743427216,0.4699920204161612,0.47525739669799805,959760000
2011-03-07,0.47869134947375414,0.4802938481391973,0.4567141118584267,0.4686184227466583,1019140000
2011-03-08,0.47365494629409644,0.47617315100533175,0.43771301440479454,0.4475570023059845,1947184000
2011-03-09,0.4461834317965529,0.4505331029246968,0.43427909169048595,0.4381709098815918,1318976000
2011-03-10,0.42809802791184726,0.43130302590460295,0.40978366399869626,0.4102415442466736,1722736000
2011-03-11,0.4136753949045144,0.4246640000129976,0.40428928845361006,0.4132175147533417,1486832000
2011-03-14,0.4164225770564747,0.42695333025761073,0.40978361445905903,0.41665151715278625,1003360000
2011-03-15,0.3962768446441313,0.41115727120202383,0.3894089680591881,0.4042893946170807,1256280000
2011-03-16,0.4006264820407433,0.42008549132997225,0.3960478980410455,0.40131327509880066,1476520000
2011-03-17,0.4120728630702341,0.41275965599667425,0.3937585305812065,0.40886786580085754,1238516000
2011-03-18,0.4152778770960909,0.41665146291412847,0.4029156866052744,0.4033735394477844,886960000
2011-03-21,0.412072919795813,0.41619365063120184,0.4024578993735803,0.4065786302089691,751832000
2011-03-22,0.40543394255859555,0.4093257328897538,0.3976503346057701,0.39948177337646484,718332000
2011-03-23,0.3987949647796889,0.40886786397805214,0.3900956514280822,0.40772321820259094,782396000
2011-03-24,0.41642263880403774,0.44526775798144447,0.41550693286403145,0.4402312934398651,1780592000
2011-03-25,0.4441230617832261,0.44526770772429575,0.4258086994355993,0.4264954924583435,1196392000
2011-03-28,0.43656833105116466,0.4496173155724253,0.43267654061960875,0.44229158759117126,1204284000
2011-03-29,0.4422917024470968,0.4438942015949968,0.43290559312429894,0.438857764005661,715764000
2011-03-30,0.44229158483849795,0.44412302364504064,0.4168804089221688,0.4223747253417969,1176320000
2011-03-31,0.423061576817547,0.4276401608218949,0.4148201146935155,0.42260369658470154,655112000
2011-04-01,0.42809797615814676,0.428555829060259,0.41092826035959507,0.41665151715278625,850072000
2011-04-04,0.4166515843783602,0.4177962304635817,0.3987950727002862,0.4017711579799652,924328000
2011-04-05,0.4077231790068229,0.4109281759538042,0.4015420705811364,0.4024578034877777,821076000
2011-04-06,0.4054340043964671,0.4058918573363465,0.3962768091463136,0.3997107744216919,856984000
2011-04-07,0.40062644154331906,0.4168804240154137,0.3990239427635165,0.41436219215393066,1021208000
2011-04-08,0.4175672903303313,0.4175672903303313,0.4006265118947437,0.4017711579799652,746552000
2011-04-11,0.4033735281754341,0.4054339068449129,0.39215601104012954,0.3965056538581848,546208000
2011-04-12,0.39261383629991353,0.40039741573001886,0.38528808237686774,0.39765027165412903,840756000
2011-04-13,0.40177110635259683,0.4090968348985593,0.3967346696829046,0.4065786302089691,749588000
2011-04-14,0.40291566261980694,0.4239771650265586,0.4006263712530301,0.4237482249736786,1254704000
2011-04-15,0.4205434135273939,0.4335924019078651,0.4184830340139163,0.4283270239830017,969720000
2011-04-18,0.4182541616628563,0.4210013073230652,0.40749446461704736,0.4141334295272827,743584000
2011-04-19,0.4143620417445053,0.41596456723311714,0.4013130888591705,0.4125306308269501,659860000
2011-04-20,0.42764007543060534,0.43382115714413216,0.41825396917970714,0.42512184381484985,650516000
2011-04-21,0.4297006062822837,0.4324477791155468,0.4230616689464427,0.4239773750305176,421300000
2011-04-25,0.4258086468924554,0.43771295775253166,0.42557970681628704,0.430616170167923,619612000
2011-04-26,0.4342790366888851,0.44618337528726315,0.4299293934021382,0.4418337047100067,676000000
2011-04-27,0.4441230236862798,0.4441230236862798,0.43267653796695255,0.4418337047100067,450004000
2011-04-28,0.4418337129971767,0.45556949065990004,0.43679727665213386,0.4466412365436554,684000000
2011-04-29,0.449617251617898,0.46793158261121803,0.44893045874754733,0.45785871148109436,836000000
2011-05-02,0.46747380861274973,0.4677027214010948,0.44938838838905953,0.45167768001556396,613824000
2011-05-03,0.44641229574787084,0.4477858543246419,0.4246639983986573,0.4301582872867584,808000000
2011-05-04,0.4315318690593497,0.43633939225870216,0.41894076546062553,0.4269532859325409,639356000
2011-05-05,0.42351940903730695,0.4322187236780179,0.41779617931190655,0.42718228697776794,544000000
2011-05-06,0.43611047816930687,0.44641231810891097,0.43267654061960875,0.44229158759117126,841080000
2011-05-09,0.44366507375196873,0.454424764815542,0.44252042808907843,0.45213547348976135,706328000
2011-05-10,0.45579841219811973,0.4562562650671237,0.4482437170522641,0.45282232761383057,690976000
2011-05-11,0.45511165126796704,0.4596902075706321,0.44870162877941855,0.4548827111721039,616000000
2011-05-12,0.45328017597668957,0.4697630974210438,0.45213553017030433,0.46930521726608276,1224000000
2011-05-13,0.4395443730479801,0.4406890187867571,0.41482001963229514,0.41802501678466797,2025192000
2011-05-16,0.41688044056895246,0.41779617368699495,0.40497612835849334,0.40520504117012024,728188000
2011-05-17,0.40383151041333737,0.40406042324082736,0.3919271700874256,0.40360257029533386,1420364000
2011-05-18,0.4052049953001423,0.41642254051536165,0.4038314367143355,0.4129886031150818,658844000
2011-05-19,0.4161936203237397,0.4164225604108999,0.40085537132777155,0.4070364534854889,650884000
2011-05-20,0.40612090543220314,0.41504913565051216,0.4042894658952237,0.4141334295272827,575820000
2011-05-23,0.40818102258575817,0.41665142215077094,0.40291564718576517,0.41367533802986145,588000000
2011-05-24,0.41573575117751566,0.43198973259580475,0.41459110536750965,0.415277898311615,720372000
2011-05-25,0.4132175853191591,0.42306157360230945,0.40909685428846054,0.42031440138816833,545312000
2011-05-26,0.420314387707419,0.4345080193834512,0.4191697417522882,0.43084514141082764,706436000
2011-05-27,0.43267657609229737,0.4470991204415537,0.43221872317290283,0.4464123547077179,658824000
2011-05-31,0.4551115382458519,0.45900335516596874,0.4441229348930303,0.4587743878364563,1200716000
2011-06-01,0.45671418580099277,0.4574009788518063,0.4372551767170027,0.4381709098815918,762208000
2011-06-02,0.4388576385187095,0.44206263589807254,0.43084509048928377,0.4361104667186737,607592000
2011-06-03,0.4310740988251558,0.43496588977074885,0.4205433446989503,0.42260369658470154,549300000
2011-06-06,0.421916797550764,0.425808587267105,0.413217457941641,0.41367533802986145,435988000
2011-06-07,0.4168804236458551,0.41916971541226095,0.41161504712501956,0.41344648599624634,433956000
2011-06-08,0.41138623751424225,0.4139044427146455,0.39902404250042844,0.40222904086112976,569288000
2011-06-09,0.40199994145725054,0.4029156470523789,0.3832277311425765,0.39765027165412903,741632000
2011-06-10,0.39833717569897564,0.4008554077243472,0.38872212781338433,0.39192715287208557,493548000
2011-06-13,0.39192696933914034,0.39696340374089173,0.3864326549359119,0.3891798257827759,574760000
2011-06-14,0.3926139758786754,0.4010843511616947,0.3907825367468164,0.3923850357532501,534576000
2011-06-15,0.38711964740771515,0.38940893943441435,0.37590210010258096,0.38391464948654175,935916000
2011-06-16,0.38414350924747387,0.39009567861083594,0.36514238259267484,0.3706366717815399,1024908000
2011-06-17,0.37498642079085404,0.3752153609259589,0.3504909725362821,0.36193743348121643,1467884000
2011-06-20,0.35873231101726916,0.36628697808102456,0.3548404938122545,0.35758766531944275,745960000
2011-06-21,0.35896129405065463,0.36811848871632974,0.3555273562849683,0.36537131667137146,704276000
2011-06-22,0.3628531050958002,0.3676606015017475,0.35964808020132444,0.3603348731994629,651720000
2011-06-23,0.3557562211174047,0.3736126991791407,0.3525511968398848,0.3710944950580597,744024000
2011-06-24,0.36926312759424085,0.3724681251982057,0.358045581399342,0.3603348731994629,529052000
2011-06-27,0.360334709035518,0.3626239997926669,0.3401889176240095,0.3527800440788269,1142152000
2011-06-28,0.3527801951985665,0.3589612774325465,0.3502619633707734,0.35484054684638977,692200000
2011-06-29,0.3571298483049871,0.3639977509958607,0.34476768350053877,0.3603348731994629,960544000
2011-06-30,0.36125061523112423,0.3688052843872411,0.35575632527604667,0.3649134933948517,652300000
2011-07-01,0.3649134421207837,0.37109455156487897,0.3575877141131821,0.3697209656238556,540804000
2011-07-05,0.369263103683387,0.3726970411612109,0.36033484986673925,0.3635398745536804,535296000
2011-07-06,0.3633110164640557,0.3639978095727173,0.35438276063248575,0.3587324321269989,529580000
2011-07-07,0.36056384178982065,0.3623952535422389,0.3536959385561999,0.360105961561203,986136000
2011-07-08,0.35506933522348666,0.35758756597529817,0.3502618137120278,0.35323789715766907,619516000
2011-07-11,0.34659915109593176,0.3479727099154236,0.33996018795159183,0.34087589383125305,714388000
2011-07-12,0.3392733583600366,0.3424783831747262,0.3305740442780367,0.33629727363586426,867604000
2011-07-13,0.34087582528971805,0.3431651168190654,0.33240545208923417,0.33561044931411743,634368000
2011-07-14,0.33698391891532914,0.3390442696648819,0.32072994374708574,0.3223324418067932,1088996000
2011-07-15,0.3241639700347497,0.32622432135746465,0.3161514502167382,0.32279038429260254,827736000
2011-07-18,0.3202721383223718,0.3221035493520288,0.31180173950294765,0.31592246890068054,818200000
2011-07-19,0.31683822221451374,0.3262243279647777,0.31683822221451374,0.3255375623703003,602224000
2011-07-20,0.3266822915390526,0.3285137033128703,0.32050118128562094,0.3214169144630432,662956000
2011-07-21,0.32187470298251747,0.3388154768237026,0.31706717981219956,0.33652618527412415,1143420000
2011-07-22,0.3395022216344188,0.34453865687165575,0.3351525519323246,0.343394011259079,737192000
2011-07-25,0.33812877404981695,0.33950236026198133,0.33309233675607286,0.3378998339176178,566920000
2011-07-26,0.3282848029185971,0.33652626537493585,0.324850864776875,0.3296583890914917,698276000
2011-07-27,0.3250796978391552,0.3266822237444522,0.3163803845567891,0.3172961175441742,652212000
2011-07-28,0.3161514999378519,0.32324828794704114,0.3111150362848986,0.31660935282707214,648176000
2011-07-29,0.3134043280215101,0.319585437542769,0.3118018292639841,0.31660935282707214,677656000
2011-08-01,0.3239350493686792,0.33446580124739983,0.32118790501047173,0.3335500955581665,1019620000
2011-08-02,0.3312607685953477,0.35209333005587073,0.3301161229610443,0.3301161229610443,1356432000
2011-08-03,0.3308029588438592,0.3401890378921621,0.3275979342764687,0.33904439210891724,765236000
2011-08-04,0.33286338306022745,0.33286338306022745,0.30676543712615967,0.30676543712615967,979732000
2011-08-05,0.31386223587867107,0.31775402671599967,0.28845105715472674,0.29646357893943787,1270588000
2011-08-08,0.28204102865186725,0.2921139293549191,0.27128133492284406,0.27311277389526367,1084180000
2011-08-09,0.27837810005560715,0.29646351909312063,0.27471525006774244,0.2960056662559509,1329832000
2011-08-10,0.2873063899513759,0.29554785123703486,0.2808963675392534,0.28249886631965637,1140052000
2011-08-11,0.282498819641101,0.3111149893193951,0.282498819641101,0.3069942593574524,1078792000
2011-08-12,0.33973127253028096,0.34018912550339125,0.29005358362070527,0.2948611080646515,3195784000
2011-08-15,0.29783706428995016,0.3067653162048209,0.29623456593307695,0.3060785233974457,864152000
2011-08-16,0.3026446312058302,0.3067653613662239,0.2918849393174391,0.2973792552947998,716868000
2011-08-17,0.29829495370241543,0.30333141671476205,0.2893667279814496,0.29325851798057556,553328000
2011-08-18,0.2799807087581453,0.2827278538844566,0.27013671974870923,0.27334174513816833,802564000
2011-08-19,0.26876306394659766,0.28364345758139625,0.266702685376707,0.2685341238975525,761332000
2011-08-22,0.2760888902644796,0.27929391565393874,0.27036565988028316,0.27334174513816833,611876000
2011-08-23,0.27998060868872526,0.30310246209297537,0.2795227285892309,0.30287352204322815,938312000
2011-08-24,0.30218681040197304,0.3031025161833639,0.29074032439152486,0.2985239326953888,687500000
2011-08-25,0.29257177293564296,0.297837149579321,0.2852460445703354,0.2857038974761963,690968000
2011-08-26,0.2845592121976026,0.300813192785764,0.2795227490583927,0.29783710837364197,732660000
2011-08-29,0.3063075515608241,0.3069943172752921,0.2992107359935583,0.30584967136383057,601528000
2011-08-30,0.3037893320606302,0.3156936445684667,0.30172895296144875,0.3131754398345947,684760000
2011-08-31,0.3154646553967528,0.31866965238795486,0.30218676003654776,0.3047049641609192,705808000
2011-09-01,0.30882581348704946,0.31546477737953543,0.30378937600032935,0.3040182888507843,762312000
2011-09-02,0.29715025325302835,0.301270982553978,0.2934873766987394,0.29577669501304626,471356000
2011-09-06,0.28616174453484633,0.30241572703961983,0.28341459986530293,0.3017289340496063,696248000
2011-09-07,0.3262244164943695,0.3351526718410638,0.31729618843818913,0.3262244164943695,1606620000
2011-09-08,0.32301944650803854,0.330803056506352,0.3193565680040656,0.32462194561958313,880164000
2011-09-09,0.32187476122058395,0.3305740761410848,0.3150068853292169,0.31775403022766113,869828000
2011-09-12,0.3134043411720651,0.3280558252754656,0.3134043411720651,0.3253086805343628,916480000
2011-09-13,0.3280558941804203,0.33423700525932315,0.32301945654879183,0.33263447880744934,853836000
2011-09-14,0.34133387497813444,0.3541539248267625,0.3411049347952756,0.34980425238609314,1547192000
2011-09-15,0.35758771876416773,0.3594191576125163,0.3516355493296624,0.35484054684638977,752908000
2011-09-16,0.35552730950809297,0.3685762931332502,0.35209337219421116,0.35392481088638306,1391588000
2011-09-19,0.34797269056569835,0.3504909225305051,0.33767087718505356,0.34659913182258606,968204000
2011-09-20,0.35094879133816936,0.3523223774339984,0.3360683935589102,0.3376708924770355,792436000
2011-09-21,0.3395021690038057,0.3454543088921844,0.3310317709514401,0.33126071095466614,715252000
2011-09-22,0.3182119301137023,0.3186697831159126,0.3033315301535073,0.30928367376327515,1314632000
2011-09-23,0.3074521830650438,0.324621870932393,0.3056207442344246,0.31569361686706543,1011440000
2011-09-26,0.3195854963868258,0.32050120233387175,0.3021868650688315,0.31638047099113464,972124000
2011-09-27,0.3243928988912181,0.3271400429901807,0.3143200008076819,0.31683820486068726,781388000
2011-09-28,0.3175251045090519,0.32553765403604945,0.302186853114458,0.30722329020500183,1236532000
2011-09-29,0.31271756514196286,0.3179829416415681,0.29188497194495316,0.2996685802936554,866416000
2011-09-30,0.29486097426436175,0.2964634725883331,0.2859327225328022,0.28639060258865356,677784000
2011-10-03,0.28272781805754016,0.2916560726998184,0.2703656256198883,0.2703656256198883,949896000
2011-10-04,0.26372661678734366,0.2953188717365265,0.2625819710554388,0.2953188717365265,1361548000
2011-10-05,0.2946321250572011,0.30859684338374715,0.288679982691908,0.30584967136383057,856708000
2011-10-06,0.30745216004393217,0.31889861776508793,0.30699427990267963,0.31798291206359863,773192000
2011-10-07,0.3193565960161662,0.3287427059493191,0.3127176588472171,0.3239351809024811,806976000
2011-10-10,0.32942937388391286,0.3383576273918152,0.328742580953996,0.3383576273918152,534376000
2011-10-11,0.33561053850228406,0.34110485600713186,0.333550186494538,0.33469483256340027,816080000
2011-10-12,0.34110485467051327,0.34133379479959464,0.33423697828425153,0.334465891122818,612064000
2011-10-13,0.3328633068621683,0.354611603807261,0.3319476011613363,0.35392481088638306,854832000
2011-10-14,0.36010593292621373,0.3637688107208108,0.35117770582633595,0.3598770201206207,702452000
2011-10-17,0.3557561657264048,0.3557561657264048,0.340188954157408,0.3420203924179077,611780000
2011-10-18,0.3401890631683139,0.35529842683648766,0.33812871152159163,0.3543826937675476,590916000
2011-10-19,0.35484053467101717,0.36102164398341974,0.34637016098986645,0.3472858667373657,557568000
2011-10-20,0.33789979250518476,0.33927337854900474,0.3168382853826749,0.3298872709274292,990308000
2011-10-21,0.3340079735731387,0.33950228999410487,0.32599545267175906,0.3314897418022156,628428000
2011-10-24,0.3328633763894281,0.3491173606530767,0.33217658332509536,0.3438519835472107,535256000
2011-10-25,0.33904431917022304,0.34179149029141753,0.3301160948978477,0.33080288767814636,577996000
2011-10-26,0.3372130648311032,0.33904447670887083,0.3250797837525453,0.33469483256340027,503116000
2011-10-27,0.3470569572582635,0.3525512463767185,0.33927334916819124,0.34911730885505676,577732000
2011-10-28,0.34614120725159114,0.36033483681142026,0.3452255015402188,0.3571298122406006,490156000
2011-10-31,0.3456834160061632,0.3477437951597293,0.3388155400753021,0.3388155400753021,519984000
2011-11-01,0.3264532911068771,0.3273689968246011,0.31866968334419005,0.3218747079372406,790824000
2011-11-02,0.3250797866501318,0.326682312993235,0.30974153464876364,0.31638047099113464,961608000
2011-11-03,0.3198142087987346,0.3360682111416927,0.3113438385801914,0.335381418466568,749372000
2011-11-04,0.33240548802138065,0.34041800924022875,0.32714011147660693,0.3392733633518219,654840000
2011-11-07,0.33675509850790925,0.3424783546800644,0.32965831106897153,0.33744189143180847,613536000
2011-11-08,0.3417914869965598,0.3472857746049795,0.33629717209763804,0.34522542357444763,549728000
2011-11-09,0.33721305539194424,0.34156269941566103,0.326453360813409,0.32782694697380066,532244000
2011-11-10,0.33583929269518814,0.33927322900057966,0.3230192529055266,0.33126071095466614,990484000
2011-11-11,0.3406469261637823,0.345683362272099,0.3221036258261657,0.3429362177848816,1751560000
2011-11-14,0.3429362360652503,0.3463701736799468,0.33538156785481593,0.33629727363586426,500292000
2011-11-15,0.3330922840012968,0.34316515699345485,0.3321765509080482,0.3406469523906708,505660000
2011-11-16,0.3342369768596046,0.3431652052074834,0.3326344505438955,0.33377909660339355,512420000
2011-11-17,0.33309225307715506,0.334007958794879,0.3159225389005098,0.3218747079372406,657504000
2011-11-18,0.32370614138724885,0.32370614138724885,0.3154646809000239,0.31889861822128296,501352000
2011-11-21,0.31386215270921386,0.3381286517430892,0.30905462999611416,0.334923654794693,1330788000
2011-11-22,0.33858646314956325,0.3470568618740882,0.3367550248499227,0.34522542357444763,1287480000
2011-11-23,0.3415627335616185,0.3440809660105791,0.3303451849050413,0.3305741250514984,825340000
2011-11-25,0.3262244113050848,0.33377908038887966,0.32050118128562094,0.3214169144630432,406620000
2011-11-28,0.33194763644084974,0.34453874126327017,0.33194763644084974,0.3395023047924042,690616000
2011-11-29,0.33904439820958165,0.3456833602461662,0.33583940087502956,0.3413337171077728,623440000
2011-11-30,0.3516356421045293,0.35873245928034925,0.34865955660207204,0.3578167259693146,730324000
2011-12-01,0.3548405596592358,0.3630820211291381,0.3532380608430079,0.36216631531715393,529760000
2011-12-02,0.3660581025198062,0.3674316885154078,0.3564430824221276,0.3598770201206207,546464000
2011-12-05,0.36582917974098167,0.3662870326301966,0.35140660905188537,0.3543826937675476,644696000
2011-12-06,0.35644312626631597,0.35712989205808127,0.34568343165513543,0.3493463099002838,573832000
2011-12-07,0.34705695394574554,0.3498040984787526,0.3399601388858437,0.3472858667373657,510016000
2011-12-08,0.34385194184629864,0.3495751712041261,0.3351526277642987,0.33629727363586426,491488000
2011-12-09,0.33377907904402765,0.3438519802120066,0.32920049504690446,0.3411048352718353,555840000
2011-12-12,0.3337791249642066,0.33515271126852214,0.32645339501906356,0.33263447880744934,573208000
2011-12-13,0.3369840143769486,0.3411047443338824,0.3214168274788131,0.323477178812027,516596000
2011-12-14,0.32073016672534826,0.3225616060484821,0.3074522657457743,0.3108862042427063,636020000
2011-12-15,0.3161514541642831,0.31821180551272404,0.30745214136657617,0.308138906955719,435148000
2011-12-16,0.310657260060423,0.31660943096070776,0.3079101147566442,0.30928367376327515,619116000
2011-12-19,0.3106571266891144,0.31432000371528446,0.3001263757067544,0.3012710213661194,463276000
2011-12-20,0.3081390688637763,0.31935661901749113,0.3081390688637763,0.31821197271347046,445208000
2011-12-21,0.3163804679305857,0.3198144061345621,0.30791009248554696,0.31409117579460144,548424000
2011-12-22,0.3150068991787986,0.32851371144278874,0.3150068991787986,0.3275980055332184,576560000
2011-12-23,0.3292005010899217,0.32965838133044983,0.3216458318978874,0.32439300417900085,248948000
2011-12-27,0.32301935372964974,0.32691114396573906,0.3209589749290083,0.3218747079372406,195712000
2011-12-28,0.32187463384724985,0.32256142662270915,0.3136331751227425,0.3138621151447296,233960000
2011-12-29,0.3170672390688064,0.32050117703494174,0.3124886551139593,0.31981438398361206,211112000
2011-12-30,0.31866967608949026,0.3221036133885421,0.31683823740522776,0.3172961175441742,186956000
2012-01-03,0.32736905730897753,0.3296583766072765,0.3207301214026049,0.3214169144630432,468044000
2012-01-04,0.321645742383922,0.32645326524742374,0.3186696581013022,0.32507967948913574,347372000
2012-01-05,0.32347722913901933,0.3383576527682025,0.3221036431761685,0.3367551267147064,563548000
2012-01-06,0.3365261180984608,0.33675503083341946,0.3289714520347751,0.3328632414340973,533252000
2012-01-09,0.33309218145955843,0.33927326195148216,0.3305739503414957,0.3328632414340973,508244000
2012-01-10,0.33789976398142124,0.3381287040662359,0.3292004501161071,0.3314897418022156,546328000
2012-01-11,0.32851361773484977,0.33148970202780165,0.3234771820878192,0.32485076785087585,484272000
2012-01-12,0.3255375557768969,0.3257664685402509,0.3156935701090185,0.32279038429260254,652364000
2012-01-13,0.32050113979324857,0.3211879327647741,0.3127175588906527,0.31432005763053894,504300000
2012-01-17,0.31912760328679274,0.31912760328679274,0.30905470268325924,0.30951255559921265,627176000
2012-01-18,0.3154648002023007,0.3225616175996425,0.3138623009711159,0.3200433850288391,632676000
2012-01-19,0.32279036439300574,0.32897147256110515,0.3193564275398413,0.32851359248161316,608312000
2012-01-20,0.3280557665612324,0.3319475838126386,0.3243929166588294,0.3255375623703003,546272000
2012-01-23,0.3257665755754501,0.3346948312518993,0.32164584428559007,0.334465891122818,562792000
2012-01-24,0.3321764356469106,0.34339397793590787,0.3319475229209115,0.3420203924179077,730920000
2012-01-25,0.33286334241501603,0.3408758636698841,0.32324829507676567,0.33996015787124634,1274152000
2012-01-26,0.3449965879107909,0.34888840570869817,0.3349237151515857,0.3367551267147064,799672000
2012-01-27,0.3346947550711883,0.34316512856151193,0.331947610600071,0.3413337171077728,449996000
2012-01-30,0.3353816021098716,0.3404180390010671,0.33034513792816306,0.3388155400753021,399076000
2012-01-31,0.33973127441824924,0.33996021455133424,0.3321766048031428,0.3381287753582001,357900000
2012-02-01,0.3420206022623516,0.34568348103068564,0.33721310458074605,0.34179168939590454,428020000
2012-02-02,0.34362317376664714,0.3559853434698026,0.3401892074151909,0.3546117842197418,696236000
2012-02-03,0.3598770234966823,0.36514240014186927,0.3591902304924386,0.36216631531715393,495232000
2012-02-06,0.36033478320996837,0.36079263599754685,0.35621405354075375,0.3594190776348114,278868000
2012-02-07,0.35987702029754093,0.3623952249033673,0.35392485070102225,0.3603348731994629,410296000
2012-02-08,0.36033477877848635,0.3804805467987194,0.35850334036019177,0.3733837604522705,847612000
2012-02-09,0.3779623716165848,0.38002272293739897,0.3724680559435706,0.3731548488140106,561944000
2012-02-10,0.3694921981969598,0.3708657847798468,0.3619375265721264,0.3639979064464569,440268000
2012-02-13,0.37315490318590416,0.3745284891269275,0.3621662975292468,0.3697209656238556,610668000
2012-02-14,0.36972102702127546,0.37498640428224245,0.3665160017234843,0.3717813789844513,453756000
2012-02-15,0.3752153427110296,0.38689074322428335,0.3692631723924072,0.37017887830734253,1110856000
2012-02-16,0.3447677337813257,0.37956499605039035,0.34339414758472553,0.3765889108181,1888588000
2012-02-17,0.3768177390173956,0.37933594324246617,0.3594191130509682,0.3628530502319336,1020360000
2012-02-21,0.36262414328093395,0.3736127487214757,0.3619373503239296,0.364684522151947,518176000
2012-02-22,0.36285310832139767,0.3717813355050325,0.36170846241116184,0.36216631531715393,492432000
2012-02-23,0.36285308065752614,0.3662870181264306,0.3571298242521762,0.36422663927078247,323968000
2012-02-24,0.36537128129493357,0.36582916145176747,0.3598769923180149,0.3614794909954071,366668000
2012-02-27,0.3569009868310875,0.3585034858635517,0.34911737721688096,0.3541538417339325,745268000
2012-02-28,0.3541536855074033,0.35827441498063084,0.34728578485835554,0.35094866156578064,699884000
2012-02-29,0.3520934504393378,0.3580456206890101,0.34659916043234335,0.34682807326316833,689196000
2012-03-01,0.3482016030988174,0.3532380393391527,0.34682801717394895,0.34911730885505676,449944000
2012-03-02,0.3479726974810838,0.35712986511252953,0.3479726974810838,0.3520934283733368,684076000
2012-03-05,0.3495751460960729,0.3502619390277857,0.3376708353449146,0.34018903970718384,514848000
2012-03-06,0.33629721568794496,0.3390443598482352,0.33103184012792697,0.3369840085506439,471400000
2012-03-07,0.33881547932657313,0.34041797796501433,0.33423689619359376,0.33904439210891724,441984000
2012-03-08,0.33996012692361843,0.3436230043657479,0.3381286882025537,0.34018903970718384,430852000
2012-03-09,0.341104802231375,0.3436230341020744,0.3374419244722688,0.3392733633518219,367836000
2012-03-12,0.340646971194768,0.3429362631184946,0.3330923023883678,0.33400800824165344,299948000
2012-03-13,0.335381600795748,0.3404180376672093,0.3337790745857492,0.33858659863471985,553288000
2012-03-14,0.3385866158689038,0.33927340895235947,0.3278269485298126,0.32897159457206726,735708000
2012-03-15,0.32988730545920314,0.33561053575669336,0.3287426593997051,0.33377909660339355,382380000
2012-03-16,0.3340080393546546,0.33561053839243427,0.3321766001869715,0.3342369794845581,428340000
2012-03-19,0.33606844875569103,0.3376709479370151,0.3335502162632408,0.3351527154445648,405400000
2012-03-20,0.33332124006835323,0.33332124006835323,0.326682303910563,0.3296583890914917,449616000
2012-03-21,0.32965835976550567,0.3340080034418758,0.32599548182397464,0.3310319185256958,467840000
2012-03-22,0.3285137456049351,0.3333212703563992,0.3275980396001405,0.3305741250514984,425372000
2012-03-23,0.3296583936965996,0.33400803782067007,0.32736907427962353,0.3330923318862915,315456000
2012-03-26,0.33629721568794496,0.3385865070366044,0.33309221871602385,0.3369840085506439,288600000
2012-03-27,0.3383576575573007,0.34339409400818877,0.3376708645661544,0.3392733633518219,419968000
2012-03-28,0.34362298809136294,0.3516355082373441,0.3411047565578518,0.34705692529678345,892448000
2012-03-29,0.3465990449281876,0.35140654025958107,0.34224937510587367,0.3486593961715698,372700000
2012-03-30,0.35163554587992096,0.35461163056797657,0.34659910956425527,0.35255125164985657,527240000
2012-04-02,0.3516354543597357,0.35461153827320574,0.3459122265609482,0.35094866156578064,407776000
2012-04-03,0.3534668822775792,0.3539247350298638,0.343393985274807,0.34522542357444763,430476000
2012-04-04,0.339959999913402,0.34430964137169506,0.3333210404411938,0.335381418466568,495896000
2012-04-05,0.33583936041123325,0.33996009026667506,0.33377898183825966,0.334923654794693,369424000
2012-04-09,0.3296584190467038,0.3317187712027502,0.3241641011463853,0.3305741250514984,365504000
2012-04-10,0.329200530014442,0.33377911449790043,0.32256159342963375,0.32416409254074097,470360000
2012-04-11,0.3285136830626803,0.3353815859532001,0.3273690371293457,0.32828477025032043,372960000
2012-04-12,0.3287425774091735,0.3378997436013012,0.3273689915641512,0.336068332195282,384868000
2012-04-13,0.33309234865779463,0.33492378790928123,0.3239351524003616,0.32416409254074097,311324000
2012-04-16,0.3264533801744155,0.3273690861419751,0.315006919127342,0.320272296667099,463468000
2012-04-17,0.32118794187339395,0.3250797324350598,0.31981435589138923,0.3209590017795563,460696000
2012-04-18,0.3188986748758126,0.3205011737856602,0.31363329792301686,0.31752508878707886,400764000
2012-04-19,0.31340435249796333,0.32530869229046355,0.31111506058256133,0.31271758675575256,667188000
2012-04-20,0.314548864977784,0.3154645977296637,0.3058495539326809,0.30653634667396545,509592000
2012-04-23,0.30127102356651403,0.3042471077607005,0.2955477952278883,0.30287352204322815,706244000
2012-04-24,0.3037892992224609,0.3063075309746364,0.291884960710914,0.29348745942115784,730440000
2012-04-25,0.2978371400883701,0.30172893059993755,0.29234282352158925,0.2994396388530731,727112000
2012-04-26,0.29921072740032245,0.3021868121427524,0.2971503484445584,0.2996685802936554,539208000
2012-04-27,0.29921063255220826,0.3010420708354948,0.29394525772169766,0.29715025424957275,475356000
2012-04-30,0.29554790429399164,0.299210782698627,0.29348752495744096,0.29760825634002686,262268000
2012-05-01,0.2960056480368773,0.3060785462871618,0.2960056480368773,0.30287352204322815,408680000
2012-05-02,0.3017288913790035,0.3028735371036463,0.29257172558186134,0.2941742241382599,684008000
2012-05-03,0.29486106992079375,0.29669250886683135,0.28730640132495855,0.2891378402709961,419536000
2012-05-04,0.2873064476450282,0.28890894674722706,0.2806674838066101,0.2806674838066101,545092000
2012-05-07,0.28570386630650074,0.2905113895198272,0.283185634663233,0.2854749262332916,604440000
2012-05-08,0.28295660703587244,0.28707733604501867,0.27792017259824925,0.2852459251880646,462312000
2012-05-09,0.2802094947396882,0.2886798937058992,0.2774623508570941,0.28639060258865356,520608000
2012-05-10,0.2891378624301469,0.28959571537911766,0.27975175416893494,0.2843303382396698,597092000
2012-05-11,0.3079100148826409,0.31317539092646907,0.3012710529872026,0.3024156987667084,1435140000
2012-05-14,0.2998974339967808,0.30516280945878244,0.29371635292856374,0.30058422684669495,437472000
2012-05-15,0.3005843416324787,0.3072233053295659,0.2962346974061752,0.29760825634002686,599940000
2012-05-16,0.29806603876209775,0.3014999759052386,0.2907402843576587,0.2916560173034668,470484000
2012-05-17,0.2928007183298576,0.29554786310522296,0.28959569334983826,0.28959569334983826,335364000
2012-05-18,0.2902824017363713,0.2916559873688499,0.27517306894112137,0.2765466272830963,567288000
2012-05-21,0.2770045166192527,0.28272774479516605,0.2751730781448595,0.281354159116745,416260000
2012-05-22,0.28112524040684356,0.28158309319311364,0.27379948666450676,0.2779202163219452,410140000
2012-05-23,0.2749442013316619,0.2852460417079669,0.2708234706392421,0.2847881615161896,496000000
2012-05-24,0.2863906447111742,0.28684849754386404,0.2751731002124854,0.27723345160484314,520420000
2012-05-25,0.2770045508952691,0.2861617171098208,0.2770045508952691,0.28387242555618286,391752000
2012-05-29,0.2884510492342953,0.2930296329855521,0.28730640329648116,0.291198194026947,310000000
2012-05-30,0.2879933404621146,0.2900536932652119,0.28272796105466824,0.28776440024375916,379792000
2012-05-31,0.28776412693850434,0.28890877236209866,0.28089625439693855,0.28455913066864014,358192000
2012-06-01,0.2786070622155568,0.281354206746956,0.27379953881772623,0.2742573916912079,440984000
2012-06-04,0.2756309379318893,0.27723343640368964,0.26624483256912196,0.2685341238975525,432856000
2012-06-05,0.26716055083297563,0.27700450846382674,0.26716055083297563,0.2763177156448364,365224000
2012-06-06,0.2783781081095453,0.28433027703647873,0.2763177566374187,0.2836434841156006,368968000
2012-06-07,0.2877642265425204,0.28936675252263544,0.27196809785509507,0.27219703793525696,526780000
2012-06-08,0.273112722886987,0.2783780987153561,0.2726548700520216,0.2774623930454254,370308000
2012-06-11,0.28639074166963346,0.2914271791153367,0.27998071797032204,0.2806674838066101,839080000
2012-06-12,0.2838723714434823,0.28913774647124774,0.2834145186781337,0.28639060258865356,496128000
2012-06-13,0.2861617399857595,0.28684853296485513,0.2774624259284055,0.2788360118865967,494276000
2012-06-14,0.27837803354886076,0.28066732447828635,0.2726548062252967,0.2754019498825073,589884000
2012-06-15,0.27746236941522484,0.28158309915998336,0.2749441381016211,0.281354159116745,385288000
2012-06-18,0.279293842448907,0.2861617171098208,0.2770045508952691,0.28387242555618286,304424000
2012-06-19,0.2955478547030884,0.3074521938754292,0.2941742687091996,0.3031025230884552,960476000
2012-06-20,0.3060786159786396,0.31363328456385997,0.30424717703517534,0.3079100549221039,972720000
2012-06-21,0.30768109244358033,0.30768109244358033,0.29325854933715756,0.2939453423023224,516376000
2012-06-22,0.29760825634002686,0.3010422219009447,0.29348752495744096,0.29760825634002686,865360000
2012-06-25,0.2978370594706884,0.29875276500536946,0.2870773693404194,0.2882220149040222,494616000
2012-06-26,0.2898246958822318,0.293487547274883,0.2857039641862963,0.2914271950721741,437152000
2012-06-27,0.2916560030206738,0.30287351955606095,0.2916560030206738,0.3008131682872772,506064000
2012-06-28,0.29806608659504763,0.30493396198347,0.2955478547030884,0.3031025230884552,545896000
2012-06-29,0.3101993876222866,0.3170672640966767,0.30997044749026753,0.31638047099113464,616508000
2012-07-02,0.31798295546590155,0.31821186827726483,0.30539182296352657,0.3079100549221039,581684000
2012-07-03,0.307909950129173,0.3166092616820531,0.3076810101052147,0.31592246890068054,219284000
2012-07-05,0.31386223271345354,0.3152357914883874,0.30791006281720346,0.31271758675575256,280076000
2012-07-06,0.3104282880584841,0.31134402125945077,0.30333149902619133,0.30676543712615967,382760000
2012-07-09,0.3049339618044095,0.30630754779749175,0.30012643811913253,0.30264467000961304,306336000
2012-07-10,0.29943962867693125,0.3083678825605914,0.29119816775209256,0.29348745942115784,512028000
2012-07-11,0.29440309526600594,0.2980659716434167,0.28730628251871027,0.2886798679828644,485216000
2012-07-12,0.2854749241856278,0.2859327770382538,0.28135419393097794,0.28387242555618286,472160000
2012-07-13,0.28410137237949956,0.2889088683820859,0.28226993363496294,0.28753530979156494,324260000
2012-07-16,0.28570393051058024,0.29074036763840794,0.2829567581767521,0.28845107555389404,334460000
2012-07-17,0.28936670957634864,0.29096920802812026,0.27837807858861624,0.28318560123443604,447476000
2012-07-18,0.2824988352154249,0.30310248616102947,0.28112527667938964,0.29898175597190857,616008000
2012-07-19,0.30104216969309255,0.30584966606361275,0.29898179071386044,0.3019578754901886,403036000
2012-07-20,0.30012639231685906,0.30218677099204816,0.2900534935826726,0.29325851798057556,451000000
2012-07-23,0.2854748590728103,0.29921063255220826,0.2822698625449352,0.29715025424957275,451584000
2012-07-24,0.29760819263235205,0.2994396314426217,0.2905114047670079,0.2939453423023224,351164000
2012-07-25,0.2930296178235408,0.30264466503608534,0.2916560591435419,0.2996685802936554,415044000
2012-07-26,0.30516281228449055,0.3085967765658586,0.2987527911101124,0.3010421097278595,338440000
2012-07-27,0.30218679757012923,0.309512525381713,0.2998974786328434,0.30859681963920593,376516000
2012-07-30,0.3085968719899447,0.31248866299157135,0.3026447017823883,0.3051629066467285,363552000
2012-07-31,0.3051629728520373,0.3143201702697509,0.30470511980378157,0.309970498085022,387788000
2012-08-01,0.3118017213031464,0.3147778049883791,0.3051627611913963,0.30653634667396545,335912000
2012-08-02,0.3049338505786097,0.3122595761917696,0.2998973886347177,0.30768099427223206,367912000
2012-08-03,0.31248867675751546,0.31729620115928836,0.3051629200899539,0.31409117579460144,326548000
2012-08-06,0.3170671239837515,0.3223324990787683,0.316609271212555,0.3207300007343292,360324000
2012-08-07,0.324621974093532,0.3273691195672172,0.3221037414898514,0.3239351809024811,407340000
2012-08-08,0.32370627072042935,0.3292005617134226,0.3227905373612513,0.3257666230201721,517064000
2012-08-09,0.32622437377421076,0.33744191969613185,0.32576652088343055,0.3367551267147064,822300000
2012-08-10,0.3456834402825809,0.34843058538974736,0.3303451611274147,0.33469483256340027,1278744000
2012-08-13,0.3351526019039864,0.33927333218176947,0.3337790160478893,0.33904439210891724,447244000
2012-08-14,0.34018909097761274,0.340646971194768,0.33263442217121253,0.33400800824165344,388828000
2012-08-15,0.33515261941619295,0.33789976398142124,0.3298872430800416,0.3314897418022156,594404000
2012-08-16,0.3344658098857892,0.33950227317817383,0.3333211640994306,0.3383576273918152,371008000
2012-08-17,0.3383575018651097,0.3383575018651097,0.3324053350680263,0.335381418466568,309864000
2012-08-20,0.3342367731048595,0.33583927115315176,0.3303449570426521,0.335381418466568,314392000
2012-08-21,0.3365262704130054,0.338586622412678,0.3310319529296871,0.334465891122818,340248000
2012-08-22,0.3324055700922211,0.3365263017659954,0.3312609239212014,0.3351527154445648,313556000
2012-08-23,0.33446588172653824,0.33469482184918786,0.3262244193783488,0.3275980055332184,379040000
2012-08-24,0.32759801591302107,0.33583947852233775,0.3269112228138255,0.3342369794845581,347724000
2012-08-27,0.33400790782097883,0.3349236406894585,0.3282846797323714,0.32851359248161316,340944000
2012-08-28,0.325995447026499,0.3303450902385786,0.32530865407445775,0.32714009284973145,310764000
2012-08-29,0.3269112137700348,0.32988729892387403,0.3262244206898389,0.32782694697380066,250412000
2012-08-30,0.32714014327399954,0.3282847892736638,0.3200433271598758,0.3216458261013031,307488000
2012-08-31,0.3239350277907084,0.3262243191518048,0.31798288662616103,0.3211878836154938,485064000
2012-09-04,0.3159226303709616,0.31706727649478506,0.30104223076125625,0.3040182888507843,694452000
2012-09-05,0.30516284818917816,0.309512518597012,0.30172891079428704,0.30493393540382385,480256000
2012-09-06,0.30722324240895865,0.32256151870782507,0.30699430232161357,0.31432005763053894,657296000
2012-09-07,0.3063075841709334,0.308825789069935,0.29646359553574053,0.30676543712615967,781064000
2012-09-10,0.30607866824797636,0.3104283126022991,0.3033315230089032,0.3040182888507843,371108000
2012-09-11,0.3037892050987253,0.3124885162039468,0.30264455961884096,0.30768099427223206,382808000
2012-09-12,0.310199320724435,0.31271755247150007,0.3072232361025879,0.311115026473999,322608000
2012-09-13,0.3138622328676552,0.31500687882591855,0.30722326993542026,0.3131754398345947,433836000
2012-09-14,0.31294641511294813,0.3223325203491174,0.31294641511294813,0.31683820486068726,339468000
2012-09-17,0.31752501263307503,0.31752501263307503,0.3047049698479799,0.308138906955719,493348000
2012-09-18,0.3047049161312592,0.313862107428073,0.30447600340540226,0.31019923090934753,359952000
2012-09-19,0.3108860313114074,0.31821175723846834,0.3072231547026259,0.3138621151447296,451936000
2012-09-20,0.3131754355069977,0.3147779343683199,0.3090547046560892,0.3115729093551636,320596000
2012-09-21,0.31203073311726937,0.3147778774240712,0.31088608738189305,0.3129464387893677,340136000
2012-09-24,0.30791006281720346,0.3131754396807305,0.30745220989222555,0.31271758675575256,357832000
2012-09-25,0.31683821779695265,0.3182118035477689,0.306536406537349,0.3069942593574524,481544000
2012-09-26,0.3058496646991767,0.3060786047926847,0.298066083587052,0.3017289340496063,436812000
2012-09-27,0.3024157897355347,0.3044761691327267,0.2998975573469165,0.3040182888507843,558888000
2012-09-28,0.30264458495442453,0.30974139844001064,0.29875276816461743,0.30539172887802124,485508000
2012-10-01,0.30676539722401414,0.30859683609721117,0.29921072892864553,0.30035537481307983,504236000
2012-10-02,0.3024157581007319,0.3024157581007319,0.29806611420141227,0.3015000522136688,295492000
2012-10-03,0.30218681040197304,0.3031025161833639,0.29692143393269954,0.2985239326953888,430872000
2012-10-04,0.2992106881771881,0.3136332298148625,0.29760816232483006,0.3118017911911011,502608000
2012-10-05,0.31271754298303317,0.31592254029977074,0.3033314365275028,0.3044760823249817,483068000
2012-10-08,0.30333149127830833,0.3047050501089029,0.2992107602054978,0.3015000522136688,240596000
2012-10-09,0.30104231126397973,0.3019580174917041,0.29417440539395306,0.2950901389122009,366360000
2012-10-10,0.2937163337888984,0.29508991939921864,0.2889088114432808,0.29005345702171326,326568000
2012-10-11,0.2928006630178471,0.2937163686731487,0.28936672587470624,0.2916560173034668,320516000
2012-10-12,0.2895956931848776,0.29188498504479665,0.28730640132495855,0.2891378402709961,260696000
2012-10-15,0.2895956699826468,0.29302960749740037,0.2861617324678932,0.2928006947040558,249580000
2012-10-16,0.29531885302121935,0.3021867542679145,0.2925717088968444,0.3012710213661194,367696000
2012-10-17,0.2976081701453657,0.30035534179845136,0.2946320857148613,0.29898175597190857,391752000
2012-10-18,0.2982951065841957,0.2982951065841957,0.2932586682810877,0.2944033145904541,254772000
2012-10-19,0.2900534946631998,0.29211387334606437,0.27563095304517526,0.27723345160484314,709412000
2012-10-22,0.27837812330509276,0.27998064930478656,0.2717391883853961,0.274028480052948,480840000
2012-10-23,0.2715101754900151,0.2841013035754255,0.2708233827158288,0.2822698652744293,573948000
2012-10-24,0.28410129579150023,0.2852459412869486,0.2758598373080714,0.27860698103904724,332916000
2012-10-25,0.2808963635333734,0.28387244824911423,0.27769136601827404,0.2788360118865967,307356000
2012-10-26,0.2792937390201425,0.2808962370561463,0.2758598029613495,0.2758598029613495,389376000
2012-10-31,0.27700456351311636,0.2792938551710339,0.27357062602624,0.2742573916912079,347112000
2012-11-01,0.27563105606286514,0.28753539790511506,0.27540211591569996,0.28730645775794983,473220000
2012-11-02,0.29028238916157806,0.29074024192240255,0.28410130866419103,0.285932719707489,256700000
2012-11-05,0.28524600642160214,0.29921069557104735,0.28524600642160214,0.29806604981422424,444840000
2012-11-06,0.2987528140586761,0.2987528140586761,0.29280067252493946,0.29783710837364197,350804000
2012-11-07,0.2955477407226343,0.29737917891133964,0.28730628251871027,0.2886798679828644,324620000
2012-11-08,0.29188495675546805,0.299439624619109,0.28959566511742585,0.2902824580669403,839024000
2012-11-09,0.29188493694151413,0.2953188741654723,0.27814918804568156,0.2790648937225342,846280000
2012-11-12,0.27952279785882705,0.28066744381021125,0.27013669014127206,0.2728838622570038,643624000
2012-11-13,0.2715102418384246,0.27769135102606457,0.27059453610940837,0.2708234488964081,492120000
2012-11-14,0.2724260266417867,0.2751731716415325,0.26395562423100927,0.2641845643520355,619300000
2012-11-15,0.2657870051970584,0.2726548798395981,0.2634977136495452,0.26532915234565735,466688000
2012-11-16,0.26532920422259737,0.2662449101044375,0.2552563030697894,0.26052168011665344,624552000
2012-11-19,0.26532912530679065,0.2687630622781186,0.26212410109258144,0.26784732937812805,404092000
2012-11-20,0.2668106549919206,0.2679626860899314,0.26197211339363985,0.26473701000213623,336976000
2012-11-21,0.26473686142372693,0.27303146419426794,0.26450644434680665,0.2723402678966522,422312000
2012-11-23,0.2734921988144146,0.2774090954305509,0.27210975178916064,0.2741834223270416,276932000
2012-11-26,0.27464433318414794,0.27971326175816397,0.2741835264895234,0.2790220379829407,364600000
2012-11-27,0.2778700155508159,0.2843213918618924,0.27556595454447247,0.2801740765571594,451404000
2012-11-28,0.2790221503116668,0.2838606912195566,0.27556605751076946,0.2824782431125641,398332000
2012-11-29,0.2829389281407437,0.28432134805159215,0.276487552823742,0.277409166097641,488688000
2012-11-30,0.27717886370666867,0.27925253563061314,0.27418360559416144,0.27579644322395325,460504000
2012-12-03,0.2792525045777034,0.2792525045777034,0.2700362591847912,0.2707274556159973,391380000
2012-12-04,0.2711882589548833,0.2792524727547013,0.26957539422165994,0.2787916660308838,528068000
2012-12-05,0.27648774244677476,0.27833097025871,0.2716492007739738,0.27556610107421875,633024000
2012-12-06,0.2748747547698431,0.2778700398331545,0.27395314127339776,0.27602678537368774,412896000
2012-12-07,0.27625732523698865,0.27763977356252845,0.2723404249367437,0.27556610107421875,338288000
2012-12-10,0.2755660434595594,0.28685596251343076,0.27487481944130887,0.2847822904586792,513644000
2012-12-11,0.2857039358871821,0.2951506001883923,0.28501271185865257,0.29146409034729004,816724000
2012-12-12,0.2923856745740576,0.29399851201533495,0.2873167176635036,0.28846874833106995,399404000
2012-12-13,0.28800792622838367,0.2942288860088211,0.2859342821237633,0.2886991500854492,377556000
2012-12-14,0.2898511411994887,0.2930768154708615,0.28777746991082975,0.29008153080940247,338660000
2012-12-17,0.28939038607490963,0.29100322349796165,0.2845518463391763,0.2889295518398285,445232000
2012-12-18,0.28892961042702814,0.2926161202557389,0.2880079967031419,0.2893904447555542,416436000
2012-12-19,0.29146409034729004,0.29492018302335476,0.29031205945526845,0.29146409034729004,458544000
2012-12-20,0.29261604923858553,0.2928464663469269,0.2880079268043679,0.291233628988266,334332000
2012-12-21,0.2873167271016451,0.2873167271016451,0.2813261564468833,0.28455185890197754,462172000
2012-12-24,0.2843214559423003,0.28524309703250156,0.2813261704656612,0.2822478115558624,127376000
2012-12-26,0.28155669222541346,0.28616481698896223,0.2808654680175631,0.2820174992084503,196740000
2012-12-27,0.2824781375635029,0.28293897173803056,0.27694840213490807,0.2801740765571594,299804000
2012-12-28,0.27763963548805265,0.28316937110701224,0.2771788012976604,0.2787916660308838,220600000
2012-12-31,0.2778701193780343,0.2836302740461965,0.27717889532453804,0.2824782431125641,326460000
2013-01-02,0.2893903617189576,0.29330726012144814,0.2882383311613677,0.29307684302330017,478836000
2013-01-03,0.29307700636504647,0.29653309996401417,0.28985132999264607,0.29330742359161377,298888000
2013-01-04,0.2937679977149118,0.3039058807157674,0.2928463844723652,0.3029842674732208,524968000
2013-01-07,0.3027539299292195,0.3036755434137719,0.2921552375239882,0.2942288815975189,610732000
2013-01-08,0.29492017519789865,0.2958418163670108,0.2857039283062713,0.2877775728702545,466424000
2013-01-09,0.29008149124032356,0.291463938577521,0.2794828290325618,0.2813260555267334,695020000
2013-01-10,0.2838605323713089,0.2852429797046845,0.28017402446002,0.28178688883781433,506368000
2013-01-11,0.2829389199089867,0.28316930948747376,0.2785611883189072,0.2813260555267334,513172000
2013-01-14,0.2831694173104568,0.2831694173104568,0.2778700704554487,0.2810957729816437,305684000
2013-01-15,0.2797132942926212,0.2797132942926212,0.2744139480216204,0.27602678537368774,375888000
2013-01-16,0.2755660381706075,0.28086538558670726,0.2755660381706075,0.2785613238811493,337376000
2013-01-17,0.27948294321841866,0.28339984231867904,0.2787917192674127,0.2822478115558624,580736000
2013-01-18,0.28224773250913665,0.28224773250913665,0.2769483869910071,0.2804044783115387,397088000
2013-01-22,0.2801740684527885,0.282708546473083,0.277639617899067,0.2790220379829407,308224000
2013-01-23,0.27994376754162437,0.28017415722865135,0.2764876750369848,0.27948296070098877,421808000
2013-01-24,0.2785611914081397,0.28201728232289247,0.27717874405561094,0.28086525201797485,396980000
2013-01-25,0.2813260904192526,0.2861646292329928,0.27994367037716406,0.2859342396259308,393920000
2013-01-28,0.2873167508062252,0.2923857083014964,0.2866255268326354,0.29054245352745056,422492000
2013-01-29,0.28939035383145156,0.29008155017390647,0.2831693670167629,0.2843213975429535,388872000
2013-01-30,0.2845519373506108,0.2884688373355452,0.2829390994117068,0.2838607132434845,287592000
2013-01-31,0.2838606912195566,0.2870863943136779,0.28063501559201937,0.2824782431125641,470544000
2013-02-01,0.28478221550744565,0.2859342735457105,0.2824781543640667,0.2850126326084137,288816000
2013-02-04,0.2833997784459845,0.2891599309618432,0.2799436869364693,0.2801740765571594,511744000
2013-02-05,0.2815564870342654,0.2882382795518461,0.2806348737398398,0.2866254150867462,367296000
2013-02-06,0.2797132754381911,0.28662545859533467,0.2781004381948391,0.2843213975429535,530688000
2013-02-07,0.2833997760540538,0.2857038370409507,0.28040449127777317,0.28316935896873474,440000000
2013-02-08,0.2850126326084137,0.28731669375179264,0.28316937820039545,0.2850126326084137,307232000
2013-02-11,0.2873166758943537,0.29123360156791167,0.2845518081874574,0.2882383167743683,408308000
2013-02-12,0.2857038788488016,0.28962077760638244,0.28524307207730576,0.2863951027393341,277804000
2013-02-13,0.2866254699154639,0.2919248160385505,0.2840910191376923,0.2850126326084137,856396000
2013-02-14,0.2810958873819432,0.29353784081818113,0.2776397937829755,0.29330742359161377,882096000
2013-02-15,0.2926161993785022,0.29468987201783703,0.2868560433802227,0.29330742359161377,733860000
2013-02-19,0.2935377614462081,0.29376815114388816,0.2875471898411988,0.2893904447555542,433552000
2013-02-20,0.29031196311219404,0.2949200851510267,0.2843213934750821,0.28524303436279297,713012000
2013-02-21,0.28478219616624784,0.28800789802784765,0.28247813517935094,0.28316935896873474,580408000
2013-02-22,0.285012656328371,0.28869916545121427,0.28339981888709365,0.28846874833106995,370148000
2013-02-25,0.28915997369487223,0.2914640350417176,0.28293901355170525,0.2833998203277588,644444000
2013-02-26,0.2839793345203732,0.28838389661346064,0.2830520393820363,0.28676116466522217,487504000
2013-02-27,0.28676123954000565,0.2941794920433199,0.28606577491343393,0.29209309816360474,476980000
2013-02-28,0.2911658646850671,0.2978886257179123,0.29000676604939785,0.29348406195640564,591392000
2013-03-01,0.2913976414120268,0.29557040164913745,0.28884764122580103,0.2946431338787079,389396000
2013-03-04,0.29255676646681544,0.2962658931549936,0.2902385691954769,0.29348406195640564,353680000
2013-03-05,0.2951066244228985,0.2971929897105071,0.2937156958077758,0.29672935605049133,366168000
2013-03-06,0.2985840389265611,0.30136586964533896,0.2951067436193172,0.2964976727962494,342928000
2013-03-07,0.2981203726177616,0.3011340337495742,0.2941794438923528,0.29580217599868774,314824000
2013-03-08,0.29649761357005733,0.2985839792836119,0.2951066846709669,0.2971930503845215,246464000
2013-03-11,0.29417943893126114,0.2955703402981989,0.2918612147161987,0.29441124200820923,299748000
2013-03-12,0.29394761224821675,0.29626580885997045,0.29116578184112907,0.29533854126930237,310856000
2013-03-13,0.29533854126930237,0.30043856828814375,0.2925566832271312,0.29533854126930237,485840000
2013-03-14,0.29719304586471723,0.29812034099503526,0.29371575130495603,0.2955703139305115,383304000
2013-03-15,0.2955703975757812,0.2955703975757812,0.291861271275002,0.2930203974246979,355776000
2013-03-18,0.29116585701636694,0.2937158573666228,0.2888476598060849,0.2909340262413025,298312000
2013-03-19,0.29116573148292796,0.2925566326283685,0.28699297277644886,0.28907933831214905,355480000
2013-03-20,0.29186129799585825,0.2934840581729484,0.2893112976113141,0.2925567626953125,340588000
2013-03-21,0.2909339272649779,0.29139756102228703,0.2874566326325377,0.2879202663898468,339032000
2013-03-22,0.28884753686030684,0.29047026868978254,0.2876884387485272,0.28931117057800293,232476000
2013-03-25,0.29093395800782945,0.29116578872852206,0.28560210014765663,0.2876884937286377,362076000
2013-03-26,0.2883838765143651,0.29000663598458515,0.28722477839853866,0.2897748053073883,232540000
2013-03-27,0.288615835171348,0.29487496224525483,0.28792037046644914,0.29325222969055176,254944000
2013-03-28,0.29255660048388493,0.2976566536953711,0.2904702351774229,0.2974248230457306,349276000
2013-04-01,0.2967294496743033,0.2967294496743033,0.28560210014765663,0.2876884937286377,442828000
2013-04-02,0.2879202271737014,0.28861569153248007,0.2828202012677872,0.2846747636795044,371524000
2013-04-03,0.28421109121715893,0.2858338505357682,0.2791110655110227,0.2811974585056305,353156000
2013-04-04,0.28027020130833297,0.2849065939636111,0.27934293383130937,0.2839793264865875,294676000
2013-04-05,0.2798065828968592,0.28884756565093994,0.2791111184334559,0.28884756565093994,551352000
2013-04-08,0.2890793960735957,0.2890793960735957,0.28282027058076986,0.28815212845802307,326660000
2013-04-09,0.28838397424498186,0.2948749314203498,0.28629760798347603,0.292788565158844,380584000
2013-04-10,0.293020261783166,0.29788845670993597,0.2923247974693201,0.2974248230457306,384688000
2013-04-11,0.2932522070966885,0.2978886012586774,0.28513851731320794,0.296034038066864,969220000
2013-04-12,0.2974248722010005,0.30669765755791967,0.2948748451738156,0.30345219373703003,770548000
2013-04-15,0.3025249076509267,0.30345220279534735,0.2953385153658423,0.2971930503845215,430420000
2013-04-16,0.29997488956664425,0.30252488887661894,0.2983521300733848,0.3004385232925415,468844000
2013-04-17,0.2981204050792792,0.3009022357980571,0.29464310977203534,0.2964976727962494,532948000
2013-04-18,0.2971930297869095,0.2990475923121352,0.29070207476615906,0.29070207476615906,402548000
2013-04-19,0.2904703634305327,0.29232492654128617,0.2867612372090257,0.2913976311683655,303028000
2013-04-22,0.29116585864118033,0.29441132369964984,0.28884766141796187,0.29186129570007324,245568000
2013-04-23,0.29441125856753897,0.30252494705382577,0.2939476247524824,0.2995113134384155,376948000
2013-04-24,0.3004384933507592,0.3122613041758115,0.30020666269337515,0.3097112774848938,556556000
2013-04-25,0.3113340160999929,0.3129567476884732,0.30855215893679844,0.31226128339767456,353224000
2013-04-26,0.31179761443259857,0.31226124802892524,0.30924758820019455,0.31087031960487366,324332000
2013-04-29,0.3113340825815789,0.3157386446387193,0.3099431537029658,0.3145795464515686,269712000
2013-04-30,0.31527511316926127,0.3192160427570343,0.31318871917449465,0.3192160427570343,276712000
2013-05-01,0.3192160054757864,0.32130239922688303,0.3152750763482746,0.31643417477607727,341316000
2013-05-02,0.3162024141835802,0.3210706397143647,0.3143478507606579,0.32014337182044983,323480000
2013-05-03,0.3222296511513149,0.32385238334383576,0.32037508823054034,0.3215341866016388,293864000
2013-05-06,0.32153427444601307,0.32338883787346134,0.3187524431223869,0.3206070065498352,217116000
2013-05-07,0.3206069346431841,0.32130239922688303,0.31342051333677307,0.31643417477607727,448068000
2013-05-08,0.31689785414072263,0.3240842764794217,0.31573875554642217,0.3222297132015228,334032000
2013-05-09,0.31643410471399575,0.3238523274824373,0.3159704709725457,0.32246142625808716,566800000
2013-05-10,0.3291841123250142,0.3384569232935869,0.3291841123250142,0.33706599473953247,861136000
2013-05-13,0.3347478361794285,0.3361387648883591,0.3287205152874988,0.33011144399642944,289812000
2013-05-14,0.3340523880979635,0.3377615130790797,0.33080692446579585,0.33497968316078186,454140000
2013-05-15,0.333356970580959,0.3419343198514153,0.333356970580959,0.3407752215862274,313172000
2013-05-16,0.3403115235739828,0.3437888177132135,0.3379932998460851,0.33915242552757263,308368000
2013-05-17,0.3407751444005189,0.34703426808782295,0.33822511774065467,0.34471607208251953,312116000
2013-05-20,0.34332531921651294,0.34541171327061804,0.34216622062037355,0.3440207839012146,236380000
2013-05-21,0.3460011354617721,0.349030104268063,0.3420401890729858,0.34763211011886597,357784000
2013-05-22,0.34903017803505415,0.34903017803505415,0.33411833913535605,0.3355163335800171,480404000
2013-05-23,0.3315553225217348,0.34204022416553165,0.33062334484362066,0.3408752381801605,393884000
2013-05-24,0.33901120603892215,0.3418071664445202,0.3350502320409178,0.33877819776535034,283304000
2013-05-28,0.34134128164862615,0.34227325947589715,0.33528334244498065,0.3385452926158905,279300000
2013-05-29,0.3364482522010803,0.3385452157238985,0.3350502580022316,0.3364482522010803,335052000
2013-05-30,0.33598228593141916,0.34437019613627384,0.33505028047784813,0.3408752381801605,284504000
2013-05-31,0.3390111289014862,0.3439040515541006,0.33714714646339417,0.33714714646339417,577508000
2013-06-03,0.3376132243350824,0.34017620433659446,0.32969130382387923,0.3366812467575073,444468000
2013-06-04,0.33877812068093227,0.34483605666086986,0.3350501558047482,0.33714714646339417,363676000
2013-06-05,0.3366813107546836,0.339244263467914,0.3289923692886152,0.3299243748188019,464520000
2013-06-06,0.3299244212999936,0.33458436628106303,0.32969141294075494,0.3320213854312897,341044000
2013-06-07,0.3343512472626621,0.3387782101947781,0.3329532808962995,0.3366812467575073,274584000
2013-06-10,0.335749255101656,0.3385452157238985,0.3338852720950093,0.3364482522010803,224148000
2013-06-11,0.33202138474809556,0.3366813574950393,0.33015742897987366,0.33015742897987366,296336000
2013-06-12,0.3317884594283003,0.33458442132179844,0.32549751044859504,0.32736149430274963,312588000
2013-06-13,0.32619648818206404,0.3364483848735474,0.32596350757402076,0.33481740951538086,236256000
2013-06-14,0.33598227393255226,0.3364482627549676,0.3320212995033825,0.3343512713909149,236012000
2013-06-17,0.33691434687344296,0.34064231405813084,0.335050363281099,0.3376133441925049,255336000
2013-06-18,0.3392442724733467,0.3429722391421362,0.33272034469069506,0.3355163335800171,486772000
2013-06-19,0.33854528799521283,0.360680052733134,0.33738030183929385,0.3457682132720947,1159588000
2013-06-20,0.34297217883661624,0.3434381676444142,0.3341182803866357,0.3364482522010803,628696000
2013-06-21,0.33831232492754254,0.3394773111437171,0.33039040199227826,0.3359823524951935,714228000
2013-06-24,0.3310893283938941,0.33528328342932767,0.32409941259332353,0.3289923369884491,580772000
2013-06-25,0.3324873281433237,0.33318629751453416,0.3278273564240276,0.3313223421573639,457360000
2013-06-26,0.3350502471649156,0.335516263733095,0.328060331947673,0.3294583261013031,579752000
2013-06-27,0.3303903437493973,0.3308563325986278,0.32293443883533735,0.3264293968677521,808036000
2013-06-28,0.3264293536656468,0.3303903000230707,0.32223539902671694,0.3271283507347107,431536000
2013-07-01,0.32945835331348045,0.3301573504480304,0.3264293842474016,0.3285263478755951,199524000
2013-07-02,0.3266624101249498,0.3331863379940214,0.32526444343723027,0.32829341292381287,256392000
2013-07-03,0.32549742442643526,0.3331863384331367,0.32549742442643526,0.3292253911495209,140388000
2013-07-05,0.33015729713197506,0.33248726868724426,0.3280603060669617,0.3317882716655731,184684000
2013-07-08,0.3327203820489103,0.33435135723383597,0.32829344543618877,0.33015742897987366,262084000
2013-07-09,0.3308562663781943,0.33388523495513467,0.3299242888662674,0.3317882716655731,157364000
2013-07-10,0.3317883515364558,0.3371472929587147,0.3308563460247168,0.3362152874469757,208468000
2013-07-11,0.33807924959490443,0.3413412270192176,0.3373802524485904,0.3408752381801605,239832000
2013-07-12,0.34017622529925884,0.3443701802076981,0.3390112393677733,0.34110820293426514,216360000
2013-07-15,0.34180727339759326,0.34180727339759326,0.33505033687971425,0.3404092788696289,201332000
2013-07-16,0.3418071273933034,0.34413709876101295,0.34017615299099657,0.34227311611175537,162560000
2013-07-17,0.3422732623150942,0.3434382484965773,0.339477301034627,0.3404092788696289,166100000
2013-07-18,0.33994325948020554,0.3411082455572613,0.3345843179706571,0.3390112817287445,344488000
2013-07-19,0.33691420353207496,0.338545178065673,0.32829331433266934,0.3317882716655731,480532000
2013-07-22,0.3343513878041938,0.33738035786769316,0.3301574591667729,0.33155542612075806,292384000
2013-07-23,0.33574932196009266,0.33574932196009266,0.3294584023634597,0.3310893774032593,246792000
2013-07-24,0.3341183469202931,0.33505032472147556,0.33062338850266804,0.3310893774032593,284252000
2013-07-25,0.3308563854412874,0.3366813442011015,0.32852641304754654,0.3322543799877167,243320000
2013-07-26,0.3282934594705532,0.33295340464124407,0.3282934594705532,0.33085641264915466,227360000
2013-07-29,0.33015742897987366,0.33435135723383597,0.32922542332029975,0.33015742897987366,179540000
2013-07-30,0.3313223624268284,0.34017626201687357,0.3310893541051988,0.3357492983341217,266076000
2013-07-31,0.3341182803866357,0.3397102016311208,0.3338852720950093,0.3364482522010803,270160000
2013-08-01,0.33761324513980834,0.3418072000482476,0.33365229852784845,0.34110820293426514,277648000
2013-08-02,0.34040915058174026,0.34460310480962225,0.338079179096856,0.3439041078090668,209628000
2013-08-05,0.3429721494224373,0.3467001151160107,0.34110816657565063,0.34553512930870056,185188000
2013-08-06,0.34576822085954356,0.3464672181235257,0.3397102816056467,0.3404092788696289,206608000
2013-08-07,0.33854525184637774,0.34367121260545536,0.33831227130534747,0.3401762545108795,244380000
2013-08-08,0.3420402410154588,0.34413720478224685,0.33807926624970214,0.3425062298774719,345696000
2013-08-09,0.3289924235498471,0.342739278239853,0.3287594429604689,0.3376133441925049,906224000
2013-08-12,0.3238665154488359,0.3397103355898804,0.30545971419105405,0.33481740951538086,257568000
2013-08-13,0.33528335521039626,0.33738031928932555,0.3331863633560047,0.3359823524951935,197468000
2013-08-14,0.3352834159232821,0.3522922233144658,0.3350504075276693,0.3501952588558197,828508000
2013-08-15,0.3464672643577921,0.35532116607366354,0.3450692696432726,0.3525252044200897,723616000
2013-08-16,0.3518260317203554,0.3588159462584006,0.3511270347114607,0.3539230227470398,660456000
2013-08-19,0.3518261415552104,0.3529911276752425,0.3480981748609237,0.34833118319511414,393432000
2013-08-20,0.3482141119750476,0.3524292137829621,0.3477457735331695,0.3500874936580658,234192000
2013-08-21,0.34797988042517464,0.35242916479330527,0.34704320367162184,0.348448246717453,261540000
2013-08-22,0.3482142042938858,0.3536001675921795,0.3482142042938858,0.35032176971435547,129016000
2013-08-23,0.35079010828039986,0.3536001675921795,0.34961924790753224,0.35032176971435547,245120000
2013-08-26,0.3505557231451058,0.3519607659495501,0.3496190465524744,0.3510240614414215,300152000
2013-08-27,0.34774579246299214,0.35008751271536187,0.3454040722106224,0.34657493233680725,277464000
2013-08-28,0.34727745399561966,0.3498533295239219,0.3451698890191825,0.34657493233680725,318824000
2013-08-29,0.34540403397331376,0.34915079712852987,0.3444673292267576,0.3458723723888397,276216000
2013-08-30,0.34610652060028657,0.3470431973367414,0.3437648008436481,0.3454039990901947,378120000
2013-09-03,0.346340647587684,0.3505557483890544,0.34353058969193684,0.34563812613487244,284680000
2013-09-04,0.34563828378643124,0.3510242468272848,0.34516994524277267,0.3489167094230652,222080000
2013-09-05,0.3475114684957074,0.35125823054789995,0.34727731331463046,0.34985318779945374,174904000
2013-09-06,0.35008744499392136,0.35196082641652887,0.3458723437719299,0.348448246717453,226756000
2013-09-09,0.3512583730146098,0.35430261492729187,0.35032169607940344,0.35430261492729187,246408000
2013-09-10,0.3568784269383047,0.3620302045930432,0.3552392008484104,0.3617960214614868,292132000
2013-09-11,0.3613277544137313,0.36882128111621104,0.35875185112031566,0.3678845763206482,396164000
2013-09-12,0.36601116339791123,0.37233382950278787,0.36601116339791123,0.3676503896713257,303808000
2013-09-13,0.3688213363268102,0.37163139530313816,0.36624543264779547,0.369992196559906,159696000
2013-09-16,0.3730363802534513,0.3756122556130347,0.3688212784921719,0.37022629380226135,231412000
2013-09-17,0.3716312909866726,0.3744413491742205,0.3699920927035614,0.37139710783958435,168608000
2013-09-18,0.371631330262124,0.37561224877482785,0.36975794863393846,0.37467557191848755,268168000
2013-09-19,0.37631478159294607,0.37701730321389626,0.3713971581618004,0.37303638458251953,227572000
2013-09-20,0.3739730821515979,0.37631480240728427,0.3690554584484537,0.3697579801082611,356036000
2013-09-23,0.36952375601120596,0.3725679975897103,0.3641377944362374,0.3662453591823578,271244000
2013-09-24,0.36647952971346015,0.3690554048714623,0.36437196504000013,0.3676503896713257,229732000
2013-09-25,0.3669477840709791,0.37092870143286666,0.3653085581729987,0.36811864376068115,233156000
2013-09-26,0.3690554262078034,0.36975794780623855,0.3648403245326975,0.36694788932800293,148816000
2013-09-27,0.36413771785213433,0.3671819587903851,0.36273270289905596,0.36484023928642273,151920000
2013-09-30,0.361093470163167,0.36694776836104026,0.3589859060626352,0.3643718659877777,226640000
2013-10-01,0.3648404097171748,0.36647963646809206,0.3620303505828347,0.3641378879547119,226976000
2013-10-02,0.36039100265246277,0.36530859712425473,0.36039100265246277,0.36390358209609985,162036000
2013-10-03,0.3641378123367483,0.36741623724226363,0.35851769523515875,0.3601568937301636,436768000
2013-10-04,0.35968852416670816,0.36811872700512355,0.35875181945382684,0.36507448554039,246228000
2013-10-07,0.3636694424288197,0.3676503886064345,0.36179606091856037,0.36507448554039,169952000
2013-10-08,0.36413780460492395,0.36928961107341485,0.35922020922432596,0.3620302677154541,290712000
2013-10-09,0.36437195029554553,0.3646061334438437,0.35453673263056157,0.35641008615493774,275860000
2013-10-10,0.3589860371327998,0.3613277572669396,0.3564101338190437,0.3603910803794861,223484000
2013-10-11,0.3547708998932884,0.35922018445330833,0.35360003994309946,0.3573468029499054,213704000
2013-10-14,0.35641018977844974,0.362732857465744,0.35641018977844974,0.362732857465744,166628000
2013-10-15,0.36273271572133353,0.3648402521831998,0.3606251513439678,0.36085933446884155,208820000
2013-10-16,0.3629669816907148,0.3667137453390302,0.36249864321355235,0.3653087019920349,210072000
2013-10-17,0.3624985925717696,0.36694787727200856,0.3624985925717696,0.3660111725330353,213324000
2013-10-18,0.36530867042818443,0.3713971538517553,0.363903655118095,0.37022629380226135,255068000
2013-10-21,0.3746754705218808,0.3749096257148451,0.3699920316766257,0.37116289138793945,195008000
2013-10-22,0.3711629285135581,0.37139708372994373,0.3660111229360694,0.3692895472049713,179452000
2013-10-23,0.36858703923521896,0.36858703923521896,0.361796035232108,0.3629668951034546,252216000
2013-10-24,0.36390366058069573,0.36624538071483553,0.359688558756143,0.3603910803794861,236436000
2013-10-25,0.3622644207305939,0.36249857596798396,0.35570759952012393,0.35687845945358276,330492000
2013-10-28,0.35641026347116156,0.3580494904937692,0.3512584828850811,0.35617610812187195,394024000
2013-10-29,0.3557075365847758,0.3573467346184942,0.3524291126018411,0.3566442131996155,387952000
2013-10-30,0.3578151292137221,0.35945432750530243,0.35336584480457306,0.35641008615493774,204032000
2013-10-31,0.3568783858991088,0.3594542604725155,0.35500500480858765,0.3557075262069702,293368000
2013-11-01,0.3575809581906413,0.35898600129706926,0.3547708998932884,0.3573468029499054,206136000
2013-11-04,0.3585175988345611,0.3585175988345611,0.34634063519616387,0.34704315662384033,410264000
2013-11-05,0.34493573374324993,0.3482141309303646,0.34118897017325545,0.34657493233680725,422368000
2013-11-06,0.34657498878926035,0.3491508926526504,0.3430624078385531,0.3489167094230652,198044000
2013-11-07,0.3477457539075019,0.348682430738395,0.3400180723483688,0.34072059392929077,553076000
2013-11-08,0.35125822685834335,0.36554272562735235,0.34985318412465544,0.3643718659877777,734532000
2013-11-11,0.3629670067993729,0.36835296944809093,0.36226451299278745,0.36741629242897034,297624000
2013-11-12,0.369055320346244,0.37116288453700585,0.3639035432946544,0.36811864376068115,316032000
2013-11-13,0.36718205612353183,0.3781881630420685,0.36647956241852386,0.3781881630420685,332792000
2013-11-14,0.377017262312275,0.3821690404478305,0.3767830791588622,0.3798273205757141,307980000
2013-11-15,0.3812322898559178,0.3817006281565669,0.37490962509291387,0.37865638732910156,450332000
2013-11-18,0.37046046842388486,0.3737388653205627,0.3685870868048525,0.3695237636566162,316948000
2013-11-19,0.3677578951647022,0.3710540462317278,0.36304909188799056,0.36351996660232544,206716000
2013-11-20,0.3637555288955718,0.36469730675072043,0.35739864765675994,0.35810497403144836,204776000
2013-11-21,0.3585757429448694,0.36163647095276114,0.35692766726883035,0.3609301447868347,213568000
2013-11-22,0.36140107754661566,0.36140107754661566,0.35669227310692375,0.3573985993862152,158668000
2013-11-25,0.35739865000278753,0.3656390589392961,0.35739865000278753,0.36516818404197693,248208000
2013-11-26,0.3691706023894812,0.3722313308214964,0.3668162002212676,0.36822885274887085,753176000
2013-11-27,0.36799334928958466,0.3708186539454349,0.36563894745416536,0.3696414530277252,181272000
2013-11-29,0.3696415897389492,0.37058333959474776,0.3649327562598738,0.36728715896606445,116964000
2013-12-02,0.36587436039847293,0.37340843986638866,0.3651680343087694,0.3708186149597168,373872000
2013-12-03,0.3708185981853422,0.37576282445624787,0.3682287453291443,0.3705831468105316,290560000
2013-12-04,0.36964151056814976,0.37646926572703815,0.3686997328473695,0.375762939453125,493176000
2013-12-05,0.3764692071237678,0.3764692071237678,0.36917055020729433,0.3696414530277252,271812000
2013-12-06,0.3741149156674552,0.3741149156674552,0.363284652802485,0.36422643065452576,281000000
2013-12-09,0.36422643185649217,0.3654036331254089,0.35739864765675994,0.35810497403144836,385220000
2013-12-10,0.35810485052657404,0.3679933321617503,0.35763397579474326,0.36634525656700134,524268000
2013-12-11,0.3670516104037877,0.36752248517116093,0.3621073551796573,0.36281368136405945,414156000
2013-12-12,0.3616364457458537,0.3635199727014765,0.3550441154345147,0.3557504415512085,258724000
2013-12-13,0.35645677112126783,0.35904659615199286,0.3531605919003239,0.35363146662712097,184588000
2013-12-16,0.35386706890202363,0.3571632214616646,0.3536316174048946,0.3541024923324585,237620000
2013-12-17,0.35386691459558567,0.35669219099567895,0.3508061868010338,0.3557504415512085,274104000
2013-12-18,0.35645683487645546,0.3614010624921632,0.3519834540050774,0.3606947362422943,426232000
2013-12-19,0.3602239280712387,0.36257833062856504,0.3578695255139124,0.36210745573043823,258544000
2013-12-20,0.36281380077713526,0.3696415853846751,0.3618720228657364,0.369406133890152,382080000
2013-12-23,0.3715250492095947,0.37458577800946496,0.3684643484764156,0.3715250492095947,168568000
2013-12-24,0.37364394395238476,0.37364394395238476,0.36869968869377945,0.3724667429924011,79600000
2013-12-26,0.37387945362069175,0.3750566547640809,0.3679934198370568,0.3689351975917816,168920000
2013-12-27,0.3708187788953324,0.3717605287201556,0.3686997996894403,0.37105420231819153,210976000
2013-12-30,0.37128948527292654,0.3762337397756975,0.37081861057425325,0.37599828839302063,248180000
2013-12-31,0.3767048137957695,0.37905921660157404,0.3743504109899649,0.3771756887435913,235776000
2014-01-02,0.37482114877305706,0.3762338011662618,0.37011234488462125,0.3734084963798523,260092000
2014-01-03,0.3741148770093561,0.37482120330872737,0.36775799644839247,0.3689351975917816,259332000
2014-01-06,0.3727022035340856,0.37670470965076386,0.36917060030173726,0.37387943267822266,409492000
2014-01-07,0.37764657582680566,0.38141363166382264,0.3750567494972157,0.3800009787082672,333288000
2014-01-08,0.3814133900743708,0.3870639702507861,0.3800007380135974,0.38518044352531433,308192000
2014-01-09,0.37929444383611666,0.3800007699258202,0.3696414141657712,0.3708186149597168,292172000
2014-01-10,0.3719960215565907,0.374585847896057,0.3670517642599879,0.37034791707992554,218492000
2014-01-13,0.37034777128158114,0.3727021732451414,0.36093016342734036,0.3616364896297455,243332000
2014-01-14,0.3635200700571734,0.37364400559662925,0.3618719659879422,0.3729376792907715,241828000
2014-01-15,0.3745856698116766,0.378352723872138,0.3729375941852309,0.3769400715827942,175044000
2014-01-16,0.3769401515886546,0.37882367901866554,0.3752920756124034,0.3781173527240753,220652000
2014-01-17,0.3781172405741768,0.3825906204019806,0.37411476351422235,0.3764691650867462,340400000
2014-01-21,0.37694010693809876,0.38023628656684016,0.37387940680191223,0.37788188457489014,246076000
2014-01-22,0.37858817897590585,0.3790590537213947,0.3729375978299901,0.37741097807884216,337940000
2014-01-23,0.3762337397756975,0.38023621681444136,0.37317301213430026,0.37599828839302063,185028000
2014-01-24,0.37293758701267965,0.3743502392748545,0.36634525656700134,0.36634525656700134,246696000
2014-01-27,0.3663453049373956,0.37152498380479787,0.3618719242276543,0.3639909029006958,233812000
2014-01-28,0.36328457860407515,0.3677579593375539,0.3618719261478847,0.3675225079059601,167996000
2014-01-29,0.3661098535070511,0.3682288321800926,0.3637554514703513,0.3639909029006958,162944000
2014-01-30,0.3661098241269114,0.37081865588911567,0.3649326232030313,0.3701123297214508,202896000
2014-01-31,0.36493262129020276,0.37176040345292916,0.3646971979466711,0.3696414530277252,335348000
2014-02-03,0.37223132903233935,0.3727022038503813,0.3632845952227933,0.36469724774360657,431728000
2014-02-04,0.364461761133335,0.3675224892553006,0.3625782339762265,0.3668161630630493,280692000
2014-02-05,0.3642262927071685,0.3654034935263464,0.3606946621829533,0.36351996660232544,214676000
2014-02-06,0.36399092323274884,0.3691706023894812,0.3635200484124437,0.36822885274887085,168380000
2014-02-07,0.3691705837947386,0.37411483932562517,0.36587443215193843,0.3736439645290375,157248000
2014-02-10,0.37317313982536654,0.37976547206257527,0.3729376883621237,0.3748212158679962,324372000
2014-02-11,0.3769402466115908,0.3835325802451472,0.375056746773457,0.3825908303260803,235384000
2014-02-12,0.38376788850525295,0.3990715294777619,0.38376788850525295,0.3962462246417999,744528000
2014-02-13,0.40613481001979707,0.4110790663240436,0.3990716027661253,0.4087246358394623,902836000
2014-02-14,0.40495762487184567,0.42261564370635846,0.4047221733940421,0.42167389392852783,817536000
2014-02-18,0.42190929888069906,0.4233219233916692,0.41790679259956176,0.42143839597702026,428988000
2014-02-19,0.4214383936930484,0.4308560307152545,0.4195548662886072,0.42708897590637207,450340000
2014-02-20,0.4280307949328505,0.44309898854332386,0.4273244966000898,0.44215723872184753,398088000
2014-02-21,0.4414507763633044,0.44710135775196197,0.4360356463908476,0.4388609230518341,451052000
2014-02-24,0.4379192197538518,0.44851402940111484,0.43391674172266764,0.44521787762641907,403112000
2014-02-25,0.4446265630409908,0.4465185948079279,0.43847746684679856,0.4432075321674347,242184000
2014-02-26,0.4422616626758163,0.44888376174427913,0.44107914599192727,0.44249817728996277,360884000
2014-02-27,0.44249799090552794,0.4469915411342107,0.4363488954619949,0.43753141164779663,388848000
2014-02-28,0.4351665162853105,0.43942358153318584,0.4283079033322284,0.43469351530075073,321692000
2014-03-03,0.4249968441251874,0.43256494402885437,0.42121278007664537,0.43256494402885437,375948000
2014-03-04,0.4346934754964938,0.4398965422370513,0.43398395998791406,0.4370585083961487,260344000
2014-03-05,0.43658544474818517,0.4410790238183491,0.43469344113276226,0.44084250926971436,241472000
2014-03-06,0.4415521000604142,0.44391713317663173,0.43398399972720175,0.43469351530075073,290144000
2014-03-07,0.4365855559572602,0.43729507159048175,0.4309094872783296,0.4342205226421356,268452000
2014-03-10,0.4328014790070771,0.4346935111205403,0.4259428661199506,0.4278348982334137,300888000
2014-03-11,0.4299633454184966,0.43587595536482593,0.4285443427138451,0.4320918917655945,297220000
2014-03-12,0.42996332576694524,0.43587593544303765,0.42830780859047735,0.43327438831329346,239428000
2014-03-13,0.43422056514525287,0.43587611118262787,0.4174288156868613,0.4195573627948761,385172000
2014-03-14,0.41530017551261394,0.4252333078694616,0.41530017551261394,0.4214492440223694,460048000
2014-03-17,0.4226317604504088,0.4257063088019943,0.4209762430898367,0.4214492440223694,299656000
2014-03-18,0.42310474397015163,0.43422039155688974,0.42121271225054646,0.43138235807418823,293904000
2014-03-19,0.43469344268727017,0.4472281217480482,0.43351089813328125,0.43895047903060913,366168000
2014-03-20,0.4365853541327473,0.4429709636863833,0.434693350910019,0.4391869008541107,191800000
2014-03-21,0.4429710655427432,0.446518614691191,0.4361124536063622,0.438477486371994,566116000
2014-03-24,0.4387139775419931,0.44226152650135264,0.4299633342208425,0.43634894490242004,306096000
2014-03-25,0.44107901018156614,0.44155201107079817,0.43303788229097,0.43634894490242004,304424000
2014-03-26,0.4403695418319539,0.44864715695543883,0.422631766945356,0.4264158308506012,557756000
2014-03-27,0.42546986593370345,0.4290174155805333,0.41600970534873877,0.4207397997379303,540728000
2014-03-28,0.4200302691227375,0.4259428516556419,0.41884775261615664,0.423341304063797,398820000
2014-03-31,0.4240508460900778,0.4278349104248333,0.42121281193572074,0.42357784509658813,273404000
2014-04-01,0.4370585296188676,0.4462821470980363,0.4318554344322417,0.4410790801048279,656272000
2014-04-02,0.441079068651186,0.44202507055505247,0.4363490027450205,0.43824103474617004,239948000
2014-04-03,0.43918698716336957,0.45361369782896965,0.4389504726173446,0.44297105073928833,599548000
2014-04-04,0.4453361048919896,0.44793765225001037,0.4273618443300999,0.42925387620925903,368032000
2014-04-07,0.42949033785286944,0.4389504685107487,0.42712530518839964,0.43067285418510437,428576000
2014-04-08,0.4306728663806321,0.4472281236941356,0.4299633509225169,0.4460456073284149,470692000
2014-04-09,0.4481741921408538,0.4519582563511147,0.4420250948475345,0.4455726444721222,421968000
2014-04-10,0.44368064678106117,0.44982971596717564,0.4332744841536527,0.43469351530075073,372748000
2014-04-11,0.4313824061189598,0.4380045037784009,0.4228682765291904,0.42854437232017517,353112000
2014-04-14,0.4313823566001534,0.4349299054897614,0.42854432312714946,0.43327438831329346,290184000
2014-04-15,0.43374739772152454,0.4387139775419931,0.42949033333161046,0.43634894490242004,304636000
2014-04-16,0.43847747637783563,0.43895047728149805,0.43185537914632016,0.43729496002197266,235136000
2014-04-17,0.4356394444983646,0.44297105721129537,0.43469344268727017,0.43895047903060913,153532000
2014-04-21,0.4391871136590205,0.4436806939738518,0.43634907925637123,0.44249817728996277,117004000
2014-04-22,0.44320759979497504,0.4491202105413685,0.44084256677378464,0.44628214836120605,255120000
2014-04-23,0.4469916667351555,0.45266776293798566,0.44628215118562453,0.4514852464199066,261580000
2014-04-24,0.45455975666663356,0.46023582419730913,0.45455975666663356,0.45550575852394104,391492000
2014-04-25,0.45455972781965615,0.45881679229421135,0.4420250207486019,0.44297105073928833,313600000
2014-04-28,0.44651866167685295,0.44888369469134926,0.4356394985328028,0.4410790801048279,226788000
2014-04-29,0.44273458093842705,0.44368061102472445,0.43705851319430816,0.4420250654220581,171300000
2014-04-30,0.44131554651650184,0.4417885474290922,0.43587596553817687,0.43682196736335754,305740000
2014-05-01,0.44344396449206536,0.4443899661034295,0.43563935252138314,0.4391869008541107,198104000
2014-05-02,0.4413155934047109,0.4413155934047109,0.4332744642626761,0.4358760118484497,156376000
2014-05-05,0.43540299216150646,0.44391712245155496,0.4349299911883744,0.44060608744621277,239260000
2014-05-06,0.44486309376380967,0.44864712924189387,0.43043638273381285,0.43161889910697937,416188000
2014-05-07,0.431618890864044,0.43563944081734385,0.427361826363262,0.4320918917655945,293900000
2014-05-08,0.4304363145329861,0.44438999424808295,0.4283077684824971,0.43753141164779663,432728000
2014-05-09,0.4242873339147688,0.4283078843958985,0.41884775234927923,0.4268888533115387,539532000
2014-05-12,0.4278347954005621,0.440369473421869,0.42759828087069507,0.43942347168922424,299856000
2014-05-13,0.43351088953085043,0.44060601574692143,0.43090937050525735,0.43232837319374084,221104000
2014-05-14,0.4325648389424305,0.43422035598894826,0.4278347741275738,0.4280712604522705,214320000
2014-05-15,0.42712535801306295,0.4294903909700279,0.42144926200029714,0.42570632696151733,325896000
2014-05-16,0.42239524932218975,0.42783483021101343,0.42239524932218975,0.42476028203964233,283960000
2014-05-19,0.42925386986339564,0.44084251913762584,0.4273618380122073,0.438477486371994,360076000
2014-05-20,0.4385962798349263,0.4397842426517732,0.4312309273644362,0.4333692491054535,256200000
2014-05-21,0.4350323913843856,0.43883388372760274,0.43075571957908326,0.4333692491054535,216712000
2014-05-22,0.4324188766163557,0.4376459071818572,0.4324188766163557,0.4352699816226959,130364000
2014-05-23,0.43764588861505355,0.44144738067774286,0.4350323592815465,0.4393090307712555,182656000
2014-05-27,0.441922603504193,0.4471496343612671,0.44049703675986895,0.4471496343612671,209680000
2014-05-28,0.4488128073934726,0.4538022343786328,0.4445361354610007,0.45095112919807434,224676000
2014-05-29,0.45071349669726685,0.45451498891229136,0.4492879583590827,0.45023831725120544,171884000
2014-05-30,0.45023827515586157,0.4526142004872964,0.44786234982442674,0.451426237821579,239128000
2014-06-02,0.45285177810029126,0.4557028826680966,0.4461991818932372,0.45000067353248596,181500000
2014-06-03,0.4509511056515758,0.45142628510297916,0.4421601583459111,0.4481000006198883,243212000
2014-06-04,0.44691208603175764,0.4519015132945321,0.4466744821187955,0.4485752284526825,161236000
2014-06-05,0.4492879683643608,0.4519014695375323,0.4466744388679219,0.45047593116760254,188696000
2014-06-06,0.4526142292002264,0.45617811742346454,0.4509510870273685,0.4521390497684479,161052000
2014-06-09,0.45166388889631065,0.4568909195071943,0.4485751799779308,0.4526142477989197,247456000
2014-06-10,0.4509510809437841,0.45712849844336634,0.4490503349190461,0.4549901485443115,217608000
2014-06-11,0.45332715228067466,0.4621181019337259,0.45332715228067466,0.46093013882637024,266228000
2014-06-12,0.46092995413770177,0.4659193801954321,0.45689085853248634,0.46378105878829956,337148000
2014-06-13,0.4685329582048906,0.46877056208526063,0.4597420111569269,0.46425628662109375,227852000
2014-06-16,0.4621179970902365,0.4659194611773486,0.4587916841503366,0.4628307521343231,198620000
2014-06-17,0.46330593392168623,0.4678201811227586,0.46093000837938153,0.4659194350242615,157608000
2014-06-18,0.46473157272164056,0.4675827066473952,0.4604549001562814,0.4654443562030792,215536000
2014-06-19,0.45689100573559266,0.45926693176378747,0.4514263702060903,0.45475268363952637,474592000
2014-06-20,0.45594047631077406,0.45760361824449336,0.44619917190529246,0.44976305961608887,353148000
2014-06-23,0.44382342561240307,0.4447737847222772,0.4385963655382758,0.4445362091064453,414200000
2014-06-24,0.44382339046992075,0.4473872793346654,0.4357452253825369,0.43764597177505493,275780000
2014-06-25,0.438833845280676,0.44239773341897876,0.43479477772191916,0.44216012954711914,215420000
2014-06-26,0.4421602525038773,0.44239785644181023,0.4347948986305058,0.4362204372882843,256908000
2014-06-27,0.4357452479117241,0.43930913696073126,0.4331317179464765,0.4366956353187561,302820000
2014-06-30,0.43503237651095633,0.44168497372250515,0.43503237651095633,0.4404970109462738,180512000
2014-07-01,0.4400218807139216,0.4481000454897431,0.43859631389369724,0.44548651576042175,321180000
2014-07-02,0.4438234269618988,0.44572417351069965,0.4412098969168884,0.4438234269618988,179284000
2014-07-03,0.43978433997655386,0.4490504689925252,0.43978433997655386,0.44786250591278076,136892000
2014-07-07,0.4485751774674207,0.4488127813533767,0.44358572244847994,0.44429850578308105,127496000
2014-07-08,0.44311055046921355,0.44501129661910116,0.4364579531062407,0.4407346248626709,221940000
2014-07-09,0.44453619735439204,0.4559406479877519,0.4412098839112228,0.45403990149497986,387668000
2014-07-10,0.4454864344094318,0.453564597710087,0.44192254633294814,0.4516638517379761,266308000
2014-07-11,0.45213906834761514,0.4540398144761002,0.45047592610641585,0.4526142477989197,191188000
2014-07-14,0.45451501254262683,0.459504467793841,0.45285187023331147,0.45831650495529175,272636000
2014-07-15,0.45902927466932064,0.46140520027574766,0.4559405657163121,0.4602172374725342,395440000
2014-07-16,0.4621179634658007,0.46568185171999255,0.45712850858062565,0.45974200963974,319728000
2014-07-17,0.45451502100772706,0.4633059688353329,0.45451502100772706,0.45855408906936646,324832000
2014-07-18,0.44905050187340584,0.45261439137359843,0.4374084458454778,0.4381212294101715,567816000
2014-07-21,0.4364579531062407,0.44382333381582983,0.4364579531062407,0.4407346248626709,243364000
2014-07-22,0.44406092317754975,0.44643684885790197,0.4378835334025949,0.43883389234542847,298816000
2014-07-23,0.4390715155331882,0.4393090911177002,0.42909260457867504,0.42956778407096863,297352000
2014-07-24,0.43194370859532455,0.43313167148422693,0.42719185703971513,0.43028056621551514,254576000
2014-07-25,0.4288550265659028,0.4298054139311455,0.42196485270343115,0.4226776361465454,266132000
2014-07-28,0.4245783467707386,0.4245783467707386,0.4138866802816887,0.4210144579410553,330352000
2014-07-29,0.42125205929415366,0.4281422613168851,0.4210144553776465,0.4224400222301483,217972000
2014-07-30,0.4250535364092752,0.4307557469633374,0.4238655735169064,0.42956778407096863,246184000
2014-07-31,0.42434071234758824,0.4276669967981783,0.41507458568105854,0.41578736901283264,401880000
2014-08-01,0.41578739990867586,0.4226776015301254,0.4143618331391983,0.4203016757965088,219884000
2014-08-04,0.4198264592076932,0.4233903477335556,0.4172129579493551,0.4193512797355652,241724000
2014-08-05,0.4181633862804072,0.425766372389109,0.4145994971631807,0.41958895325660706,298136000
2014-08-06,0.4167377712960983,0.42434075652893766,0.4136490904089357,0.41911372542381287,223456000
2014-08-07,0.4226777144459719,0.4264791796413361,0.41198601746520463,0.41483715176582336,407696000
2014-08-08,0.4328940145717345,0.4538021631530138,0.4328940145717345,0.451426237821579,894348000
2014-08-11,0.45190144196535753,0.4538021879992263,0.4478623743454273,0.44905033707618713,344624000
2014-08-12,0.4488127615239946,0.45142626253770674,0.44406088227768975,0.44905033707618713,296152000
2014-08-13,0.44976310576586515,0.45546534368219793,0.44691200096933115,0.4516638517379761,256596000
2014-08-14,0.4533270336558158,0.4533270336558158,0.4447736901917513,0.4466744363307953,255992000
2014-08-15,0.448100051098556,0.45499022472825407,0.4438233789076223,0.45237672328948975,369796000
2014-08-18,0.45427741710628466,0.4590292968722512,0.4497631695650293,0.45855408906936646,284076000
2014-08-19,0.4586734102173929,0.4646394997170048,0.45700288239865455,0.46225306391716003,248260000
2014-08-20,0.46058257676420045,0.46273038624283047,0.45819614075365234,0.4593893587589264,221468000
2014-08-21,0.45819611373743346,0.4605825496072722,0.4543778334148272,0.45509374141693115,272796000
2014-08-22,0.4546164917162175,0.45915073725504896,0.45175277416191223,0.4553324282169342,251224000
2014-08-25,0.45724152767766946,0.4603438998414982,0.4550937184341458,0.45604830980300903,153380000
2014-08-26,0.45724166685225454,0.4651169129117815,0.45557116700897715,0.46416234970092773,269636000
2014-08-27,0.4612985405197962,0.4648781947471757,0.45819616783302136,0.45891210436820984,182972000
2014-08-28,0.4579574764824251,0.4636849110563302,0.4565256036146693,0.462730348110199,179704000
2014-08-29,0.4644009762793578,0.4651169129117815,0.4593894483009588,0.46416234970092773,207932000
2014-09-02,0.4653554856777191,0.4653554856777191,0.461059895091077,0.4653554856777191,192636000
2014-09-03,0.4677418593346368,0.4713215129378846,0.4646394871887771,0.4696510136127472,259456000
2014-09-04,0.46893498263168665,0.4808671873513547,0.46869632772684344,0.47800344228744507,491832000
2014-09-05,0.47752630178064076,0.47967411134006055,0.4734693660998199,0.4765717387199402,253792000
2014-09-08,0.47609434017241925,0.47704890299850194,0.47036687787025705,0.4722760319709778,319288000
2014-09-09,0.47012824298772304,0.47323061478989137,0.4658326534499942,0.46630993485450745,198588000
2014-09-10,0.4689350655732886,0.4696510019658953,0.4636848843265445,0.4679804742336273,172376000
2014-09-11,0.46463950517940167,0.46631000456921995,0.45819610568522384,0.4632076323032379,250720000
2014-09-12,0.46607136540618177,0.46607136540618177,0.4558096853086423,0.4562869668006897,262536000
2014-09-15,0.4577187709552934,0.45843470731007846,0.4481730287543081,0.4500821828842163,294152000
2014-09-16,0.4488890951143779,0.4591507766420913,0.447457221990115,0.4567643404006958,219936000
2014-09-17,0.4555709149557117,0.4612983479491564,0.45342310624675664,0.45700275897979736,173584000
2014-09-18,0.45986654960955997,0.46440076547576675,0.4584346769946769,0.46392348408699036,219604000
2014-09-19,0.4653554823298451,0.465832763847469,0.4546164917162175,0.4553324282169342,601316000
2014-09-22,0.46463942538718395,0.46463942538718395,0.45032078443015433,0.4507980942726135,221464000
2014-09-23,0.44841170718092055,0.4539005152719815,0.44674120779196086,0.44888901710510254,196144000
2014-09-24,0.44865037766659505,0.45294596799294934,0.4481730961744579,0.4515140950679779,159592000
2014-09-25,0.45103690297171356,0.4522301211628332,0.4407752208383714,0.4417297840118408,298440000
2014-09-26,0.4431615742906938,0.4460252917237733,0.44125241985245395,0.4426842927932739,241188000
2014-09-29,0.43910463420005985,0.44507072397548997,0.4348090438720381,0.4419683516025543,208540000
2014-09-30,0.4400592466331432,0.44340027435194374,0.43504771927922414,0.4402979016304016,277204000
2014-10-01,0.44101378119248946,0.4441161250646304,0.4348090365510884,0.436002254486084,350976000
2014-10-02,0.43528636558158107,0.4374341467197509,0.42407009300862425,0.4340931475162506,288996000
2014-10-03,0.43671806447248634,0.4426841524198117,0.43504753708839417,0.43504753708839417,239140000
2014-10-06,0.4367181984668935,0.44029785233360247,0.4295588622849155,0.43242260813713074,199032000
2014-10-07,0.4305135444416132,0.43480913567659574,0.4274111714136499,0.4278884530067444,301896000
2014-10-08,0.42741098428911456,0.4379113169828796,0.4240699577030538,0.43576350808143616,260172000
2014-10-09,0.43385445064789274,0.4343317605868049,0.4238314255562569,0.4274110794067383,306956000
2014-10-10,0.42407007245874984,0.4255019454471849,0.40187621182937516,0.4021148383617401,691376000
2014-10-13,0.40473992123704294,0.4128538205944431,0.40020570427890817,0.4006829857826233,397628000
2014-10-14,0.406171852185356,0.4212064066144903,0.4037854158775113,0.4099901616573334,376620000
2014-10-15,0.404023962423166,0.4183426058830253,0.40139890007356316,0.4161947965621948,404428000
2014-10-16,0.40879686453958075,0.42120632525362955,0.40784227313169436,0.4164334535598755,351116000
2014-10-17,0.4214450056183141,0.4262178775997302,0.4140470426676949,0.41571754217147827,290716000
2014-10-20,0.4157175936953533,0.42311555756287333,0.41285387584128785,0.4192972481250763,200336000
2014-10-21,0.4223995832586899,0.4376727911971179,0.4212063652220266,0.4371955096721649,351092000
2014-10-22,0.436479447348551,0.4379113199592453,0.4269337058067322,0.4269337058067322,239512000
2014-10-23,0.4343317577622257,0.4395819110190765,0.4312293854222721,0.4364795386791229,214476000
2014-10-24,0.43910459914870187,0.44363881563666263,0.43647950847763545,0.44101375341415405,210156000
2014-10-27,0.44077509915453966,0.44292287992619556,0.43600222770769737,0.44125238060951233,145092000
2014-10-28,0.440059140926954,0.4522299738923199,0.4395818594956479,0.4517526924610138,192580000
2014-10-29,0.4498435800563483,0.45246867084511283,0.44483205344091026,0.44888901710510254,168340000
2014-10-30,0.4476957801085359,0.44960490592965013,0.44029781798176565,0.4460252523422241,170260000
2014-10-31,0.4562868831169552,0.4665485897810415,0.45390044764583415,0.46630993485450745,256316000
2014-11-03,0.4770490054945084,0.47871953347190616,0.4717988519259251,0.4741852879524231,308732000
2014-11-04,0.477287669483867,0.4820605416269358,0.4694124247580912,0.4803900420665741,360196000
2014-11-05,0.48325378811126496,0.4834924146492812,0.47681038795927255,0.4803900420665741,335652000
2014-11-06,0.48134461911968823,0.48325380217073466,0.4739466557032754,0.4825378656387329,394088000
2014-11-07,0.48802654618978497,0.49375398004339177,0.4675031609434536,0.4722760319709778,450800000
2014-11-10,0.471798757377534,0.48086724659917646,0.4706055396034057,0.47776487469673157,293388000
2014-11-11,0.47490118166434586,0.4775262439878545,0.4679805007418765,0.4720374643802643,212992000
2014-11-12,0.47036694667291623,0.4715601646043346,0.4624917026358435,0.46893510222435,204584000
2014-11-13,0.47060558660433766,0.4713215230300287,0.4627303428188528,0.4665486514568329,225328000
2014-11-14,0.4670258795304123,0.4722760319709778,0.46249163498513113,0.4722760319709778,160248000
2014-11-17,0.4701283574104309,0.47513988449894307,0.4670259848531882,0.4701283574104309,158732000
2014-11-18,0.4703668474092244,0.4825377075692016,0.46917362972961635,0.48134446144104004,207772000
2014-11-19,0.48170410171931993,0.4831420344741148,0.47451449508326016,0.4795472025871277,240300000
2014-11-20,0.47619204458792425,0.4879350854166268,0.47475411189250566,0.4874557554721832,220968000
2014-11-21,0.49176960839402084,0.49248857482189967,0.4860179341089086,0.49009203910827637,198976000
2014-11-24,0.4912901624777962,0.4953642665158923,0.48937295721442337,0.4932074248790741,136004000
2014-11-25,0.49224878831030466,0.4965625860630703,0.49129018563343707,0.49296775460243225,190240000
2014-11-26,0.49009199648478774,0.5018350376016207,0.48985230293772875,0.5013557076454163,219264000
2014-11-28,0.5030331504458647,0.5054296853491582,0.49847971698823734,0.5025538206100464,124832000
2014-12-01,0.5003970303235797,0.5032728382186391,0.492488458620833,0.4932074248790741,190060000
2014-12-02,0.4927282583779096,0.4960833972702942,0.4881748229451454,0.4939265549182892,245952000
2014-12-03,0.4963230463642141,0.5068677921397352,0.4948851134998433,0.506628155708313,284424000
2014-12-04,0.505908946811384,0.5078261516197489,0.4987193430731784,0.5020744800567627,185332000
2014-12-05,0.5023141165278536,0.5075865154593161,0.5020744802112072,0.5049503445625305,165680000
2014-12-08,0.5042313329038935,0.5092640379259784,0.4944055020168264,0.49847960472106934,226944000
2014-12-09,0.4953643079732989,0.49800053685344575,0.487935065533589,0.4968022406101227,239448000
2014-12-10,0.4953642636780931,0.4972815260683875,0.48529885039619,0.4857781231403351,204364000
2014-12-11,0.488653984028255,0.4920091217605423,0.48457988004791985,0.4855384826660156,135652000
2014-12-12,0.47906783780148876,0.4833816069261172,0.4699609982203739,0.4704403281211853,323964000
2014-12-15,0.47595227611934354,0.48457984184682523,0.467564403880918,0.4690023362636566,254696000
2014-12-16,0.4685230162306237,0.4759522570600733,0.46349028166152184,0.4637299180030823,185308000
2014-12-17,0.4730764776938209,0.48338158440902024,0.4577386358061666,0.4826626181602478,345596000
2014-12-18,0.4886540551443184,0.49440572882786465,0.4800265160500428,0.4845799505710602,226156000
2014-12-19,0.48793500640879917,0.49129014406289445,0.4833815726565826,0.48937293887138367,325528000
2014-12-22,0.48889369311972075,0.4980005621910095,0.48721612400404396,0.4980005621910095,148976000
2014-12-23,0.5018348760686637,0.5042314108024517,0.4944055783973947,0.4948849081993103,109280000
2014-12-24,0.49608325615568266,0.4968022224478103,0.4924884818329523,0.49296775460243225,45644000
2014-12-26,0.49296758659775086,0.4960830870892303,0.4917693479445063,0.4934469163417816,52636000
2014-12-29,0.4920091180831163,0.49608322203300037,0.48961258298683724,0.4927280843257904,82944000
2014-12-30,0.4893730627034497,0.4917695983682144,0.4874557998888876,0.48817476630210876,112120000
2014-12-31,0.4888936692580448,0.4915298981436515,0.47906786288029346,0.4805058240890503,166300000
2015-01-02,0.48242297768592834,0.48601780889920887,0.4747540425228657,0.48242297768592834,113680000
2015-01-05,0.4824230215357024,0.48386095415171526,0.4721179139714885,0.47427478432655334,197952000
2015-01-06,0.47499372869977885,0.47547303002666463,0.4594162498777956,0.4598955512046814,197764000
2015-01-07,0.4632507549394561,0.4673248882197394,0.4572594160789891,0.4586973488330841,321808000
2015-01-08,0.46396968038981273,0.47882822230826705,0.463730015428952,0.4759523570537567,283780000
2015-01-09,0.4776300530233031,0.48146452177316446,0.47115938343679203,0.4778696894645691,209540000
2015-01-12,0.47906780597654147,0.479307470911026,0.46756443193136393,0.47187820076942444,190732000
2015-01-13,0.47547298844444136,0.485059128419619,0.4678040821780894,0.4711592197418213,236720000
2015-01-14,0.4661264931901922,0.47451436530486835,0.46492822574523845,0.4730764329433441,155260000
2015-01-15,0.47643174192001553,0.4793075789372273,0.4694817715120492,0.4697214365005493,188932000
2015-01-16,0.4690024060675761,0.47882821215116295,0.46756447347082297,0.47834891080856323,181512000
2015-01-20,0.4817039586662386,0.48434012984188113,0.4737953880014136,0.47978675365448,140308000
2015-01-21,0.4771506282873802,0.487695400340499,0.473795461855907,0.48649710416793823,144780000
2015-01-22,0.48745561052804126,0.4963228404671621,0.48242290472845517,0.4948849081993103,159712000
2015-01-23,0.49536438906170127,0.4972816519372815,0.491290284015732,0.4963230490684509,120416000
2015-01-26,0.4941661059856415,0.49656264151438617,0.4910506040844819,0.4941661059856415,133240000
2015-01-27,0.486497108436624,0.4869764383374354,0.46948169688851593,0.4704403281211853,357948000
2015-01-28,0.47619193308845853,0.47810916671044795,0.4625316613873774,0.46277132630348206,272728000
2015-01-29,0.46301109918424205,0.476671345501662,0.4608542001432035,0.4740351736545563,235340000
2015-01-30,0.4706799942943984,0.47619203138203364,0.45941628372250776,0.46013522148132324,298200000
2015-02-02,0.46301119897440385,0.4721180413384149,0.45390435661039275,0.4702008068561554,259604000
2015-02-03,0.4735557351981007,0.4824229371644659,0.47115920030318026,0.48194360733032227,183468000
2015-02-04,0.4805057871683904,0.4886539953173033,0.47906782607012227,0.4831419587135315,181516000
2015-02-05,0.4836211248079009,0.49129005851435503,0.4831418521624306,0.4910504221916199,140448000
2015-02-06,0.4905711970130634,0.49632292708829545,0.48673672934221035,0.48889362812042236,210524000
2015-02-09,0.4860178713721574,0.48985228230866185,0.48290236963281424,0.4884144067764282,273944000
2015-02-10,0.48889351130110686,0.5023141163733355,0.4867366130382778,0.5020744800567627,226204000
2015-02-11,0.503272860601464,0.503272860601464,0.49536428854698716,0.4987194836139679,320832000
2015-02-12,0.5272382166039791,0.5392208916576806,0.5241227153762266,0.5344278216362,676904000
2015-02-13,0.533229499943257,0.535386398490667,0.525081292725795,0.534667432308197,310084000
2015-02-17,0.5337089523952481,0.5389813532320439,0.5303538141981562,0.5363451242446899,203340000
2015-02-18,0.5356260912338934,0.5365847510033882,0.5291554520482807,0.5301140546798706,170948000
2015-02-19,0.5368243570128148,0.537782959590184,0.5291554221180584,0.5315519571304321,169432000
2015-02-20,0.5310727028214657,0.5356260795062969,0.5272382352411574,0.5353864431381226,157752000
2015-02-23,0.5351469000497096,0.5351469000497096,0.5284365663300373,0.5310727953910828,125008000
2015-02-24,0.5331175020336619,0.5367261171340942,0.5283059769944837,0.5367261171340942,149356000
2015-02-25,0.5345614699499657,0.5369672923310744,0.5302311158514876,0.5326368808746338,123820000
2015-02-26,0.5331176155834301,0.5372074070020341,0.5297495014523017,0.534079909324646,152864000
2015-02-27,0.5326365367033424,0.5338394471166178,0.5287873036819573,0.5307119488716125,157492000
2015-03-02,0.5292683818605439,0.5465898985882691,0.5285466472170625,0.5437029600143433,301512000
2015-03-03,0.5396132174191159,0.5422595397793202,0.5319147520975327,0.533598780632019,160344000
2015-03-04,0.5316741045897649,0.5408159804511281,0.5295089008234247,0.5396131277084351,226840000
2015-03-05,0.5396132032364668,0.5509202844467882,0.5381697338568686,0.5499579906463623,323056000
2015-03-06,0.546830609194858,0.5494769320489019,0.5420190818104526,0.5425002574920654,257392000
2015-03-09,0.5427407309880231,0.5480334332186445,0.5415378206528231,0.5439435839653015,222388000
2015-03-10,0.5463492807401438,0.5569346839122337,0.5453869870039305,0.5533260107040405,527212000
2015-03-11,0.5533258806598568,0.5605431680221012,0.5489955311856706,0.5504390001296997,262120000
2015-03-12,0.5451461726426713,0.5492359621249547,0.5350419497489847,0.5453867316246033,406972000
2015-03-13,0.5427405474505612,0.5475520724484145,0.5352826435533569,0.546108603477478,359288000
2015-03-16,0.5504392896773147,0.5559725519681546,0.5468306154189707,0.5526044368743896,236956000
2015-03-17,0.5514014528630062,0.559581036097248,0.5475522203533871,0.5593404769897461,299900000
2015-03-18,0.5593404895785131,0.5622273710072625,0.5451464694739251,0.5501985549926758,413844000
2015-03-19,0.5521230519660039,0.5605431922401269,0.5480332613531578,0.5586186051368713,310756000
2015-03-20,0.5631898973567628,0.5680014252592386,0.5578971937208649,0.564633309841156,462084000
2015-03-23,0.5477928160951062,0.5550101060240865,0.5461087875141364,0.5463493466377258,426012000
2015-03-24,0.5446653147102642,0.5485145474536546,0.5364857309792607,0.5388914942741394,330480000
2015-03-25,0.5386509690540356,0.5386509690540356,0.504489047815559,0.5061731338500977,542552000
2015-03-26,0.49582824425194133,0.5066541488751265,0.49221957113893744,0.5044889450073242,311920000
2015-03-27,0.5073760661701903,0.5162773865764905,0.4991964806463396,0.5143527984619141,318288000
2015-03-30,0.516758615592324,0.5191643796626874,0.5100224417805428,0.5165180563926697,253252000
2015-03-31,0.5150743850588471,0.5155555032700144,0.503045569410903,0.5035266876220703,357276000
2015-04-01,0.5054513216018677,0.5071353500203435,0.4967905630511945,0.5054513216018677,330768000
2015-04-02,0.5083381716484462,0.5097816408778594,0.5023237930031083,0.5066541433334351,192204000
2015-04-06,0.5044890029396065,0.5230134314503978,0.49919635824331177,0.521329402923584,515864000
2015-04-07,0.5213292784554203,0.5316740636202429,0.5184423403227606,0.5259002447128296,413964000
2015-04-08,0.526381515053564,0.5316742173747311,0.5213294292183065,0.5297495722770691,366432000
2015-04-09,0.5256596108311963,0.5437028588450115,0.5254190517807693,0.5420188307762146,379432000
2015-04-10,0.5425002015532717,0.547792846715619,0.5405755563832069,0.5475522875785828,258728000
2015-04-13,0.5463494335132452,0.5494769320489019,0.5400944364419319,0.5425002574920654,236724000
2015-04-14,0.5403350003468281,0.5425002046663541,0.5326365343382417,0.5379292368888855,220276000
2015-04-15,0.539372627344438,0.5485145042009326,0.5367262477782049,0.5444247126579285,243560000
2015-04-16,0.5412972517197623,0.5458682191380145,0.5372074598984548,0.5410566926002502,155284000
2015-04-17,0.5297495014523017,0.5393726109382062,0.5295089423564765,0.534079909324646,293636000
2015-04-20,0.5364856072479548,0.5398536636124158,0.5304711717189248,0.5314335227012634,231624000
2015-04-21,0.5379292392774879,0.5379292392774879,0.5280655689055771,0.5307119488716125,230456000
2015-04-22,0.5338392365253289,0.5374478516257613,0.5256595980724036,0.5367261171340942,207420000
2015-04-23,0.5268626305784021,0.5396131806342528,0.520848194201303,0.534561038017273,259380000
2015-04-24,0.5343203671074401,0.5345609261576527,0.5239755822955453,0.529990017414093,240960000
2015-04-27,0.5316741462926486,0.5434624023568101,0.5271031793244791,0.534079909324646,248456000
2015-04-28,0.5331175020336619,0.5386507615645072,0.5280653605919927,0.5367261171340942,234484000
2015-04-29,0.5328774401695596,0.5381701461636662,0.5304716751464135,0.5326368808746338,195156000
2015-04-30,0.529990117906042,0.5367262314524686,0.5287872077110858,0.534079909324646,218844000
2015-05-01,0.5384101710458136,0.5489955725272159,0.5360044084105685,0.547311544418335,256968000
2015-05-04,0.5468305228834444,0.5504391965311229,0.5422595553823587,0.5439435839653015,200720000
2015-05-05,0.5420188302932842,0.5427405648018261,0.5275842548382548,0.529990017414093,292928000
2015-05-06,0.5328769397505828,0.5379290817053516,0.5246973578248353,0.5316740870475769,316484000
2015-05-07,0.5295089944948637,0.5427407211526757,0.5278249659424382,0.5410566926002502,534564000
2015-05-08,0.5054515133607517,0.5254193602154296,0.4929415176683961,0.5011211037635803,1146552000
2015-05-11,0.49414425491942193,0.5013616025528227,0.4902950793255075,0.49630945920944214,544144000
2015-05-12,0.4927009584767548,0.5052108968111725,0.4924603419271756,0.5011211037635803,388800000
2015-05-13,0.5047294912322409,0.508578722897944,0.4991962314673999,0.5040077567100525,308524000
2015-05-14,0.5054513078314824,0.5148338007855904,0.5042483976465335,0.5121874213218689,293052000
2015-05-15,0.5143525131103952,0.5167582755979183,0.5093004290939673,0.5124279260635376,215824000
2015-05-18,0.5112251766421542,0.5148338501853483,0.5088194133993315,0.5117063522338867,324972000
2015-05-19,0.5123830055960729,0.5140748866138714,0.5075492080054241,0.5085160136222839,253808000
2015-05-20,0.5087576862147926,0.5147999620148099,0.508032610813854,0.5085160136222839,196824000
2015-05-21,0.5087577903061515,0.5109330169540166,0.5044073370104214,0.5048907399177551,239692000
2015-05-22,0.5060991435293826,0.5080326396259315,0.5029571691549286,0.5041655898094177,212592000
2015-05-26,0.5017487256616996,0.5051323728769459,0.4971566000847683,0.5010236501693726,259732000
2015-05-27,0.5044071959259984,0.5302680629547778,0.5027153726586758,0.5278511643409729,432332000
2015-05-28,0.5278513707018597,0.536793893306632,0.526884622403074,0.5351020693778992,327656000
2015-05-29,0.5351019855696779,0.5384856328971932,0.5341352374223052,0.5348603129386902,335168000
2015-06-01,0.5382438644417511,0.5462196360786239,0.5348602177166322,0.5409024357795715,372660000
2015-06-02,0.5375188899011751,0.5404191919945102,0.5297847894012297,0.5302681922912598,224304000
2015-06-03,0.5317182238468567,0.5358269458067954,0.5235007223035703,0.5244675278663635,250788000
2015-06-04,0.5213256859384264,0.5355854089335237,0.5213256859384264,0.5338935852050781,323712000
2015-06-05,0.5322017077876284,0.5404192114738019,0.526642833657316,0.5380023121833801,313320000
2015-06-08,0.5363104743408059,0.539935794369403,0.5196338523883599,0.5256760716438293,342812000
2015-06-09,0.5261594507266213,0.532201669708643,0.5251927026043082,0.5283346772193909,256888000
2015-06-10,0.5220507136185583,0.5254343607652213,0.516008437179444,0.5189087390899658,529460000
2015-06-11,0.5189086551856444,0.5280928470449054,0.5189086551856444,0.5244675278663635,283052000
2015-06-12,0.5210839083921366,0.5242258829236999,0.5089994131259005,0.5102078914642334,323728000
2015-06-15,0.5075492230580014,0.5116580029929798,0.5036822309695276,0.5092411041259766,306548000
2015-06-16,0.5082743457355919,0.5162501185005656,0.503198874930034,0.5155250430107117,256892000
2015-06-17,0.5152832774267979,0.5244675268924129,0.5140748569106645,0.5215672254562378,233544000
2015-06-18,0.5259177967746794,0.5336518396512024,0.524467645728012,0.5302681922912598,299404000
2015-06-19,0.5302681977513468,0.5346185933127224,0.523742575597572,0.5285763740539551,355656000
2015-06-22,0.5295431969545826,0.5324434994870992,0.5184254474111772,0.5264012217521667,514236000
2015-06-23,0.5273677084479892,0.531476429915252,0.5087575967585978,0.5128663182258606,414064000
2015-06-24,0.5121413778867158,0.514800007130959,0.505374083716099,0.5077909827232361,253368000
2015-06-25,0.5077909039262993,0.5147999272463902,0.5077909039262993,0.5116579532623291,350460000
2015-06-26,0.507549296492012,0.5080326993847187,0.4990901780453128,0.5012653470039368,421296000
2015-06-29,0.49546466250428445,0.5005401897830386,0.4855553957609658,0.4862804710865021,391724000
2015-06-30,0.48918074833708936,0.4913559744629813,0.48265512758282414,0.48603877425193787,315916000
2015-07-01,0.49812315067291507,0.5051321141362183,0.4886972317242641,0.4930476248264313,302892000
2015-07-02,0.4928062112146288,0.49667326134992784,0.49038931208299447,0.4935312867164612,145764000
2015-07-06,0.4894225388417909,0.4961898330137556,0.48386366536192665,0.4874889850616455,214776000
2015-07-07,0.48458863068777663,0.48652212640505355,0.4630781883101968,0.4783046543598175,594252000
2015-07-08,0.4756461230478871,0.4785463956776088,0.47105399830676514,0.4749210476875305,332492000
2015-07-09,0.4824135666719625,0.484588793301394,0.46622031851802764,0.469120591878891,357588000
2015-07-10,0.47516273030151923,0.4816883798708397,0.47395428094597175,0.47733795642852783,216708000
2015-07-13,0.4821717491899673,0.4831384971403784,0.4773379518145018,0.4804799258708954,212472000
2015-07-14,0.48120505534904917,0.4816884293786081,0.47443773250009935,0.480721652507782,249216000
2015-07-15,0.47951315374383113,0.48265512783059555,0.47298753298621593,0.47733795642852783,265732000
2015-07-16,0.4802381616826673,0.4879722595214844,0.47854633858481405,0.4879722595214844,282848000
2015-07-17,0.4862805247353471,0.48676386992342524,0.4787880980860062,0.4850720465183258,220372000
2015-07-20,0.4850721125187316,0.4870056664043684,0.4749211418952562,0.47612959146499634,188412000
2015-07-21,0.47516268060168904,0.4850719758053936,0.47516268060168904,0.4783046543598175,149720000
2015-07-22,0.4749211674123296,0.4749211674123296,0.4633200451571643,0.469120591878891,356472000
2015-07-23,0.47008725036742616,0.481930042277,0.4691204736163824,0.4749210476875305,169916000
2015-07-24,0.4783047797895665,0.4787881538456448,0.4674287338751096,0.4693622589111328,188844000
2015-07-27,0.4652534132421565,0.47202073509273873,0.4613863927644696,0.4667035639286041,192420000
2015-07-28,0.4679120733350875,0.4799965679021017,0.46307827550828184,0.4768546223640442,198308000
2015-07-29,0.47588790363784766,0.4865222774427549,0.47395437850861805,0.48265522718429565,232680000
2015-07-30,0.4814468129614987,0.4886975399318932,0.4814468129614987,0.4838637411594391,190180000
2015-07-31,0.48579712212799026,0.4860387947221309,0.4792715010988895,0.48217177391052246,218340000
2015-08-03,0.4860389528308468,0.49087275202657454,0.47975503116343027,0.4903894066810608,397132000
2015-08-04,0.4886975714491744,0.4937730432005526,0.4867640172414372,0.4923228919506073,260100000
2015-08-05,0.504407404612936,0.5048908075850571,0.49643163012524627,0.4973984360694885,234628000
2015-08-06,0.49618981369696524,0.499815190878965,0.48603881521078146,0.49425631761550903,655676000
2015-08-07,0.5428360498802411,0.5648298136692516,0.5288180009939917,0.5554039478302002,1405248000
2015-08-10,0.5515369153096761,0.5788478808539623,0.548153210476894,0.5747391581535339,662304000
2015-08-11,0.5662798640147315,0.5773976090535058,0.5662798640147315,0.5718387365341187,435008000
2015-08-12,0.5626545747075083,0.577397639599561,0.5626545747075083,0.5732889175415039,384048000
2015-08-13,0.5740140328644604,0.5752225111192035,0.5670050088078281,0.568455159664154,276884000
2015-08-14,0.5679718071990411,0.5723222601537691,0.5645881599831992,0.5689386129379272,214652000
2015-08-17,0.5679718515597854,0.5679718515597854,0.5583042544032072,0.5653132796287537,273880000
2015-08-18,0.5635655527869642,0.5674488719146419,0.555798914531609,0.560167670249939,287084000
2015-08-19,0.559439590860172,0.5657499777346435,0.5519156413409859,0.5579833388328552,249248000
2015-08-20,0.551673037716474,0.5543427949376699,0.5351689419510598,0.5378387570381165,426932000
2015-08-21,0.5339555244668215,0.5429356710147516,0.5206066204420366,0.5210920572280884,382664000
2015-08-24,0.4919670639829311,0.5298293883146357,0.4854139871919381,0.5026462078094482,682284000
2015-08-25,0.5247325807412995,0.5266742698351682,0.49220988154411316,0.49220988154411316,622684000
2015-08-26,0.5082284224836061,0.5298293396907857,0.5043451030726968,0.5293439030647278,614976000
2015-08-27,0.5349261785507633,0.5494885833419955,0.5317709850594111,0.5492458939552307,463764000
2015-08-28,0.549245986819565,0.555070938147747,0.5453626666454895,0.5516730546951294,320944000
2015-08-31,0.5490033627895302,0.5528866834261902,0.5434211002241819,0.5456054210662842,219352000
2015-09-01,0.5298295249925065,0.5388096717213952,0.5193931257419878,0.5232763886451721,353408000
2015-09-02,0.5375959957852394,0.5392949374151221,0.5286158509419197,0.5390522480010986,344044000
2015-09-03,0.5470615858903908,0.5497314009498998,0.5395376931450933,0.540508508682251,262556000
2015-09-04,0.5312855251126278,0.5397802898011091,0.5276449530074575,0.5278876423835754,287972000
2015-09-08,0.5407513495150944,0.552644002306437,0.538567028411326,0.550459623336792,238448000
2015-09-09,0.552158321228114,0.5567697082642422,0.5383239865221955,0.5395375490188599,289392000
2015-09-10,0.5363825007813735,0.5548282275034759,0.5339554329986196,0.5480324029922485,357076000
2015-09-11,0.5419648516667974,0.5533720663365951,0.5397804729430479,0.5497314929962158,301584000
2015-09-14,0.5524012754676454,0.5541002174849735,0.5477898283543992,0.5507023334503174,192460000
2015-09-15,0.5509447789144036,0.5596822324665969,0.5492458376495115,0.5567697286605835,327976000
2015-09-16,0.5557991329402913,0.5638084637054225,0.5516731228288403,0.5606532692909241,173508000
2015-09-17,0.5703614507550049,0.5754583336139615,0.5645364996392007,0.5657500624656677,268712000
2015-09-18,0.5579834975020335,0.5701188380707473,0.5545856137159673,0.5652647018432617,326412000
2015-09-21,0.5659927999328064,0.5723031882880701,0.563080295194726,0.5710896253585815,281840000
2015-09-22,0.5587115508296967,0.5625948708782162,0.552643852404036,0.5555563569068909,228356000
2015-09-23,0.5560415520814688,0.5616238119574981,0.553857232291688,0.5582259297370911,161632000
2015-09-24,0.5548282651274188,0.5747302454419362,0.5460908089438291,0.5689052939414978,382440000
2015-09-25,0.5759437530972934,0.5841958304483961,0.567449044175979,0.5730313062667847,369692000
2015-09-28,0.5730314242880711,0.576671998042484,0.561866897807019,0.5655074715614319,395584000
2015-09-29,0.5715750868716107,0.5764292230681786,0.563565756360687,0.5754584074020386,380736000
2015-09-30,0.5807977723013792,0.5990008072640418,0.5773998894156657,0.5982726812362671,556380000
2015-10-01,0.5982727359844038,0.5999716775827313,0.5696333024906363,0.5866228342056274,489296000
2015-10-02,0.5834677812625,0.6019135117530823,0.5774000816330481,0.6019135117530823,386144000
2015-10-05,0.6057967757652342,0.6244851939714644,0.6026415815123277,0.6169613003730774,482024000
2015-10-06,0.6104081487568064,0.6276403124796467,0.6079810809986939,0.624970555305481,453216000
2015-10-07,0.6264267844171812,0.637833996672776,0.6162330770629323,0.631523609161377,310152000
2015-10-08,0.6288538731415688,0.6368632025025418,0.6181747287496985,0.6351642608642578,460068000
2015-10-09,0.6317664054139918,0.6378341045444739,0.6208446279913385,0.6327372789382935,423248000
2015-10-12,0.6334654618887591,0.6431737938271271,0.6288540722104409,0.6395331621170044,227588000
2015-10-13,0.6344362050534106,0.6446298560126539,0.6322518264767729,0.6407465934753418,298444000
2015-10-14,0.6414746122622172,0.6744828042071588,0.6407465439920976,0.6640464067459106,612148000
2015-10-15,0.6652599408067622,0.679336969563215,0.658464173728381,0.6657453775405884,526048000
2015-10-16,0.6679297735822172,0.6824921815890053,0.6662307739021461,0.6761817932128906,448396000
2015-10-19,0.6783662441065006,0.68152143863099,0.6672017185376723,0.6749683022499084,294712000
2015-10-20,0.6720557115395628,0.6771525364372128,0.6669588287760534,0.6739973425865173,264824000
2015-10-21,0.6781233019732118,0.6822493689090933,0.6640463332558192,0.665259838104248,386280000
2015-10-22,0.6730265522342217,0.6914722793335967,0.672055736674436,0.6892879009246826,306884000
2015-10-23,0.6953556454506353,0.698510839628116,0.6849192472941686,0.693899393081665,381776000
2015-10-26,0.694384972088066,0.6960839142446454,0.6844339507719731,0.6907443404197693,247436000
2015-10-27,0.6873462963258336,0.6946275001039584,0.6868608595942797,0.690258800983429,208268000
2015-10-28,0.6946275110747487,0.6958410739898682,0.6844338024780312,0.6958410739898682,217036000
2015-10-29,0.6846764740047672,0.6917149298163737,0.6705994466498374,0.6718129515647888,327168000
2015-10-30,0.6790942466016642,0.693413964085119,0.6739973636786524,0.6885597705841064,301160000
2015-11-02,0.6907441340579781,0.6972972112372844,0.6866181246438171,0.6965690851211548,190088000
2015-11-03,0.6924431878986841,0.6963265085252756,0.6839484782772677,0.6917150616645813,376768000
2015-11-04,0.6897734485712367,0.6948702744792117,0.6771526706666842,0.6803078651428223,442264000
2015-11-05,0.68370584732596,0.6856475369026771,0.6705996886131063,0.6725413203239441,478800000
2015-11-06,0.7390430591353695,0.7752063960471771,0.723752522263018,0.7657408118247986,1172272000
2015-11-09,0.7582166821616358,0.7645270696882148,0.7516635473615175,0.7623426914215088,492568000
2015-11-10,0.7523917713082128,0.7565178389705893,0.7317617223256566,0.7477803826332092,552260000
2015-11-11,0.7482658417225911,0.7536054150194431,0.73782944246002,0.7404992580413818,619896000
2015-11-12,0.7388002028421495,0.7455960281532262,0.7346741929124341,0.7378293871879578,291080000
2015-11-13,0.7385573716643831,0.7417125653344185,0.7196262096441705,0.7232668399810791,292940000
2015-11-16,0.7327325616040506,0.7383148239479872,0.7269075519471656,0.7378293871879578,344280000
2015-11-17,0.7397710763622085,0.744139775739005,0.7346741929124341,0.7378293871879578,257048000
2015-11-18,0.740874497315622,0.7569540382347432,0.7328347558988519,0.7559794783592224,350216000
2015-11-19,0.7586594940095218,0.7657246761385993,0.7525687556658778,0.7581722140312195,254072000
2015-11-20,0.7637757998043424,0.7691356481174185,0.7591468425378493,0.7647503018379211,239744000
2015-11-23,0.7710844086372662,0.7710844086372662,0.7506196400535365,0.7532995343208313,242552000
2015-11-24,0.7532996160597045,0.7659683141262537,0.7498888306065823,0.7593903541564941,195428000
2015-11-25,0.7579286558923982,0.7669429004771533,0.7557359829656448,0.7584158778190613,138300000
2015-11-27,0.7598777335844322,0.7671865859646657,0.7559796673645219,0.7647503018379211,86996000
2015-11-30,0.7654811626522307,0.776200858855014,0.7647502716345139,0.7727900147438049,327244000
2015-12-01,0.7796116492389433,0.7986146996346262,0.7788807582171406,0.7978838086128235,409496000
2015-12-02,0.7991019604745151,0.8073853150105361,0.790087714881128,0.7917931079864502,294240000
2015-12-03,0.7981273830718556,0.8064107368258089,0.7861895743761049,0.7900876402854919,246656000
2015-12-04,0.7900875827116478,0.8237083333838705,0.7900875827116478,0.8222465515136719,458756000
2015-12-07,0.8220030487638313,0.8220030487638313,0.804218169201765,0.8066544532775879,333588000
2015-12-08,0.7966657755871998,0.8210286202500241,0.7915495956336878,0.8176178336143494,314488000
2015-12-09,0.8173740445947524,0.8222466124662234,0.7886258593017184,0.7969092130661011,372676000
2015-12-10,0.7993453876576431,0.8078724093090831,0.7966654931205999,0.8034871220588684,236596000
2015-12-11,0.7954473904196756,0.8010508485847665,0.7898439322545846,0.7915493249893188,227320000
2015-12-14,0.792280522047494,0.7978839823779207,0.7839971080249463,0.7934986352920532,275892000
2015-12-15,0.8025126864777842,0.8088470364426673,0.7981273985481837,0.8032435774803162,307296000
2015-12-16,0.8049489630282054,0.8107960909944942,0.797883780211592,0.8081161379814148,236356000
2015-12-17,0.8093343884574097,0.8176177431087291,0.7954475743453513,0.795934796333313,254160000
2015-12-18,0.7903311953938233,0.7983709376119518,0.7820478422253233,0.7830223441123962,395896000
2015-12-21,0.7915495404041695,0.8022691796907402,0.7844842985192391,0.8015382885932922,284216000
2015-12-22,0.8039744941747585,0.8103088443420631,0.7973965330273557,0.8022691011428833,130012000
2015-12-23,0.80348760635305,0.8086037875762918,0.8020258236933759,0.8054366111755371,122524000
2015-12-24,0.8029999590965033,0.8100651999987082,0.8017817880749961,0.8081161379814148,52448000
2015-12-28,0.7995893689201617,0.8073854446411133,0.788382448355338,0.8073854446411133,142024000
2015-12-29,0.807872444892276,0.8229774271271368,0.8056797721277997,0.8205411434173584,203660000
2015-12-30,0.8198103762771471,0.8268756175279449,0.8132324150761125,0.813476026058197,180344000
2015-12-31,0.8122578270585672,0.8159122237452758,0.8029999136924744,0.8029999136924744,148528000
2016-01-04,0.7866768919720291,0.7937420750543172,0.780586152806643,0.7886258959770203,358076000
2016-01-05,0.8034874174888512,0.8146943377979469,0.7917932170458627,0.80129474401474,490272000
2016-01-06,0.7881386122889165,0.79179306738837,0.7591468148137606,0.7681611180305481,449344000
2016-01-07,0.7489143551440721,0.7540305919862935,0.7279623020184527,0.7377074956893921,645304000
2016-01-08,0.7472090785135138,0.7479399696047229,0.7204099514830484,0.7218717336654663,398472000
2016-01-11,0.7226025922043049,0.7282060515940786,0.7101775022990869,0.7230898141860962,409372000
2016-01-12,0.7360021661415609,0.745990972424831,0.7301550954425732,0.7352712750434875,469356000
2016-01-13,0.7408746628841407,0.745747289093922,0.7121265341856726,0.7128574252128601,481672000
2016-01-14,0.6982395596533265,0.7065229707097997,0.6777747881706666,0.6984832286834717,600236000
2016-01-15,0.6704660866854342,0.6785058305059188,0.6490267504689422,0.6604772806167603,841452000
2016-01-19,0.6741206446966815,0.6931237011967492,0.6631573339334715,0.665837287902832,457140000
2016-01-20,0.6531684307529961,0.6780185534061774,0.644397795811544,0.6694915294647217,481180000
2016-01-21,0.6768005353283102,0.6877637869799228,0.6629136608383375,0.677287757396698,481456000
2016-01-22,0.6901998364545248,0.6977523567977536,0.68873805457612,0.6931234002113342,257996000
2016-01-25,0.6928799273515003,0.7009196711994651,0.6909308650966491,0.6923926472663879,270728000
2016-01-26,0.6938542520947208,0.7021376048253101,0.686789012137179,0.6992140412330627,227944000
2016-01-27,0.6982397561215183,0.7004324294962794,0.6777749788805529,0.6909309029579163,231700000
2016-01-28,0.6965343217187537,0.6989706059627254,0.6699788060337833,0.6833783984184265,276776000
2016-01-29,0.6892254554073879,0.7150500795017979,0.6865455602174991,0.713588297367096,310504000
2016-02-01,0.7128572210077957,0.717486118739864,0.706766483554517,0.7138317227363586,289884000
2016-02-02,0.7065229359309739,0.710177332261824,0.6787492566228341,0.6836218237876892,341908000
2016-02-03,0.6889815822374913,0.6931232579860632,0.6711967085659662,0.6870325207710266,326772000
2016-02-04,0.6880073155971269,0.7028686905292251,0.6804548516713719,0.6872764825820923,348140000
2016-02-05,0.6826475231150856,0.6901999870202825,0.6419615230233227,0.6439105272293091,600428000
2016-02-08,0.634165324188036,0.637332499258142,0.6054171375780253,0.6144314408302307,608852000
2016-02-09,0.6071224794555501,0.6468339080909842,0.604198915890504,0.6210092902183533,425372000
2016-02-10,0.6249074535284334,0.6429359434429325,0.616136819544582,0.6195476055145264,335800000
2016-02-11,0.60371175265922,0.622714803335002,0.60371175265922,0.6163804531097412,340144000
2016-02-12,0.6261256743437662,0.628074736723494,0.6029809434016127,0.6268565654754639,340816000
2016-02-16,0.6358706693702525,0.6585281731999697,0.6339216655132563,0.6575536131858826,485352000
2016-02-17,0.6658371965700244,0.6802112925018781,0.6631572429682727,0.673876941204071,771468000
2016-02-18,0.7291805636574156,0.7547615767918538,0.7284496725890948,0.7318604588508606,1068660000
2016-02-19,0.7279622014866463,0.748183418927839,0.7223587434903506,0.7416054010391235,525628000
2016-02-22,0.752325189516565,0.7764444172097859,0.7508634075802021,0.7679173946380615,449668000
2016-02-23,0.7618267238540012,0.7771753182128138,0.7581722689659077,0.7698664665222168,369380000
2016-02-24,0.7666992710228574,0.7764444063481674,0.7455035494132785,0.7752262353897095,336852000
2016-02-25,0.7781499935626506,0.7808298890207319,0.7630450068017501,0.7769318222999573,349616000
2016-02-26,0.7805862331069148,0.7825352373124034,0.7640194650178633,0.7718155980110168,361964000
2016-02-29,0.7729160165356497,0.7829411576426835,0.7663140886556784,0.7668030858039856,323344000
2016-03-01,0.768759088725424,0.8007907271385193,0.7675364795155549,0.8007907271385193,348700000
2016-03-02,0.796389523197145,0.8083708270808424,0.7949224152444924,0.8054366111755371,233812000
2016-03-03,0.8044584970052875,0.8078817097677219,0.7875868734368635,0.7983456254005432,302004000
2016-03-04,0.8044584357072597,0.8051919895714891,0.7897874750171056,0.7959004044532776,175304000
2016-03-07,0.7914990181115743,0.7968783932542789,0.7804957693233364,0.7907654643058777,239968000
2016-03-08,0.7826964218823012,0.7873422431667303,0.7738938346107759,0.7763389945030212,274940000
2016-03-09,0.7831853573423088,0.7844079079527605,0.7658246839557237,0.7758498787879944,222788000
2016-03-10,0.7804958797112845,0.7848972031679569,0.7589784926916173,0.7746275067329407,286084000
2016-03-11,0.7861197596937992,0.7880759228985162,0.7768281739373574,0.7878313660621643,277400000
2016-03-14,0.7841635972266308,0.792966185258675,0.7804958279227726,0.7897874712944031,190312000
2016-03-15,0.7856305835325919,0.7907654014672155,0.7719376774097225,0.7858750820159912,226216000
2016-03-16,0.7800068404339839,0.8120384789902148,0.7763390710852026,0.8093487620353699,363644000
2016-03-17,0.8064146019768947,0.8103268115386842,0.7914990844080128,0.8025023341178894,353680000
2016-03-18,0.8120386054157178,0.8374682631032612,0.8069037275279799,0.8267095685005188,545512000
2016-03-21,0.8193738521706201,0.8293989899167465,0.810571265182632,0.8291544914245605,337780000
2016-03-22,0.8264650700080807,0.8335559946916091,0.81741792363752,0.8276876211166382,242012000
2016-03-23,0.8313549845337926,0.8479820445823748,0.827687216407078,0.8418691754341125,429008000
2016-03-24,0.8342893180394088,0.8445590126795074,0.8315996597063484,0.8430919051170349,244956000
2016-03-28,0.841624862306446,0.8553177701143291,0.8406468099552858,0.851650059223175,265388000
2016-03-29,0.8479821222868862,0.8672989001642101,0.8460260179715227,0.8653427958488464,261812000
2016-03-30,0.8685217523874296,0.886371427879946,0.8680326970229862,0.8743901252746582,376700000
2016-03-31,0.8783023917056542,0.8802584965654433,0.8643649842623065,0.8712114095687866,379884000
2016-04-01,0.8658320983564143,0.8844153873969615,0.8592301710905477,0.8839263319969177,348292000
2016-04-04,0.8912618092101592,0.8959076314494242,0.8719450246021628,0.8753682374954224,393940000
2016-04-05,0.8675435227709309,0.8822144811412531,0.864120252513424,0.8741454482078552,339568000
2016-04-06,0.8631424355214795,0.875857292893269,0.8467598667061182,0.8753682374954224,453376000
2016-04-07,0.8697443593681082,0.8775688959198268,0.8626534350589119,0.8663211464881897,378104000
2016-04-08,0.8734120717262732,0.8790359460726987,0.86338687399714,0.8719449639320374,255936000
2016-04-11,0.8770796071322222,0.8917506238370293,0.8743899489133241,0.8773241639137268,387524000
2016-04-12,0.8802586195871657,0.881481229018315,0.8592302270680994,0.8763464093208313,292764000
2016-04-13,0.8802583928276989,0.898597121490195,0.8802583928276989,0.8983526229858398,350716000
2016-04-14,0.8959074644504491,0.9047100518903122,0.8922396953933347,0.9007977843284607,416564000
2016-04-15,0.900553467619549,0.9159579841747352,0.8976192517815238,0.9078889489173889,436972000
2016-04-18,0.9061773407226045,0.9061773407226045,0.8951740896481385,0.9039766788482666,307320000
2016-04-19,0.9073999462688992,0.9091115528415203,0.8822147865189756,0.8878386616706848,309152000
2016-04-20,0.8863715544754078,0.8966412522177346,0.8853935019040498,0.891261875629425,200172000
2016-04-21,0.8915061354071562,0.8956629597421653,0.8863713170599722,0.8902835845947266,178280000
2016-04-22,0.893217918144266,0.899330789610605,0.8839262742312131,0.8868604898452759,223540000
2016-04-25,0.8871051084782331,0.8961521967834423,0.8846599479012245,0.891261875629425,191972000
2016-04-26,0.8966410129196912,0.9069107079212134,0.8880829240355543,0.8919951915740967,214536000
2016-04-27,0.8897945998960272,0.9127791516250636,0.8880829936444844,0.912290096282959,352396000
2016-04-28,0.9066661462497481,0.9120455213734949,0.8829481009398479,0.8851487040519714,381224000
2016-04-29,0.8814809232590971,0.8834370277137505,0.8592299290270822,0.8687660694122314,321904000
2016-05-02,0.8770796676626544,0.8856377564729826,0.8729229016566815,0.8802583813667297,256076000
2016-05-03,0.8702332965671565,0.8739010074982783,0.8621642625620317,0.8697442412376404,224024000
2016-05-04,0.8592301575294984,0.8599637114693752,0.8411359824717941,0.8499385714530945,525764000
2016-05-05,0.8570294361850662,0.8650984701171814,0.8487158454417987,0.8550732731819153,246884000
2016-05-06,0.8536062293239032,0.8660765872225467,0.851894623003936,0.8638759255409241,183240000
2016-05-09,0.8660764676298845,0.8697441782955797,0.8555622743325033,0.8626532554626465,333336000
2016-05-10,0.8680326992241457,0.8807475557597318,0.8597191660880557,0.8792804479598999,269676000
2016-05-11,0.881970225755456,0.8915063105165566,0.877079846653538,0.8817256689071655,328176000
2016-05-12,0.8880829707848916,0.8919952385293785,0.8540952285569068,0.8697442412376404,670540000
2016-05-13,0.9582594148713337,1.0025168664089665,0.9536136501331983,1.0020278692245483,2110256000
2016-05-16,0.994447835683986,1.0465298837451185,0.9912691207778295,1.0316143035888672,973032000
2016-05-17,1.0269687195145254,1.04115069059573,1.0137648596299358,1.0338152647018433,628392000
2016-05-18,1.0269681410873894,1.0722037471974264,1.0269681410873894,1.0602223873138428,541072000
2016-05-19,1.056065802141836,1.0724484887521561,1.0545988107324626,1.064868450164795,398880000
2016-05-20,1.07147073810021,1.0883424275190445,1.069759130952733,1.083941102027893,391084000
2016-05-23,1.0885868064694308,1.0927435162585954,1.0790506605844348,1.0856525897979736,413636000
2016-05-24,1.088961883289357,1.1154382878288915,1.0860200475741608,1.1120060682296753,415788000
2016-05-25,1.115437952577157,1.1200957213461937,1.0985224607474495,1.1073479652404785,458076000
2016-05-26,1.1093091948485132,1.127205221088756,1.106122226467489,1.1191152334213257,309964000
2016-05-27,1.1203408835062765,1.126959952906612,1.116663531808278,1.125243902206421,277416000
2016-05-31,1.1301469604791559,1.147797851797167,1.1294114433549272,1.1453462839126587,412524000
2016-06-01,1.139953126839449,1.1585845538956248,1.1365210249316586,1.1475528478622437,387132000
2016-06-02,1.1536813277334304,1.1654486657625485,1.1424043733869809,1.1556426286697388,329208000
2016-06-03,1.1443660850488366,1.14583688593318,1.1193605996594005,1.139462947845459,461076000
2016-06-06,1.1424047629941578,1.1512302695258585,1.1276957023385465,1.1335793733596802,322512000
2016-06-07,1.140443226568499,1.1468171625765697,1.135295074461331,1.1357853412628174,193400000
2016-06-08,1.1360306997099052,1.1401983190397007,1.122792558269817,1.1321083307266235,234616000
2016-06-09,1.1281863020942886,1.1632428507620003,1.1257347330672414,1.1615267992019653,472168000
2016-06-10,1.147798081912487,1.15809438853841,1.1311277208883834,1.132598638534546,400024000
2016-06-13,1.133824162752811,1.1693710777740385,1.133824162752811,1.1470623016357422,475588000
2016-06-14,1.1443659650027995,1.1546622714964516,1.1316180901646324,1.1492689847946167,298344000
2016-06-15,1.1588298159166874,1.1710873061542442,1.1460819419036408,1.1610361337661743,301036000
2016-06-16,1.1524562112557104,1.167655540940572,1.1411792515226715,1.1656943559646606,246456000
2016-06-17,1.1671647938754575,1.16740992728447,1.1406883984498455,1.1453462839126587,471000000
2016-06-20,1.1637330128687213,1.180893525197842,1.1629974955419173,1.1659393310546875,293768000
2016-06-21,1.1708421649539564,1.1740291334360928,1.1571136403781372,1.1588298082351685,212508000
2016-06-22,1.1612811750801675,1.1688808955767176,1.1558878891552717,1.1578490734100342,202620000
2016-06-23,1.168880897880426,1.1899638916793653,1.168145380722693,1.1887381076812744,297880000
2016-06-24,1.1399533847321328,1.1610363847190444,1.1105352615267536,1.1210767030715942,1017684000
2016-06-27,1.11176080639542,1.120341179057102,1.0926389933512841,1.1090642213821411,449088000
2016-06-28,1.1301469209065653,1.1313725879087113,1.1097993290075132,1.125243902206421,381920000
2016-06-29,1.13505024877012,1.1524560108106054,1.132108413369303,1.1436305046081543,318932000
2016-06-30,1.1455916048793235,1.1595652635555473,1.1362759493257177,1.1524559259414673,430940000
2016-07-01,1.1460819143919077,1.1610361058954652,1.139953110971649,1.1438754796981812,218488000
2016-07-05,1.137501608504973,1.1627522239433299,1.128431086464836,1.160791039466858,371084000
2016-07-06,1.1527010777591915,1.1750098585479323,1.1468174072970847,1.1681455373764038,273104000
2016-07-07,1.1759903504026172,1.202711883084555,1.1705970639362515,1.1985442638397217,395400000
2016-07-08,1.2112922795478205,1.252477742327389,1.2066343928705348,1.2465940713882446,481932000
2016-07-11,1.2644896163345212,1.2845919561796908,1.2630186991632677,1.2752763032913208,448776000
2016-07-12,1.289495051262347,1.3061652894887594,1.273314962881547,1.2943980693817139,436760000
2016-07-13,1.2968498349579067,1.3042044223717473,1.291946815647747,1.2939079999923706,324604000
2016-07-14,1.3007724900798192,1.3189136522021092,1.2899857994327097,1.3071463108062744,316892000
2016-07-15,1.2904759704048616,1.2978305582304066,1.2708638920663526,1.2919468879699707,428616000
2016-07-18,1.3078816361685868,1.3098428204810286,1.2936628453332837,1.2985658645629883,252992000
2016-07-19,1.297830360765724,1.3171973027129058,1.2953787928978122,1.312049150466919,382652000
2016-07-20,1.316461930769228,1.3363192586181143,1.3110686445211321,1.329209804534912,296460000
2016-07-21,1.3262674288144813,1.330435046191529,1.3002814250087211,1.3046941757202148,361308000
2016-07-22,1.3093526358323544,1.3402416706085205,1.2997917301995878,1.3402416706085205,315768000
2016-07-25,1.3483314381453637,1.368188646489764,1.3424477689038286,1.3650016784667969,312528000
2016-07-26,1.3770142838635975,1.3954005766802984,1.3750530995586638,1.3882912397384644,514508000
2016-07-27,1.4003036607376607,1.402755228905256,1.3659825246717545,1.3743176460266113,446676000
2016-07-28,1.3775041493915368,1.387555318311049,1.373091398318154,1.3772590160369873,221916000
2016-07-29,1.3824080066364572,1.4034910075934226,1.3576477693339333,1.3998137712478638,409588000
2016-08-01,1.405696846696789,1.4108449987764464,1.3816720200945347,1.390742540359497,301120000
2016-08-02,1.3973616628095198,1.3980971799329431,1.360589079759683,1.3738272190093994,282748000
2016-08-03,1.3721113009678525,1.3802012887248676,1.3645115800757468,1.377504587173462,299828000
2016-08-04,1.3841241478503326,1.409374770694997,1.3814275622406962,1.403000831604004,272712000
2016-08-05,1.4191805019266577,1.427515624243244,1.4123162973009062,1.4267802238464355,371588000
2016-08-08,1.4463918744159647,1.4498239757098221,1.4248184992871709,1.4400179386138916,305064000
2016-08-09,1.4471275278818139,1.457669083898454,1.4400181906569474,1.4436954259872437,372344000
2016-08-10,1.4564432222375678,1.4586495399387738,1.4297216919144418,1.4343795776367188,375740000
2016-08-11,1.4419794502612602,1.4696815171958386,1.43903761508468,1.463552713394165,681064000
2016-08-12,1.51748573065931,1.553768045224588,1.4863515681326909,1.5454329252243042,1425744000
2016-08-15,1.5471489697494845,1.5567098735963267,1.523124143434126,1.543962001800537,573304000
2016-08-16,1.5417559676811485,1.5442074189939246,1.5299887442059688,1.5346466302871704,287652000
2016-08-17,1.5346467723985489,1.5380788746925789,1.4870873734162073,1.4990997314453125,595212000
2016-08-18,1.4968930710718065,1.5248402668590284,1.491009401686206,1.5223888158798218,331684000
2016-08-19,1.5216533926085158,1.5378333675196538,1.5150343225900682,1.5263112783432007,291560000
2016-08-22,1.530969228913076,1.534891714543913,1.5128280689499134,1.5326852798461914,244748000
2016-08-23,1.548281013203687,1.5551578660039118,1.5406672878248007,1.5450881719589233,339764000
2016-08-24,1.5504917742327877,1.551228529822572,1.5141424715461471,1.521264910697937,298448000
2016-08-25,1.5217559257327893,1.5224926811906572,1.4922835993910104,1.5111949443817139,406032000
2016-08-26,1.5151248077680017,1.5320713560984458,1.5030901972002542,1.5234752893447876,300024000
2016-08-29,1.5296150822340218,1.5357550617694826,1.5200365595700671,1.522492527961731,274652000
2016-08-30,1.520527746271198,1.5286326411427718,1.509475595607669,1.513650894165039,285544000
2016-08-31,1.5165981879263453,1.5207733694756407,1.5021076108469529,1.506528377532959,388544000
2016-09-01,1.5077565634934693,1.5566315237178725,1.506528520580704,1.5509827136993408,428492000
2016-09-02,1.5541756898410024,1.555894903222981,1.5183176768881614,1.5357553958892822,323148000
2016-09-06,1.5411582888306032,1.5502455234527588,1.5332989797569863,1.5502455234527588,306812000
2016-09-07,1.5453337901183883,1.552947515659883,1.5185631338117869,1.52740478515625,397988000
2016-09-08,1.5259312551223572,1.5409131220073502,1.5084935364736374,1.5384570360183716,315808000
2016-09-09,1.5215108499284502,1.5301069187109768,1.4490579355824307,1.4618293046951294,697760000
2016-09-12,1.4424261782924819,1.4949851483888643,1.4077960954062092,1.4920378923416138,598260000
2016-09-13,1.488354136337276,1.5055463881558038,1.4620746467778143,1.4704251289367676,471768000
2016-09-14,1.4738635429424867,1.4883541232746391,1.4615834635621445,1.4834420680999756,319048000
2016-09-15,1.4858976498122742,1.541403866154029,1.4824591069559536,1.5396846532821655,515212000
2016-09-16,1.545088148759264,1.5534386294788132,1.5256855164266654,1.543368935585022,902444000
2016-09-19,1.559578544878242,1.602804688571133,1.5524561078600692,1.5637538433074951,417128000
2016-09-20,1.5816829242218968,1.5816829242218968,1.5409128639560041,1.5495089292526245,331112000
2016-09-21,1.5541754783802377,1.5959279984548114,1.5539298932323162,1.5929807424545288,336212000
2016-09-22,1.6023139384676566,1.607225993553979,1.5878233583961103,1.5969105958938599,308732000
2016-09-23,1.5988757275853838,1.6035420810019576,1.5880691580907327,1.5951915979385376,276132000
2016-09-26,1.5770166522549547,1.5865951764013453,1.5603156898465602,1.580209493637085,230040000
2016-09-27,1.5740697048086436,1.6366985017943347,1.5733329491663781,1.6342424154281616,402752000
2016-09-28,1.6366981730089056,1.6413646424771036,1.619260338072507,1.6401365995407104,319788000
2016-09-29,1.6374349122626854,1.6605216742099407,1.622207578185347,1.655363917350769,336684000
2016-09-30,1.6644511695127762,1.6993268369125043,1.6546270609435088,1.6828714609146118,429932000
2016-10-03,1.6828716742245344,1.707186363582336,1.6782052044957492,1.68115234375,242596000
2016-10-04,1.6836081583696108,1.711852440255309,1.6649422824633275,1.6774680614471436,281624000
2016-10-05,1.6917129096597976,1.7089051561582302,1.6705910670482023,1.6757487058639526,305440000
2016-10-06,1.6556100618678726,1.6659253441163682,1.6273656526294935,1.65389084815979,360212000
2016-10-07,1.6649423604176272,1.669363244462307,1.6371892475102627,1.6418557167053223,286260000
2016-10-10,1.650452036995864,1.659293806448434,1.632523030015112,1.6479960680007935,287876000
2016-10-11,1.6425927424597009,1.6450487113051613,1.61164666837348,1.6241724491119385,388540000
2016-10-12,1.6175407738851666,1.6401362437172418,1.6040326558532547,1.6315401792526245,419920000
2016-10-13,1.6123834180623609,1.6160674296059592,1.564490799545121,1.6050152778625488,390116000
2016-10-14,1.624663692748479,1.6357158458331837,1.6111555707075231,1.6207340955734253,330636000
2016-10-17,1.6204883152789575,1.635715648889676,1.6091905783701612,1.6114009618759155,195328000
2016-10-18,1.6337510296354205,1.6452943529644237,1.6271197612786021,1.6359614133834839,269372000
2016-10-19,1.6249094504197656,1.6401367863828094,1.6165588511910993,1.6325230598449707,199060000
2016-10-20,1.6516795748916189,1.6688718210494753,1.6283473495676528,1.6634684801101685,312084000
2016-10-21,1.6575743472268194,1.6617495290331175,1.6430837692554616,1.6588023900985718,279508000
2016-10-24,1.6701001927622061,1.7386233715553883,1.6698544904880706,1.7366585731506348,339836000
2016-10-25,1.733711159100119,1.775709262822865,1.725360678805922,1.7651482820510864,397460000
2016-10-26,1.7504121999294155,1.791673550126174,1.7486929867639351,1.772270917892456,333792000
2016-10-27,1.7857789146930392,1.789217340786452,1.7287990647930735,1.7359215021133423,388664000
2016-10-28,1.7442725062472009,1.7707975806487635,1.729781925980109,1.7329747676849365,290856000
2016-10-31,1.7386237070260782,1.7592543870382635,1.737641249077825,1.7477110624313354,252388000
2016-11-01,1.754096295689411,1.7636748190517701,1.6772225236447271,1.6958884000778198,473224000
2016-11-02,1.7089055089523226,1.7319921543866097,1.6858187464054135,1.6887660026550293,295848000
2016-11-03,1.6966249750333453,1.6980986028640719,1.6366978726633212,1.6691174507141113,309664000
2016-11-04,1.6580654755217514,1.688029088425234,1.6352244174038841,1.6595391035079956,328780000
2016-11-07,1.7081688832994044,1.7614647373287957,1.7069408401657447,1.7504125833511353,487580000
2016-11-08,1.7570438859328543,1.7626928141881875,1.7315012675173271,1.7477110624313354,429884000
2016-11-09,1.700309112006742,1.741324874960507,1.6877834501866065,1.718238115310669,456532000
2016-11-10,1.7558157214265429,1.7560613066020923,1.6396455012826432,1.6644513607025146,869280000
2016-11-11,1.9527895901376833,2.18021788993007,1.9279836101731296,2.160569667816162,2175344000
2016-11-14,2.163517046827138,2.1659731332865033,2.0537326054168337,2.0542237758636475,1348796000
2016-11-15,2.07018805040801,2.147798609197659,2.0613462789163837,2.1168527603149414,626092000
2016-11-16,2.1450964930534036,2.27330109211894,2.1207818034831893,2.250460147857666,987984000
2016-11-17,2.2671610228220116,2.3280705955180396,2.226390839502222,2.2691259384155273,832988000
2016-11-18,2.2691256840672995,2.3167724810605077,2.2546351065869663,2.2929491996765137,576060000
2016-11-21,2.3108784880174777,2.317264170985581,2.2693714316121825,2.283616542816162,436436000
2016-11-22,2.2914761250449063,2.3022825771966424,2.268880645654702,2.300072193145752,330368000
2016-11-23,2.305236464061849,2.342869936891835,2.2818694253009646,2.3113858699798584,443236000
2016-11-25,2.3224545924493034,2.339180554499836,2.2976113675795826,2.3160593509674072,195564000
2016-11-28,2.3089264895275723,2.3303259095950093,2.302285176952766,2.3148298263549805,278736000
2016-11-29,2.312124129078461,2.3229469920887627,2.275966599397766,2.2936763763427734,444568000
2016-11-30,2.3022847019343113,2.3160592298815326,2.265389206239301,2.2678489685058594,440500000
2016-12-01,2.2653900449336306,2.2671118322424944,2.0850935794953926,2.155687093734741,1035524000
2016-12-02,2.1214976291570955,2.184220195907379,2.0937029562235785,2.1756112575531006,478292000
2016-12-05,2.213489575494441,2.2779339004862798,2.189138489022861,2.2599780559539795,602284000
2016-12-06,2.268095546859829,2.305483194914457,2.2523533916039815,2.2971200942993164,498796000
2016-12-07,2.2835923876177624,2.3441010247997203,2.2653904651364427,2.3384437561035156,480804000
2016-12-08,2.3413946725190264,2.376568389776538,2.288757014402109,2.2993335723876953,381544000
2016-12-09,2.3170439649544154,2.3187657523124567,2.231200198055604,2.258502960205078,382312000
2016-12-12,2.2100471503228074,2.212506914172264,2.1532279190259067,2.2036519050598145,601332000
2016-12-13,2.215950061086338,2.2700636824269025,2.2149662495672566,2.2425148487091064,387796000
2016-12-14,2.276213372114506,2.388622191089438,2.2523541780502776,2.3723881244659424,983980000
2016-12-15,2.383455975549591,2.4582312783967066,2.3760769202439715,2.4279768466949463,746548000
2016-12-16,2.455525449719329,2.4769248743504066,2.403871593327643,2.469791889190674,1089528000
2016-12-19,2.452327666505828,2.51996950750262,2.4351095599472945,2.499799966812134,744656000
2016-12-20,2.5723614954414393,2.610486886330503,2.56104672558785,2.586873769760132,848056000
2016-12-21,2.5984337588827495,2.606058882167203,2.5509614668538565,2.603107213973999,576136000
2016-12-22,2.6274585993632638,2.6778825653182814,2.6203253808706926,2.634591817855835,718612000
2016-12-23,2.6166360517717235,2.7017420745481346,2.6139304530343663,2.700266122817993,647692000
2016-12-27,2.756347992202716,2.8867124092181764,2.735686307050103,2.885728597640991,1194272000
2016-12-28,2.9418089798224494,2.949926009386018,2.6734550985808196,2.6872293949127197,2295764000
2016-12-29,2.580232117574343,2.742326876986516,2.5285782705828,2.7408509254455566,2175368000
2016-12-30,2.738883492639519,2.7529038603708096,2.6146682749661743,2.62549090385437,1212932000
2017-01-03,2.5679340088401847,2.616390360672771,2.444456752900813,2.5091471672058105,1501996000
2017-01-04,2.5433361878543757,2.594990026209138,2.4973396154502754,2.5676872730255127,1199220000
2017-01-05,2.5711309372114433,2.6028610762439692,2.485533030984721,2.50250506401062,984296000
2017-01-06,2.5298076919978834,2.5642436619225077,2.489222550639794,2.535957098007202,822856000
2017-01-09,2.545796462800636,2.656483214536337,2.545796462800636,2.638773202896118,916248000
2017-01-10,2.65180953895212,2.6857533732513637,2.5981878373808738,2.618849515914917,880920000
2017-01-11,2.6072891638935953,2.612208455253865,2.561784487287583,2.58662748336792,525664000
2017-01-12,2.5637528631528057,2.575313469950122,2.4995543503252056,2.544321060180664,625616000
2017-01-13,2.548255611827115,2.5826915840619202,2.5349732223621153,2.544074296951294,457820000
2017-01-17,2.5334987436892105,2.5384180366548907,2.473727844598693,2.4870102405548096,580612000
2017-01-18,2.4656100187843895,2.539155196015145,2.4378153539265317,2.5322680473327637,654424000
2017-01-19,2.5352197040447653,2.6186036982253516,2.5330060112038484,2.58662748336792,644872000
2017-01-20,2.6092573885337527,2.626967404498405,2.5364501706594136,2.5583415031433105,492024000
2017-01-23,2.553175245048988,2.60482908829994,2.550715482376114,2.5849053859710693,369904000
2017-01-24,2.594990197848599,2.6461521340145744,2.580231856810001,2.640002727508545,428052000
2017-01-25,2.6823104855582245,2.688459893959086,2.6154066111036545,2.651318311691284,522760000
2017-01-26,2.6540233037571612,2.704447268234254,2.62450685391027,2.697068214416504,458800000
2017-01-27,2.7039553311242917,2.7521656023526324,2.6773905500288095,2.749213933944702,471996000
2017-01-30,2.7283079672589756,2.7305216611767245,2.6542708486816933,2.7061705589294434,496004000
2017-01-31,2.679850031401329,2.7069067152944073,2.661402047144918,2.685507297515869,362756000
2017-02-01,2.719943615917994,2.8070172569863177,2.7022338381193776,2.8028359413146973,590004000
2017-02-02,2.7868483286226367,2.846865293202944,2.756348057820163,2.8382561206817627,483240000
2017-02-03,2.839731616303163,2.850800316047078,2.8016062252829723,2.813412666320801,372744000
2017-02-06,2.804065232576084,2.885973501622842,2.804065232576084,2.885481595993042,506768000
2017-02-07,2.9196707558827764,2.9742762546578563,2.899993128252671,2.9302475452423096,746224000
2017-02-08,2.9122922199917998,2.9346754491484277,2.862606002035891,2.9174575805664062,449580000
2017-02-09,2.923607286862362,2.9285268128286113,2.8434210309653154,2.8626065254211426,842568000
2017-02-10,2.9499266245706193,2.9688662859767034,2.7696301495311757,2.7947192192077637,1651092000
2017-02-13,2.7890615525981803,2.80357382685647,2.6614027531545723,2.665830373764038,1180724000
2017-02-14,2.656237866046372,2.7093676808251748,2.614422823096524,2.6756696701049805,850632000
2017-02-15,2.678621527395143,2.700758697648405,2.650580783334632,2.6810810565948486,373020000
2017-02-16,2.6906729542128573,2.6919028356037185,2.598925866722435,2.638035297393799,647176000
2017-02-17,2.6245075924417116,2.641971537899558,2.577527188831099,2.6375439167022705,563740000
2017-02-21,2.6621409951333295,2.73593225538289,2.661894924962012,2.731996774673462,551952000
2017-02-22,2.7440642173313523,2.75342292595636,2.708845869637881,2.7278096675872803,433772000
2017-02-23,2.598264971090411,2.62018392124028,2.4549294629422524,2.4748780727386475,1592888000
2017-02-24,2.390650653194142,2.512067246564421,2.3569101208376817,2.4987680912017822,1029904000
2017-02-27,2.516992855525954,2.5864440228198635,2.5012308335104962,2.571420907974243,715400000
2017-02-28,2.5810264310405633,2.5908779028680007,2.482021534869381,2.4992611408233643,625360000
2017-03-01,2.5561516756302023,2.570436119648671,2.4901484218372127,2.5315237045288086,504804000
2017-03-02,2.5187171501493224,2.532755213880659,2.4354740557425822,2.438183069229126,754332000
2017-03-03,2.4275936199535453,2.4325191213029353,2.3697173937120057,2.4241456985473633,864692000
2017-03-06,2.387941237392589,2.4160173577986357,2.343856951060101,2.4054272174835205,883568000
2017-03-07,2.405427456405435,2.451235707231836,2.392620828443478,2.431779384613037,603400000
2017-03-08,2.4800508040820524,2.4948277746307346,2.425130219526073,2.427346706390381,638712000
2017-03-09,2.4113387278737766,2.4492658580200777,2.3987782431947826,2.426854372024536,478060000
2017-03-10,2.4532069428529977,2.4650282872953997,2.422914322013777,2.441138982772827,499740000
2017-03-13,2.451482336065933,2.5182244957066215,2.450743428835497,2.508373260498047,774136000
2017-03-14,2.521179605242259,2.530538077993127,2.474386067128181,2.5066490173339844,522016000
2017-03-15,2.518223750358369,2.5364484009204826,2.4706913138019564,2.5256121158599854,615036000
2017-03-16,2.536202112032569,2.557136008832319,2.5221640539614105,2.55664324760437,523100000
2017-03-17,2.5741299939301006,2.613535167519602,2.556644011271599,2.6123037338256836,1119688000
2017-03-20,2.629789757833636,2.699487308875962,2.613781354432952,2.6955466270446777,748568000
2017-03-21,2.678307574475925,2.7081076657861285,2.6004827328514044,2.608363628387451,913484000
2017-03-22,2.5972812293799685,2.6662401294612303,2.5933407811995632,2.6615607738494873,616764000
2017-03-23,2.653678299770286,2.673627146217386,2.6278189014795266,2.6374237537384033,533940000
2017-03-24,2.683724696894895,2.691605589083107,2.6209230005388866,2.646782398223877,439500000
2017-03-27,2.6002363349281943,2.66993389981413,2.5509801509733303,2.6659934520721436,506644000
2017-03-28,2.6672240510589846,2.6817546383922886,2.641857177109499,2.652200937271118,432444000
2017-03-29,2.6595893187490485,2.6719034196699147,2.6413646654683514,2.6435811519622803,349992000
2017-03-30,2.6507229589450527,2.7090916853282603,2.645058552760331,2.69431471824646,525532000
2017-03-31,2.6847095981843103,2.706382402786623,2.6696864868239447,2.6827392578125,440808000
2017-04-03,2.6832330004973897,2.7004726042867815,2.6455517831303115,2.6691949367523193,445232000
2017-04-04,2.546546032303542,2.571666757037447,2.4711840929737328,2.482020378112793,1271280000
2017-04-05,2.463303471690987,2.521179679221296,2.4504968435020804,2.463549852371216,747048000
2017-04-06,2.4687216543834545,2.493596002802341,2.423652076473797,2.4815282821655273,635120000
2017-04-07,2.487931421215467,2.505417401568764,2.4559148540102713,2.470937967300415,429068000
2017-04-10,2.4716768341216384,2.478326293237492,2.4037032544408836,2.4078900814056396,756332000
2017-04-11,2.377844779291943,2.4357210081795144,2.3729192777173647,2.416511058807373,618148000
2017-04-12,2.416510474610491,2.430794684082773,2.3913897415242173,2.396561622619629,414092000
2017-04-13,2.372425971953983,2.3940985475602243,2.351738214492798,2.351738214492798,506892000
2017-04-17,2.3645454723184316,2.4440942789709212,2.359373590295083,2.443848133087158,497292000
2017-04-18,2.4295633499587046,2.451482543925677,2.4037039434205827,2.4453253746032715,370116000
2017-04-19,2.4628111998558007,2.4869466443917414,2.4482806100187,2.454930305480957,380828000
2017-04-20,2.4694610137834085,2.4985221948517378,2.4482807274679868,2.493842840194702,404016000
2017-04-21,2.4834988702685314,2.50689564381171,2.4716775280088146,2.5041866302490234,341896000
2017-04-24,2.535710432651299,2.548517062860245,2.5147767617922065,2.535464286804199,371820000
2017-04-25,2.5499944180038687,2.5940787085073245,2.528567989566946,2.5795481204986572,388440000
2017-04-26,2.5930933981753723,2.5955560303182144,2.559845398091779,2.5618157386779785,327004000
2017-04-27,2.5692045586324985,2.6100870778876097,2.5512260490187284,2.6017136573791504,319700000
2017-04-28,2.594818261695914,2.601714103841039,2.5630478298347183,2.5687124729156494,348248000
2017-05-01,2.5795475724648367,2.631512980183175,2.5724053528792687,2.626340866088867,307732000
2017-05-02,2.5994976054484327,2.6007290393793023,2.525859359563262,2.5485172271728516,629972000
2017-05-03,2.5416204539495495,2.577084939601566,2.526843721936496,2.5674800872802734,336904000
2017-05-04,2.573637515423088,2.5847201840030736,2.549748218033873,2.557629346847534,209788000
2017-05-05,2.546054291677543,2.565017855241396,2.5305384138896843,2.557875633239746,228428000
2017-05-08,2.5696969233909654,2.571174502844636,2.51970184469319,2.5310308933258057,365240000
2017-05-09,2.536694860807311,2.5842270639769613,2.5283212074044483,2.535217046737671,847672000
2017-05-10,2.8147470108994423,3.000196765711264,2.8080975500374663,2.9871437549591064,2129096000
2017-05-11,2.95660467620869,3.2122444879911485,2.953156755790905,3.1154558658599854,1939792000
2017-05-12,3.1186574389481483,3.1918029050630983,3.0977235371048293,3.149688720703125,962620000
2017-05-15,3.1908181002633813,3.3102643524987374,3.186384891902223,3.3078014850616455,1087540000
2017-05-16,3.3587817485335205,3.384887768573094,3.2844050750300413,3.3693718910217285,1120700000
2017-05-17,3.3026300588414914,3.3213474781439447,3.141315977465027,3.145502805709839,1271368000
2017-05-18,3.1893402471947496,3.2861288694259905,3.129001404949158,3.2772626876831055,1156032000
2017-05-19,3.3783436844681947,3.4076818690815256,3.333719924778073,3.352950096130371,1018372000
2017-05-22,3.3965875355011654,3.438745831494236,3.385739602579075,3.4244465827941895,836608000
2017-05-23,3.4441706560919036,3.446389477204487,3.3458009607729533,3.3783442974090576,681248000
2017-05-24,3.4752342782606354,3.477946379458346,3.4042305989631334,3.416311264038086,815996000
2017-05-25,3.4515667476823078,3.4523064330806963,3.3637983492650685,3.4086687564849854,608228000
2017-05-26,3.4005333105440245,3.5817405008345244,3.3803170432624023,3.4969305992126465,779140000
2017-05-30,3.5427858209563756,3.6066397467226285,3.526760797046564,3.5716311931610107,989652000
2017-05-31,3.616501705945178,3.6241444935954985,3.5021070015644677,3.5588114261627197,887316000
2017-06-01,3.574590410731282,3.5755767363194138,3.5136949745751664,3.559058427810669,503340000
2017-06-02,3.5560995067070698,3.582232782038283,3.535390198560589,3.541307210922241,487456000
2017-06-05,3.525035549801789,3.661865344054604,3.5134481652091263,3.64904522895813,817376000
2017-06-06,3.6443616200235085,3.690464761877934,3.619214665484136,3.6325278282165527,758728000
2017-06-07,3.656935048962533,3.6951487581976874,3.6414030661651595,3.6764116287231445,612612000
2017-06-08,3.783410457164528,3.944648014346257,3.742238238657703,3.943168878555298,1161744000
2017-06-09,4.061508036091195,4.154207119752375,3.519365205176831,3.6882455348968506,3692928000
2017-06-12,3.596532744954067,3.740019255725093,3.503587015872353,3.6973676681518555,1697532000
2017-06-13,3.8065855454122897,3.8157077064624945,3.590862589275197,3.73262357711792,1672504000
2017-06-14,3.735581921532419,3.798203139741625,3.6611266760537067,3.7405126094818115,1184640000
2017-06-15,3.623158946445584,3.7868617173313996,3.6118179657780725,3.756537437438965,963824000
2017-06-16,3.766152099339197,3.8139810091092814,3.704023938716276,3.738046407699585,924960000
2017-06-19,3.7821771054010727,3.8837519368537095,3.778479148971218,3.8785746097564697,778176000
2017-06-20,3.9207341793366792,3.987546643136096,3.8687142513966264,3.8729052543640137,1095444000
2017-06-21,3.900516818004549,3.935278973646364,3.8386350600634325,3.9315807819366455,682652000
2017-06-22,3.9397165843861486,3.9530299803879188,3.8805469282153835,3.90446138381958,469132000
2017-06-23,3.912104496823268,3.9278831201352147,3.7774932709902846,3.792532444000244,1088588000
2017-06-26,3.825322496594565,3.860824343147609,3.6569354244476755,3.7511138916015625,1063960000
2017-06-27,3.7336089593318382,3.742237838321026,3.6081199010619605,3.613790273666382,999492000
2017-06-28,3.6813430687002087,3.7459367053598016,3.5933280169054256,3.7412524223327637,994948000
2017-06-29,3.712899675787962,3.7158579470741504,3.552155179939054,3.616255760192871,1064424000
2017-06-30,3.633513231265619,3.6470730316264435,3.5378556487749755,3.5639889240264893,731060000
2017-07-03,3.5760696175737685,3.5908619144048175,3.416557853152628,3.4350483417510986,709072000
2017-07-05,3.498409435323804,3.5556069152935326,3.4794259004335344,3.526761770248413,820188000
2017-07-06,3.497669968457925,3.5842056383027625,3.445649816431922,3.537362813949585,746284000
2017-07-07,3.5940668603958397,3.6364718027947545,3.571138495932102,3.61822772026062,654972000
2017-07-10,3.6916973695128217,3.796723532064029,3.6655640901880857,3.789327383041382,958492000
2017-07-11,3.793025629895059,3.8507161573913433,3.7511137262958276,3.8430733680725098,757956000
2017-07-12,3.902737295930798,4.018611197265663,3.8598392884102557,4.00653076171875,1145208000
2017-07-13,4.018610265120382,4.0999686174495595,3.9138307328099358,3.9601802825927734,1369132000
2017-07-14,3.976452509433961,4.068165531233772,3.969549404042512,4.066686630249023,941948000
2017-07-17,4.100707012508297,4.129552387059989,3.9877914453789183,4.049426555633545,930792000
2017-07-18,3.9885318991083487,4.106132005560571,3.9766978728974585,4.091586112976074,776640000
2017-07-19,4.100707829643317,4.127087748612837,4.058303117386156,4.070383548736572,687044000
2017-07-20,4.090844672158438,4.129797815629098,4.041043597609581,4.129551410675049,699596000
2017-07-21,4.109091027409969,4.173931308112767,4.094791537273834,4.144346237182617,648332000
2017-07-24,4.151494415730494,4.1611093832706185,4.08566807293672,4.096269130706787,652524000
2017-07-25,4.073342475412102,4.090847112599931,4.032909937619727,4.076547622680664,496556000
2017-07-26,4.1339909012936165,4.189462606282366,4.088873851870943,4.123636245727539,640404000
2017-07-27,4.148535890229936,4.160123509070221,3.8844910552305314,3.9875450134277344,782856000
2017-07-28,3.9517968298129325,4.077286114603497,3.9268965200926926,4.052878379821777,513348000
2017-07-31,4.0664401291593055,4.10243503065304,3.959934796037798,4.00653076171875,559672000
2017-08-01,3.9971610079276854,4.057070357598832,3.969302186936513,4.055344581604004,431384000
2017-08-02,4.086408273297855,4.090352634714849,3.9759581595657423,4.052878379821777,478444000
2017-08-03,4.05238479064642,4.108102881977157,4.035373442150098,4.104404926300049,442420000
2017-08-04,4.127087668943283,4.19291402744633,4.104406177526089,4.122403621673584,589096000
2017-08-07,4.15149453776515,4.249617336987724,4.141879099703831,4.249124526977539,717412000
2017-08-08,4.2870914310596895,4.3036095003278305,4.159383577559222,4.198583602905273,755336000
2017-08-09,4.15248103545533,4.245673392527062,4.133743907981555,4.243207931518555,530784000
2017-08-10,4.244441389579491,4.25676869741797,4.051400404192156,4.061508655548096,1328088000
2017-08-11,3.874136632401297,3.919993124872822,3.7698501727080753,3.8450448513031006,1497196000
2017-08-14,3.9365111889789413,4.155438983938421,3.9249238052816384,4.151741027832031,1279020000
2017-08-15,4.156918237246325,4.183051274741345,4.0824630155280035,4.116732120513916,764532000
2017-08-16,4.131771912736308,4.15519308801055,4.039319236840992,4.071615695953369,596632000
2017-08-17,4.063232767739227,4.080243646184611,3.978669304526737,3.9808878898620605,525444000
2017-08-18,4.035128902392917,4.05214025875268,3.935772866119703,3.9816293716430664,601204000
2017-08-21,4.006036658563477,4.017377404770563,3.879807903806571,3.923691987991333,623672000
2017-08-22,3.960210708852366,4.01696481579482,3.940963608638758,4.011042594909668,450456000
2017-08-23,3.9777312249130286,4.102343559017083,3.9690942791568165,4.0912394523620605,579520000
2017-08-24,4.123317814991696,4.1277598342767945,4.049784463959073,4.0761871337890625,469700000
2017-08-25,4.100371482077671,4.11048863478272,4.035720730115615,4.0421366691589355,357200000
2017-08-28,4.0611353853114665,4.073966787887158,4.0056148481423595,4.070758819580078,389496000
2017-08-29,4.012030501412811,4.085810943349243,4.003887270231886,4.064095973968506,324096000
2017-08-30,4.083836751052391,4.0993828776275105,4.053485775773115,4.088278770446777,384400000
2017-08-31,4.108512028744885,4.185006717267959,4.101109605416797,4.181058883666992,612684000
2017-09-01,4.1936448982720345,4.241762546696998,4.185007950756027,4.206229209899902,445432000
2017-09-05,4.154904584072368,4.159839849358269,4.035967796990664,4.0939555168151855,695364000
2017-09-06,4.126772683932748,4.140591043770432,4.056693455625134,4.091485977172852,397672000
2017-09-07,4.108266927715056,4.142812837775393,4.070266426648685,4.110487937927246,352868000
2017-09-08,4.098890032067274,4.113695354563026,4.014992420170148,4.039174556732178,498856000
2017-09-11,4.084825387110074,4.180814075296995,4.079396407574918,4.17020320892334,567444000
2017-09-12,4.1948775303631205,4.1948775303631205,4.120110131574225,4.185254096984863,411488000
2017-09-13,4.160084916701567,4.232878405179089,4.127760023660965,4.204008102416992,580960000
2017-09-14,4.165019421191666,4.258047190436093,4.140590671717259,4.180071830749512,513712000
2017-09-15,4.2654504635234565,4.444349765777588,4.26026857801741,4.444349765777588,1364792000
2017-09-18,4.568468943563326,4.718004230469194,4.561559762772193,4.627937316894531,1684460000
2017-09-19,4.577599139328865,4.684691912364669,4.555637545702236,4.623002529144287,874280000
2017-09-20,4.626703838446828,4.674081146439339,4.545520491706357,4.585741996765137,724920000
2017-09-21,4.482103637868586,4.508260158034046,4.382660384018477,4.460389137268066,1075600000
2017-09-22,4.449038985845202,4.498637308225439,4.407090181728481,4.4169602394104,491232000
2017-09-25,4.386116086822176,4.3873501383429785,4.198827353839992,4.219554901123047,874580000
2017-09-26,4.35403671827964,4.409063541897769,4.2035144747692925,4.243242263793945,1125620000
2017-09-27,4.3335551253303555,4.349594494030347,4.2627355634988335,4.336269378662109,713720000
2017-09-28,4.34342422735739,4.347372530843563,4.287657088035292,4.3350348472595215,435244000
2017-09-29,4.418935874487144,4.434974781578009,4.373779088853216,4.411286354064941,619092000
2017-10-02,4.461376675610774,4.490494075284112,4.367609009695415,4.4169602394104,503480000
2017-10-03,4.423128893844561,4.455947975556622,4.381920428192538,4.426090240478516,390332000
2017-10-04,4.43225860398216,4.4853115091058555,4.395738313594542,4.463103294372559,427848000
2017-10-05,4.487532038540155,4.490986628433252,4.430777456600264,4.460635185241699,437364000
2017-10-06,4.43300054402543,4.487040427249241,4.416961167438068,4.473715305328369,318800000
2017-10-09,4.510479933175182,4.607702631427795,4.491726311475158,4.574636936187744,563492000
2017-10-10,4.7236800345069,4.761187290244358,4.62078217390146,4.661990642547607,974876000
2017-10-11,4.678523627682139,4.7130700099361,4.632626983790919,4.711589336395264,529508000
2017-10-12,4.715043070828581,4.764641389559843,4.686666009933324,4.713809490203857,528292000
2017-10-13,4.775992009268941,4.81177196504256,4.729108416171767,4.801654815673828,628728000
2017-10-16,4.83151263262083,4.8870331734610435,4.768342574124737,4.8840718269348145,576640000
2017-10-17,4.863344095500636,4.908007148435938,4.845084185022525,4.879630088806152,478596000
2017-10-18,4.888513370283382,4.889253236190173,4.770316497105285,4.875434875488281,567316000
2017-10-19,4.797953034844264,4.885798458987188,4.748848437707955,4.880863666534424,570772000
2017-10-20,4.8978919170533715,4.925034933480398,4.8497737888702295,4.858657360076904,451620000
2017-10-23,4.88037167861789,4.906774827855026,4.831513686155317,4.851747989654541,428696000
2017-10-24,4.860877597490025,4.904307079985378,4.834968163609026,4.9025797843933105,407244000
2017-10-25,4.863098355682998,4.915904650176435,4.717264726082027,4.778707027435303,828160000
2017-10-26,4.80634393075185,4.840396124000379,4.782408417215794,4.828798770904541,322744000
2017-10-27,4.880864040723219,4.981294252288455,4.854954142760017,4.981047630310059,572192000
2017-10-30,4.981048759724676,5.08542682922171,4.965256007126421,5.029906749725342,504056000
2017-10-31,5.061737718778116,5.1298425725651375,5.056062118190584,5.1031928062438965,411908000
2017-11-01,5.165868763585285,5.181167798233534,5.04865884259544,5.112815856933594,502576000
2017-11-02,5.083205793911416,5.127868851709636,5.025217617115734,5.081725120544434,342308000
2017-11-03,5.112816895637146,5.14958381652832,5.0669202530208235,5.14958381652832,353640000
2017-11-06,5.112815568743943,5.181414128159518,5.100477881188919,5.1727776527404785,389944000
2017-11-07,5.195480052078543,5.2534682242757045,5.183388985396631,5.23199987411499,427700000
2017-11-08,5.227557565489611,5.231259248075691,5.11380271815011,5.161180019378662,522988000
2017-11-09,5.065191742967513,5.0913477917094525,4.944280614060956,5.066425323486328,978564000
2017-11-10,5.257911080764572,5.395848582946882,5.222131115803474,5.333418846130371,1253256000
2017-11-13,5.333418007285244,5.358833723577544,5.231507108144709,5.2468061447143555,582376000
2017-11-14,5.255935853487221,5.300352289707835,5.2122597539573094,5.285053253173828,529292000
2017-11-15,5.230026444931423,5.231260496305435,5.12762230156524,5.18141508102417,501948000
2017-11-16,5.255440895626243,5.285545244198986,5.212751768720923,5.221634864807129,441768000
2017-11-17,5.2786370306660775,5.31392327018724,5.200415034451737,5.2154669761657715,515664000
2017-11-20,5.231013387196668,5.294677165489488,5.194246469201468,5.282586097717285,396100000
2017-11-21,5.322312734237784,5.342793652522641,5.290481087341017,5.331195831298828,399176000
2017-11-22,5.358358777921161,5.358358777921161,5.274649684699717,5.307244300842285,356640000
2017-11-24,5.323541324645499,5.358358491793912,5.299095128354143,5.357370376586914,180752000
2017-11-27,5.366012256640127,5.367246693934093,5.284525265853096,5.287735462188721,422896000
2017-11-28,5.292921862238831,5.302305188626579,5.142048260118121,5.203039646148682,512752000
2017-11-29,5.1857549931611935,5.1884711326174875,4.7220223386650035,4.8501787185668945,1396788000
2017-11-30,4.918826330843466,5.00475752838504,4.85585963498414,4.956112384796143,823768000
2017-12-01,4.921542276935536,4.941790637594679,4.752642822128657,4.881292819976807,811548000
2017-12-04,4.9398137459395,4.9459873468586295,4.555839600338682,4.609176158905029,1240844000
2017-12-05,4.50398499760678,4.758322042474608,4.459044114595156,4.635845184326172,981488000
2017-12-06,4.585470116401038,4.6951066206896765,4.56423411933135,4.67337703704834,467032000
2017-12-07,4.740048085684807,4.780544796670754,4.694613153463657,4.74078893661499,542600000
2017-12-08,4.790669461412274,4.809683383143502,4.720047938340991,4.728443622589111,466876000
2017-12-11,4.742517713464227,4.809682707027843,4.726714462613752,4.8067193031311035,372748000
2017-12-12,4.763261941962513,4.786473240415567,4.6889361456397465,4.7123942375183105,455016000
2017-12-13,4.753383500010347,4.75461793784421,4.589916331395567,4.597324371337891,554280000
2017-12-14,4.590902437909763,4.675352369434619,4.558307826650252,4.604483604431152,438164000
2017-12-15,4.648437403530416,4.75041908036223,4.583494972862359,4.730170726776123,670036000
2017-12-18,4.770668487414191,4.889688359129098,4.741037269406493,4.886725425720215,477704000
2017-12-19,4.877341701368436,4.882527187648366,4.8141277506400355,4.842524528503418,373100000
2017-12-20,4.881784126788529,4.8909201864910905,4.804001396819572,4.859560489654541,288820000
2017-12-21,4.863017914232466,4.88795769218551,4.828694811516735,4.837090492248535,300904000
2017-12-22,4.800298843351743,4.8311649616097,4.722516093467407,4.821781635284424,466276000
2017-12-26,4.766470988250175,4.8830215216898765,4.736592503739777,4.875366687774658,355080000
2017-12-27,4.862031879793944,4.937838882780134,4.847463065811417,4.868698596954346,329488000
2017-12-28,4.8924025735041585,4.923268688184704,4.868203645094026,4.8743767738342285,240248000
2017-12-29,4.900553514670071,4.900553514670071,4.778076648712158,4.778076648712158,279964000
2018-01-02,4.834375953920352,4.92623395284566,4.802769447470879,4.922529697418213,355616000
2018-01-03,5.039819567643107,5.2768715921266445,5.031177092524499,5.246499061584473,914704000
2018-01-04,5.327740403287896,5.384287169511591,5.251932921727809,5.27415657043457,583268000
2018-01-05,5.288971564597203,5.356136083669661,5.212176454343494,5.318850040435791,580124000
2018-01-08,5.442314845965731,5.555901948622903,5.397373497373646,5.481823444366455,881216000
2018-01-09,5.487256847577626,5.52676545407122,5.398856305224729,5.480342864990234,497000000
2018-01-10,5.387989697031971,5.526763836900809,5.333665496743862,5.523306846618652,582664000
2018-01-11,5.555902717307759,5.587262901229736,5.511702213580045,5.5331854820251465,406032000
2018-01-12,5.521331639654908,5.555654749671344,5.46552573671378,5.506021976470947,359916000
2018-01-16,5.532445203405531,5.6178823443928865,5.350705418420513,5.435154914855957,702348000
2018-01-17,5.449721845317526,5.558864301690892,5.355889051648854,5.54898738861084,538408000
2018-01-18,5.529726995869949,5.596397929165241,5.498614082057329,5.542073726654053,408632000
2018-01-19,5.632203554862957,5.706282066340805,5.605288478534328,5.6820831298828125,609380000
2018-01-22,5.689983178997837,5.772210558275641,5.632448787028187,5.770482063293457,550944000
2018-01-23,5.8238204730048055,5.922098396043224,5.805301079848276,5.899381160736084,475228000
2018-01-24,5.9025904287862,5.93839524547815,5.767026465621453,5.822585582733154,579972000
2018-01-25,5.876908457477814,5.920121303638124,5.8213498239538755,5.836165428161621,409884000
2018-01-26,5.879872543227689,6.008769303849789,5.867032225829724,6.0085225105285645,516356000
2018-01-29,5.993954179465622,6.126555205457101,5.941358468062582,6.095441818237305,455116000
2018-01-30,5.953705732374962,6.084825078462028,5.887034782639896,5.9934611320495605,570832000
2018-01-31,6.068773423608203,6.155198660306278,6.036178805971639,6.069514274597168,478576000
2018-02-01,5.889750096245417,6.096676898963478,5.8783914795009435,5.9386420249938965,519224000
2018-02-02,5.8522170708127845,5.8761692122464035,5.70825742887083,5.766285419464111,718464000
2018-02-05,5.605289686773526,5.759126286967598,5.062045582238898,5.27687406539917,1165204000
2018-02-06,5.047228245708797,5.57318674114251,5.037350860903087,5.570223808288574,1114800000
2018-02-07,5.668996165660121,5.802090790643219,5.5978805855485,5.649735450744629,802932000
2018-02-08,5.775174844993028,5.808263048004478,5.370951866705575,5.371199131011963,1144000000
2018-02-09,5.883082992680038,5.898886243549443,5.371199240991339,5.730727672576904,1674604000
2018-02-12,5.811719975476617,5.8146833792840935,5.55664259075197,5.630721092224121,1093172000
2018-02-13,5.594422971878374,5.790484735326262,5.562075147582211,5.744308948516846,625524000
2018-02-14,5.704060916985158,5.9902517722482,5.692949091348327,5.961360931396484,744988000
2018-02-15,6.044575827374688,6.132976372293967,5.9638301163965,6.086800575256348,698900000
2018-02-16,6.05963625055315,6.173223333825346,6.01197877048852,6.021115303039551,637656000
2018-02-20,6.043587527726283,6.219400953963212,6.0398832723629265,6.150507926940918,686240000
2018-02-21,6.214955647828824,6.2218696291213735,5.959877778058272,5.963581562042236,892292000
2018-02-22,5.997432767055689,6.069086435851359,5.917625143276872,5.983101844787598,534364000
2018-02-23,6.04289490180953,6.076498031616211,5.992243024770804,6.076498031616211,415300000
2018-02-26,6.122703332679039,6.12715073010271,6.030294359867452,6.092559337615967,469312000
2018-02-27,6.065874883803376,6.150130385346816,6.0567331409142895,6.0797119140625,455436000
2018-02-28,6.090582207639398,6.130115361349495,5.967782295909265,5.979395389556885,523116000
2018-03-01,5.9771709264830095,6.031034996811385,5.636444334778007,5.73750114440918,1040120000
2018-03-02,5.630019649725559,5.8509115742309685,5.4815231620254234,5.844487190246582,913428000
2018-03-05,5.794330841824251,5.862031477565013,5.671036558141132,5.822498321533203,620776000
2018-03-06,5.907741202010256,6.002621052844354,5.8647489095100385,5.983348369598389,636808000
2018-03-07,5.880561610998472,6.02757595760045,5.879326406215545,5.9754414558410645,581208000
2018-03-08,6.002865782290941,6.002865782290941,5.914904242221958,5.959132194519043,411912000
2018-03-09,6.006574364726223,6.074521945773585,5.9905143444255415,6.061674118041992,505524000
2018-03-12,6.102936137303769,6.251185216531933,6.094782183459162,6.171130657196045,605060000
2018-03-13,6.2138777857833105,6.288249764743565,6.0792178054767,6.120480537414551,619772000
2018-03-14,6.163471502138722,6.190650721838629,6.083663883882365,6.145928859710693,505496000
2018-03-15,6.159518045344583,6.241796067659434,6.118749218602539,6.16075325012207,401952000
2018-03-16,6.177061886639468,6.207947196072665,6.1395052448036775,6.188921928405762,399456000
2018-03-19,6.1320919277643275,6.161000243993237,5.855853764205862,5.954686641693115,713772000
2018-03-20,5.957651760642879,6.205475515716861,5.957651760642879,6.166683673858643,554696000
2018-03-21,6.160259724929546,6.226478209071581,6.111090462200979,6.141481876373291,438688000
2018-03-22,6.078226922452298,6.124678344170441,5.938378292695647,5.975687503814697,551196000
2018-03-23,5.989277919871422,5.991748800671801,5.745160740570835,5.756279468536377,735620000
2018-03-26,5.880561289586409,6.041906076450035,5.828674208637452,6.040670871734619,611424000
2018-03-27,6.121468361736988,6.177062014118541,5.432108486023023,5.572204113006592,1409000000
2018-03-28,5.537858984553236,5.66782412342045,5.3616893596201365,5.469170093536377,945904000
2018-03-29,5.537364338975265,5.818791220491202,5.453109325727342,5.722182273864746,916628000
2018-04-02,5.6517643203001615,5.79778995599427,5.374043499802319,5.461757659912109,922092000
2018-04-03,5.628537141413006,5.691542944931062,5.46916888314603,5.568001747131348,667432000
2018-04-04,5.31251870810874,5.600369939066566,5.287563426422367,5.589992523193359,789168000
2018-04-05,5.648304155360375,5.661399398934045,5.3985039130729096,5.469910621643066,701240000
2018-04-06,5.367372361645052,5.475347468322936,5.264585964188444,5.293741703033447,662988000
2018-04-09,5.3567469184188905,5.484488578032637,5.30238848463379,5.322402477264404,499524000
2018-04-10,5.55243580278532,5.6581869470897574,5.495359545124256,5.631255149841309,761676000
2018-04-11,5.616430427510846,5.657693144322585,5.557377652942625,5.589992523193359,460244000
2018-04-12,5.682896854549457,5.814344627825064,5.638668880942705,5.7965545654296875,593920000
2018-04-13,5.8600534187104,5.868454318867843,5.671776832869516,5.7199578285217285,503036000
2018-04-16,5.726631013940322,5.7530689276933895,5.62557417517804,5.719712734222412,350792000
2018-04-17,5.771847090453658,5.890446571998541,5.716253436206854,5.869197368621826,447224000
2018-04-18,5.818790588362269,5.9114464924525745,5.7513373842584405,5.840286731719971,391364000
2018-04-19,5.726134706965807,5.75949088912319,5.603829176994369,5.659175395965576,471996000
2018-04-20,5.65052806954587,5.734783081732713,5.6198901831966905,5.651022434234619,386200000
2018-04-23,5.668812361040737,5.719958133507901,5.505737995704806,5.531681537628174,427508000
2018-04-24,5.557378239507013,5.653245873112171,5.400233890919394,5.465463638305664,414596000
2018-04-25,5.435814101385799,5.474853363683221,5.196144285664577,5.353288650512695,588492000
2018-04-26,5.514879209123028,5.57294372515703,5.448908157916776,5.564789772033691,375824000
2018-04-27,5.670542920771416,5.69030949968004,5.549966459538119,5.592217445373535,400848000
2018-04-30,5.608522986965027,5.658186599813355,5.537610650652489,5.556882858276367,327844000
2018-05-01,5.548730597497608,5.614948605436822,5.49017170794247,5.6122307777404785,253788000
2018-05-02,5.6087712360513065,5.653245676682889,5.565531528912585,5.59172248840332,268248000
2018-05-03,5.62359615167403,5.782964431798426,5.57837992758132,5.756773471832275,443144000
2018-05-04,5.7281125580347805,5.909965255686521,5.710816861998181,5.906753063201904,400660000
2018-05-07,6.011268108792078,6.2015216788325995,6.00138458611721,6.144445419311523,687616000
2018-05-08,6.144692559760127,6.189661835313137,6.095770252030358,6.186944007873535,506616000
2018-05-09,6.206957436148472,6.322097743834752,6.17977821961558,6.319873809814453,596760000
2018-05-10,6.372748961672507,6.436496075066098,6.3549589051653665,6.427354335784912,994080000
2018-05-11,6.245750776113595,6.418955643960541,6.190404542976496,6.288990020751953,1214456000
2018-05-14,6.327039992585079,6.3868340850540735,6.285777271229011,6.309496879577637,523140000
2018-05-15,6.245996110622868,6.2487144092462685,5.967040139842372,6.067355632781982,963528000
2018-05-16,6.028810902853696,6.140492072807018,5.991995581112506,6.078474521636963,553828000
2018-05-17,6.080206063835622,6.214124732554924,6.0641455695038795,6.120480537414551,519784000
2018-05-18,6.172366186643895,6.23561894338696,6.071803271734639,6.07674503326416,483716000
2018-05-21,6.174095676278785,6.177801761741882,5.942085018079283,6.034740924835205,640624000
2018-05-22,6.048083460402511,6.073285689316128,5.936154874773719,5.996690273284912,518264000
2018-05-23,5.940569570593514,6.121298791763546,5.93982780058425,6.120062351226807,442956000
2018-05-24,6.116350623043083,6.16604494237294,6.063195026608206,6.123767375946045,437372000
2018-05-25,6.136379332146935,6.179398216355228,6.10077767580912,6.16308069229126,292112000
2018-05-29,6.145030112919082,6.214009031772578,6.0992917379431315,6.146018981933594,352684000
2018-05-30,6.179645825724187,6.263458284830537,6.154922204233035,6.254805088043213,390996000
2018-05-31,6.222909504357917,6.309441911738726,6.212278572690008,6.2350239753723145,493868000
2018-06-01,6.279774161543991,6.375454443154054,6.271120967026768,6.3692731857299805,421968000
2018-06-04,6.40339274467173,6.570029246817029,6.371252370342508,6.548025608062744,642024000
2018-06-05,6.551238626485291,6.591043794732279,6.5064891122517645,6.553463935852051,391712000
2018-06-06,6.463470886733961,6.558656512108603,6.4471533644287025,6.5554423332214355,371356000
2018-06-07,6.551734163638174,6.5636015387033915,6.409573705424271,6.499814987182617,369448000
2018-06-08,6.427126967372603,6.52700983207383,6.4083370374966515,6.484485626220703,360456000
2018-06-11,6.471875766257849,6.513411098293093,6.430587533609372,6.443443775177002,265372000
2018-06-12,6.4698991897504765,6.504017302235402,6.419710182965732,6.491902828216553,319160000
2018-06-13,6.49338762597398,6.56829979417234,6.478306069604369,6.487453937530518,338208000
2018-06-14,6.53245004787599,6.655573003442621,6.51761559322839,6.598956108093262,430016000
2018-06-15,6.541844689144236,6.613048469734068,6.510940281947076,6.558162212371826,432260000
2018-06-18,6.5141537228346875,6.571512382860502,6.486958168246381,6.553958892822266,356268000
2018-06-19,6.450860089345643,6.518108371493578,6.304991766833154,6.432317733764648,594932000
2018-06-20,6.473360210722888,6.538135626390589,6.435038580049156,6.485227584838867,369780000
2018-06-21,6.517121329739927,6.535416591080686,6.3490012845776205,6.35666561126709,359516000
2018-06-22,6.377432479185783,6.3907833922434945,6.1890394577479775,6.204367637634277,434160000
2018-06-25,6.098057271523718,6.101765649132433,5.8233789115244,5.91188907623291,665816000
2018-06-26,6.02512192579646,6.073332713500561,5.931419386754138,5.982844352722168,478884000
2018-06-27,6.026358153449965,6.092617101969401,5.8223889196307805,5.827828407287598,453892000
2018-06-28,5.817939364650027,5.966775268239401,5.810275038522449,5.9549078941345215,338012000
2018-06-29,6.019929869712301,6.03253853996287,5.855765341438304,5.857001781463623,392300000
2018-07-02,5.787529237669018,5.9927344469603625,5.767008669583508,5.989026069641113,357572000
2018-07-03,6.023640801148233,6.029574489720484,5.847114627142565,5.855520725250244,222732000
2018-07-05,5.910652225971076,6.006084940429795,5.871836398792618,6.001140594482422,306216000
2018-07-06,5.976664615349915,6.1232752139489,5.955402275391055,6.114869117736816,296352000
2018-07-09,6.189041043467061,6.198683110054865,6.0837186662877025,6.162339210510254,303880000
2018-07-10,6.174701362196853,6.283237449035854,6.134401984171053,6.261233806610107,360016000
2018-07-11,6.1685198661477685,6.2031326513136,6.109182989343728,6.119814395904541,367508000
2018-07-12,6.165059669219156,6.259255975598076,6.155170030828851,6.211292266845703,345508000
2018-07-13,6.229833456417124,6.229833456417124,6.122038689961179,6.164068698883057,246988000
2018-07-16,6.136378765106201,6.189287281586046,6.124017191361547,6.136378765106201,197036000
2018-07-17,6.08717870889515,6.2871920150318585,6.0617133215949455,6.272110462188721,362136000
2018-07-18,6.264693790411804,6.278538903205476,6.171980577328074,6.2229108810424805,277640000
2018-07-19,6.20412110838301,6.2646939499617895,6.189040026518868,6.231069564819336,235752000
2018-07-20,6.228597159860733,6.2674129879557,6.192006169603679,6.202884674072266,222352000
2018-07-23,6.176430833249131,6.178161472378731,6.014738681218389,6.166294097900391,301584000
2018-07-24,6.214257858821427,6.300790287758488,6.131433807610705,6.148987770080566,354620000
2018-07-25,6.158382832475902,6.239723345249112,6.100529498278359,6.227114200592041,319112000
2018-07-26,6.207087376228404,6.337379965364397,6.190275185855378,6.300541877746582,325124000
2018-07-27,6.337133309027177,6.344055865179182,6.176924705176644,6.2308220863342285,295420000
2018-07-30,6.244914405227425,6.250848091806308,6.000892900416597,6.03575325012207,340340000
2018-07-31,6.025369543202064,6.12846658338702,5.986553716003607,6.053801536560059,283988000
2018-08-01,6.085200371609465,6.14033371720076,6.02981945505752,6.093605995178223,283556000
2018-08-02,6.022401883522834,6.200163953398901,5.963560164099082,6.196208477020264,269668000
2018-08-03,6.2206860091568945,6.256535233913246,6.203874287394923,6.232800483703613,214288000
2018-08-06,6.220190883311782,6.2839774255396295,6.173710730714454,6.280516147613525,207508000
2018-08-07,6.329221165634741,6.371251168174037,6.3025198132827285,6.352708339691162,258132000
2018-08-08,6.353945411950338,6.434049476976423,6.319085060697001,6.389052391052246,262100000
2018-08-09,6.406854687899559,6.409574196651297,6.3329313948633015,6.340595722198486,204280000
2018-08-10,6.25875945093944,6.331693856492725,6.24763384766644,6.2993059158325195,256396000
2018-08-13,6.307959659290421,6.452839613844387,6.306229020221007,6.332188606262207,375208000
2018-08-14,6.437510398377402,6.477562664453501,6.354439258750255,6.463469982147217,466220000
2018-08-15,6.484238823873163,6.518110310173274,6.3267501822412875,6.405371189117432,591136000
2018-08-16,6.4750909943011195,6.477563403260773,6.304745648022211,6.364823818206787,801260000
2018-08-17,6.253568622621382,6.2543103925105195,6.025864600772823,6.052813529968262,1143188000
2018-08-20,6.012267537774206,6.259997008578247,5.902000346212003,6.127479076385498,854388000
2018-08-21,6.143796757792996,6.267414396897227,6.124017954398875,6.262964248657227,673988000
2018-08-22,6.230328803129993,6.5027818850753185,6.226867524545311,6.497837066650391,749856000
2018-08-23,6.459266851111327,6.662494314777757,6.445421739946275,6.597224235534668,720684000
2018-08-24,6.6056309993149815,6.7448243663700636,6.601180851927682,6.7302374839782715,531512000
2018-08-27,6.759907203664735,6.895392228353461,6.7285085928127835,6.821221828460693,505776000
2018-08-28,6.815285601111715,6.83803147745245,6.6637302066621995,6.783639430999756,475384000
2018-08-29,6.775971957096754,6.914004818889428,6.755192928225578,6.8890204429626465,420108000
2018-08-30,6.857850955777092,6.968920613673174,6.835340342716159,6.872198581695557,346608000
2018-08-31,6.852161580332045,6.95605718709204,6.842266535963625,6.9431939125061035,306592000
2018-09-04,6.930083120296011,7.055499932969545,6.901635574694479,7.017899990081787,391720000
2018-09-05,7.000337059306588,7.03571095061915,6.80639850765602,6.887288570404053,393156000
2018-09-06,6.8709615062607785,6.873435267421616,6.713386742071153,6.746286869049072,322796000
2018-09-07,6.654265481017739,6.850430552376574,6.6094914867958945,6.725013732910156,295420000
2018-09-10,6.747524661213974,6.825693728801579,6.703740075108271,6.796009063720703,220140000
2018-09-11,6.749751053228916,6.837320229812747,6.728972022545656,6.74826717376709,243112000
2018-09-12,6.708439423219944,6.727981806708105,6.479126993875945,6.6344757080078125,419092000
2018-09-13,6.700277184038123,6.802688457167006,6.682961325274999,6.712151050567627,305536000
2018-09-14,6.802440210236953,6.904109292599834,6.765581971288428,6.838061332702637,386936000
2018-09-17,6.81258362066938,6.861562967081699,6.756925165241341,6.776219844818115,205528000
2018-09-18,6.780177613294013,6.882836117583296,6.697555963212411,6.704234600067139,299520000
2018-09-19,6.685682284622454,6.74579332075343,6.63571352908889,6.727982521057129,224860000
2018-09-20,6.606027784289586,6.648328013817437,6.53305348337467,6.58698034286499,430584000
2018-09-21,6.598854869429416,6.644371040128891,6.483827562009334,6.516974925994873,435128000
2018-09-24,6.486053508190043,6.576096437906463,6.398979280763885,6.572633266448975,293912000
2018-09-25,6.638682392191445,6.664656182667533,6.553092029111985,6.639671802520752,280388000
2018-09-26,6.644618053395329,6.684939465478431,6.586980784311211,6.60281229019165,268548000
2018-09-27,6.637938801426124,6.659212770347407,6.583270235767039,6.614686012268066,214428000
2018-09-28,6.746534150636501,6.973867266689335,6.71858107591866,6.951603889465332,709396000
2018-10-01,7.029279494349549,7.224701923867471,6.990689666354365,7.157912254333496,622060000
2018-10-02,7.130453070251148,7.242016718908083,7.06440511417852,7.086668491363525,383964000
2018-10-03,7.156922699488836,7.164343983919293,6.98895840006214,7.092854022979736,320552000
2018-10-04,7.056738062634952,7.080980264928115,6.831878189445557,6.908810615539551,391220000
2018-10-05,6.88407290090465,6.946162752757861,6.618149457920154,6.675539493560791,426636000
2018-10-08,6.592423650802323,6.707698204267434,6.433611742656048,6.574365615844727,408612000
2018-10-09,6.553833901990986,6.6483294254898,6.5008969131554855,6.568676471710205,273500000
2018-10-10,6.462800937723825,6.5085648156203355,6.075418775025503,6.077645301818848,684940000
2018-10-11,5.990569459579847,6.1239024834928335,5.794899830998788,5.816421031951904,725436000
2018-10-12,6.073192591043174,6.1728828608288815,5.9282333853283555,6.0986714363098145,608236000
2018-10-15,6.08531408934243,6.08531408934243,5.82161715333462,5.822606563568115,449760000
2018-10-16,5.935159483401088,6.092239782889113,5.8859329088283365,6.081108093261719,408712000
2018-10-17,6.143199146203947,6.181294510431479,5.963608197714108,6.012587547302246,329668000
2018-10-18,6.081851165619273,6.120193290794971,5.864907039094482,5.925265312194824,524020000
2018-10-19,5.980429307895091,5.9999712224305055,5.632626353675516,5.668989658355713,613608000
2018-10-22,5.721185164674777,5.8211226836767285,5.617042297973618,5.719700813293457,368844000
2018-10-23,5.45278760002083,5.545799241394186,5.360765840725064,5.468372344970703,626436000
2018-10-24,5.430029305408423,5.4765348863878796,4.918961911989338,4.932814598083496,884288000
2018-10-25,4.8353516351022865,5.1885966030005655,4.791072101912247,5.141348838806152,951720000
2018-10-26,4.905603397827116,5.067136276704087,4.777218352825311,4.90510892868042,664784000
2018-10-29,5.046110572330848,5.049573744027559,4.353967871259537,4.591691017150879,758016000
2018-10-30,4.614696215400488,5.031515318709477,4.591690660137457,5.021620273590088,807192000
2018-10-31,5.186121805010123,5.2588488760364624,5.0466045956017425,5.215311527252197,745772000
2018-11-01,5.251674635167855,5.404797289971184,5.125268412199563,5.395397186279297,566528000
2018-11-02,5.385998944865753,5.491626176770276,5.199976098731876,5.316487789154053,452960000
2018-11-05,5.303375822452559,5.326629086762901,5.078021475818935,5.238564968109131,379332000
2018-11-06,5.230649442131772,5.314755451588281,5.183896148686008,5.221002101898193,299012000
2018-11-07,5.287543323842536,5.378080715270347,5.223969126281624,5.288532733917236,483812000
2018-11-08,5.22941192102683,5.230154096652301,5.042152470746677,5.095584869384766,511352000
2018-11-09,5.006778356612328,5.1779585856268,4.973136051283547,5.087668418884277,413240000
2018-11-12,4.996387874034105,5.018404015671048,4.666890284037056,4.688659191131592,617116000
2018-11-13,4.78637237013519,5.051553217455858,4.780187729744398,4.930341720581055,644712000
2018-11-14,5.103251540849771,5.117599164823573,4.770044027789219,4.877897262573242,526580000
2018-11-15,4.871962006307089,5.078516622728389,4.836093169949229,5.006531715393066,840708000
2018-11-16,4.040054850732546,4.221624597657671,3.9977541439452753,4.0675129890441895,1963520000
2018-11-19,4.0022063338398715,4.0029480374640105,3.577718545029702,3.5794501304626465,1697820000
2018-11-20,3.3162483512074563,3.815936547258066,3.2976956142785774,3.6877987384796143,1692032000
2018-11-21,3.8248415064939874,3.8416626558558136,3.5524867085536456,3.579697370529175,1025496000
2018-11-23,3.5450668048617975,3.7004153109840536,3.5322035272180106,3.5868723392486572,411968000
2018-11-26,3.707836190930004,3.7963947733887093,3.6254617760851735,3.7860052585601807,814832000
2018-11-27,3.7600314644551864,3.8839641820689237,3.7241628654717807,3.8028266429901123,738060000
2018-11-28,3.9203280409724446,3.964854811718791,3.787984845599604,3.959660053253174,804524000
2018-11-29,3.961887935753284,3.999030540692202,3.866307468648602,3.896516799926758,549172000
2018-11-30,3.906173895488522,4.057468510149171,3.8559074239718827,4.046821117401123,729564000
2018-12-03,4.273885310426985,4.325389882579484,4.143638044077653,4.2104949951171875,890804000
2018-12-04,4.165924821161724,4.17087729419902,3.875221360444782,3.8903262615203857,812112000
2018-12-06,3.7499269793302012,3.9244976492330004,3.7343271134482365,3.9195454120635986,692308000
2018-12-07,3.9237544176548105,3.9339068454543518,3.6058130711508896,3.6550889015197754,681676000
2018-12-10,3.6102708275051967,3.785089236418504,3.60655647207419,3.7603273391723633,629472000
2018-12-11,3.851944832694204,3.860116223288564,3.590460333674671,3.669450521469116,671912000
2018-12-12,3.675145999944551,3.7831074053135567,3.586003613639559,3.6870317459106445,654136000
2018-12-13,3.7338318181433574,3.7979648346142523,3.6508797813853344,3.686784267425537,471384000
2018-12-14,3.6451844460507377,3.7288794023038903,3.6028418859003852,3.6263656616210938,471820000
2018-12-17,3.5964034794123507,3.6684601640487577,3.4973561485793327,3.5552988052368164,662868000
2018-12-18,3.5991276605455687,3.7224414627810014,3.5718897650413535,3.6384990215301514,564372000
2018-12-19,3.6048219994276636,3.658307614235883,3.378251585900969,3.4297561645507812,745364000
2018-12-20,3.4213375498695466,3.511222851201115,3.2856428206917148,3.3453187942504883,749588000
2018-12-21,3.37181451652954,3.4047478060595746,3.1809010440380523,3.2083866596221924,863740000
2018-12-24,3.132120004078285,3.2185386771140743,3.0828439351668155,3.1467294692993164,463840000
2018-12-26,3.19278626959552,3.2967858408120705,3.081853425117454,3.295795440673828,695100000
2018-12-27,3.243547638552544,3.277966519732493,3.0996815231709913,3.248004674911499,637044000
2018-12-28,3.2685574277578042,3.4020236512278625,3.226710068592887,3.3094143867492676,628728000
2018-12-31,3.352747616905251,3.385185466316199,3.2749955349610382,3.3057003021240234,465140000
2019-01-02,3.234881152570605,3.4290135007628106,3.220271688741212,3.373051881790161,508752000
2019-01-03,3.3128815634904654,3.346805254503346,3.161834649660386,3.1692631244659424,705552000
2019-01-04,3.242309633257826,3.4104422086734654,3.2116051054063632,3.3723092079162598,585620000
2019-01-07,3.429508826663818,3.5877366873539573,3.378251727789185,3.5508415699005127,709160000
2019-01-08,3.632308061543531,3.634536816055823,3.389890036843315,3.46244215965271,786016000
2019-01-09,3.513698909920698,3.5778321572029506,3.4631849627780333,3.5305371284484863,617260000
2019-01-10,3.511223514049248,3.6048229514252688,3.450804610950893,3.596156358718872,523156000
2019-01-11,3.5738701643159874,3.7080792986049738,3.546137071809889,3.685298442840576,874764000
2019-01-14,3.6330510639730837,3.750421983358888,3.609527289244213,3.7251648902893066,730168000
2019-01-15,3.7578503426020893,3.797221699312551,3.6927269296751715,3.7110507488250732,617012000
2019-01-16,3.7382888658650337,3.7712219153154525,3.680098722595817,3.6855461597442627,470104000
2019-01-17,3.6526127323510096,3.7967263343986897,3.6253746048394815,3.75685977935791,493436000
2019-01-18,3.8066306453246095,3.9118683175463644,3.7551260682234333,3.8858683109283447,651336000
2019-01-22,3.8556595552286868,3.867297583177716,3.653603289208936,3.6838126182556152,661552000
2019-01-23,3.7390314439548784,3.8276786281555033,3.6654889238183594,3.696688652038574,591020000
2019-01-24,3.7811265808391865,3.9259828691008893,3.7764218261033498,3.90840220451355,708972000
2019-01-25,3.848973687391146,3.9836777833396004,3.7464599562394896,3.965601682662964,1154572000
2019-01-28,3.381223127206372,3.507260623513946,3.243795322037681,3.417375326156616,2511528000
2019-01-29,3.371319346140535,3.419605021487195,3.2440436966893182,3.258653163909912,1153932000
2019-01-30,3.3346711511975444,3.4163850611148643,3.255185759523989,3.4020233154296875,974228000
2019-01-31,3.3988039917009822,3.5951650838160276,3.3770135380925757,3.5595080852508545,842852000
2019-02-01,3.578079650274053,3.63478418856549,3.530537139421069,3.5837748050689697,625048000
2019-02-04,3.599622847127747,3.7311080411348154,3.5775849071350003,3.693965435028076,528592000
2019-02-05,3.7058505391601373,3.749678932348677,3.672174573691517,3.713031530380249,542424000
2019-02-06,3.746211880112754,3.852935391867206,3.7407644439233034,3.7885546684265137,702464000
2019-02-07,3.7422510193852423,3.7444795380569804,3.6075469011987353,3.6503846645355225,637120000
2019-02-08,3.5832798133270645,3.679603194977889,3.5689180664556606,3.6689558029174805,461604000
2019-02-11,3.624879825182458,3.6791081322542047,3.578079991863121,3.6263656616210938,495180000
2019-02-12,3.664746308472057,3.758841173246999,3.6503843252168604,3.74324107170105,591060000
2019-02-13,3.7727075881158356,3.8586310580795686,3.7590885235415303,3.785583734512329,605372000
2019-02-14,3.7845932163287506,3.8546691011459306,3.7415075055631863,3.8264405727386475,827264000
2019-02-15,4.034934774498316,4.057715393110544,3.873240272941682,3.8960211277008057,1516748000
2019-02-19,3.885374605031909,3.959164862996342,3.8663080993545185,3.8786888122558594,551892000
2019-02-20,3.9079075629097284,3.993088129381964,3.896764969055961,3.9259836673736572,540988000
2019-02-21,3.9386119879459383,3.963125928417421,3.8425360819180625,3.8571455478668213,448548000
2019-02-22,3.908897822960406,3.960649894447038,3.8952787573494283,3.94183087348938,401740000
2019-02-25,4.025278463314607,4.0926304027463685,3.9207834448772534,3.929450273513794,656020000
2019-02-26,3.924745387991044,3.9807070143369634,3.856650296415104,3.8900787830352783,488464000
2019-02-27,3.875717408161542,3.902212387421229,3.7912795242699078,3.848231792449951,500256000
2019-02-28,3.8420343108237707,3.8643429349671288,3.801383218768535,3.8236916065216064,324944000
2019-03-01,3.8735140741506693,3.920114163022685,3.8152639630606497,3.8779759407043457,357188000
2019-03-04,3.9163958269743024,3.939200158721884,3.8296401297034093,3.886155366897583,409992000
2019-03-05,3.870540632171086,3.917884417795232,3.816256426001872,3.8797121047973633,362924000
2019-03-06,3.8707875372597664,3.8792150871425233,3.766185074620006,3.768911600112915,403524000
2019-03-07,3.7453638631214803,3.7550310443588213,3.653650810029538,3.6997551918029785,450104000
2019-03-08,3.6105204731827922,3.744619944571655,3.58920327157,3.733961343765259,422416000
2019-03-11,3.7575099518581614,4.017032939864419,3.7104139112950953,3.9942288398742676,859728000
2019-03-12,4.021989809263708,4.074786629138914,3.9458927102492316,4.028434753417969,579576000
2019-03-13,4.06586280575644,4.20888551449857,4.058426441866489,4.179636478424072,768900000
2019-03-14,4.188808493413833,4.200706488078726,4.096103797162113,4.103787899017334,519384000
2019-03-15,4.146918075590544,4.251768511099473,4.143447866293532,4.209134578704834,661484000
2019-03-18,4.240613433612085,4.294402140783058,4.16079816141345,4.187816619873047,486992000
2019-03-19,4.282257440795719,4.39974957567434,4.265402338243507,4.355380058288574,854972000
2019-03-20,4.3843807498112275,4.437673521455852,4.2882058347189105,4.322908401489258,719148000
2019-03-21,4.345962111633588,4.5856553200813,4.341004532955315,4.559380531311035,824312000
2019-03-22,4.532112191981738,4.5806951113483825,4.385867014405987,4.399747848510742,747644000
2019-03-25,4.35909712121291,4.423295984166942,4.241357285926929,4.307539463043213,525212000
2019-03-26,4.4490759014802626,4.505095202851292,4.3278658277383935,4.384133338928223,703508000
2019-03-27,4.409664902880499,4.456016791288849,4.305558129393823,4.374962329864502,474372000
2019-03-28,4.400986285715743,4.4592366102540515,4.340505383364534,4.393550395965576,480264000
2019-03-29,4.460229161411316,4.475101890242775,4.409911133261652,4.450809955596924,456896000
2019-04-01,4.542524289975378,4.548473288345791,4.470889045273274,4.518232822418213,483824000
2019-04-02,4.542277092500362,4.58044940319599,4.499394940844247,4.5360798835754395,440920000
2019-04-03,4.585652666769136,4.73437663159882,4.580695090959375,4.675382614135742,783504000
2019-04-04,4.660016045538845,4.708847191535176,4.603749006002984,4.666460990905762,457376000
2019-04-05,4.709589828632286,4.750489125131369,4.673152634601856,4.733137607574463,481744000
2019-04-08,4.702651615687372,4.7789967212804925,4.678607878714948,4.753961563110352,424192000
2019-04-09,4.720496982792374,4.73165129477477,4.649109480661156,4.691247940063477,439972000
2019-04-10,4.6905036497578685,4.7874217629055575,4.686042020097901,4.761642932891846,444772000
2019-04-11,4.764122784482669,4.795602881676551,4.698436537073652,4.747763156890869,374600000
2019-04-12,4.786431210547088,4.79039736695356,4.701162866442991,4.709838390350342,471708000
2019-04-15,4.702154097545933,4.707111674658761,4.538557835067221,4.578217506408691,440092000
2019-04-16,4.617381963527399,4.684059630158757,4.584662709190543,4.665221214294434,394964000
2019-04-17,4.700171357591933,4.7209926145799885,4.6201083293303,4.642416954040527,351004000
2019-04-18,4.649108402834741,4.683066804946289,4.590114384236148,4.617876052856445,380988000
2019-04-22,4.594329640256938,4.687282088559057,4.56285001675358,4.671666145324707,279936000
2019-04-23,4.684802944457456,4.757430076453827,4.675136000252518,4.726197719573975,346856000
2019-04-24,4.736607403242486,4.779241800499194,4.675878751823912,4.738590717315674,318204000
2019-04-25,4.698435532353966,4.720744153643242,4.553429966754181,4.632997035980225,499296000
2019-04-26,4.479315954390358,4.483778057349987,4.295642123758112,4.414373397827148,868988000
2019-04-29,4.422304799143129,4.472871039316649,4.350173621257163,4.4451093673706055,391920000
2019-04-30,4.412885533510473,4.51203469825504,4.393799384304464,4.486504077911377,362920000
2019-05-01,4.538805230617688,4.580943682956027,4.473118527608206,4.473366737365723,354280000
2019-05-02,4.483035663531513,4.582432605052308,4.439905771422172,4.54079008102417,394684000
2019-05-03,4.54921630099399,4.559130981628011,4.474854068726424,4.536326885223389,336824000
2019-05-06,4.350174987888833,4.470145918397513,4.312994098026153,4.458000183105469,422176000
2019-05-07,4.409664906665212,4.409664906665212,4.2428461427667425,4.290933609008789,555220000
2019-05-08,4.263418850487332,4.391073385860817,4.251520854734579,4.311010360717773,419168000
2019-05-09,4.2421013189180234,4.2517682624256565,4.099822273281469,4.218553066253662,660248000
2019-05-10,4.187817103269643,4.253255601624408,4.065119682464196,4.184594631195068,569500000
2019-05-13,4.052726782997496,4.075779091969789,3.911686876259981,3.927550792694092,656912000
2019-05-14,3.967210571591715,4.05173571178523,3.9285425526597293,4.016537666320801,524880000
2019-05-15,3.961013019664122,3.991997164948317,3.90177149084388,3.9555599689483643,502320000
2019-05-16,3.95010742830043,4.013315124991478,3.9077212267914367,3.9706807136535645,781088000
2019-05-17,3.9287900094486163,4.057931913926064,3.8405471703393603,3.8799588680267334,1022068000
2019-05-20,3.78130539858697,3.836333274940559,3.7366881504321063,3.7614755630493164,572064000
2019-05-21,3.8222048643592137,3.8593857507899374,3.783536610092687,3.8435218334198,361848000
2019-05-22,3.804853278528092,3.8308798480781565,3.761723163231834,3.772629737854004,325868000
2019-05-23,3.7104138991528792,3.7104138991528792,3.591930587012482,3.651668071746826,591844000
2019-05-24,3.6705063155751345,3.70570435978127,3.5911869657846496,3.597879648208618,357584000
2019-05-28,3.615478059102354,3.6481973089986552,3.550783006705381,3.5527660846710205,428356000
2019-05-29,3.5051742789553133,3.540124343200313,3.4439496731796475,3.478652000427246,559800000
2019-05-30,3.4818785056992767,3.5176129997385956,3.413883688106398,3.4520998001098633,394300000
2019-05-31,3.4032129575069305,3.470463243115982,3.3597855892986193,3.361522674560547,389720000
2019-06-03,3.372689410740046,3.411401795892144,3.2905498980071615,3.3198323249816895,478644000
2019-06-04,3.383856373826162,3.5538434001141703,3.3617705442284787,3.5486321449279785,641836000
2019-06-05,3.6223349221050043,3.6277944343818405,3.469718964759109,3.5059497356414795,511616000
2019-06-06,3.5101685439330685,3.592556323518667,3.507686925854797,3.567988872528076,408140000
2019-06-07,3.5739440019215474,3.644916467249988,3.5548358302361285,3.610671043395996,348856000
2019-06-10,3.666754762775281,3.7518724125005205,3.666754762775281,3.6833813190460205,402780000
2019-06-11,3.743185852715754,3.7809056791999587,3.7014958171195995,3.740952491760254,383872000
2019-06-12,3.6975253781271924,3.7037294219232213,3.6129042560259834,3.6280417442321777,358892000
2019-06-13,3.650128093826062,3.6975259065653265,3.632508985583392,3.6791625022888184,308080000
2019-06-14,3.5861035675727653,3.610422757405874,3.5446615476228303,3.589329481124878,394428000
2019-06-17,3.5875925454851405,3.6359831440619303,3.5647621832656573,3.5990078449249268,276040000
2019-06-18,3.6603025933790496,3.8491493120688105,3.6493838060369956,3.7938106060028076,581920000
2019-06-19,3.8290492102307088,3.840464274972169,3.773710261901939,3.799766778945923,331644000
2019-06-20,3.890343687227134,3.9042403700145063,3.8096929917731086,3.8240859508514404,350168000
2019-06-21,3.8091963060582503,3.858331203483976,3.759564895734803,3.766016960144043,434428000
2019-06-24,3.7873587448378245,3.817881983735955,3.7402089492520556,3.78835129737854,282948000
2019-06-25,3.793314873315135,3.8682580400374236,3.756339566268819,3.7590692043304443,311868000
2019-06-26,3.8863726800215015,4.0131806021573935,3.8734685516761678,3.952133893966675,584072000
2019-06-27,4.037748373830597,4.069760442698096,4.001765621336326,4.050652503967285,445440000
2019-06-28,4.094575043244307,4.103756980405827,4.028813837951612,4.075467109680176,397668000
2019-07-01,4.282429770761454,4.316675433416628,4.086138206588349,4.123610019683838,709756000
2019-07-02,4.106983432433489,4.1280769479164805,4.012684318865418,4.02583646774292,400228000
2019-07-03,4.049162668133274,4.05487043601337,3.9789347351642497,4.038740158081055,246636000
2019-07-05,3.980424529216406,3.98489125243947,3.91292574796479,3.976205825805664,396552000
2019-07-08,3.916648509604952,3.9355084299977956,3.8712360307581113,3.9012627601623535,329788000
2019-07-09,3.8590755684712126,3.9317853634338737,3.846419695875436,3.9037437438964844,342860000
2019-07-10,3.9471713022370607,4.029310823195761,3.9332746200195334,3.971987009048462,452076000
2019-07-11,4.044944921060779,4.1670378866870355,4.007721594463587,4.126340389251709,682560000
2019-07-12,4.154132464844888,4.230316653100433,4.154132464844888,4.159343719482422,506392000
2019-07-15,4.180438441294544,4.1965682493733905,4.1226181107263224,4.150907516479492,289840000
2019-07-16,4.136018534400481,4.1732418624865195,4.090605818542554,4.146193027496338,341444000
2019-07-17,4.147929163474818,4.21840559286607,4.118646736708043,4.211457252502441,348204000
2019-07-18,4.22188059377172,4.285904734954432,4.165300833974736,4.223121166229248,442192000
2019-07-19,4.261336629200927,4.2677884566092805,4.173985389511124,4.179941177368164,344896000
2019-07-22,4.201283504432008,4.264315091724775,4.193838649874808,4.251410961151123,315940000
2019-07-23,4.290619028595652,4.361094983373158,4.274984789744258,4.359109878540039,428176000
2019-07-24,4.402289025354331,4.439264324799109,4.326353321613568,4.43355655670166,366236000
2019-07-25,4.392115629259536,4.4047717408104745,4.279204597934952,4.3025312423706055,392700000
2019-07-26,4.329578885751874,4.3911213876879325,4.329578885751874,4.344468116760254,274160000
2019-07-29,4.33727334318946,4.3543961781025615,4.2501705763030255,4.338265895843506,248160000
2019-07-30,4.291860444144905,4.366059076714903,4.277467247976056,4.3538994789123535,197772000
2019-07-31,4.322383745983711,4.32337677198391,4.144704036634304,4.186890602111816,359416000
2019-08-01,4.197310479964325,4.287639343606359,4.040475895321675,4.092588901519775,421212000
2019-08-02,4.000027656555176,4.0692635084057995,3.9526300865301973,4.000027656555176,428348000
2019-08-05,3.8166408797478337,3.817881688657887,3.6950444464837853,3.74194598197937,589156000
2019-08-06,3.816640753892801,3.862053222534789,3.7330121767256927,3.780658006668091,361272000
2019-08-07,3.7198600296538333,3.8307859357073792,3.7024891776964988,3.8188743591308594,372560000
2019-08-08,3.87644659037663,3.9285593819229723,3.8191225433416642,3.927318572998047,309300000
2019-08-09,3.886372482917003,3.889846652936848,3.775694845156045,3.826070547103882,341816000
2019-08-12,3.7739579119890703,3.826070701043557,3.7364863362244636,3.758324146270752,279200000
2019-08-13,3.7568349859916856,3.9183846043104595,3.717874582569377,3.8724756240844727,351956000
2019-08-14,3.784380838530552,3.795547882888534,3.6804035054272526,3.724078893661499,419880000
2019-08-15,3.742938233229948,3.7627907008729746,3.6575725750329156,3.6918179988861084,477200000
2019-08-16,3.954367973426272,4.00871389430151,3.893073237992671,3.9595792293548584,1007960000
2019-08-19,4.072737880593051,4.2538917113035914,4.056607602337402,4.238009452819824,815112000
2019-08-20,4.232549557576048,4.233046070367216,4.14470229254729,4.165795803070068,463188000
2019-08-21,4.2318061266537566,4.304267667180546,4.210216571039822,4.249176979064941,427244000
2019-08-22,4.2588562321403165,4.301290818629002,4.216173152484569,4.255382061004639,303488000
2019-08-23,4.17894952717665,4.233295688950268,4.011195825179209,4.03104829788208,568056000
2019-08-26,4.109713614737591,4.133784788125039,4.067527056360016,4.105742931365967,318208000
2019-08-27,4.143959091471172,4.146688729399361,3.9858838515691355,4.015166282653809,290968000
2019-08-28,3.988834627878395,4.0573932656811085,3.9495869243870976,4.004732131958008,255612000
2019-08-29,4.096144148403475,4.180600767858281,4.092666539618465,4.148308753967285,357976000
2019-08-30,4.194511174284586,4.244191705549204,4.142843573381755,4.160976886749268,290616000
2019-09-03,4.088195119488883,4.1212324007118895,4.055157838265876,4.078010559082031,296140000
2019-09-04,4.138623040614361,4.199481702215595,4.138623040614361,4.1920294761657715,227728000
2019-09-05,4.294122028961083,4.470984081943929,4.292383223962203,4.464774131774902,695676000
2019-09-06,4.441423285392116,4.498307311494924,4.399691971411544,4.437697410583496,376976000
2019-09-09,4.4687467143896855,4.570094847258105,4.467256175256386,4.4836506843566895,417524000
2019-09-10,4.4508627401693195,4.576802430183679,4.441175181042548,4.5502238273620605,352812000
2019-09-11,4.564878797911657,4.626979230477164,4.535815651439235,4.578789234161377,361512000
2019-09-12,4.625240853510472,4.679889068655952,4.569350364277171,4.577299118041992,327840000
2019-09-13,4.510727078038128,4.5477389772095895,4.475702248659228,4.519421100616455,324592000
2019-09-16,4.444405251157067,4.510976849319995,4.433972420580039,4.476449012756348,231832000
2019-09-17,4.483155607982486,4.502034197165476,4.436704404833392,4.497811317443848,223048000
2019-09-18,4.490856414807801,4.506505660522714,4.384291826669806,4.470735549926758,258152000
2019-09-19,4.476696313128326,4.495078369144471,4.384539189107596,4.395220756530762,245476000
2019-09-20,4.394226488423062,4.4178244808776475,4.279464922170481,4.28964900970459,350244000
2019-09-23,4.289898995536494,4.388514346249962,4.286172646537439,4.343056678771973,249712000
2019-09-24,4.374354552305497,4.4039142288683895,4.250153689139878,4.285675048828125,317268000
2019-09-25,4.285177369719696,4.4468871106773715,4.240464990214558,4.427263259887695,308432000
2019-09-26,4.417578419175627,4.426272445668712,4.354235684681547,4.405158042907715,234564000
2019-09-27,4.363424677428959,4.414098746594768,4.205937791199742,4.266548156738281,362056000
2019-09-30,4.2923830327616175,4.3341143508758595,4.261084070387128,4.323929786682129,186184000
2019-10-01,4.347031033659114,4.49607219242804,4.317471351500781,4.322190761566162,366008000
2019-10-02,4.300331205271614,4.312254572772239,4.226059134377036,4.298344135284424,293372000
2019-10-03,4.302815239189767,4.509982207751677,4.272510290120743,4.503772258758545,450588000
2019-10-04,4.506007221819678,4.5494778087583105,4.440926184733962,4.520166397094727,265524000
2019-10-07,4.584999182660187,4.678398096787563,4.576305160004113,4.578789234161377,480984000
2019-10-08,4.487129238036931,4.487129238036931,4.38429101816831,4.402424335479736,444436000
2019-10-09,4.479179249870258,4.538299069169074,4.450364846633418,4.488866806030273,292412000
2019-10-10,4.486631772251904,4.597418723099208,4.481415359062825,4.546496391296387,309124000
2019-10-11,4.630457509788729,4.703239045355618,4.611578922491844,4.620024681091309,446404000
2019-10-14,4.611329704263812,4.6543032887412705,4.580279486712769,4.633437633514404,200040000
2019-10-15,4.723607756181353,4.950398575300106,4.709696845354287,4.877864837646484,664124000
2019-10-16,4.843833543487717,4.948659289241143,4.81278332846536,4.824209690093994,428944000
2019-10-17,4.868675166363097,4.913635829593668,4.7717981463333325,4.826198577880859,263436000
2019-10-18,4.826693821535992,4.859234576136827,4.657532308727944,4.731804370880127,307440000
2019-10-21,4.793160100078846,4.882336617314803,4.774281513819235,4.868922710418701,261868000
2019-10-22,4.925807185318741,5.030881219658988,4.8512868422431765,4.858987331390381,328720000
2019-10-23,4.7770146283676835,4.860228993304525,4.745219137599581,4.846070289611816,279916000
2019-10-24,4.887304722909807,4.923571359238547,4.853273895856996,4.890037536621094,232020000
2019-10-25,4.970519620279404,5.101675728362133,4.962819131070851,5.080810070037842,423092000
2019-10-28,5.124527570807019,5.189112078588046,5.095216158575196,5.136699676513672,330792000
2019-10-29,5.122789176999456,5.12924786518978,5.021193234752128,5.0405683517456055,211236000
2019-10-30,5.067396081111445,5.073109500042547,4.974493681436007,5.042555809020996,205960000
2019-10-31,5.021689363981352,5.0425550187031005,4.9136347421803634,4.993371486663818,209732000
2019-11-01,4.958098972971242,5.064663541790093,4.933010436546448,5.032371520996094,283640000
2019-11-04,5.1133487811724025,5.241275979201212,5.090247794459039,5.228855609893799,376716000
2019-11-05,5.228607673617465,5.254689740121096,5.158806757220602,5.2067484855651855,300868000
2019-11-06,5.182655565940564,5.208240638379528,5.070129289399921,5.157567024230957,269012000
2019-11-07,5.244010732256229,5.258666443133301,5.130490920852668,5.175203323364258,280340000
2019-11-08,5.158310994282021,5.192838822826329,5.120802086957309,5.161291599273682,189100000
2019-11-11,5.16054684051113,5.194329402705062,5.074351393267429,5.171228408813477,243436000
2019-11-12,5.209480824848137,5.262638966493447,5.17445599712278,5.2067484855651855,283504000
2019-11-13,5.175449726285449,5.203022332992698,5.11459156882538,5.180914878845215,300188000
2019-11-14,5.189857604309165,5.213456073459919,5.129992976686992,5.2112202644348145,518080000
2019-11-15,5.20898543716974,5.260653055682012,4.983933378230681,5.072116374969482,1053628000
2019-11-18,5.064662552633288,5.299650362796563,5.061681948100534,5.273071765899658,574588000
2019-11-19,5.242022545733795,5.2656205425735925,5.108382371167746,5.166508197784424,414564000
2019-11-20,5.143656035633732,5.329460373239897,5.130987396550761,5.245748996734619,472588000
2019-11-21,5.241275855376303,5.296917592435317,5.19929581354972,5.220906734466553,288388000
2019-11-22,5.243512138827063,5.28996333238739,5.214945995609535,5.238544464111328,224100000
2019-11-25,5.366471232090203,5.499863129910593,5.3535543301950135,5.494894981384277,506476000
2019-11-26,5.477257661816818,5.481977544592898,5.383858752821202,5.390317440032959,385244000
2019-11-27,5.435808848094439,5.470113228547502,5.398769637902279,5.425119400024414,215784000
2019-11-29,5.39429514122711,5.422633439116357,5.363967359032828,5.387831687927246,141556000
2019-12-02,5.380872026274394,5.394295831529911,5.186478617538699,5.201642036437988,372036000
2019-12-03,5.018186615594766,5.166094553868876,4.980898951860107,5.1621174812316895,465232000
2019-12-04,5.245641335802909,5.2680140273339715,5.17728054463059,5.205867767333984,273424000
2019-12-05,5.227743668078507,5.243404457640698,5.15838813326808,5.188964366912842,184884000
2019-12-06,5.258071361957496,5.307042744570594,5.24812773184507,5.274229049682617,232236000
2019-12-09,5.251359459045446,5.3289180670241985,5.242659019766264,5.274229049682617,211880000
2019-12-10,5.304307007637459,5.370928180069909,5.251607009810298,5.319222450256348,256388000
2019-12-11,5.32966535155232,5.408218249304863,5.327179443340962,5.402749061584473,233796000
2019-12-12,5.373912424173228,5.5881926480198985,5.364963535514475,5.5700459480285645,404348000
2019-12-13,5.573028398203756,5.692100660056325,5.514113388523606,5.568056583404541,454704000
2019-12-16,5.615535947211582,5.669230215850863,5.587445622206423,5.5968918800354,320976000
2019-12-17,5.615535365278752,5.6975683989039565,5.606089108428681,5.674947261810303,321196000
2019-12-18,5.709749502030859,5.7656812284331656,5.701297512416588,5.705275058746338,343548000
2019-12-19,5.739828646095502,5.866607074155543,5.734856831472361,5.853183269500732,445360000
2019-12-20,5.919554219903856,5.975734385172872,5.9004132593766325,5.950378894805908,603044000
2019-12-23,5.97896696941142,6.011034365228068,5.926018522750285,5.936707496643066,355060000
2019-12-24,5.92129499046584,5.948887942345335,5.886990136964135,5.931735515594482,138864000
2019-12-26,5.935216236710832,5.973995536815829,5.91632372070032,5.945905685424805,182852000
2019-12-27,5.961068893221164,5.974492697227238,5.861883424733075,5.888233661651611,254644000
2019-12-30,5.866359228302341,5.871579491951401,5.743806782668627,5.775128364562988,258056000
2019-12-31,5.73982842397939,5.858652228527245,5.720687459973178,5.84920597076416,231004000
2020-01-02,5.934967621143992,5.963803291320801,5.884505079799994,5.963803291320801,237536000
2020-01-03,5.844234388573591,5.912098283248919,5.819375789570351,5.86834716796875,205384000
2020-01-06,5.775128136185318,5.898177473983396,5.749026818972195,5.8929572105407715,262636000
2020-01-07,5.921295338837738,6.010040281790685,5.876301509096684,5.964300632476807,314856000
2020-01-08,5.960075367023141,6.016752920110511,5.920053346777654,5.97548770904541,277108000
2020-01-09,6.0617450225777345,6.113450745883059,5.987418163860891,6.041112422943115,255112000
2020-01-10,6.148254313226695,6.178581626426708,6.0592609099923775,6.073430061340332,316296000
2020-01-13,6.1564555042636675,6.288951053261675,6.133833896654857,6.263844013214111,319840000
2020-01-14,6.221089234322224,6.246445205302498,6.133835923434662,6.1470112800598145,359088000
2020-01-15,6.15968858757517,6.182061279281712,6.078649810796071,6.1045026779174805,263104000
2020-01-16,6.157948519655376,6.193993464647111,6.134581559774977,6.188027381896973,284192000
2020-01-17,6.207168756490065,6.214626478954624,6.149248487016599,6.196728229522705,253792000
2020-01-21,6.160184659407499,6.196975416132284,6.129359984155334,6.163416385650635,217916000
2020-01-22,6.20866005785512,6.303867986192193,6.189767541283975,6.217360496520996,239240000
2020-01-23,6.25738300125643,6.294173292221765,6.168638052545545,6.285721302032471,244516000
2020-01-24,6.401063843902919,6.450781034287568,6.17236562158241,6.22655725479126,373512000
2020-01-27,5.922289664238681,6.021972504994483,5.772890101483585,5.971012592315674,470536000
2020-01-28,6.036888255320021,6.196479916088812,5.98369087701763,6.164164066314697,310976000
2020-01-29,6.149745001380459,6.185789943729785,6.0639828644708,6.103756904602051,258848000
2020-01-30,6.006062657393327,6.123892191463495,5.9511256737179945,6.11046838760376,290504000
2020-01-31,6.064730001738358,6.076662168956458,5.835534813466124,5.8772969245910645,370420000
2020-02-03,5.859149875876774,5.993634486380616,5.8529353441116,5.974245071411133,255564000
2020-02-04,6.115936955202383,6.1624224187891,6.065971316764821,6.143280982971191,271544000
2020-02-05,6.26409483893888,6.274286917530958,6.150242834852348,6.233519077301025,208220000
2020-02-06,6.267821855909948,6.320272922515869,6.186783099381971,6.320272922515869,218284000
2020-02-07,6.2802531394695045,6.302377384992771,6.228795848351484,6.254151821136475,189752000
2020-02-10,6.276771965769414,6.537786055878757,6.2718001514092725,6.537040710449219,529608000
2020-02-11,6.645175522806371,6.7739424891195545,6.58327770993193,6.659344673156738,638556000
2020-02-12,6.712045068202593,6.781400607181102,6.673265764706395,6.774937152862549,374644000
2020-02-13,6.717016762163457,6.798303991866709,6.689672254333135,6.7311859130859375,528016000
2020-02-14,7.1408547082051,7.332513775197744,7.109533125809277,7.203746795654297,1041924000
2020-02-18,7.10058231335741,7.390681460600546,7.081192901778724,7.372285842895508,620164000
2020-02-19,7.494590248906968,7.8406206663356475,7.494590248906968,7.822970867156982,694332000
2020-02-20,7.774994988942748,7.863242571008195,7.3668182731537275,7.673820972442627,810052000
2020-02-21,7.561708450077723,7.5868154972700355,7.225372733301837,7.310140132904053,768180000
2020-02-24,6.716518843394687,7.006866456625877,6.662078754814775,6.793331623077393,856916000
2020-02-25,6.86840412228699,6.930301930876322,6.412499271487127,6.5141706466674805,1055496000
2020-02-26,6.514418977708999,6.847274499035752,6.512927812738994,6.653378009796143,747732000
2020-02-27,6.3402234247130185,6.641191518128375,6.190734478134659,6.28301477432251,906416000
2020-02-28,6.0307988288926,6.777000110355166,6.0141338073688475,6.717552661895752,1133252000
2020-03-02,6.887436477672803,6.904599164176833,6.491949845703625,6.87574577331543,890744000
2020-03-03,6.931463350129404,6.991159391430268,6.528265881212004,6.613581657409668,652792000
2020-03-04,6.720785660126154,7.086175484127031,6.646165254678037,7.076723575592041,597408000
2020-03-05,6.877487452109259,7.044139068065729,6.753120588691652,6.797644138336182,540328000
2020-03-06,6.618305863455207,6.675763568811054,6.4173289048687,6.617311000823975,515412000
2020-03-09,5.967123096403663,6.45215413856938,5.924341142174752,6.104921817779541,614160000
2020-03-10,6.381016524824535,6.493941783905029,6.118602773114098,6.493941783905029,580648000
2020-03-11,6.354150563740544,6.382506283374491,6.033532955638366,6.1305389404296875,499964000
2020-03-12,5.607950774664352,5.8731009372494505,5.367674080920537,5.380359649658203,816540000
2020-03-13,5.7333111558750876,5.994978999609034,5.462440477167129,5.990501880645752,634836000
2020-03-16,5.283352042146694,5.623868804393567,4.825433423913696,4.885129451751709,726972000
2020-03-17,4.997309431523579,5.493533447583742,4.7508144907275,5.404237747192383,833632000
2020-03-18,4.977162502437145,5.22191633177499,4.494121689883863,5.044817924499512,874268000
2020-03-19,5.023425962403423,5.390805960383329,4.810261552941919,5.2972822189331055,765512000
2020-03-20,5.447268167132194,5.728834719934263,5.102274726874198,5.117696285247803,804636000
2020-03-23,5.11670186259857,5.384588507711456,4.937862326875791,5.290318012237549,643876000
2020-03-24,5.6960019972439735,6.284506249716404,5.6723724650335825,6.197946548461914,1101644000
2020-03-25,6.312861800383095,6.512346261387869,6.060645815672692,6.109397888183594,793432000
2020-03-26,6.316343948572078,6.52229572585307,6.218343085472186,6.398426532745361,696108000
2020-03-27,6.21834277196547,6.544681468954972,6.185509929720243,6.286247253417969,638828000
2020-03-30,6.3516639125853,6.615321989617182,6.307638034053594,6.606118679046631,602252000
2020-03-31,6.646162958741727,6.850124950303092,6.411109735344976,6.556619167327881,949960000
2020-04-01,6.358879299861873,6.505134601171152,6.001448785113921,6.045971870422363,656912000
2020-04-02,6.075071934994346,6.367582918996632,6.027066607171821,6.354400157928467,675764000
2020-04-03,6.316842172617156,6.358380662536107,5.929563928559885,6.066864967346191,663212000
2020-04-06,6.348680785913567,6.712827199705411,6.2912230611282824,6.676014423370361,727884000
2020-04-07,6.897386723143072,6.921016732850142,6.3999192267850225,6.442950248718262,784520000
2020-04-08,6.551895173160466,6.664820405786756,6.482000959912944,6.639946937561035,542444000
2020-04-09,6.76555762990454,6.7884408976976,6.477523735926655,6.5404534339904785,525564000
2020-04-13,6.4807566311857645,6.7207846897053765,6.392456281522787,6.712079048156738,398408000
2020-04-14,6.840178797054481,7.096871949799696,6.81256933291032,7.062795639038086,530948000
2020-04-15,6.894898243400246,7.068265763838534,6.849628905717081,6.985437393188477,366148000
2020-04-16,7.1406481386780065,7.4371386115629985,7.127465375917318,7.330183029174805,745620000
2020-04-17,7.412264162275912,7.433655370807423,7.137164937154515,7.270983695983887,539120000
2020-04-20,7.144626397895936,7.300333543679682,7.095625738085958,7.139900207519531,449388000
2020-04-21,7.022002163547339,7.083190258887159,6.64392677965587,6.703622817993164,735160000
2020-04-22,6.8956450294305265,7.160297985277611,6.850127091236819,7.117515563964844,483356000
2020-04-23,7.159551578055297,7.291380147551621,7.039164167732887,7.064286231994629,424160000
2020-04-24,7.054089379164619,7.205070379941824,6.979468968693204,7.203080654144287,352328000
2020-04-27,7.337396152234377,7.54906850647414,7.312771282405198,7.389381408691406,479388000
2020-04-28,7.536632034839591,7.566480291999541,7.241634092483355,7.247106075286865,442904000
2020-04-29,7.381670378607925,7.47643805187387,7.306552786236492,7.423706531524658,379160000
2020-04-30,7.369730999567452,7.423706453585619,7.25605998667929,7.269989013671875,375916000
2020-05-01,7.072744411880323,7.185918254969449,6.985438902892825,7.033693313598633,342096000
2020-05-04,6.986432764934915,7.259045096885763,6.986432764934915,7.245364665985107,317556000
2020-05-05,7.349336431311147,7.468728519073253,7.245365430153509,7.306305408477783,368896000
2020-05-06,7.385649862422182,7.511757839211143,7.347842234207468,7.407040596008301,323464000
2020-05-07,7.546084248410527,7.646323918023772,7.4948452521720315,7.583145618438721,373732000
2020-05-08,7.654781042582035,7.779147917276859,7.620953332367935,7.772929668426514,339216000
2020-05-11,7.7679541359634445,8.071409584799568,7.739349814452519,8.02464771270752,469060000
2020-05-12,8.08235272343663,8.131104316123853,7.753278049532233,7.762978553771973,493060000
2020-05-13,7.87739824289948,8.037582561321718,7.556282865827379,7.740594863891602,625852000
2020-05-14,7.802030552114325,7.99529675418394,7.648561706335305,7.9898247718811035,602312000
2020-05-15,7.8497872616478075,8.457443446163204,7.834117106027025,8.44774341583252,987660000
2020-05-18,8.716128885688486,8.871338897702698,8.636534153708487,8.705930709838867,774460000
2020-05-19,8.74572658115145,9.041470783714418,8.71836571880114,8.760899543762207,717320000
2020-05-20,8.945460766522393,8.997197432107013,8.843728564013752,8.924567222595215,587536000
2020-05-21,9.005655143771433,9.006649532311567,8.693245401400757,8.730804443359375,761068000
2020-05-22,8.780548617812489,9.046943165034369,8.669116398399483,8.980530738830566,1038764000
2020-05-26,9.110371082978151,9.135245028089948,8.628076531061675,8.67359447479248,770780000
2020-05-27,8.581312372243556,8.589022676430485,7.956244482923498,8.482068061828613,1175892000
2020-05-28,8.369641310493597,8.71612780265419,8.336808463910437,8.444013595581055,734896000
2020-05-29,8.511170268712194,8.830544471740723,8.442022323211523,8.830544471740723,745256000
2020-06-01,8.788508985175579,8.795970693494391,8.645486899720394,8.761645317077637,389876000
2020-06-02,8.7516956542315,8.792487396907989,8.614145567728748,8.780548095703125,391320000
2020-06-03,8.777562925778758,8.821339725699485,8.655931605904515,8.725079536437988,365440000
2020-06-04,8.687751926750261,8.902009351339903,8.637484882877722,8.726075172424316,424280000
2020-06-05,8.753947082988638,8.955512705887044,8.667845785384223,8.878868103027344,481748000
2020-06-08,8.836315791447598,8.84875796278578,8.645699106542606,8.764399528503418,387736000
2020-06-09,8.759422705552621,9.067744029316774,8.710897571535652,9.004287719726562,468488000
2020-06-10,9.125477940681284,9.456195581866325,9.111292895481155,9.323559761047363,632180000
